0
SECTION
2
HEADER
9
$ACADVER
1
AC1009
9
$EXTMIN
10
0
20
0
9
$EXTMAX
10
348
20
348
0
ENDSEC
0
SECTION
2
TABLES
0
TABLE
2
LAYER
70
2
0
LAYER
2
CUT
70
0
62
1
6
CONTINUOUS
0
LAYER
2
RASTER
70
0
62
7
6
CONTINUOUS
0
ENDTAB
0
ENDSEC
0
SECTION
2
ENTITIES
0
POLYLINE
8
RASTER
66
1
70
1
0
VERTEX
8
RASTER
10
23.825
20
224.175
30
0
0
VERTEX
8
RASTER
10
44.175
20
224.175
30
0
0
VERTEX
8
RASTER
10
44.175
20
223.825
30
0
0
VERTEX
8
RASTER
10
23.825
20
223.825
30
0
0
SEQEND
8
RASTER
0
POLYLINE
8
RASTER
66
1
70
1
0
VERTEX
8
RASTER
10
23.825
20
204.175
30
0
0
VERTEX
8
RASTER
10
44.175
20
204.175
30
0
0
VERTEX
8
RASTER
10
44.175
20
203.825
30
0
0
VERTEX
8
RASTER
10
23.825
20
203.825
30
0
0
SEQEND
8
RASTER
0
POLYLINE
8
RASTER
66
1
70
1
0
VERTEX
8
RASTER
10
23.825
20
184.175
30
0
0
VERTEX
8
RASTER
10
44.175
20
184.175
30
0
0
VERTEX
8
RASTER
10
44.175
20
183.825
30
0
0
VERTEX
8
RASTER
10
23.825
20
183.825
30
0
0
SEQEND
8
RASTER
0
POLYLINE
8
RASTER
66
1
70
1
0
VERTEX
8
RASTER
10
23.825
20
164.175
30
0
0
VERTEX
8
RASTER
10
44.175
20
164.175
30
0
0
VERTEX
8
RASTER
10
44.175
20
163.825
30
0
0
VERTEX
8
RASTER
10
23.825
20
163.825
30
0
0
SEQEND
8
RASTER
0
POLYLINE
8
RASTER
66
1
70
1
0
VERTEX
8
RASTER
10
23.825
20
144.175
30
0
0
VERTEX
8
RASTER
10
44.175
20
144.175
30
0
0
VERTEX
8
RASTER
10
44.175
20
143.825
30
0
0
VERTEX
8
RASTER
10
23.825
20
143.825
30
0
0
SEQEND
8
RASTER
0
POLYLINE
8
RASTER
66
1
70
1
0
VERTEX
8
RASTER
10
23.825
20
124.175
30
0
0
VERTEX
8
RASTER
10
44.175
20
124.175
30
0
0
VERTEX
8
RASTER
10
44.175
20
123.825
30
0
0
VERTEX
8
RASTER
10
23.825
20
123.825
30
0
0
SEQEND
8
RASTER
0
POLYLINE
8
RASTER
66
1
70
1
0
VERTEX
8
RASTER
10
43.825
20
264.175
30
0
0
VERTEX
8
RASTER
10
64.175
20
264.175
30
0
0
VERTEX
8
RASTER
10
64.175
20
263.825
30
0
0
VERTEX
8
RASTER
10
43.825
20
263.825
30
0
0
SEQEND
8
RASTER
0
POLYLINE
8
RASTER
66
1
70
1
0
VERTEX
8
RASTER
10
43.825
20
244.175
30
0
0
VERTEX
8
RASTER
10
64.175
20
244.175
30
0
0
VERTEX
8
RASTER
10
64.175
20
243.825
30
0
0
VERTEX
8
RASTER
10
43.825
20
243.825
30
0
0
SEQEND
8
RASTER
0
POLYLINE
8
RASTER
66
1
70
1
0
VERTEX
8
RASTER
10
43.825
20
224.175
30
0
0
VERTEX
8
RASTER
10
64.175
20
224.175
30
0
0
VERTEX
8
RASTER
10
64.175
20
223.825
30
0
0
VERTEX
8
RASTER
10
43.825
20
223.825
30
0
0
SEQEND
8
RASTER
0
POLYLINE
8
RASTER
66
1
70
1
0
VERTEX
8
RASTER
10
43.825
20
204.175
30
0
0
VERTEX
8
RASTER
10
64.175
20
204.175
30
0
0
VERTEX
8
RASTER
10
64.175
20
203.825
30
0
0
VERTEX
8
RASTER
10
43.825
20
203.825
30
0
0
SEQEND
8
RASTER
0
POLYLINE
8
RASTER
66
1
70
1
0
VERTEX
8
RASTER
10
43.825
20
184.175
30
0
0
VERTEX
8
RASTER
10
64.175
20
184.175
30
0
0
VERTEX
8
RASTER
10
64.175
20
183.825
30
0
0
VERTEX
8
RASTER
10
43.825
20
183.825
30
0
0
SEQEND
8
RASTER
0
POLYLINE
8
RASTER
66
1
70
1
0
VERTEX
8
RASTER
10
43.825
20
164.175
30
0
0
VERTEX
8
RASTER
10
64.175
20
164.175
30
0
0
VERTEX
8
RASTER
10
64.175
20
163.825
30
0
0
VERTEX
8
RASTER
10
43.825
20
163.825
30
0
0
SEQEND
8
RASTER
0
POLYLINE
8
RASTER
66
1
70
1
0
VERTEX
8
RASTER
10
43.825
20
144.175
30
0
0
VERTEX
8
RASTER
10
64.175
20
144.175
30
0
0
VERTEX
8
RASTER
10
64.175
20
143.825
30
0
0
VERTEX
8
RASTER
10
43.825
20
143.825
30
0
0
SEQEND
8
RASTER
0
POLYLINE
8
RASTER
66
1
70
1
0
VERTEX
8
RASTER
10
43.825
20
124.175
30
0
0
VERTEX
8
RASTER
10
64.175
20
124.175
30
0
0
VERTEX
8
RASTER
10
64.175
20
123.825
30
0
0
VERTEX
8
RASTER
10
43.825
20
123.825
30
0
0
SEQEND
8
RASTER
0
POLYLINE
8
RASTER
66
1
70
1
0
VERTEX
8
RASTER
10
43.825
20
104.175
30
0
0
VERTEX
8
RASTER
10
64.175
20
104.175
30
0
0
VERTEX
8
RASTER
10
64.175
20
103.825
30
0
0
VERTEX
8
RASTER
10
43.825
20
103.825
30
0
0
SEQEND
8
RASTER
0
POLYLINE
8
RASTER
66
1
70
1
0
VERTEX
8
RASTER
10
43.825
20
84.175
30
0
0
VERTEX
8
RASTER
10
64.175
20
84.175
30
0
0
VERTEX
8
RASTER
10
64.175
20
83.825
30
0
0
VERTEX
8
RASTER
10
43.825
20
83.825
30
0
0
SEQEND
8
RASTER
0
POLYLINE
8
RASTER
66
1
70
1
0
VERTEX
8
RASTER
10
63.825
20
284.175
30
0
0
VERTEX
8
RASTER
10
84.175
20
284.175
30
0
0
VERTEX
8
RASTER
10
84.175
20
283.825
30
0
0
VERTEX
8
RASTER
10
63.825
20
283.825
30
0
0
SEQEND
8
RASTER
0
POLYLINE
8
RASTER
66
1
70
1
0
VERTEX
8
RASTER
10
63.825
20
264.175
30
0
0
VERTEX
8
RASTER
10
84.175
20
264.175
30
0
0
VERTEX
8
RASTER
10
84.175
20
263.825
30
0
0
VERTEX
8
RASTER
10
63.825
20
263.825
30
0
0
SEQEND
8
RASTER
0
POLYLINE
8
RASTER
66
1
70
1
0
VERTEX
8
RASTER
10
63.825
20
244.175
30
0
0
VERTEX
8
RASTER
10
84.175
20
244.175
30
0
0
VERTEX
8
RASTER
10
84.175
20
243.825
30
0
0
VERTEX
8
RASTER
10
63.825
20
243.825
30
0
0
SEQEND
8
RASTER
0
POLYLINE
8
RASTER
66
1
70
1
0
VERTEX
8
RASTER
10
63.825
20
224.175
30
0
0
VERTEX
8
RASTER
10
84.175
20
224.175
30
0
0
VERTEX
8
RASTER
10
84.175
20
223.825
30
0
0
VERTEX
8
RASTER
10
63.825
20
223.825
30
0
0
SEQEND
8
RASTER
0
POLYLINE
8
RASTER
66
1
70
1
0
VERTEX
8
RASTER
10
63.825
20
204.175
30
0
0
VERTEX
8
RASTER
10
84.175
20
204.175
30
0
0
VERTEX
8
RASTER
10
84.175
20
203.825
30
0
0
VERTEX
8
RASTER
10
63.825
20
203.825
30
0
0
SEQEND
8
RASTER
0
POLYLINE
8
RASTER
66
1
70
1
0
VERTEX
8
RASTER
10
63.825
20
184.175
30
0
0
VERTEX
8
RASTER
10
84.175
20
184.175
30
0
0
VERTEX
8
RASTER
10
84.175
20
183.825
30
0
0
VERTEX
8
RASTER
10
63.825
20
183.825
30
0
0
SEQEND
8
RASTER
0
POLYLINE
8
RASTER
66
1
70
1
0
VERTEX
8
RASTER
10
63.825
20
164.175
30
0
0
VERTEX
8
RASTER
10
84.175
20
164.175
30
0
0
VERTEX
8
RASTER
10
84.175
20
163.825
30
0
0
VERTEX
8
RASTER
10
63.825
20
163.825
30
0
0
SEQEND
8
RASTER
0
POLYLINE
8
RASTER
66
1
70
1
0
VERTEX
8
RASTER
10
63.825
20
144.175
30
0
0
VERTEX
8
RASTER
10
84.175
20
144.175
30
0
0
VERTEX
8
RASTER
10
84.175
20
143.825
30
0
0
VERTEX
8
RASTER
10
63.825
20
143.825
30
0
0
SEQEND
8
RASTER
0
POLYLINE
8
RASTER
66
1
70
1
0
VERTEX
8
RASTER
10
63.825
20
124.175
30
0
0
VERTEX
8
RASTER
10
84.175
20
124.175
30
0
0
VERTEX
8
RASTER
10
84.175
20
123.825
30
0
0
VERTEX
8
RASTER
10
63.825
20
123.825
30
0
0
SEQEND
8
RASTER
0
POLYLINE
8
RASTER
66
1
70
1
0
VERTEX
8
RASTER
10
63.825
20
104.175
30
0
0
VERTEX
8
RASTER
10
84.175
20
104.175
30
0
0
VERTEX
8
RASTER
10
84.175
20
103.825
30
0
0
VERTEX
8
RASTER
10
63.825
20
103.825
30
0
0
SEQEND
8
RASTER
0
POLYLINE
8
RASTER
66
1
70
1
0
VERTEX
8
RASTER
10
63.825
20
84.175
30
0
0
VERTEX
8
RASTER
10
84.175
20
84.175
30
0
0
VERTEX
8
RASTER
10
84.175
20
83.825
30
0
0
VERTEX
8
RASTER
10
63.825
20
83.825
30
0
0
SEQEND
8
RASTER
0
POLYLINE
8
RASTER
66
1
70
1
0
VERTEX
8
RASTER
10
63.825
20
64.175
30
0
0
VERTEX
8
RASTER
10
84.175
20
64.175
30
0
0
VERTEX
8
RASTER
10
84.175
20
63.825
30
0
0
VERTEX
8
RASTER
10
63.825
20
63.825
30
0
0
SEQEND
8
RASTER
0
POLYLINE
8
RASTER
66
1
70
1
0
VERTEX
8
RASTER
10
83.825
20
304.175
30
0
0
VERTEX
8
RASTER
10
104.175
20
304.175
30
0
0
VERTEX
8
RASTER
10
104.175
20
303.825
30
0
0
VERTEX
8
RASTER
10
83.825
20
303.825
30
0
0
SEQEND
8
RASTER
0
POLYLINE
8
RASTER
66
1
70
1
0
VERTEX
8
RASTER
10
83.825
20
284.175
30
0
0
VERTEX
8
RASTER
10
104.175
20
284.175
30
0
0
VERTEX
8
RASTER
10
104.175
20
283.825
30
0
0
VERTEX
8
RASTER
10
83.825
20
283.825
30
0
0
SEQEND
8
RASTER
0
POLYLINE
8
RASTER
66
1
70
1
0
VERTEX
8
RASTER
10
83.825
20
264.175
30
0
0
VERTEX
8
RASTER
10
104.175
20
264.175
30
0
0
VERTEX
8
RASTER
10
104.175
20
263.825
30
0
0
VERTEX
8
RASTER
10
83.825
20
263.825
30
0
0
SEQEND
8
RASTER
0
POLYLINE
8
RASTER
66
1
70
1
0
VERTEX
8
RASTER
10
83.825
20
244.175
30
0
0
VERTEX
8
RASTER
10
104.175
20
244.175
30
0
0
VERTEX
8
RASTER
10
104.175
20
243.825
30
0
0
VERTEX
8
RASTER
10
83.825
20
243.825
30
0
0
SEQEND
8
RASTER
0
POLYLINE
8
RASTER
66
1
70
1
0
VERTEX
8
RASTER
10
83.825
20
224.175
30
0
0
VERTEX
8
RASTER
10
104.175
20
224.175
30
0
0
VERTEX
8
RASTER
10
104.175
20
223.825
30
0
0
VERTEX
8
RASTER
10
83.825
20
223.825
30
0
0
SEQEND
8
RASTER
0
POLYLINE
8
RASTER
66
1
70
1
0
VERTEX
8
RASTER
10
83.825
20
204.175
30
0
0
VERTEX
8
RASTER
10
104.175
20
204.175
30
0
0
VERTEX
8
RASTER
10
104.175
20
203.825
30
0
0
VERTEX
8
RASTER
10
83.825
20
203.825
30
0
0
SEQEND
8
RASTER
0
POLYLINE
8
RASTER
66
1
70
1
0
VERTEX
8
RASTER
10
83.825
20
184.175
30
0
0
VERTEX
8
RASTER
10
104.175
20
184.175
30
0
0
VERTEX
8
RASTER
10
104.175
20
183.825
30
0
0
VERTEX
8
RASTER
10
83.825
20
183.825
30
0
0
SEQEND
8
RASTER
0
POLYLINE
8
RASTER
66
1
70
1
0
VERTEX
8
RASTER
10
83.825
20
164.175
30
0
0
VERTEX
8
RASTER
10
104.175
20
164.175
30
0
0
VERTEX
8
RASTER
10
104.175
20
163.825
30
0
0
VERTEX
8
RASTER
10
83.825
20
163.825
30
0
0
SEQEND
8
RASTER
0
POLYLINE
8
RASTER
66
1
70
1
0
VERTEX
8
RASTER
10
83.825
20
144.175
30
0
0
VERTEX
8
RASTER
10
104.175
20
144.175
30
0
0
VERTEX
8
RASTER
10
104.175
20
143.825
30
0
0
VERTEX
8
RASTER
10
83.825
20
143.825
30
0
0
SEQEND
8
RASTER
0
POLYLINE
8
RASTER
66
1
70
1
0
VERTEX
8
RASTER
10
83.825
20
124.175
30
0
0
VERTEX
8
RASTER
10
104.175
20
124.175
30
0
0
VERTEX
8
RASTER
10
104.175
20
123.825
30
0
0
VERTEX
8
RASTER
10
83.825
20
123.825
30
0
0
SEQEND
8
RASTER
0
POLYLINE
8
RASTER
66
1
70
1
0
VERTEX
8
RASTER
10
83.825
20
104.175
30
0
0
VERTEX
8
RASTER
10
104.175
20
104.175
30
0
0
VERTEX
8
RASTER
10
104.175
20
103.825
30
0
0
VERTEX
8
RASTER
10
83.825
20
103.825
30
0
0
SEQEND
8
RASTER
0
POLYLINE
8
RASTER
66
1
70
1
0
VERTEX
8
RASTER
10
83.825
20
84.175
30
0
0
VERTEX
8
RASTER
10
104.175
20
84.175
30
0
0
VERTEX
8
RASTER
10
104.175
20
83.825
30
0
0
VERTEX
8
RASTER
10
83.825
20
83.825
30
0
0
SEQEND
8
RASTER
0
POLYLINE
8
RASTER
66
1
70
1
0
VERTEX
8
RASTER
10
83.825
20
64.175
30
0
0
VERTEX
8
RASTER
10
104.175
20
64.175
30
0
0
VERTEX
8
RASTER
10
104.175
20
63.825
30
0
0
VERTEX
8
RASTER
10
83.825
20
63.825
30
0
0
SEQEND
8
RASTER
0
POLYLINE
8
RASTER
66
1
70
1
0
VERTEX
8
RASTER
10
83.825
20
44.175
30
0
0
VERTEX
8
RASTER
10
104.175
20
44.175
30
0
0
VERTEX
8
RASTER
10
104.175
20
43.825
30
0
0
VERTEX
8
RASTER
10
83.825
20
43.825
30
0
0
SEQEND
8
RASTER
0
POLYLINE
8
RASTER
66
1
70
1
0
VERTEX
8
RASTER
10
103.825
20
304.175
30
0
0
VERTEX
8
RASTER
10
124.175
20
304.175
30
0
0
VERTEX
8
RASTER
10
124.175
20
303.825
30
0
0
VERTEX
8
RASTER
10
103.825
20
303.825
30
0
0
SEQEND
8
RASTER
0
POLYLINE
8
RASTER
66
1
70
1
0
VERTEX
8
RASTER
10
103.825
20
284.175
30
0
0
VERTEX
8
RASTER
10
124.175
20
284.175
30
0
0
VERTEX
8
RASTER
10
124.175
20
283.825
30
0
0
VERTEX
8
RASTER
10
103.825
20
283.825
30
0
0
SEQEND
8
RASTER
0
POLYLINE
8
RASTER
66
1
70
1
0
VERTEX
8
RASTER
10
103.825
20
264.175
30
0
0
VERTEX
8
RASTER
10
124.175
20
264.175
30
0
0
VERTEX
8
RASTER
10
124.175
20
263.825
30
0
0
VERTEX
8
RASTER
10
103.825
20
263.825
30
0
0
SEQEND
8
RASTER
0
POLYLINE
8
RASTER
66
1
70
1
0
VERTEX
8
RASTER
10
103.825
20
244.175
30
0
0
VERTEX
8
RASTER
10
124.175
20
244.175
30
0
0
VERTEX
8
RASTER
10
124.175
20
243.825
30
0
0
VERTEX
8
RASTER
10
103.825
20
243.825
30
0
0
SEQEND
8
RASTER
0
POLYLINE
8
RASTER
66
1
70
1
0
VERTEX
8
RASTER
10
103.825
20
224.175
30
0
0
VERTEX
8
RASTER
10
124.175
20
224.175
30
0
0
VERTEX
8
RASTER
10
124.175
20
223.825
30
0
0
VERTEX
8
RASTER
10
103.825
20
223.825
30
0
0
SEQEND
8
RASTER
0
POLYLINE
8
RASTER
66
1
70
1
0
VERTEX
8
RASTER
10
103.825
20
204.175
30
0
0
VERTEX
8
RASTER
10
124.175
20
204.175
30
0
0
VERTEX
8
RASTER
10
124.175
20
203.825
30
0
0
VERTEX
8
RASTER
10
103.825
20
203.825
30
0
0
SEQEND
8
RASTER
0
POLYLINE
8
RASTER
66
1
70
1
0
VERTEX
8
RASTER
10
103.825
20
184.175
30
0
0
VERTEX
8
RASTER
10
124.175
20
184.175
30
0
0
VERTEX
8
RASTER
10
124.175
20
183.825
30
0
0
VERTEX
8
RASTER
10
103.825
20
183.825
30
0
0
SEQEND
8
RASTER
0
POLYLINE
8
RASTER
66
1
70
1
0
VERTEX
8
RASTER
10
103.825
20
164.175
30
0
0
VERTEX
8
RASTER
10
124.175
20
164.175
30
0
0
VERTEX
8
RASTER
10
124.175
20
163.825
30
0
0
VERTEX
8
RASTER
10
103.825
20
163.825
30
0
0
SEQEND
8
RASTER
0
POLYLINE
8
RASTER
66
1
70
1
0
VERTEX
8
RASTER
10
103.825
20
144.175
30
0
0
VERTEX
8
RASTER
10
124.175
20
144.175
30
0
0
VERTEX
8
RASTER
10
124.175
20
143.825
30
0
0
VERTEX
8
RASTER
10
103.825
20
143.825
30
0
0
SEQEND
8
RASTER
0
POLYLINE
8
RASTER
66
1
70
1
0
VERTEX
8
RASTER
10
103.825
20
124.175
30
0
0
VERTEX
8
RASTER
10
124.175
20
124.175
30
0
0
VERTEX
8
RASTER
10
124.175
20
123.825
30
0
0
VERTEX
8
RASTER
10
103.825
20
123.825
30
0
0
SEQEND
8
RASTER
0
POLYLINE
8
RASTER
66
1
70
1
0
VERTEX
8
RASTER
10
103.825
20
104.175
30
0
0
VERTEX
8
RASTER
10
124.175
20
104.175
30
0
0
VERTEX
8
RASTER
10
124.175
20
103.825
30
0
0
VERTEX
8
RASTER
10
103.825
20
103.825
30
0
0
SEQEND
8
RASTER
0
POLYLINE
8
RASTER
66
1
70
1
0
VERTEX
8
RASTER
10
103.825
20
84.175
30
0
0
VERTEX
8
RASTER
10
124.175
20
84.175
30
0
0
VERTEX
8
RASTER
10
124.175
20
83.825
30
0
0
VERTEX
8
RASTER
10
103.825
20
83.825
30
0
0
SEQEND
8
RASTER
0
POLYLINE
8
RASTER
66
1
70
1
0
VERTEX
8
RASTER
10
103.825
20
64.175
30
0
0
VERTEX
8
RASTER
10
124.175
20
64.175
30
0
0
VERTEX
8
RASTER
10
124.175
20
63.825
30
0
0
VERTEX
8
RASTER
10
103.825
20
63.825
30
0
0
SEQEND
8
RASTER
0
POLYLINE
8
RASTER
66
1
70
1
0
VERTEX
8
RASTER
10
103.825
20
44.175
30
0
0
VERTEX
8
RASTER
10
124.175
20
44.175
30
0
0
VERTEX
8
RASTER
10
124.175
20
43.825
30
0
0
VERTEX
8
RASTER
10
103.825
20
43.825
30
0
0
SEQEND
8
RASTER
0
POLYLINE
8
RASTER
66
1
70
1
0
VERTEX
8
RASTER
10
123.825
20
324.175
30
0
0
VERTEX
8
RASTER
10
144.175
20
324.175
30
0
0
VERTEX
8
RASTER
10
144.175
20
323.825
30
0
0
VERTEX
8
RASTER
10
123.825
20
323.825
30
0
0
SEQEND
8
RASTER
0
POLYLINE
8
RASTER
66
1
70
1
0
VERTEX
8
RASTER
10
123.825
20
304.175
30
0
0
VERTEX
8
RASTER
10
144.175
20
304.175
30
0
0
VERTEX
8
RASTER
10
144.175
20
303.825
30
0
0
VERTEX
8
RASTER
10
123.825
20
303.825
30
0
0
SEQEND
8
RASTER
0
POLYLINE
8
RASTER
66
1
70
1
0
VERTEX
8
RASTER
10
123.825
20
284.175
30
0
0
VERTEX
8
RASTER
10
144.175
20
284.175
30
0
0
VERTEX
8
RASTER
10
144.175
20
283.825
30
0
0
VERTEX
8
RASTER
10
123.825
20
283.825
30
0
0
SEQEND
8
RASTER
0
POLYLINE
8
RASTER
66
1
70
1
0
VERTEX
8
RASTER
10
123.825
20
264.175
30
0
0
VERTEX
8
RASTER
10
144.175
20
264.175
30
0
0
VERTEX
8
RASTER
10
144.175
20
263.825
30
0
0
VERTEX
8
RASTER
10
123.825
20
263.825
30
0
0
SEQEND
8
RASTER
0
POLYLINE
8
RASTER
66
1
70
1
0
VERTEX
8
RASTER
10
123.825
20
244.175
30
0
0
VERTEX
8
RASTER
10
144.175
20
244.175
30
0
0
VERTEX
8
RASTER
10
144.175
20
243.825
30
0
0
VERTEX
8
RASTER
10
123.825
20
243.825
30
0
0
SEQEND
8
RASTER
0
POLYLINE
8
RASTER
66
1
70
1
0
VERTEX
8
RASTER
10
123.825
20
224.175
30
0
0
VERTEX
8
RASTER
10
144.175
20
224.175
30
0
0
VERTEX
8
RASTER
10
144.175
20
223.825
30
0
0
VERTEX
8
RASTER
10
123.825
20
223.825
30
0
0
SEQEND
8
RASTER
0
POLYLINE
8
RASTER
66
1
70
1
0
VERTEX
8
RASTER
10
123.825
20
204.175
30
0
0
VERTEX
8
RASTER
10
144.175
20
204.175
30
0
0
VERTEX
8
RASTER
10
144.175
20
203.825
30
0
0
VERTEX
8
RASTER
10
123.825
20
203.825
30
0
0
SEQEND
8
RASTER
0
POLYLINE
8
RASTER
66
1
70
1
0
VERTEX
8
RASTER
10
123.825
20
184.175
30
0
0
VERTEX
8
RASTER
10
144.175
20
184.175
30
0
0
VERTEX
8
RASTER
10
144.175
20
183.825
30
0
0
VERTEX
8
RASTER
10
123.825
20
183.825
30
0
0
SEQEND
8
RASTER
0
POLYLINE
8
RASTER
66
1
70
1
0
VERTEX
8
RASTER
10
123.825
20
164.175
30
0
0
VERTEX
8
RASTER
10
144.175
20
164.175
30
0
0
VERTEX
8
RASTER
10
144.175
20
163.825
30
0
0
VERTEX
8
RASTER
10
123.825
20
163.825
30
0
0
SEQEND
8
RASTER
0
POLYLINE
8
RASTER
66
1
70
1
0
VERTEX
8
RASTER
10
123.825
20
144.175
30
0
0
VERTEX
8
RASTER
10
144.175
20
144.175
30
0
0
VERTEX
8
RASTER
10
144.175
20
143.825
30
0
0
VERTEX
8
RASTER
10
123.825
20
143.825
30
0
0
SEQEND
8
RASTER
0
POLYLINE
8
RASTER
66
1
70
1
0
VERTEX
8
RASTER
10
123.825
20
124.175
30
0
0
VERTEX
8
RASTER
10
144.175
20
124.175
30
0
0
VERTEX
8
RASTER
10
144.175
20
123.825
30
0
0
VERTEX
8
RASTER
10
123.825
20
123.825
30
0
0
SEQEND
8
RASTER
0
POLYLINE
8
RASTER
66
1
70
1
0
VERTEX
8
RASTER
10
123.825
20
104.175
30
0
0
VERTEX
8
RASTER
10
144.175
20
104.175
30
0
0
VERTEX
8
RASTER
10
144.175
20
103.825
30
0
0
VERTEX
8
RASTER
10
123.825
20
103.825
30
0
0
SEQEND
8
RASTER
0
POLYLINE
8
RASTER
66
1
70
1
0
VERTEX
8
RASTER
10
123.825
20
84.175
30
0
0
VERTEX
8
RASTER
10
144.175
20
84.175
30
0
0
VERTEX
8
RASTER
10
144.175
20
83.825
30
0
0
VERTEX
8
RASTER
10
123.825
20
83.825
30
0
0
SEQEND
8
RASTER
0
POLYLINE
8
RASTER
66
1
70
1
0
VERTEX
8
RASTER
10
123.825
20
64.175
30
0
0
VERTEX
8
RASTER
10
144.175
20
64.175
30
0
0
VERTEX
8
RASTER
10
144.175
20
63.825
30
0
0
VERTEX
8
RASTER
10
123.825
20
63.825
30
0
0
SEQEND
8
RASTER
0
POLYLINE
8
RASTER
66
1
70
1
0
VERTEX
8
RASTER
10
123.825
20
44.175
30
0
0
VERTEX
8
RASTER
10
144.175
20
44.175
30
0
0
VERTEX
8
RASTER
10
144.175
20
43.825
30
0
0
VERTEX
8
RASTER
10
123.825
20
43.825
30
0
0
SEQEND
8
RASTER
0
POLYLINE
8
RASTER
66
1
70
1
0
VERTEX
8
RASTER
10
123.825
20
24.175
30
0
0
VERTEX
8
RASTER
10
144.175
20
24.175
30
0
0
VERTEX
8
RASTER
10
144.175
20
23.825
30
0
0
VERTEX
8
RASTER
10
123.825
20
23.825
30
0
0
SEQEND
8
RASTER
0
POLYLINE
8
RASTER
66
1
70
1
0
VERTEX
8
RASTER
10
143.825
20
324.175
30
0
0
VERTEX
8
RASTER
10
164.175
20
324.175
30
0
0
VERTEX
8
RASTER
10
164.175
20
323.825
30
0
0
VERTEX
8
RASTER
10
143.825
20
323.825
30
0
0
SEQEND
8
RASTER
0
POLYLINE
8
RASTER
66
1
70
1
0
VERTEX
8
RASTER
10
143.825
20
304.175
30
0
0
VERTEX
8
RASTER
10
164.175
20
304.175
30
0
0
VERTEX
8
RASTER
10
164.175
20
303.825
30
0
0
VERTEX
8
RASTER
10
143.825
20
303.825
30
0
0
SEQEND
8
RASTER
0
POLYLINE
8
RASTER
66
1
70
1
0
VERTEX
8
RASTER
10
143.825
20
284.175
30
0
0
VERTEX
8
RASTER
10
164.175
20
284.175
30
0
0
VERTEX
8
RASTER
10
164.175
20
283.825
30
0
0
VERTEX
8
RASTER
10
143.825
20
283.825
30
0
0
SEQEND
8
RASTER
0
POLYLINE
8
RASTER
66
1
70
1
0
VERTEX
8
RASTER
10
143.825
20
264.175
30
0
0
VERTEX
8
RASTER
10
164.175
20
264.175
30
0
0
VERTEX
8
RASTER
10
164.175
20
263.825
30
0
0
VERTEX
8
RASTER
10
143.825
20
263.825
30
0
0
SEQEND
8
RASTER
0
POLYLINE
8
RASTER
66
1
70
1
0
VERTEX
8
RASTER
10
143.825
20
244.175
30
0
0
VERTEX
8
RASTER
10
164.175
20
244.175
30
0
0
VERTEX
8
RASTER
10
164.175
20
243.825
30
0
0
VERTEX
8
RASTER
10
143.825
20
243.825
30
0
0
SEQEND
8
RASTER
0
POLYLINE
8
RASTER
66
1
70
1
0
VERTEX
8
RASTER
10
143.825
20
224.175
30
0
0
VERTEX
8
RASTER
10
164.175
20
224.175
30
0
0
VERTEX
8
RASTER
10
164.175
20
223.825
30
0
0
VERTEX
8
RASTER
10
143.825
20
223.825
30
0
0
SEQEND
8
RASTER
0
POLYLINE
8
RASTER
66
1
70
1
0
VERTEX
8
RASTER
10
143.825
20
204.175
30
0
0
VERTEX
8
RASTER
10
164.175
20
204.175
30
0
0
VERTEX
8
RASTER
10
164.175
20
203.825
30
0
0
VERTEX
8
RASTER
10
143.825
20
203.825
30
0
0
SEQEND
8
RASTER
0
POLYLINE
8
RASTER
66
1
70
1
0
VERTEX
8
RASTER
10
143.825
20
184.175
30
0
0
VERTEX
8
RASTER
10
164.175
20
184.175
30
0
0
VERTEX
8
RASTER
10
164.175
20
183.825
30
0
0
VERTEX
8
RASTER
10
143.825
20
183.825
30
0
0
SEQEND
8
RASTER
0
POLYLINE
8
RASTER
66
1
70
1
0
VERTEX
8
RASTER
10
143.825
20
164.175
30
0
0
VERTEX
8
RASTER
10
164.175
20
164.175
30
0
0
VERTEX
8
RASTER
10
164.175
20
163.825
30
0
0
VERTEX
8
RASTER
10
143.825
20
163.825
30
0
0
SEQEND
8
RASTER
0
POLYLINE
8
RASTER
66
1
70
1
0
VERTEX
8
RASTER
10
143.825
20
144.175
30
0
0
VERTEX
8
RASTER
10
164.175
20
144.175
30
0
0
VERTEX
8
RASTER
10
164.175
20
143.825
30
0
0
VERTEX
8
RASTER
10
143.825
20
143.825
30
0
0
SEQEND
8
RASTER
0
POLYLINE
8
RASTER
66
1
70
1
0
VERTEX
8
RASTER
10
143.825
20
124.175
30
0
0
VERTEX
8
RASTER
10
164.175
20
124.175
30
0
0
VERTEX
8
RASTER
10
164.175
20
123.825
30
0
0
VERTEX
8
RASTER
10
143.825
20
123.825
30
0
0
SEQEND
8
RASTER
0
POLYLINE
8
RASTER
66
1
70
1
0
VERTEX
8
RASTER
10
143.825
20
104.175
30
0
0
VERTEX
8
RASTER
10
164.175
20
104.175
30
0
0
VERTEX
8
RASTER
10
164.175
20
103.825
30
0
0
VERTEX
8
RASTER
10
143.825
20
103.825
30
0
0
SEQEND
8
RASTER
0
POLYLINE
8
RASTER
66
1
70
1
0
VERTEX
8
RASTER
10
143.825
20
84.175
30
0
0
VERTEX
8
RASTER
10
164.175
20
84.175
30
0
0
VERTEX
8
RASTER
10
164.175
20
83.825
30
0
0
VERTEX
8
RASTER
10
143.825
20
83.825
30
0
0
SEQEND
8
RASTER
0
POLYLINE
8
RASTER
66
1
70
1
0
VERTEX
8
RASTER
10
143.825
20
64.175
30
0
0
VERTEX
8
RASTER
10
164.175
20
64.175
30
0
0
VERTEX
8
RASTER
10
164.175
20
63.825
30
0
0
VERTEX
8
RASTER
10
143.825
20
63.825
30
0
0
SEQEND
8
RASTER
0
POLYLINE
8
RASTER
66
1
70
1
0
VERTEX
8
RASTER
10
143.825
20
44.175
30
0
0
VERTEX
8
RASTER
10
164.175
20
44.175
30
0
0
VERTEX
8
RASTER
10
164.175
20
43.825
30
0
0
VERTEX
8
RASTER
10
143.825
20
43.825
30
0
0
SEQEND
8
RASTER
0
POLYLINE
8
RASTER
66
1
70
1
0
VERTEX
8
RASTER
10
143.825
20
24.175
30
0
0
VERTEX
8
RASTER
10
164.175
20
24.175
30
0
0
VERTEX
8
RASTER
10
164.175
20
23.825
30
0
0
VERTEX
8
RASTER
10
143.825
20
23.825
30
0
0
SEQEND
8
RASTER
0
POLYLINE
8
RASTER
66
1
70
1
0
VERTEX
8
RASTER
10
163.825
20
324.175
30
0
0
VERTEX
8
RASTER
10
184.175
20
324.175
30
0
0
VERTEX
8
RASTER
10
184.175
20
323.825
30
0
0
VERTEX
8
RASTER
10
163.825
20
323.825
30
0
0
SEQEND
8
RASTER
0
POLYLINE
8
RASTER
66
1
70
1
0
VERTEX
8
RASTER
10
163.825
20
304.175
30
0
0
VERTEX
8
RASTER
10
184.175
20
304.175
30
0
0
VERTEX
8
RASTER
10
184.175
20
303.825
30
0
0
VERTEX
8
RASTER
10
163.825
20
303.825
30
0
0
SEQEND
8
RASTER
0
POLYLINE
8
RASTER
66
1
70
1
0
VERTEX
8
RASTER
10
163.825
20
284.175
30
0
0
VERTEX
8
RASTER
10
184.175
20
284.175
30
0
0
VERTEX
8
RASTER
10
184.175
20
283.825
30
0
0
VERTEX
8
RASTER
10
163.825
20
283.825
30
0
0
SEQEND
8
RASTER
0
POLYLINE
8
RASTER
66
1
70
1
0
VERTEX
8
RASTER
10
163.825
20
264.175
30
0
0
VERTEX
8
RASTER
10
184.175
20
264.175
30
0
0
VERTEX
8
RASTER
10
184.175
20
263.825
30
0
0
VERTEX
8
RASTER
10
163.825
20
263.825
30
0
0
SEQEND
8
RASTER
0
POLYLINE
8
RASTER
66
1
70
1
0
VERTEX
8
RASTER
10
163.825
20
244.175
30
0
0
VERTEX
8
RASTER
10
184.175
20
244.175
30
0
0
VERTEX
8
RASTER
10
184.175
20
243.825
30
0
0
VERTEX
8
RASTER
10
163.825
20
243.825
30
0
0
SEQEND
8
RASTER
0
POLYLINE
8
RASTER
66
1
70
1
0
VERTEX
8
RASTER
10
163.825
20
224.175
30
0
0
VERTEX
8
RASTER
10
184.175
20
224.175
30
0
0
VERTEX
8
RASTER
10
184.175
20
223.825
30
0
0
VERTEX
8
RASTER
10
163.825
20
223.825
30
0
0
SEQEND
8
RASTER
0
POLYLINE
8
RASTER
66
1
70
1
0
VERTEX
8
RASTER
10
163.825
20
204.175
30
0
0
VERTEX
8
RASTER
10
184.175
20
204.175
30
0
0
VERTEX
8
RASTER
10
184.175
20
203.825
30
0
0
VERTEX
8
RASTER
10
163.825
20
203.825
30
0
0
SEQEND
8
RASTER
0
POLYLINE
8
RASTER
66
1
70
1
0
VERTEX
8
RASTER
10
163.825
20
184.175
30
0
0
VERTEX
8
RASTER
10
184.175
20
184.175
30
0
0
VERTEX
8
RASTER
10
184.175
20
183.825
30
0
0
VERTEX
8
RASTER
10
163.825
20
183.825
30
0
0
SEQEND
8
RASTER
0
POLYLINE
8
RASTER
66
1
70
1
0
VERTEX
8
RASTER
10
163.825
20
164.175
30
0
0
VERTEX
8
RASTER
10
184.175
20
164.175
30
0
0
VERTEX
8
RASTER
10
184.175
20
163.825
30
0
0
VERTEX
8
RASTER
10
163.825
20
163.825
30
0
0
SEQEND
8
RASTER
0
POLYLINE
8
RASTER
66
1
70
1
0
VERTEX
8
RASTER
10
163.825
20
144.175
30
0
0
VERTEX
8
RASTER
10
184.175
20
144.175
30
0
0
VERTEX
8
RASTER
10
184.175
20
143.825
30
0
0
VERTEX
8
RASTER
10
163.825
20
143.825
30
0
0
SEQEND
8
RASTER
0
POLYLINE
8
RASTER
66
1
70
1
0
VERTEX
8
RASTER
10
163.825
20
124.175
30
0
0
VERTEX
8
RASTER
10
184.175
20
124.175
30
0
0
VERTEX
8
RASTER
10
184.175
20
123.825
30
0
0
VERTEX
8
RASTER
10
163.825
20
123.825
30
0
0
SEQEND
8
RASTER
0
POLYLINE
8
RASTER
66
1
70
1
0
VERTEX
8
RASTER
10
163.825
20
104.175
30
0
0
VERTEX
8
RASTER
10
184.175
20
104.175
30
0
0
VERTEX
8
RASTER
10
184.175
20
103.825
30
0
0
VERTEX
8
RASTER
10
163.825
20
103.825
30
0
0
SEQEND
8
RASTER
0
POLYLINE
8
RASTER
66
1
70
1
0
VERTEX
8
RASTER
10
163.825
20
84.175
30
0
0
VERTEX
8
RASTER
10
184.175
20
84.175
30
0
0
VERTEX
8
RASTER
10
184.175
20
83.825
30
0
0
VERTEX
8
RASTER
10
163.825
20
83.825
30
0
0
SEQEND
8
RASTER
0
POLYLINE
8
RASTER
66
1
70
1
0
VERTEX
8
RASTER
10
163.825
20
64.175
30
0
0
VERTEX
8
RASTER
10
184.175
20
64.175
30
0
0
VERTEX
8
RASTER
10
184.175
20
63.825
30
0
0
VERTEX
8
RASTER
10
163.825
20
63.825
30
0
0
SEQEND
8
RASTER
0
POLYLINE
8
RASTER
66
1
70
1
0
VERTEX
8
RASTER
10
163.825
20
44.175
30
0
0
VERTEX
8
RASTER
10
184.175
20
44.175
30
0
0
VERTEX
8
RASTER
10
184.175
20
43.825
30
0
0
VERTEX
8
RASTER
10
163.825
20
43.825
30
0
0
SEQEND
8
RASTER
0
POLYLINE
8
RASTER
66
1
70
1
0
VERTEX
8
RASTER
10
163.825
20
24.175
30
0
0
VERTEX
8
RASTER
10
184.175
20
24.175
30
0
0
VERTEX
8
RASTER
10
184.175
20
23.825
30
0
0
VERTEX
8
RASTER
10
163.825
20
23.825
30
0
0
SEQEND
8
RASTER
0
POLYLINE
8
RASTER
66
1
70
1
0
VERTEX
8
RASTER
10
183.825
20
324.175
30
0
0
VERTEX
8
RASTER
10
204.175
20
324.175
30
0
0
VERTEX
8
RASTER
10
204.175
20
323.825
30
0
0
VERTEX
8
RASTER
10
183.825
20
323.825
30
0
0
SEQEND
8
RASTER
0
POLYLINE
8
RASTER
66
1
70
1
0
VERTEX
8
RASTER
10
183.825
20
304.175
30
0
0
VERTEX
8
RASTER
10
204.175
20
304.175
30
0
0
VERTEX
8
RASTER
10
204.175
20
303.825
30
0
0
VERTEX
8
RASTER
10
183.825
20
303.825
30
0
0
SEQEND
8
RASTER
0
POLYLINE
8
RASTER
66
1
70
1
0
VERTEX
8
RASTER
10
183.825
20
284.175
30
0
0
VERTEX
8
RASTER
10
204.175
20
284.175
30
0
0
VERTEX
8
RASTER
10
204.175
20
283.825
30
0
0
VERTEX
8
RASTER
10
183.825
20
283.825
30
0
0
SEQEND
8
RASTER
0
POLYLINE
8
RASTER
66
1
70
1
0
VERTEX
8
RASTER
10
183.825
20
264.175
30
0
0
VERTEX
8
RASTER
10
204.175
20
264.175
30
0
0
VERTEX
8
RASTER
10
204.175
20
263.825
30
0
0
VERTEX
8
RASTER
10
183.825
20
263.825
30
0
0
SEQEND
8
RASTER
0
POLYLINE
8
RASTER
66
1
70
1
0
VERTEX
8
RASTER
10
183.825
20
244.175
30
0
0
VERTEX
8
RASTER
10
204.175
20
244.175
30
0
0
VERTEX
8
RASTER
10
204.175
20
243.825
30
0
0
VERTEX
8
RASTER
10
183.825
20
243.825
30
0
0
SEQEND
8
RASTER
0
POLYLINE
8
RASTER
66
1
70
1
0
VERTEX
8
RASTER
10
183.825
20
224.175
30
0
0
VERTEX
8
RASTER
10
204.175
20
224.175
30
0
0
VERTEX
8
RASTER
10
204.175
20
223.825
30
0
0
VERTEX
8
RASTER
10
183.825
20
223.825
30
0
0
SEQEND
8
RASTER
0
POLYLINE
8
RASTER
66
1
70
1
0
VERTEX
8
RASTER
10
183.825
20
204.175
30
0
0
VERTEX
8
RASTER
10
204.175
20
204.175
30
0
0
VERTEX
8
RASTER
10
204.175
20
203.825
30
0
0
VERTEX
8
RASTER
10
183.825
20
203.825
30
0
0
SEQEND
8
RASTER
0
POLYLINE
8
RASTER
66
1
70
1
0
VERTEX
8
RASTER
10
183.825
20
184.175
30
0
0
VERTEX
8
RASTER
10
204.175
20
184.175
30
0
0
VERTEX
8
RASTER
10
204.175
20
183.825
30
0
0
VERTEX
8
RASTER
10
183.825
20
183.825
30
0
0
SEQEND
8
RASTER
0
POLYLINE
8
RASTER
66
1
70
1
0
VERTEX
8
RASTER
10
183.825
20
164.175
30
0
0
VERTEX
8
RASTER
10
204.175
20
164.175
30
0
0
VERTEX
8
RASTER
10
204.175
20
163.825
30
0
0
VERTEX
8
RASTER
10
183.825
20
163.825
30
0
0
SEQEND
8
RASTER
0
POLYLINE
8
RASTER
66
1
70
1
0
VERTEX
8
RASTER
10
183.825
20
144.175
30
0
0
VERTEX
8
RASTER
10
204.175
20
144.175
30
0
0
VERTEX
8
RASTER
10
204.175
20
143.825
30
0
0
VERTEX
8
RASTER
10
183.825
20
143.825
30
0
0
SEQEND
8
RASTER
0
POLYLINE
8
RASTER
66
1
70
1
0
VERTEX
8
RASTER
10
183.825
20
124.175
30
0
0
VERTEX
8
RASTER
10
204.175
20
124.175
30
0
0
VERTEX
8
RASTER
10
204.175
20
123.825
30
0
0
VERTEX
8
RASTER
10
183.825
20
123.825
30
0
0
SEQEND
8
RASTER
0
POLYLINE
8
RASTER
66
1
70
1
0
VERTEX
8
RASTER
10
183.825
20
104.175
30
0
0
VERTEX
8
RASTER
10
204.175
20
104.175
30
0
0
VERTEX
8
RASTER
10
204.175
20
103.825
30
0
0
VERTEX
8
RASTER
10
183.825
20
103.825
30
0
0
SEQEND
8
RASTER
0
POLYLINE
8
RASTER
66
1
70
1
0
VERTEX
8
RASTER
10
183.825
20
84.175
30
0
0
VERTEX
8
RASTER
10
204.175
20
84.175
30
0
0
VERTEX
8
RASTER
10
204.175
20
83.825
30
0
0
VERTEX
8
RASTER
10
183.825
20
83.825
30
0
0
SEQEND
8
RASTER
0
POLYLINE
8
RASTER
66
1
70
1
0
VERTEX
8
RASTER
10
183.825
20
64.175
30
0
0
VERTEX
8
RASTER
10
204.175
20
64.175
30
0
0
VERTEX
8
RASTER
10
204.175
20
63.825
30
0
0
VERTEX
8
RASTER
10
183.825
20
63.825
30
0
0
SEQEND
8
RASTER
0
POLYLINE
8
RASTER
66
1
70
1
0
VERTEX
8
RASTER
10
183.825
20
44.175
30
0
0
VERTEX
8
RASTER
10
204.175
20
44.175
30
0
0
VERTEX
8
RASTER
10
204.175
20
43.825
30
0
0
VERTEX
8
RASTER
10
183.825
20
43.825
30
0
0
SEQEND
8
RASTER
0
POLYLINE
8
RASTER
66
1
70
1
0
VERTEX
8
RASTER
10
183.825
20
24.175
30
0
0
VERTEX
8
RASTER
10
204.175
20
24.175
30
0
0
VERTEX
8
RASTER
10
204.175
20
23.825
30
0
0
VERTEX
8
RASTER
10
183.825
20
23.825
30
0
0
SEQEND
8
RASTER
0
POLYLINE
8
RASTER
66
1
70
1
0
VERTEX
8
RASTER
10
203.825
20
324.175
30
0
0
VERTEX
8
RASTER
10
224.175
20
324.175
30
0
0
VERTEX
8
RASTER
10
224.175
20
323.825
30
0
0
VERTEX
8
RASTER
10
203.825
20
323.825
30
0
0
SEQEND
8
RASTER
0
POLYLINE
8
RASTER
66
1
70
1
0
VERTEX
8
RASTER
10
203.825
20
304.175
30
0
0
VERTEX
8
RASTER
10
224.175
20
304.175
30
0
0
VERTEX
8
RASTER
10
224.175
20
303.825
30
0
0
VERTEX
8
RASTER
10
203.825
20
303.825
30
0
0
SEQEND
8
RASTER
0
POLYLINE
8
RASTER
66
1
70
1
0
VERTEX
8
RASTER
10
203.825
20
284.175
30
0
0
VERTEX
8
RASTER
10
224.175
20
284.175
30
0
0
VERTEX
8
RASTER
10
224.175
20
283.825
30
0
0
VERTEX
8
RASTER
10
203.825
20
283.825
30
0
0
SEQEND
8
RASTER
0
POLYLINE
8
RASTER
66
1
70
1
0
VERTEX
8
RASTER
10
203.825
20
264.175
30
0
0
VERTEX
8
RASTER
10
224.175
20
264.175
30
0
0
VERTEX
8
RASTER
10
224.175
20
263.825
30
0
0
VERTEX
8
RASTER
10
203.825
20
263.825
30
0
0
SEQEND
8
RASTER
0
POLYLINE
8
RASTER
66
1
70
1
0
VERTEX
8
RASTER
10
203.825
20
244.175
30
0
0
VERTEX
8
RASTER
10
224.175
20
244.175
30
0
0
VERTEX
8
RASTER
10
224.175
20
243.825
30
0
0
VERTEX
8
RASTER
10
203.825
20
243.825
30
0
0
SEQEND
8
RASTER
0
POLYLINE
8
RASTER
66
1
70
1
0
VERTEX
8
RASTER
10
203.825
20
224.175
30
0
0
VERTEX
8
RASTER
10
224.175
20
224.175
30
0
0
VERTEX
8
RASTER
10
224.175
20
223.825
30
0
0
VERTEX
8
RASTER
10
203.825
20
223.825
30
0
0
SEQEND
8
RASTER
0
POLYLINE
8
RASTER
66
1
70
1
0
VERTEX
8
RASTER
10
203.825
20
204.175
30
0
0
VERTEX
8
RASTER
10
224.175
20
204.175
30
0
0
VERTEX
8
RASTER
10
224.175
20
203.825
30
0
0
VERTEX
8
RASTER
10
203.825
20
203.825
30
0
0
SEQEND
8
RASTER
0
POLYLINE
8
RASTER
66
1
70
1
0
VERTEX
8
RASTER
10
203.825
20
184.175
30
0
0
VERTEX
8
RASTER
10
224.175
20
184.175
30
0
0
VERTEX
8
RASTER
10
224.175
20
183.825
30
0
0
VERTEX
8
RASTER
10
203.825
20
183.825
30
0
0
SEQEND
8
RASTER
0
POLYLINE
8
RASTER
66
1
70
1
0
VERTEX
8
RASTER
10
203.825
20
164.175
30
0
0
VERTEX
8
RASTER
10
224.175
20
164.175
30
0
0
VERTEX
8
RASTER
10
224.175
20
163.825
30
0
0
VERTEX
8
RASTER
10
203.825
20
163.825
30
0
0
SEQEND
8
RASTER
0
POLYLINE
8
RASTER
66
1
70
1
0
VERTEX
8
RASTER
10
203.825
20
144.175
30
0
0
VERTEX
8
RASTER
10
224.175
20
144.175
30
0
0
VERTEX
8
RASTER
10
224.175
20
143.825
30
0
0
VERTEX
8
RASTER
10
203.825
20
143.825
30
0
0
SEQEND
8
RASTER
0
POLYLINE
8
RASTER
66
1
70
1
0
VERTEX
8
RASTER
10
203.825
20
124.175
30
0
0
VERTEX
8
RASTER
10
224.175
20
124.175
30
0
0
VERTEX
8
RASTER
10
224.175
20
123.825
30
0
0
VERTEX
8
RASTER
10
203.825
20
123.825
30
0
0
SEQEND
8
RASTER
0
POLYLINE
8
RASTER
66
1
70
1
0
VERTEX
8
RASTER
10
203.825
20
104.175
30
0
0
VERTEX
8
RASTER
10
224.175
20
104.175
30
0
0
VERTEX
8
RASTER
10
224.175
20
103.825
30
0
0
VERTEX
8
RASTER
10
203.825
20
103.825
30
0
0
SEQEND
8
RASTER
0
POLYLINE
8
RASTER
66
1
70
1
0
VERTEX
8
RASTER
10
203.825
20
84.175
30
0
0
VERTEX
8
RASTER
10
224.175
20
84.175
30
0
0
VERTEX
8
RASTER
10
224.175
20
83.825
30
0
0
VERTEX
8
RASTER
10
203.825
20
83.825
30
0
0
SEQEND
8
RASTER
0
POLYLINE
8
RASTER
66
1
70
1
0
VERTEX
8
RASTER
10
203.825
20
64.175
30
0
0
VERTEX
8
RASTER
10
224.175
20
64.175
30
0
0
VERTEX
8
RASTER
10
224.175
20
63.825
30
0
0
VERTEX
8
RASTER
10
203.825
20
63.825
30
0
0
SEQEND
8
RASTER
0
POLYLINE
8
RASTER
66
1
70
1
0
VERTEX
8
RASTER
10
203.825
20
44.175
30
0
0
VERTEX
8
RASTER
10
224.175
20
44.175
30
0
0
VERTEX
8
RASTER
10
224.175
20
43.825
30
0
0
VERTEX
8
RASTER
10
203.825
20
43.825
30
0
0
SEQEND
8
RASTER
0
POLYLINE
8
RASTER
66
1
70
1
0
VERTEX
8
RASTER
10
203.825
20
24.175
30
0
0
VERTEX
8
RASTER
10
224.175
20
24.175
30
0
0
VERTEX
8
RASTER
10
224.175
20
23.825
30
0
0
VERTEX
8
RASTER
10
203.825
20
23.825
30
0
0
SEQEND
8
RASTER
0
POLYLINE
8
RASTER
66
1
70
1
0
VERTEX
8
RASTER
10
223.825
20
304.175
30
0
0
VERTEX
8
RASTER
10
244.175
20
304.175
30
0
0
VERTEX
8
RASTER
10
244.175
20
303.825
30
0
0
VERTEX
8
RASTER
10
223.825
20
303.825
30
0
0
SEQEND
8
RASTER
0
POLYLINE
8
RASTER
66
1
70
1
0
VERTEX
8
RASTER
10
223.825
20
284.175
30
0
0
VERTEX
8
RASTER
10
244.175
20
284.175
30
0
0
VERTEX
8
RASTER
10
244.175
20
283.825
30
0
0
VERTEX
8
RASTER
10
223.825
20
283.825
30
0
0
SEQEND
8
RASTER
0
POLYLINE
8
RASTER
66
1
70
1
0
VERTEX
8
RASTER
10
223.825
20
264.175
30
0
0
VERTEX
8
RASTER
10
244.175
20
264.175
30
0
0
VERTEX
8
RASTER
10
244.175
20
263.825
30
0
0
VERTEX
8
RASTER
10
223.825
20
263.825
30
0
0
SEQEND
8
RASTER
0
POLYLINE
8
RASTER
66
1
70
1
0
VERTEX
8
RASTER
10
223.825
20
244.175
30
0
0
VERTEX
8
RASTER
10
244.175
20
244.175
30
0
0
VERTEX
8
RASTER
10
244.175
20
243.825
30
0
0
VERTEX
8
RASTER
10
223.825
20
243.825
30
0
0
SEQEND
8
RASTER
0
POLYLINE
8
RASTER
66
1
70
1
0
VERTEX
8
RASTER
10
223.825
20
224.175
30
0
0
VERTEX
8
RASTER
10
244.175
20
224.175
30
0
0
VERTEX
8
RASTER
10
244.175
20
223.825
30
0
0
VERTEX
8
RASTER
10
223.825
20
223.825
30
0
0
SEQEND
8
RASTER
0
POLYLINE
8
RASTER
66
1
70
1
0
VERTEX
8
RASTER
10
223.825
20
204.175
30
0
0
VERTEX
8
RASTER
10
244.175
20
204.175
30
0
0
VERTEX
8
RASTER
10
244.175
20
203.825
30
0
0
VERTEX
8
RASTER
10
223.825
20
203.825
30
0
0
SEQEND
8
RASTER
0
POLYLINE
8
RASTER
66
1
70
1
0
VERTEX
8
RASTER
10
223.825
20
184.175
30
0
0
VERTEX
8
RASTER
10
244.175
20
184.175
30
0
0
VERTEX
8
RASTER
10
244.175
20
183.825
30
0
0
VERTEX
8
RASTER
10
223.825
20
183.825
30
0
0
SEQEND
8
RASTER
0
POLYLINE
8
RASTER
66
1
70
1
0
VERTEX
8
RASTER
10
223.825
20
164.175
30
0
0
VERTEX
8
RASTER
10
244.175
20
164.175
30
0
0
VERTEX
8
RASTER
10
244.175
20
163.825
30
0
0
VERTEX
8
RASTER
10
223.825
20
163.825
30
0
0
SEQEND
8
RASTER
0
POLYLINE
8
RASTER
66
1
70
1
0
VERTEX
8
RASTER
10
223.825
20
144.175
30
0
0
VERTEX
8
RASTER
10
244.175
20
144.175
30
0
0
VERTEX
8
RASTER
10
244.175
20
143.825
30
0
0
VERTEX
8
RASTER
10
223.825
20
143.825
30
0
0
SEQEND
8
RASTER
0
POLYLINE
8
RASTER
66
1
70
1
0
VERTEX
8
RASTER
10
223.825
20
124.175
30
0
0
VERTEX
8
RASTER
10
244.175
20
124.175
30
0
0
VERTEX
8
RASTER
10
244.175
20
123.825
30
0
0
VERTEX
8
RASTER
10
223.825
20
123.825
30
0
0
SEQEND
8
RASTER
0
POLYLINE
8
RASTER
66
1
70
1
0
VERTEX
8
RASTER
10
223.825
20
104.175
30
0
0
VERTEX
8
RASTER
10
244.175
20
104.175
30
0
0
VERTEX
8
RASTER
10
244.175
20
103.825
30
0
0
VERTEX
8
RASTER
10
223.825
20
103.825
30
0
0
SEQEND
8
RASTER
0
POLYLINE
8
RASTER
66
1
70
1
0
VERTEX
8
RASTER
10
223.825
20
84.175
30
0
0
VERTEX
8
RASTER
10
244.175
20
84.175
30
0
0
VERTEX
8
RASTER
10
244.175
20
83.825
30
0
0
VERTEX
8
RASTER
10
223.825
20
83.825
30
0
0
SEQEND
8
RASTER
0
POLYLINE
8
RASTER
66
1
70
1
0
VERTEX
8
RASTER
10
223.825
20
64.175
30
0
0
VERTEX
8
RASTER
10
244.175
20
64.175
30
0
0
VERTEX
8
RASTER
10
244.175
20
63.825
30
0
0
VERTEX
8
RASTER
10
223.825
20
63.825
30
0
0
SEQEND
8
RASTER
0
POLYLINE
8
RASTER
66
1
70
1
0
VERTEX
8
RASTER
10
223.825
20
44.175
30
0
0
VERTEX
8
RASTER
10
244.175
20
44.175
30
0
0
VERTEX
8
RASTER
10
244.175
20
43.825
30
0
0
VERTEX
8
RASTER
10
223.825
20
43.825
30
0
0
SEQEND
8
RASTER
0
POLYLINE
8
RASTER
66
1
70
1
0
VERTEX
8
RASTER
10
243.825
20
304.175
30
0
0
VERTEX
8
RASTER
10
264.175
20
304.175
30
0
0
VERTEX
8
RASTER
10
264.175
20
303.825
30
0
0
VERTEX
8
RASTER
10
243.825
20
303.825
30
0
0
SEQEND
8
RASTER
0
POLYLINE
8
RASTER
66
1
70
1
0
VERTEX
8
RASTER
10
243.825
20
284.175
30
0
0
VERTEX
8
RASTER
10
264.175
20
284.175
30
0
0
VERTEX
8
RASTER
10
264.175
20
283.825
30
0
0
VERTEX
8
RASTER
10
243.825
20
283.825
30
0
0
SEQEND
8
RASTER
0
POLYLINE
8
RASTER
66
1
70
1
0
VERTEX
8
RASTER
10
243.825
20
264.175
30
0
0
VERTEX
8
RASTER
10
264.175
20
264.175
30
0
0
VERTEX
8
RASTER
10
264.175
20
263.825
30
0
0
VERTEX
8
RASTER
10
243.825
20
263.825
30
0
0
SEQEND
8
RASTER
0
POLYLINE
8
RASTER
66
1
70
1
0
VERTEX
8
RASTER
10
243.825
20
244.175
30
0
0
VERTEX
8
RASTER
10
264.175
20
244.175
30
0
0
VERTEX
8
RASTER
10
264.175
20
243.825
30
0
0
VERTEX
8
RASTER
10
243.825
20
243.825
30
0
0
SEQEND
8
RASTER
0
POLYLINE
8
RASTER
66
1
70
1
0
VERTEX
8
RASTER
10
243.825
20
224.175
30
0
0
VERTEX
8
RASTER
10
264.175
20
224.175
30
0
0
VERTEX
8
RASTER
10
264.175
20
223.825
30
0
0
VERTEX
8
RASTER
10
243.825
20
223.825
30
0
0
SEQEND
8
RASTER
0
POLYLINE
8
RASTER
66
1
70
1
0
VERTEX
8
RASTER
10
243.825
20
204.175
30
0
0
VERTEX
8
RASTER
10
264.175
20
204.175
30
0
0
VERTEX
8
RASTER
10
264.175
20
203.825
30
0
0
VERTEX
8
RASTER
10
243.825
20
203.825
30
0
0
SEQEND
8
RASTER
0
POLYLINE
8
RASTER
66
1
70
1
0
VERTEX
8
RASTER
10
243.825
20
184.175
30
0
0
VERTEX
8
RASTER
10
264.175
20
184.175
30
0
0
VERTEX
8
RASTER
10
264.175
20
183.825
30
0
0
VERTEX
8
RASTER
10
243.825
20
183.825
30
0
0
SEQEND
8
RASTER
0
POLYLINE
8
RASTER
66
1
70
1
0
VERTEX
8
RASTER
10
243.825
20
164.175
30
0
0
VERTEX
8
RASTER
10
264.175
20
164.175
30
0
0
VERTEX
8
RASTER
10
264.175
20
163.825
30
0
0
VERTEX
8
RASTER
10
243.825
20
163.825
30
0
0
SEQEND
8
RASTER
0
POLYLINE
8
RASTER
66
1
70
1
0
VERTEX
8
RASTER
10
243.825
20
144.175
30
0
0
VERTEX
8
RASTER
10
264.175
20
144.175
30
0
0
VERTEX
8
RASTER
10
264.175
20
143.825
30
0
0
VERTEX
8
RASTER
10
243.825
20
143.825
30
0
0
SEQEND
8
RASTER
0
POLYLINE
8
RASTER
66
1
70
1
0
VERTEX
8
RASTER
10
243.825
20
124.175
30
0
0
VERTEX
8
RASTER
10
264.175
20
124.175
30
0
0
VERTEX
8
RASTER
10
264.175
20
123.825
30
0
0
VERTEX
8
RASTER
10
243.825
20
123.825
30
0
0
SEQEND
8
RASTER
0
POLYLINE
8
RASTER
66
1
70
1
0
VERTEX
8
RASTER
10
243.825
20
104.175
30
0
0
VERTEX
8
RASTER
10
264.175
20
104.175
30
0
0
VERTEX
8
RASTER
10
264.175
20
103.825
30
0
0
VERTEX
8
RASTER
10
243.825
20
103.825
30
0
0
SEQEND
8
RASTER
0
POLYLINE
8
RASTER
66
1
70
1
0
VERTEX
8
RASTER
10
243.825
20
84.175
30
0
0
VERTEX
8
RASTER
10
264.175
20
84.175
30
0
0
VERTEX
8
RASTER
10
264.175
20
83.825
30
0
0
VERTEX
8
RASTER
10
243.825
20
83.825
30
0
0
SEQEND
8
RASTER
0
POLYLINE
8
RASTER
66
1
70
1
0
VERTEX
8
RASTER
10
243.825
20
64.175
30
0
0
VERTEX
8
RASTER
10
264.175
20
64.175
30
0
0
VERTEX
8
RASTER
10
264.175
20
63.825
30
0
0
VERTEX
8
RASTER
10
243.825
20
63.825
30
0
0
SEQEND
8
RASTER
0
POLYLINE
8
RASTER
66
1
70
1
0
VERTEX
8
RASTER
10
243.825
20
44.175
30
0
0
VERTEX
8
RASTER
10
264.175
20
44.175
30
0
0
VERTEX
8
RASTER
10
264.175
20
43.825
30
0
0
VERTEX
8
RASTER
10
243.825
20
43.825
30
0
0
SEQEND
8
RASTER
0
POLYLINE
8
RASTER
66
1
70
1
0
VERTEX
8
RASTER
10
263.825
20
284.175
30
0
0
VERTEX
8
RASTER
10
284.175
20
284.175
30
0
0
VERTEX
8
RASTER
10
284.175
20
283.825
30
0
0
VERTEX
8
RASTER
10
263.825
20
283.825
30
0
0
SEQEND
8
RASTER
0
POLYLINE
8
RASTER
66
1
70
1
0
VERTEX
8
RASTER
10
263.825
20
264.175
30
0
0
VERTEX
8
RASTER
10
284.175
20
264.175
30
0
0
VERTEX
8
RASTER
10
284.175
20
263.825
30
0
0
VERTEX
8
RASTER
10
263.825
20
263.825
30
0
0
SEQEND
8
RASTER
0
POLYLINE
8
RASTER
66
1
70
1
0
VERTEX
8
RASTER
10
263.825
20
244.175
30
0
0
VERTEX
8
RASTER
10
284.175
20
244.175
30
0
0
VERTEX
8
RASTER
10
284.175
20
243.825
30
0
0
VERTEX
8
RASTER
10
263.825
20
243.825
30
0
0
SEQEND
8
RASTER
0
POLYLINE
8
RASTER
66
1
70
1
0
VERTEX
8
RASTER
10
263.825
20
224.175
30
0
0
VERTEX
8
RASTER
10
284.175
20
224.175
30
0
0
VERTEX
8
RASTER
10
284.175
20
223.825
30
0
0
VERTEX
8
RASTER
10
263.825
20
223.825
30
0
0
SEQEND
8
RASTER
0
POLYLINE
8
RASTER
66
1
70
1
0
VERTEX
8
RASTER
10
263.825
20
204.175
30
0
0
VERTEX
8
RASTER
10
284.175
20
204.175
30
0
0
VERTEX
8
RASTER
10
284.175
20
203.825
30
0
0
VERTEX
8
RASTER
10
263.825
20
203.825
30
0
0
SEQEND
8
RASTER
0
POLYLINE
8
RASTER
66
1
70
1
0
VERTEX
8
RASTER
10
263.825
20
184.175
30
0
0
VERTEX
8
RASTER
10
284.175
20
184.175
30
0
0
VERTEX
8
RASTER
10
284.175
20
183.825
30
0
0
VERTEX
8
RASTER
10
263.825
20
183.825
30
0
0
SEQEND
8
RASTER
0
POLYLINE
8
RASTER
66
1
70
1
0
VERTEX
8
RASTER
10
263.825
20
164.175
30
0
0
VERTEX
8
RASTER
10
284.175
20
164.175
30
0
0
VERTEX
8
RASTER
10
284.175
20
163.825
30
0
0
VERTEX
8
RASTER
10
263.825
20
163.825
30
0
0
SEQEND
8
RASTER
0
POLYLINE
8
RASTER
66
1
70
1
0
VERTEX
8
RASTER
10
263.825
20
144.175
30
0
0
VERTEX
8
RASTER
10
284.175
20
144.175
30
0
0
VERTEX
8
RASTER
10
284.175
20
143.825
30
0
0
VERTEX
8
RASTER
10
263.825
20
143.825
30
0
0
SEQEND
8
RASTER
0
POLYLINE
8
RASTER
66
1
70
1
0
VERTEX
8
RASTER
10
263.825
20
124.175
30
0
0
VERTEX
8
RASTER
10
284.175
20
124.175
30
0
0
VERTEX
8
RASTER
10
284.175
20
123.825
30
0
0
VERTEX
8
RASTER
10
263.825
20
123.825
30
0
0
SEQEND
8
RASTER
0
POLYLINE
8
RASTER
66
1
70
1
0
VERTEX
8
RASTER
10
263.825
20
104.175
30
0
0
VERTEX
8
RASTER
10
284.175
20
104.175
30
0
0
VERTEX
8
RASTER
10
284.175
20
103.825
30
0
0
VERTEX
8
RASTER
10
263.825
20
103.825
30
0
0
SEQEND
8
RASTER
0
POLYLINE
8
RASTER
66
1
70
1
0
VERTEX
8
RASTER
10
263.825
20
84.175
30
0
0
VERTEX
8
RASTER
10
284.175
20
84.175
30
0
0
VERTEX
8
RASTER
10
284.175
20
83.825
30
0
0
VERTEX
8
RASTER
10
263.825
20
83.825
30
0
0
SEQEND
8
RASTER
0
POLYLINE
8
RASTER
66
1
70
1
0
VERTEX
8
RASTER
10
263.825
20
64.175
30
0
0
VERTEX
8
RASTER
10
284.175
20
64.175
30
0
0
VERTEX
8
RASTER
10
284.175
20
63.825
30
0
0
VERTEX
8
RASTER
10
263.825
20
63.825
30
0
0
SEQEND
8
RASTER
0
POLYLINE
8
RASTER
66
1
70
1
0
VERTEX
8
RASTER
10
283.825
20
264.175
30
0
0
VERTEX
8
RASTER
10
304.175
20
264.175
30
0
0
VERTEX
8
RASTER
10
304.175
20
263.825
30
0
0
VERTEX
8
RASTER
10
283.825
20
263.825
30
0
0
SEQEND
8
RASTER
0
POLYLINE
8
RASTER
66
1
70
1
0
VERTEX
8
RASTER
10
283.825
20
244.175
30
0
0
VERTEX
8
RASTER
10
304.175
20
244.175
30
0
0
VERTEX
8
RASTER
10
304.175
20
243.825
30
0
0
VERTEX
8
RASTER
10
283.825
20
243.825
30
0
0
SEQEND
8
RASTER
0
POLYLINE
8
RASTER
66
1
70
1
0
VERTEX
8
RASTER
10
283.825
20
224.175
30
0
0
VERTEX
8
RASTER
10
304.175
20
224.175
30
0
0
VERTEX
8
RASTER
10
304.175
20
223.825
30
0
0
VERTEX
8
RASTER
10
283.825
20
223.825
30
0
0
SEQEND
8
RASTER
0
POLYLINE
8
RASTER
66
1
70
1
0
VERTEX
8
RASTER
10
283.825
20
204.175
30
0
0
VERTEX
8
RASTER
10
304.175
20
204.175
30
0
0
VERTEX
8
RASTER
10
304.175
20
203.825
30
0
0
VERTEX
8
RASTER
10
283.825
20
203.825
30
0
0
SEQEND
8
RASTER
0
POLYLINE
8
RASTER
66
1
70
1
0
VERTEX
8
RASTER
10
283.825
20
184.175
30
0
0
VERTEX
8
RASTER
10
304.175
20
184.175
30
0
0
VERTEX
8
RASTER
10
304.175
20
183.825
30
0
0
VERTEX
8
RASTER
10
283.825
20
183.825
30
0
0
SEQEND
8
RASTER
0
POLYLINE
8
RASTER
66
1
70
1
0
VERTEX
8
RASTER
10
283.825
20
164.175
30
0
0
VERTEX
8
RASTER
10
304.175
20
164.175
30
0
0
VERTEX
8
RASTER
10
304.175
20
163.825
30
0
0
VERTEX
8
RASTER
10
283.825
20
163.825
30
0
0
SEQEND
8
RASTER
0
POLYLINE
8
RASTER
66
1
70
1
0
VERTEX
8
RASTER
10
283.825
20
144.175
30
0
0
VERTEX
8
RASTER
10
304.175
20
144.175
30
0
0
VERTEX
8
RASTER
10
304.175
20
143.825
30
0
0
VERTEX
8
RASTER
10
283.825
20
143.825
30
0
0
SEQEND
8
RASTER
0
POLYLINE
8
RASTER
66
1
70
1
0
VERTEX
8
RASTER
10
283.825
20
124.175
30
0
0
VERTEX
8
RASTER
10
304.175
20
124.175
30
0
0
VERTEX
8
RASTER
10
304.175
20
123.825
30
0
0
VERTEX
8
RASTER
10
283.825
20
123.825
30
0
0
SEQEND
8
RASTER
0
POLYLINE
8
RASTER
66
1
70
1
0
VERTEX
8
RASTER
10
283.825
20
104.175
30
0
0
VERTEX
8
RASTER
10
304.175
20
104.175
30
0
0
VERTEX
8
RASTER
10
304.175
20
103.825
30
0
0
VERTEX
8
RASTER
10
283.825
20
103.825
30
0
0
SEQEND
8
RASTER
0
POLYLINE
8
RASTER
66
1
70
1
0
VERTEX
8
RASTER
10
283.825
20
84.175
30
0
0
VERTEX
8
RASTER
10
304.175
20
84.175
30
0
0
VERTEX
8
RASTER
10
304.175
20
83.825
30
0
0
VERTEX
8
RASTER
10
283.825
20
83.825
30
0
0
SEQEND
8
RASTER
0
POLYLINE
8
RASTER
66
1
70
1
0
VERTEX
8
RASTER
10
303.825
20
224.175
30
0
0
VERTEX
8
RASTER
10
324.175
20
224.175
30
0
0
VERTEX
8
RASTER
10
324.175
20
223.825
30
0
0
VERTEX
8
RASTER
10
303.825
20
223.825
30
0
0
SEQEND
8
RASTER
0
POLYLINE
8
RASTER
66
1
70
1
0
VERTEX
8
RASTER
10
303.825
20
204.175
30
0
0
VERTEX
8
RASTER
10
324.175
20
204.175
30
0
0
VERTEX
8
RASTER
10
324.175
20
203.825
30
0
0
VERTEX
8
RASTER
10
303.825
20
203.825
30
0
0
SEQEND
8
RASTER
0
POLYLINE
8
RASTER
66
1
70
1
0
VERTEX
8
RASTER
10
303.825
20
184.175
30
0
0
VERTEX
8
RASTER
10
324.175
20
184.175
30
0
0
VERTEX
8
RASTER
10
324.175
20
183.825
30
0
0
VERTEX
8
RASTER
10
303.825
20
183.825
30
0
0
SEQEND
8
RASTER
0
POLYLINE
8
RASTER
66
1
70
1
0
VERTEX
8
RASTER
10
303.825
20
164.175
30
0
0
VERTEX
8
RASTER
10
324.175
20
164.175
30
0
0
VERTEX
8
RASTER
10
324.175
20
163.825
30
0
0
VERTEX
8
RASTER
10
303.825
20
163.825
30
0
0
SEQEND
8
RASTER
0
POLYLINE
8
RASTER
66
1
70
1
0
VERTEX
8
RASTER
10
303.825
20
144.175
30
0
0
VERTEX
8
RASTER
10
324.175
20
144.175
30
0
0
VERTEX
8
RASTER
10
324.175
20
143.825
30
0
0
VERTEX
8
RASTER
10
303.825
20
143.825
30
0
0
SEQEND
8
RASTER
0
POLYLINE
8
RASTER
66
1
70
1
0
VERTEX
8
RASTER
10
303.825
20
124.175
30
0
0
VERTEX
8
RASTER
10
324.175
20
124.175
30
0
0
VERTEX
8
RASTER
10
324.175
20
123.825
30
0
0
VERTEX
8
RASTER
10
303.825
20
123.825
30
0
0
SEQEND
8
RASTER
0
POLYLINE
8
RASTER
66
1
70
1
0
VERTEX
8
RASTER
10
23.825
20
223.825
30
0
0
VERTEX
8
RASTER
10
24.175
20
223.825
30
0
0
VERTEX
8
RASTER
10
24.175
20
204.175
30
0
0
VERTEX
8
RASTER
10
23.825
20
204.175
30
0
0
SEQEND
8
RASTER
0
POLYLINE
8
RASTER
66
1
70
1
0
VERTEX
8
RASTER
10
43.825
20
223.825
30
0
0
VERTEX
8
RASTER
10
44.175
20
223.825
30
0
0
VERTEX
8
RASTER
10
44.175
20
204.175
30
0
0
VERTEX
8
RASTER
10
43.825
20
204.175
30
0
0
SEQEND
8
RASTER
0
POLYLINE
8
RASTER
66
1
70
1
0
VERTEX
8
RASTER
10
23.825
20
203.825
30
0
0
VERTEX
8
RASTER
10
24.175
20
203.825
30
0
0
VERTEX
8
RASTER
10
24.175
20
184.175
30
0
0
VERTEX
8
RASTER
10
23.825
20
184.175
30
0
0
SEQEND
8
RASTER
0
POLYLINE
8
RASTER
66
1
70
1
0
VERTEX
8
RASTER
10
43.825
20
203.825
30
0
0
VERTEX
8
RASTER
10
44.175
20
203.825
30
0
0
VERTEX
8
RASTER
10
44.175
20
184.175
30
0
0
VERTEX
8
RASTER
10
43.825
20
184.175
30
0
0
SEQEND
8
RASTER
0
POLYLINE
8
RASTER
66
1
70
1
0
VERTEX
8
RASTER
10
23.825
20
183.825
30
0
0
VERTEX
8
RASTER
10
24.175
20
183.825
30
0
0
VERTEX
8
RASTER
10
24.175
20
164.175
30
0
0
VERTEX
8
RASTER
10
23.825
20
164.175
30
0
0
SEQEND
8
RASTER
0
POLYLINE
8
RASTER
66
1
70
1
0
VERTEX
8
RASTER
10
43.825
20
183.825
30
0
0
VERTEX
8
RASTER
10
44.175
20
183.825
30
0
0
VERTEX
8
RASTER
10
44.175
20
164.175
30
0
0
VERTEX
8
RASTER
10
43.825
20
164.175
30
0
0
SEQEND
8
RASTER
0
POLYLINE
8
RASTER
66
1
70
1
0
VERTEX
8
RASTER
10
23.825
20
163.825
30
0
0
VERTEX
8
RASTER
10
24.175
20
163.825
30
0
0
VERTEX
8
RASTER
10
24.175
20
144.175
30
0
0
VERTEX
8
RASTER
10
23.825
20
144.175
30
0
0
SEQEND
8
RASTER
0
POLYLINE
8
RASTER
66
1
70
1
0
VERTEX
8
RASTER
10
43.825
20
163.825
30
0
0
VERTEX
8
RASTER
10
44.175
20
163.825
30
0
0
VERTEX
8
RASTER
10
44.175
20
144.175
30
0
0
VERTEX
8
RASTER
10
43.825
20
144.175
30
0
0
SEQEND
8
RASTER
0
POLYLINE
8
RASTER
66
1
70
1
0
VERTEX
8
RASTER
10
23.825
20
143.825
30
0
0
VERTEX
8
RASTER
10
24.175
20
143.825
30
0
0
VERTEX
8
RASTER
10
24.175
20
124.175
30
0
0
VERTEX
8
RASTER
10
23.825
20
124.175
30
0
0
SEQEND
8
RASTER
0
POLYLINE
8
RASTER
66
1
70
1
0
VERTEX
8
RASTER
10
43.825
20
143.825
30
0
0
VERTEX
8
RASTER
10
44.175
20
143.825
30
0
0
VERTEX
8
RASTER
10
44.175
20
124.175
30
0
0
VERTEX
8
RASTER
10
43.825
20
124.175
30
0
0
SEQEND
8
RASTER
0
POLYLINE
8
RASTER
66
1
70
1
0
VERTEX
8
RASTER
10
43.825
20
263.825
30
0
0
VERTEX
8
RASTER
10
44.175
20
263.825
30
0
0
VERTEX
8
RASTER
10
44.175
20
244.175
30
0
0
VERTEX
8
RASTER
10
43.825
20
244.175
30
0
0
SEQEND
8
RASTER
0
POLYLINE
8
RASTER
66
1
70
1
0
VERTEX
8
RASTER
10
63.825
20
263.825
30
0
0
VERTEX
8
RASTER
10
64.175
20
263.825
30
0
0
VERTEX
8
RASTER
10
64.175
20
244.175
30
0
0
VERTEX
8
RASTER
10
63.825
20
244.175
30
0
0
SEQEND
8
RASTER
0
POLYLINE
8
RASTER
66
1
70
1
0
VERTEX
8
RASTER
10
43.825
20
243.825
30
0
0
VERTEX
8
RASTER
10
44.175
20
243.825
30
0
0
VERTEX
8
RASTER
10
44.175
20
224.175
30
0
0
VERTEX
8
RASTER
10
43.825
20
224.175
30
0
0
SEQEND
8
RASTER
0
POLYLINE
8
RASTER
66
1
70
1
0
VERTEX
8
RASTER
10
63.825
20
243.825
30
0
0
VERTEX
8
RASTER
10
64.175
20
243.825
30
0
0
VERTEX
8
RASTER
10
64.175
20
224.175
30
0
0
VERTEX
8
RASTER
10
63.825
20
224.175
30
0
0
SEQEND
8
RASTER
0
POLYLINE
8
RASTER
66
1
70
1
0
VERTEX
8
RASTER
10
63.825
20
223.825
30
0
0
VERTEX
8
RASTER
10
64.175
20
223.825
30
0
0
VERTEX
8
RASTER
10
64.175
20
204.175
30
0
0
VERTEX
8
RASTER
10
63.825
20
204.175
30
0
0
SEQEND
8
RASTER
0
POLYLINE
8
RASTER
66
1
70
1
0
VERTEX
8
RASTER
10
63.825
20
203.825
30
0
0
VERTEX
8
RASTER
10
64.175
20
203.825
30
0
0
VERTEX
8
RASTER
10
64.175
20
184.175
30
0
0
VERTEX
8
RASTER
10
63.825
20
184.175
30
0
0
SEQEND
8
RASTER
0
POLYLINE
8
RASTER
66
1
70
1
0
VERTEX
8
RASTER
10
63.825
20
183.825
30
0
0
VERTEX
8
RASTER
10
64.175
20
183.825
30
0
0
VERTEX
8
RASTER
10
64.175
20
164.175
30
0
0
VERTEX
8
RASTER
10
63.825
20
164.175
30
0
0
SEQEND
8
RASTER
0
POLYLINE
8
RASTER
66
1
70
1
0
VERTEX
8
RASTER
10
63.825
20
163.825
30
0
0
VERTEX
8
RASTER
10
64.175
20
163.825
30
0
0
VERTEX
8
RASTER
10
64.175
20
144.175
30
0
0
VERTEX
8
RASTER
10
63.825
20
144.175
30
0
0
SEQEND
8
RASTER
0
POLYLINE
8
RASTER
66
1
70
1
0
VERTEX
8
RASTER
10
63.825
20
143.825
30
0
0
VERTEX
8
RASTER
10
64.175
20
143.825
30
0
0
VERTEX
8
RASTER
10
64.175
20
124.175
30
0
0
VERTEX
8
RASTER
10
63.825
20
124.175
30
0
0
SEQEND
8
RASTER
0
POLYLINE
8
RASTER
66
1
70
1
0
VERTEX
8
RASTER
10
43.825
20
123.825
30
0
0
VERTEX
8
RASTER
10
44.175
20
123.825
30
0
0
VERTEX
8
RASTER
10
44.175
20
104.175
30
0
0
VERTEX
8
RASTER
10
43.825
20
104.175
30
0
0
SEQEND
8
RASTER
0
POLYLINE
8
RASTER
66
1
70
1
0
VERTEX
8
RASTER
10
63.825
20
123.825
30
0
0
VERTEX
8
RASTER
10
64.175
20
123.825
30
0
0
VERTEX
8
RASTER
10
64.175
20
104.175
30
0
0
VERTEX
8
RASTER
10
63.825
20
104.175
30
0
0
SEQEND
8
RASTER
0
POLYLINE
8
RASTER
66
1
70
1
0
VERTEX
8
RASTER
10
43.825
20
103.825
30
0
0
VERTEX
8
RASTER
10
44.175
20
103.825
30
0
0
VERTEX
8
RASTER
10
44.175
20
84.175
30
0
0
VERTEX
8
RASTER
10
43.825
20
84.175
30
0
0
SEQEND
8
RASTER
0
POLYLINE
8
RASTER
66
1
70
1
0
VERTEX
8
RASTER
10
63.825
20
103.825
30
0
0
VERTEX
8
RASTER
10
64.175
20
103.825
30
0
0
VERTEX
8
RASTER
10
64.175
20
84.175
30
0
0
VERTEX
8
RASTER
10
63.825
20
84.175
30
0
0
SEQEND
8
RASTER
0
POLYLINE
8
RASTER
66
1
70
1
0
VERTEX
8
RASTER
10
63.825
20
283.825
30
0
0
VERTEX
8
RASTER
10
64.175
20
283.825
30
0
0
VERTEX
8
RASTER
10
64.175
20
264.175
30
0
0
VERTEX
8
RASTER
10
63.825
20
264.175
30
0
0
SEQEND
8
RASTER
0
POLYLINE
8
RASTER
66
1
70
1
0
VERTEX
8
RASTER
10
83.825
20
283.825
30
0
0
VERTEX
8
RASTER
10
84.175
20
283.825
30
0
0
VERTEX
8
RASTER
10
84.175
20
264.175
30
0
0
VERTEX
8
RASTER
10
83.825
20
264.175
30
0
0
SEQEND
8
RASTER
0
POLYLINE
8
RASTER
66
1
70
1
0
VERTEX
8
RASTER
10
83.825
20
263.825
30
0
0
VERTEX
8
RASTER
10
84.175
20
263.825
30
0
0
VERTEX
8
RASTER
10
84.175
20
244.175
30
0
0
VERTEX
8
RASTER
10
83.825
20
244.175
30
0
0
SEQEND
8
RASTER
0
POLYLINE
8
RASTER
66
1
70
1
0
VERTEX
8
RASTER
10
83.825
20
243.825
30
0
0
VERTEX
8
RASTER
10
84.175
20
243.825
30
0
0
VERTEX
8
RASTER
10
84.175
20
224.175
30
0
0
VERTEX
8
RASTER
10
83.825
20
224.175
30
0
0
SEQEND
8
RASTER
0
POLYLINE
8
RASTER
66
1
70
1
0
VERTEX
8
RASTER
10
83.825
20
223.825
30
0
0
VERTEX
8
RASTER
10
84.175
20
223.825
30
0
0
VERTEX
8
RASTER
10
84.175
20
204.175
30
0
0
VERTEX
8
RASTER
10
83.825
20
204.175
30
0
0
SEQEND
8
RASTER
0
POLYLINE
8
RASTER
66
1
70
1
0
VERTEX
8
RASTER
10
83.825
20
203.825
30
0
0
VERTEX
8
RASTER
10
84.175
20
203.825
30
0
0
VERTEX
8
RASTER
10
84.175
20
184.175
30
0
0
VERTEX
8
RASTER
10
83.825
20
184.175
30
0
0
SEQEND
8
RASTER
0
POLYLINE
8
RASTER
66
1
70
1
0
VERTEX
8
RASTER
10
83.825
20
183.825
30
0
0
VERTEX
8
RASTER
10
84.175
20
183.825
30
0
0
VERTEX
8
RASTER
10
84.175
20
164.175
30
0
0
VERTEX
8
RASTER
10
83.825
20
164.175
30
0
0
SEQEND
8
RASTER
0
POLYLINE
8
RASTER
66
1
70
1
0
VERTEX
8
RASTER
10
83.825
20
163.825
30
0
0
VERTEX
8
RASTER
10
84.175
20
163.825
30
0
0
VERTEX
8
RASTER
10
84.175
20
144.175
30
0
0
VERTEX
8
RASTER
10
83.825
20
144.175
30
0
0
SEQEND
8
RASTER
0
POLYLINE
8
RASTER
66
1
70
1
0
VERTEX
8
RASTER
10
83.825
20
143.825
30
0
0
VERTEX
8
RASTER
10
84.175
20
143.825
30
0
0
VERTEX
8
RASTER
10
84.175
20
124.175
30
0
0
VERTEX
8
RASTER
10
83.825
20
124.175
30
0
0
SEQEND
8
RASTER
0
POLYLINE
8
RASTER
66
1
70
1
0
VERTEX
8
RASTER
10
83.825
20
123.825
30
0
0
VERTEX
8
RASTER
10
84.175
20
123.825
30
0
0
VERTEX
8
RASTER
10
84.175
20
104.175
30
0
0
VERTEX
8
RASTER
10
83.825
20
104.175
30
0
0
SEQEND
8
RASTER
0
POLYLINE
8
RASTER
66
1
70
1
0
VERTEX
8
RASTER
10
83.825
20
103.825
30
0
0
VERTEX
8
RASTER
10
84.175
20
103.825
30
0
0
VERTEX
8
RASTER
10
84.175
20
84.175
30
0
0
VERTEX
8
RASTER
10
83.825
20
84.175
30
0
0
SEQEND
8
RASTER
0
POLYLINE
8
RASTER
66
1
70
1
0
VERTEX
8
RASTER
10
63.825
20
83.825
30
0
0
VERTEX
8
RASTER
10
64.175
20
83.825
30
0
0
VERTEX
8
RASTER
10
64.175
20
64.175
30
0
0
VERTEX
8
RASTER
10
63.825
20
64.175
30
0
0
SEQEND
8
RASTER
0
POLYLINE
8
RASTER
66
1
70
1
0
VERTEX
8
RASTER
10
83.825
20
83.825
30
0
0
VERTEX
8
RASTER
10
84.175
20
83.825
30
0
0
VERTEX
8
RASTER
10
84.175
20
64.175
30
0
0
VERTEX
8
RASTER
10
83.825
20
64.175
30
0
0
SEQEND
8
RASTER
0
POLYLINE
8
RASTER
66
1
70
1
0
VERTEX
8
RASTER
10
83.825
20
303.825
30
0
0
VERTEX
8
RASTER
10
84.175
20
303.825
30
0
0
VERTEX
8
RASTER
10
84.175
20
284.175
30
0
0
VERTEX
8
RASTER
10
83.825
20
284.175
30
0
0
SEQEND
8
RASTER
0
POLYLINE
8
RASTER
66
1
70
1
0
VERTEX
8
RASTER
10
103.825
20
303.825
30
0
0
VERTEX
8
RASTER
10
104.175
20
303.825
30
0
0
VERTEX
8
RASTER
10
104.175
20
284.175
30
0
0
VERTEX
8
RASTER
10
103.825
20
284.175
30
0
0
SEQEND
8
RASTER
0
POLYLINE
8
RASTER
66
1
70
1
0
VERTEX
8
RASTER
10
103.825
20
283.825
30
0
0
VERTEX
8
RASTER
10
104.175
20
283.825
30
0
0
VERTEX
8
RASTER
10
104.175
20
264.175
30
0
0
VERTEX
8
RASTER
10
103.825
20
264.175
30
0
0
SEQEND
8
RASTER
0
POLYLINE
8
RASTER
66
1
70
1
0
VERTEX
8
RASTER
10
103.825
20
263.825
30
0
0
VERTEX
8
RASTER
10
104.175
20
263.825
30
0
0
VERTEX
8
RASTER
10
104.175
20
244.175
30
0
0
VERTEX
8
RASTER
10
103.825
20
244.175
30
0
0
SEQEND
8
RASTER
0
POLYLINE
8
RASTER
66
1
70
1
0
VERTEX
8
RASTER
10
103.825
20
243.825
30
0
0
VERTEX
8
RASTER
10
104.175
20
243.825
30
0
0
VERTEX
8
RASTER
10
104.175
20
224.175
30
0
0
VERTEX
8
RASTER
10
103.825
20
224.175
30
0
0
SEQEND
8
RASTER
0
POLYLINE
8
RASTER
66
1
70
1
0
VERTEX
8
RASTER
10
103.825
20
223.825
30
0
0
VERTEX
8
RASTER
10
104.175
20
223.825
30
0
0
VERTEX
8
RASTER
10
104.175
20
204.175
30
0
0
VERTEX
8
RASTER
10
103.825
20
204.175
30
0
0
SEQEND
8
RASTER
0
POLYLINE
8
RASTER
66
1
70
1
0
VERTEX
8
RASTER
10
103.825
20
203.825
30
0
0
VERTEX
8
RASTER
10
104.175
20
203.825
30
0
0
VERTEX
8
RASTER
10
104.175
20
184.175
30
0
0
VERTEX
8
RASTER
10
103.825
20
184.175
30
0
0
SEQEND
8
RASTER
0
POLYLINE
8
RASTER
66
1
70
1
0
VERTEX
8
RASTER
10
103.825
20
183.825
30
0
0
VERTEX
8
RASTER
10
104.175
20
183.825
30
0
0
VERTEX
8
RASTER
10
104.175
20
164.175
30
0
0
VERTEX
8
RASTER
10
103.825
20
164.175
30
0
0
SEQEND
8
RASTER
0
POLYLINE
8
RASTER
66
1
70
1
0
VERTEX
8
RASTER
10
103.825
20
163.825
30
0
0
VERTEX
8
RASTER
10
104.175
20
163.825
30
0
0
VERTEX
8
RASTER
10
104.175
20
144.175
30
0
0
VERTEX
8
RASTER
10
103.825
20
144.175
30
0
0
SEQEND
8
RASTER
0
POLYLINE
8
RASTER
66
1
70
1
0
VERTEX
8
RASTER
10
103.825
20
143.825
30
0
0
VERTEX
8
RASTER
10
104.175
20
143.825
30
0
0
VERTEX
8
RASTER
10
104.175
20
124.175
30
0
0
VERTEX
8
RASTER
10
103.825
20
124.175
30
0
0
SEQEND
8
RASTER
0
POLYLINE
8
RASTER
66
1
70
1
0
VERTEX
8
RASTER
10
103.825
20
123.825
30
0
0
VERTEX
8
RASTER
10
104.175
20
123.825
30
0
0
VERTEX
8
RASTER
10
104.175
20
104.175
30
0
0
VERTEX
8
RASTER
10
103.825
20
104.175
30
0
0
SEQEND
8
RASTER
0
POLYLINE
8
RASTER
66
1
70
1
0
VERTEX
8
RASTER
10
103.825
20
103.825
30
0
0
VERTEX
8
RASTER
10
104.175
20
103.825
30
0
0
VERTEX
8
RASTER
10
104.175
20
84.175
30
0
0
VERTEX
8
RASTER
10
103.825
20
84.175
30
0
0
SEQEND
8
RASTER
0
POLYLINE
8
RASTER
66
1
70
1
0
VERTEX
8
RASTER
10
103.825
20
83.825
30
0
0
VERTEX
8
RASTER
10
104.175
20
83.825
30
0
0
VERTEX
8
RASTER
10
104.175
20
64.175
30
0
0
VERTEX
8
RASTER
10
103.825
20
64.175
30
0
0
SEQEND
8
RASTER
0
POLYLINE
8
RASTER
66
1
70
1
0
VERTEX
8
RASTER
10
83.825
20
63.825
30
0
0
VERTEX
8
RASTER
10
84.175
20
63.825
30
0
0
VERTEX
8
RASTER
10
84.175
20
44.175
30
0
0
VERTEX
8
RASTER
10
83.825
20
44.175
30
0
0
SEQEND
8
RASTER
0
POLYLINE
8
RASTER
66
1
70
1
0
VERTEX
8
RASTER
10
103.825
20
63.825
30
0
0
VERTEX
8
RASTER
10
104.175
20
63.825
30
0
0
VERTEX
8
RASTER
10
104.175
20
44.175
30
0
0
VERTEX
8
RASTER
10
103.825
20
44.175
30
0
0
SEQEND
8
RASTER
0
POLYLINE
8
RASTER
66
1
70
1
0
VERTEX
8
RASTER
10
123.825
20
303.825
30
0
0
VERTEX
8
RASTER
10
124.175
20
303.825
30
0
0
VERTEX
8
RASTER
10
124.175
20
284.175
30
0
0
VERTEX
8
RASTER
10
123.825
20
284.175
30
0
0
SEQEND
8
RASTER
0
POLYLINE
8
RASTER
66
1
70
1
0
VERTEX
8
RASTER
10
123.825
20
283.825
30
0
0
VERTEX
8
RASTER
10
124.175
20
283.825
30
0
0
VERTEX
8
RASTER
10
124.175
20
264.175
30
0
0
VERTEX
8
RASTER
10
123.825
20
264.175
30
0
0
SEQEND
8
RASTER
0
POLYLINE
8
RASTER
66
1
70
1
0
VERTEX
8
RASTER
10
123.825
20
263.825
30
0
0
VERTEX
8
RASTER
10
124.175
20
263.825
30
0
0
VERTEX
8
RASTER
10
124.175
20
244.175
30
0
0
VERTEX
8
RASTER
10
123.825
20
244.175
30
0
0
SEQEND
8
RASTER
0
POLYLINE
8
RASTER
66
1
70
1
0
VERTEX
8
RASTER
10
123.825
20
243.825
30
0
0
VERTEX
8
RASTER
10
124.175
20
243.825
30
0
0
VERTEX
8
RASTER
10
124.175
20
224.175
30
0
0
VERTEX
8
RASTER
10
123.825
20
224.175
30
0
0
SEQEND
8
RASTER
0
POLYLINE
8
RASTER
66
1
70
1
0
VERTEX
8
RASTER
10
123.825
20
223.825
30
0
0
VERTEX
8
RASTER
10
124.175
20
223.825
30
0
0
VERTEX
8
RASTER
10
124.175
20
204.175
30
0
0
VERTEX
8
RASTER
10
123.825
20
204.175
30
0
0
SEQEND
8
RASTER
0
POLYLINE
8
RASTER
66
1
70
1
0
VERTEX
8
RASTER
10
123.825
20
203.825
30
0
0
VERTEX
8
RASTER
10
124.175
20
203.825
30
0
0
VERTEX
8
RASTER
10
124.175
20
184.175
30
0
0
VERTEX
8
RASTER
10
123.825
20
184.175
30
0
0
SEQEND
8
RASTER
0
POLYLINE
8
RASTER
66
1
70
1
0
VERTEX
8
RASTER
10
123.825
20
183.825
30
0
0
VERTEX
8
RASTER
10
124.175
20
183.825
30
0
0
VERTEX
8
RASTER
10
124.175
20
164.175
30
0
0
VERTEX
8
RASTER
10
123.825
20
164.175
30
0
0
SEQEND
8
RASTER
0
POLYLINE
8
RASTER
66
1
70
1
0
VERTEX
8
RASTER
10
123.825
20
163.825
30
0
0
VERTEX
8
RASTER
10
124.175
20
163.825
30
0
0
VERTEX
8
RASTER
10
124.175
20
144.175
30
0
0
VERTEX
8
RASTER
10
123.825
20
144.175
30
0
0
SEQEND
8
RASTER
0
POLYLINE
8
RASTER
66
1
70
1
0
VERTEX
8
RASTER
10
123.825
20
143.825
30
0
0
VERTEX
8
RASTER
10
124.175
20
143.825
30
0
0
VERTEX
8
RASTER
10
124.175
20
124.175
30
0
0
VERTEX
8
RASTER
10
123.825
20
124.175
30
0
0
SEQEND
8
RASTER
0
POLYLINE
8
RASTER
66
1
70
1
0
VERTEX
8
RASTER
10
123.825
20
123.825
30
0
0
VERTEX
8
RASTER
10
124.175
20
123.825
30
0
0
VERTEX
8
RASTER
10
124.175
20
104.175
30
0
0
VERTEX
8
RASTER
10
123.825
20
104.175
30
0
0
SEQEND
8
RASTER
0
POLYLINE
8
RASTER
66
1
70
1
0
VERTEX
8
RASTER
10
123.825
20
103.825
30
0
0
VERTEX
8
RASTER
10
124.175
20
103.825
30
0
0
VERTEX
8
RASTER
10
124.175
20
84.175
30
0
0
VERTEX
8
RASTER
10
123.825
20
84.175
30
0
0
SEQEND
8
RASTER
0
POLYLINE
8
RASTER
66
1
70
1
0
VERTEX
8
RASTER
10
123.825
20
83.825
30
0
0
VERTEX
8
RASTER
10
124.175
20
83.825
30
0
0
VERTEX
8
RASTER
10
124.175
20
64.175
30
0
0
VERTEX
8
RASTER
10
123.825
20
64.175
30
0
0
SEQEND
8
RASTER
0
POLYLINE
8
RASTER
66
1
70
1
0
VERTEX
8
RASTER
10
123.825
20
63.825
30
0
0
VERTEX
8
RASTER
10
124.175
20
63.825
30
0
0
VERTEX
8
RASTER
10
124.175
20
44.175
30
0
0
VERTEX
8
RASTER
10
123.825
20
44.175
30
0
0
SEQEND
8
RASTER
0
POLYLINE
8
RASTER
66
1
70
1
0
VERTEX
8
RASTER
10
123.825
20
323.825
30
0
0
VERTEX
8
RASTER
10
124.175
20
323.825
30
0
0
VERTEX
8
RASTER
10
124.175
20
304.175
30
0
0
VERTEX
8
RASTER
10
123.825
20
304.175
30
0
0
SEQEND
8
RASTER
0
POLYLINE
8
RASTER
66
1
70
1
0
VERTEX
8
RASTER
10
143.825
20
323.825
30
0
0
VERTEX
8
RASTER
10
144.175
20
323.825
30
0
0
VERTEX
8
RASTER
10
144.175
20
304.175
30
0
0
VERTEX
8
RASTER
10
143.825
20
304.175
30
0
0
SEQEND
8
RASTER
0
POLYLINE
8
RASTER
66
1
70
1
0
VERTEX
8
RASTER
10
143.825
20
303.825
30
0
0
VERTEX
8
RASTER
10
144.175
20
303.825
30
0
0
VERTEX
8
RASTER
10
144.175
20
284.175
30
0
0
VERTEX
8
RASTER
10
143.825
20
284.175
30
0
0
SEQEND
8
RASTER
0
POLYLINE
8
RASTER
66
1
70
1
0
VERTEX
8
RASTER
10
143.825
20
283.825
30
0
0
VERTEX
8
RASTER
10
144.175
20
283.825
30
0
0
VERTEX
8
RASTER
10
144.175
20
264.175
30
0
0
VERTEX
8
RASTER
10
143.825
20
264.175
30
0
0
SEQEND
8
RASTER
0
POLYLINE
8
RASTER
66
1
70
1
0
VERTEX
8
RASTER
10
143.825
20
263.825
30
0
0
VERTEX
8
RASTER
10
144.175
20
263.825
30
0
0
VERTEX
8
RASTER
10
144.175
20
244.175
30
0
0
VERTEX
8
RASTER
10
143.825
20
244.175
30
0
0
SEQEND
8
RASTER
0
POLYLINE
8
RASTER
66
1
70
1
0
VERTEX
8
RASTER
10
143.825
20
243.825
30
0
0
VERTEX
8
RASTER
10
144.175
20
243.825
30
0
0
VERTEX
8
RASTER
10
144.175
20
224.175
30
0
0
VERTEX
8
RASTER
10
143.825
20
224.175
30
0
0
SEQEND
8
RASTER
0
POLYLINE
8
RASTER
66
1
70
1
0
VERTEX
8
RASTER
10
143.825
20
223.825
30
0
0
VERTEX
8
RASTER
10
144.175
20
223.825
30
0
0
VERTEX
8
RASTER
10
144.175
20
204.175
30
0
0
VERTEX
8
RASTER
10
143.825
20
204.175
30
0
0
SEQEND
8
RASTER
0
POLYLINE
8
RASTER
66
1
70
1
0
VERTEX
8
RASTER
10
143.825
20
203.825
30
0
0
VERTEX
8
RASTER
10
144.175
20
203.825
30
0
0
VERTEX
8
RASTER
10
144.175
20
184.175
30
0
0
VERTEX
8
RASTER
10
143.825
20
184.175
30
0
0
SEQEND
8
RASTER
0
POLYLINE
8
RASTER
66
1
70
1
0
VERTEX
8
RASTER
10
143.825
20
183.825
30
0
0
VERTEX
8
RASTER
10
144.175
20
183.825
30
0
0
VERTEX
8
RASTER
10
144.175
20
164.175
30
0
0
VERTEX
8
RASTER
10
143.825
20
164.175
30
0
0
SEQEND
8
RASTER
0
POLYLINE
8
RASTER
66
1
70
1
0
VERTEX
8
RASTER
10
143.825
20
163.825
30
0
0
VERTEX
8
RASTER
10
144.175
20
163.825
30
0
0
VERTEX
8
RASTER
10
144.175
20
144.175
30
0
0
VERTEX
8
RASTER
10
143.825
20
144.175
30
0
0
SEQEND
8
RASTER
0
POLYLINE
8
RASTER
66
1
70
1
0
VERTEX
8
RASTER
10
143.825
20
143.825
30
0
0
VERTEX
8
RASTER
10
144.175
20
143.825
30
0
0
VERTEX
8
RASTER
10
144.175
20
124.175
30
0
0
VERTEX
8
RASTER
10
143.825
20
124.175
30
0
0
SEQEND
8
RASTER
0
POLYLINE
8
RASTER
66
1
70
1
0
VERTEX
8
RASTER
10
143.825
20
123.825
30
0
0
VERTEX
8
RASTER
10
144.175
20
123.825
30
0
0
VERTEX
8
RASTER
10
144.175
20
104.175
30
0
0
VERTEX
8
RASTER
10
143.825
20
104.175
30
0
0
SEQEND
8
RASTER
0
POLYLINE
8
RASTER
66
1
70
1
0
VERTEX
8
RASTER
10
143.825
20
103.825
30
0
0
VERTEX
8
RASTER
10
144.175
20
103.825
30
0
0
VERTEX
8
RASTER
10
144.175
20
84.175
30
0
0
VERTEX
8
RASTER
10
143.825
20
84.175
30
0
0
SEQEND
8
RASTER
0
POLYLINE
8
RASTER
66
1
70
1
0
VERTEX
8
RASTER
10
143.825
20
83.825
30
0
0
VERTEX
8
RASTER
10
144.175
20
83.825
30
0
0
VERTEX
8
RASTER
10
144.175
20
64.175
30
0
0
VERTEX
8
RASTER
10
143.825
20
64.175
30
0
0
SEQEND
8
RASTER
0
POLYLINE
8
RASTER
66
1
70
1
0
VERTEX
8
RASTER
10
143.825
20
63.825
30
0
0
VERTEX
8
RASTER
10
144.175
20
63.825
30
0
0
VERTEX
8
RASTER
10
144.175
20
44.175
30
0
0
VERTEX
8
RASTER
10
143.825
20
44.175
30
0
0
SEQEND
8
RASTER
0
POLYLINE
8
RASTER
66
1
70
1
0
VERTEX
8
RASTER
10
123.825
20
43.825
30
0
0
VERTEX
8
RASTER
10
124.175
20
43.825
30
0
0
VERTEX
8
RASTER
10
124.175
20
24.175
30
0
0
VERTEX
8
RASTER
10
123.825
20
24.175
30
0
0
SEQEND
8
RASTER
0
POLYLINE
8
RASTER
66
1
70
1
0
VERTEX
8
RASTER
10
143.825
20
43.825
30
0
0
VERTEX
8
RASTER
10
144.175
20
43.825
30
0
0
VERTEX
8
RASTER
10
144.175
20
24.175
30
0
0
VERTEX
8
RASTER
10
143.825
20
24.175
30
0
0
SEQEND
8
RASTER
0
POLYLINE
8
RASTER
66
1
70
1
0
VERTEX
8
RASTER
10
163.825
20
323.825
30
0
0
VERTEX
8
RASTER
10
164.175
20
323.825
30
0
0
VERTEX
8
RASTER
10
164.175
20
304.175
30
0
0
VERTEX
8
RASTER
10
163.825
20
304.175
30
0
0
SEQEND
8
RASTER
0
POLYLINE
8
RASTER
66
1
70
1
0
VERTEX
8
RASTER
10
163.825
20
303.825
30
0
0
VERTEX
8
RASTER
10
164.175
20
303.825
30
0
0
VERTEX
8
RASTER
10
164.175
20
284.175
30
0
0
VERTEX
8
RASTER
10
163.825
20
284.175
30
0
0
SEQEND
8
RASTER
0
POLYLINE
8
RASTER
66
1
70
1
0
VERTEX
8
RASTER
10
163.825
20
283.825
30
0
0
VERTEX
8
RASTER
10
164.175
20
283.825
30
0
0
VERTEX
8
RASTER
10
164.175
20
264.175
30
0
0
VERTEX
8
RASTER
10
163.825
20
264.175
30
0
0
SEQEND
8
RASTER
0
POLYLINE
8
RASTER
66
1
70
1
0
VERTEX
8
RASTER
10
163.825
20
263.825
30
0
0
VERTEX
8
RASTER
10
164.175
20
263.825
30
0
0
VERTEX
8
RASTER
10
164.175
20
244.175
30
0
0
VERTEX
8
RASTER
10
163.825
20
244.175
30
0
0
SEQEND
8
RASTER
0
POLYLINE
8
RASTER
66
1
70
1
0
VERTEX
8
RASTER
10
163.825
20
243.825
30
0
0
VERTEX
8
RASTER
10
164.175
20
243.825
30
0
0
VERTEX
8
RASTER
10
164.175
20
224.175
30
0
0
VERTEX
8
RASTER
10
163.825
20
224.175
30
0
0
SEQEND
8
RASTER
0
POLYLINE
8
RASTER
66
1
70
1
0
VERTEX
8
RASTER
10
163.825
20
223.825
30
0
0
VERTEX
8
RASTER
10
164.175
20
223.825
30
0
0
VERTEX
8
RASTER
10
164.175
20
204.175
30
0
0
VERTEX
8
RASTER
10
163.825
20
204.175
30
0
0
SEQEND
8
RASTER
0
POLYLINE
8
RASTER
66
1
70
1
0
VERTEX
8
RASTER
10
163.825
20
203.825
30
0
0
VERTEX
8
RASTER
10
164.175
20
203.825
30
0
0
VERTEX
8
RASTER
10
164.175
20
184.175
30
0
0
VERTEX
8
RASTER
10
163.825
20
184.175
30
0
0
SEQEND
8
RASTER
0
POLYLINE
8
RASTER
66
1
70
1
0
VERTEX
8
RASTER
10
163.825
20
183.825
30
0
0
VERTEX
8
RASTER
10
164.175
20
183.825
30
0
0
VERTEX
8
RASTER
10
164.175
20
164.175
30
0
0
VERTEX
8
RASTER
10
163.825
20
164.175
30
0
0
SEQEND
8
RASTER
0
POLYLINE
8
RASTER
66
1
70
1
0
VERTEX
8
RASTER
10
163.825
20
163.825
30
0
0
VERTEX
8
RASTER
10
164.175
20
163.825
30
0
0
VERTEX
8
RASTER
10
164.175
20
144.175
30
0
0
VERTEX
8
RASTER
10
163.825
20
144.175
30
0
0
SEQEND
8
RASTER
0
POLYLINE
8
RASTER
66
1
70
1
0
VERTEX
8
RASTER
10
163.825
20
143.825
30
0
0
VERTEX
8
RASTER
10
164.175
20
143.825
30
0
0
VERTEX
8
RASTER
10
164.175
20
124.175
30
0
0
VERTEX
8
RASTER
10
163.825
20
124.175
30
0
0
SEQEND
8
RASTER
0
POLYLINE
8
RASTER
66
1
70
1
0
VERTEX
8
RASTER
10
163.825
20
123.825
30
0
0
VERTEX
8
RASTER
10
164.175
20
123.825
30
0
0
VERTEX
8
RASTER
10
164.175
20
104.175
30
0
0
VERTEX
8
RASTER
10
163.825
20
104.175
30
0
0
SEQEND
8
RASTER
0
POLYLINE
8
RASTER
66
1
70
1
0
VERTEX
8
RASTER
10
163.825
20
103.825
30
0
0
VERTEX
8
RASTER
10
164.175
20
103.825
30
0
0
VERTEX
8
RASTER
10
164.175
20
84.175
30
0
0
VERTEX
8
RASTER
10
163.825
20
84.175
30
0
0
SEQEND
8
RASTER
0
POLYLINE
8
RASTER
66
1
70
1
0
VERTEX
8
RASTER
10
163.825
20
83.825
30
0
0
VERTEX
8
RASTER
10
164.175
20
83.825
30
0
0
VERTEX
8
RASTER
10
164.175
20
64.175
30
0
0
VERTEX
8
RASTER
10
163.825
20
64.175
30
0
0
SEQEND
8
RASTER
0
POLYLINE
8
RASTER
66
1
70
1
0
VERTEX
8
RASTER
10
163.825
20
63.825
30
0
0
VERTEX
8
RASTER
10
164.175
20
63.825
30
0
0
VERTEX
8
RASTER
10
164.175
20
44.175
30
0
0
VERTEX
8
RASTER
10
163.825
20
44.175
30
0
0
SEQEND
8
RASTER
0
POLYLINE
8
RASTER
66
1
70
1
0
VERTEX
8
RASTER
10
163.825
20
43.825
30
0
0
VERTEX
8
RASTER
10
164.175
20
43.825
30
0
0
VERTEX
8
RASTER
10
164.175
20
24.175
30
0
0
VERTEX
8
RASTER
10
163.825
20
24.175
30
0
0
SEQEND
8
RASTER
0
POLYLINE
8
RASTER
66
1
70
1
0
VERTEX
8
RASTER
10
183.825
20
323.825
30
0
0
VERTEX
8
RASTER
10
184.175
20
323.825
30
0
0
VERTEX
8
RASTER
10
184.175
20
304.175
30
0
0
VERTEX
8
RASTER
10
183.825
20
304.175
30
0
0
SEQEND
8
RASTER
0
POLYLINE
8
RASTER
66
1
70
1
0
VERTEX
8
RASTER
10
183.825
20
303.825
30
0
0
VERTEX
8
RASTER
10
184.175
20
303.825
30
0
0
VERTEX
8
RASTER
10
184.175
20
284.175
30
0
0
VERTEX
8
RASTER
10
183.825
20
284.175
30
0
0
SEQEND
8
RASTER
0
POLYLINE
8
RASTER
66
1
70
1
0
VERTEX
8
RASTER
10
183.825
20
283.825
30
0
0
VERTEX
8
RASTER
10
184.175
20
283.825
30
0
0
VERTEX
8
RASTER
10
184.175
20
264.175
30
0
0
VERTEX
8
RASTER
10
183.825
20
264.175
30
0
0
SEQEND
8
RASTER
0
POLYLINE
8
RASTER
66
1
70
1
0
VERTEX
8
RASTER
10
183.825
20
263.825
30
0
0
VERTEX
8
RASTER
10
184.175
20
263.825
30
0
0
VERTEX
8
RASTER
10
184.175
20
244.175
30
0
0
VERTEX
8
RASTER
10
183.825
20
244.175
30
0
0
SEQEND
8
RASTER
0
POLYLINE
8
RASTER
66
1
70
1
0
VERTEX
8
RASTER
10
183.825
20
243.825
30
0
0
VERTEX
8
RASTER
10
184.175
20
243.825
30
0
0
VERTEX
8
RASTER
10
184.175
20
224.175
30
0
0
VERTEX
8
RASTER
10
183.825
20
224.175
30
0
0
SEQEND
8
RASTER
0
POLYLINE
8
RASTER
66
1
70
1
0
VERTEX
8
RASTER
10
183.825
20
223.825
30
0
0
VERTEX
8
RASTER
10
184.175
20
223.825
30
0
0
VERTEX
8
RASTER
10
184.175
20
204.175
30
0
0
VERTEX
8
RASTER
10
183.825
20
204.175
30
0
0
SEQEND
8
RASTER
0
POLYLINE
8
RASTER
66
1
70
1
0
VERTEX
8
RASTER
10
183.825
20
203.825
30
0
0
VERTEX
8
RASTER
10
184.175
20
203.825
30
0
0
VERTEX
8
RASTER
10
184.175
20
184.175
30
0
0
VERTEX
8
RASTER
10
183.825
20
184.175
30
0
0
SEQEND
8
RASTER
0
POLYLINE
8
RASTER
66
1
70
1
0
VERTEX
8
RASTER
10
183.825
20
183.825
30
0
0
VERTEX
8
RASTER
10
184.175
20
183.825
30
0
0
VERTEX
8
RASTER
10
184.175
20
164.175
30
0
0
VERTEX
8
RASTER
10
183.825
20
164.175
30
0
0
SEQEND
8
RASTER
0
POLYLINE
8
RASTER
66
1
70
1
0
VERTEX
8
RASTER
10
183.825
20
163.825
30
0
0
VERTEX
8
RASTER
10
184.175
20
163.825
30
0
0
VERTEX
8
RASTER
10
184.175
20
144.175
30
0
0
VERTEX
8
RASTER
10
183.825
20
144.175
30
0
0
SEQEND
8
RASTER
0
POLYLINE
8
RASTER
66
1
70
1
0
VERTEX
8
RASTER
10
183.825
20
143.825
30
0
0
VERTEX
8
RASTER
10
184.175
20
143.825
30
0
0
VERTEX
8
RASTER
10
184.175
20
124.175
30
0
0
VERTEX
8
RASTER
10
183.825
20
124.175
30
0
0
SEQEND
8
RASTER
0
POLYLINE
8
RASTER
66
1
70
1
0
VERTEX
8
RASTER
10
183.825
20
123.825
30
0
0
VERTEX
8
RASTER
10
184.175
20
123.825
30
0
0
VERTEX
8
RASTER
10
184.175
20
104.175
30
0
0
VERTEX
8
RASTER
10
183.825
20
104.175
30
0
0
SEQEND
8
RASTER
0
POLYLINE
8
RASTER
66
1
70
1
0
VERTEX
8
RASTER
10
183.825
20
103.825
30
0
0
VERTEX
8
RASTER
10
184.175
20
103.825
30
0
0
VERTEX
8
RASTER
10
184.175
20
84.175
30
0
0
VERTEX
8
RASTER
10
183.825
20
84.175
30
0
0
SEQEND
8
RASTER
0
POLYLINE
8
RASTER
66
1
70
1
0
VERTEX
8
RASTER
10
183.825
20
83.825
30
0
0
VERTEX
8
RASTER
10
184.175
20
83.825
30
0
0
VERTEX
8
RASTER
10
184.175
20
64.175
30
0
0
VERTEX
8
RASTER
10
183.825
20
64.175
30
0
0
SEQEND
8
RASTER
0
POLYLINE
8
RASTER
66
1
70
1
0
VERTEX
8
RASTER
10
183.825
20
63.825
30
0
0
VERTEX
8
RASTER
10
184.175
20
63.825
30
0
0
VERTEX
8
RASTER
10
184.175
20
44.175
30
0
0
VERTEX
8
RASTER
10
183.825
20
44.175
30
0
0
SEQEND
8
RASTER
0
POLYLINE
8
RASTER
66
1
70
1
0
VERTEX
8
RASTER
10
183.825
20
43.825
30
0
0
VERTEX
8
RASTER
10
184.175
20
43.825
30
0
0
VERTEX
8
RASTER
10
184.175
20
24.175
30
0
0
VERTEX
8
RASTER
10
183.825
20
24.175
30
0
0
SEQEND
8
RASTER
0
POLYLINE
8
RASTER
66
1
70
1
0
VERTEX
8
RASTER
10
203.825
20
323.825
30
0
0
VERTEX
8
RASTER
10
204.175
20
323.825
30
0
0
VERTEX
8
RASTER
10
204.175
20
304.175
30
0
0
VERTEX
8
RASTER
10
203.825
20
304.175
30
0
0
SEQEND
8
RASTER
0
POLYLINE
8
RASTER
66
1
70
1
0
VERTEX
8
RASTER
10
203.825
20
303.825
30
0
0
VERTEX
8
RASTER
10
204.175
20
303.825
30
0
0
VERTEX
8
RASTER
10
204.175
20
284.175
30
0
0
VERTEX
8
RASTER
10
203.825
20
284.175
30
0
0
SEQEND
8
RASTER
0
POLYLINE
8
RASTER
66
1
70
1
0
VERTEX
8
RASTER
10
203.825
20
283.825
30
0
0
VERTEX
8
RASTER
10
204.175
20
283.825
30
0
0
VERTEX
8
RASTER
10
204.175
20
264.175
30
0
0
VERTEX
8
RASTER
10
203.825
20
264.175
30
0
0
SEQEND
8
RASTER
0
POLYLINE
8
RASTER
66
1
70
1
0
VERTEX
8
RASTER
10
203.825
20
263.825
30
0
0
VERTEX
8
RASTER
10
204.175
20
263.825
30
0
0
VERTEX
8
RASTER
10
204.175
20
244.175
30
0
0
VERTEX
8
RASTER
10
203.825
20
244.175
30
0
0
SEQEND
8
RASTER
0
POLYLINE
8
RASTER
66
1
70
1
0
VERTEX
8
RASTER
10
203.825
20
243.825
30
0
0
VERTEX
8
RASTER
10
204.175
20
243.825
30
0
0
VERTEX
8
RASTER
10
204.175
20
224.175
30
0
0
VERTEX
8
RASTER
10
203.825
20
224.175
30
0
0
SEQEND
8
RASTER
0
POLYLINE
8
RASTER
66
1
70
1
0
VERTEX
8
RASTER
10
203.825
20
223.825
30
0
0
VERTEX
8
RASTER
10
204.175
20
223.825
30
0
0
VERTEX
8
RASTER
10
204.175
20
204.175
30
0
0
VERTEX
8
RASTER
10
203.825
20
204.175
30
0
0
SEQEND
8
RASTER
0
POLYLINE
8
RASTER
66
1
70
1
0
VERTEX
8
RASTER
10
203.825
20
203.825
30
0
0
VERTEX
8
RASTER
10
204.175
20
203.825
30
0
0
VERTEX
8
RASTER
10
204.175
20
184.175
30
0
0
VERTEX
8
RASTER
10
203.825
20
184.175
30
0
0
SEQEND
8
RASTER
0
POLYLINE
8
RASTER
66
1
70
1
0
VERTEX
8
RASTER
10
203.825
20
183.825
30
0
0
VERTEX
8
RASTER
10
204.175
20
183.825
30
0
0
VERTEX
8
RASTER
10
204.175
20
164.175
30
0
0
VERTEX
8
RASTER
10
203.825
20
164.175
30
0
0
SEQEND
8
RASTER
0
POLYLINE
8
RASTER
66
1
70
1
0
VERTEX
8
RASTER
10
203.825
20
163.825
30
0
0
VERTEX
8
RASTER
10
204.175
20
163.825
30
0
0
VERTEX
8
RASTER
10
204.175
20
144.175
30
0
0
VERTEX
8
RASTER
10
203.825
20
144.175
30
0
0
SEQEND
8
RASTER
0
POLYLINE
8
RASTER
66
1
70
1
0
VERTEX
8
RASTER
10
203.825
20
143.825
30
0
0
VERTEX
8
RASTER
10
204.175
20
143.825
30
0
0
VERTEX
8
RASTER
10
204.175
20
124.175
30
0
0
VERTEX
8
RASTER
10
203.825
20
124.175
30
0
0
SEQEND
8
RASTER
0
POLYLINE
8
RASTER
66
1
70
1
0
VERTEX
8
RASTER
10
203.825
20
123.825
30
0
0
VERTEX
8
RASTER
10
204.175
20
123.825
30
0
0
VERTEX
8
RASTER
10
204.175
20
104.175
30
0
0
VERTEX
8
RASTER
10
203.825
20
104.175
30
0
0
SEQEND
8
RASTER
0
POLYLINE
8
RASTER
66
1
70
1
0
VERTEX
8
RASTER
10
203.825
20
103.825
30
0
0
VERTEX
8
RASTER
10
204.175
20
103.825
30
0
0
VERTEX
8
RASTER
10
204.175
20
84.175
30
0
0
VERTEX
8
RASTER
10
203.825
20
84.175
30
0
0
SEQEND
8
RASTER
0
POLYLINE
8
RASTER
66
1
70
1
0
VERTEX
8
RASTER
10
203.825
20
83.825
30
0
0
VERTEX
8
RASTER
10
204.175
20
83.825
30
0
0
VERTEX
8
RASTER
10
204.175
20
64.175
30
0
0
VERTEX
8
RASTER
10
203.825
20
64.175
30
0
0
SEQEND
8
RASTER
0
POLYLINE
8
RASTER
66
1
70
1
0
VERTEX
8
RASTER
10
203.825
20
63.825
30
0
0
VERTEX
8
RASTER
10
204.175
20
63.825
30
0
0
VERTEX
8
RASTER
10
204.175
20
44.175
30
0
0
VERTEX
8
RASTER
10
203.825
20
44.175
30
0
0
SEQEND
8
RASTER
0
POLYLINE
8
RASTER
66
1
70
1
0
VERTEX
8
RASTER
10
203.825
20
43.825
30
0
0
VERTEX
8
RASTER
10
204.175
20
43.825
30
0
0
VERTEX
8
RASTER
10
204.175
20
24.175
30
0
0
VERTEX
8
RASTER
10
203.825
20
24.175
30
0
0
SEQEND
8
RASTER
0
POLYLINE
8
RASTER
66
1
70
1
0
VERTEX
8
RASTER
10
223.825
20
323.825
30
0
0
VERTEX
8
RASTER
10
224.175
20
323.825
30
0
0
VERTEX
8
RASTER
10
224.175
20
304.175
30
0
0
VERTEX
8
RASTER
10
223.825
20
304.175
30
0
0
SEQEND
8
RASTER
0
POLYLINE
8
RASTER
66
1
70
1
0
VERTEX
8
RASTER
10
223.825
20
303.825
30
0
0
VERTEX
8
RASTER
10
224.175
20
303.825
30
0
0
VERTEX
8
RASTER
10
224.175
20
284.175
30
0
0
VERTEX
8
RASTER
10
223.825
20
284.175
30
0
0
SEQEND
8
RASTER
0
POLYLINE
8
RASTER
66
1
70
1
0
VERTEX
8
RASTER
10
223.825
20
283.825
30
0
0
VERTEX
8
RASTER
10
224.175
20
283.825
30
0
0
VERTEX
8
RASTER
10
224.175
20
264.175
30
0
0
VERTEX
8
RASTER
10
223.825
20
264.175
30
0
0
SEQEND
8
RASTER
0
POLYLINE
8
RASTER
66
1
70
1
0
VERTEX
8
RASTER
10
223.825
20
263.825
30
0
0
VERTEX
8
RASTER
10
224.175
20
263.825
30
0
0
VERTEX
8
RASTER
10
224.175
20
244.175
30
0
0
VERTEX
8
RASTER
10
223.825
20
244.175
30
0
0
SEQEND
8
RASTER
0
POLYLINE
8
RASTER
66
1
70
1
0
VERTEX
8
RASTER
10
223.825
20
243.825
30
0
0
VERTEX
8
RASTER
10
224.175
20
243.825
30
0
0
VERTEX
8
RASTER
10
224.175
20
224.175
30
0
0
VERTEX
8
RASTER
10
223.825
20
224.175
30
0
0
SEQEND
8
RASTER
0
POLYLINE
8
RASTER
66
1
70
1
0
VERTEX
8
RASTER
10
223.825
20
223.825
30
0
0
VERTEX
8
RASTER
10
224.175
20
223.825
30
0
0
VERTEX
8
RASTER
10
224.175
20
204.175
30
0
0
VERTEX
8
RASTER
10
223.825
20
204.175
30
0
0
SEQEND
8
RASTER
0
POLYLINE
8
RASTER
66
1
70
1
0
VERTEX
8
RASTER
10
223.825
20
203.825
30
0
0
VERTEX
8
RASTER
10
224.175
20
203.825
30
0
0
VERTEX
8
RASTER
10
224.175
20
184.175
30
0
0
VERTEX
8
RASTER
10
223.825
20
184.175
30
0
0
SEQEND
8
RASTER
0
POLYLINE
8
RASTER
66
1
70
1
0
VERTEX
8
RASTER
10
223.825
20
183.825
30
0
0
VERTEX
8
RASTER
10
224.175
20
183.825
30
0
0
VERTEX
8
RASTER
10
224.175
20
164.175
30
0
0
VERTEX
8
RASTER
10
223.825
20
164.175
30
0
0
SEQEND
8
RASTER
0
POLYLINE
8
RASTER
66
1
70
1
0
VERTEX
8
RASTER
10
223.825
20
163.825
30
0
0
VERTEX
8
RASTER
10
224.175
20
163.825
30
0
0
VERTEX
8
RASTER
10
224.175
20
144.175
30
0
0
VERTEX
8
RASTER
10
223.825
20
144.175
30
0
0
SEQEND
8
RASTER
0
POLYLINE
8
RASTER
66
1
70
1
0
VERTEX
8
RASTER
10
223.825
20
143.825
30
0
0
VERTEX
8
RASTER
10
224.175
20
143.825
30
0
0
VERTEX
8
RASTER
10
224.175
20
124.175
30
0
0
VERTEX
8
RASTER
10
223.825
20
124.175
30
0
0
SEQEND
8
RASTER
0
POLYLINE
8
RASTER
66
1
70
1
0
VERTEX
8
RASTER
10
223.825
20
123.825
30
0
0
VERTEX
8
RASTER
10
224.175
20
123.825
30
0
0
VERTEX
8
RASTER
10
224.175
20
104.175
30
0
0
VERTEX
8
RASTER
10
223.825
20
104.175
30
0
0
SEQEND
8
RASTER
0
POLYLINE
8
RASTER
66
1
70
1
0
VERTEX
8
RASTER
10
223.825
20
103.825
30
0
0
VERTEX
8
RASTER
10
224.175
20
103.825
30
0
0
VERTEX
8
RASTER
10
224.175
20
84.175
30
0
0
VERTEX
8
RASTER
10
223.825
20
84.175
30
0
0
SEQEND
8
RASTER
0
POLYLINE
8
RASTER
66
1
70
1
0
VERTEX
8
RASTER
10
223.825
20
83.825
30
0
0
VERTEX
8
RASTER
10
224.175
20
83.825
30
0
0
VERTEX
8
RASTER
10
224.175
20
64.175
30
0
0
VERTEX
8
RASTER
10
223.825
20
64.175
30
0
0
SEQEND
8
RASTER
0
POLYLINE
8
RASTER
66
1
70
1
0
VERTEX
8
RASTER
10
223.825
20
63.825
30
0
0
VERTEX
8
RASTER
10
224.175
20
63.825
30
0
0
VERTEX
8
RASTER
10
224.175
20
44.175
30
0
0
VERTEX
8
RASTER
10
223.825
20
44.175
30
0
0
SEQEND
8
RASTER
0
POLYLINE
8
RASTER
66
1
70
1
0
VERTEX
8
RASTER
10
223.825
20
43.825
30
0
0
VERTEX
8
RASTER
10
224.175
20
43.825
30
0
0
VERTEX
8
RASTER
10
224.175
20
24.175
30
0
0
VERTEX
8
RASTER
10
223.825
20
24.175
30
0
0
SEQEND
8
RASTER
0
POLYLINE
8
RASTER
66
1
70
1
0
VERTEX
8
RASTER
10
243.825
20
303.825
30
0
0
VERTEX
8
RASTER
10
244.175
20
303.825
30
0
0
VERTEX
8
RASTER
10
244.175
20
284.175
30
0
0
VERTEX
8
RASTER
10
243.825
20
284.175
30
0
0
SEQEND
8
RASTER
0
POLYLINE
8
RASTER
66
1
70
1
0
VERTEX
8
RASTER
10
243.825
20
283.825
30
0
0
VERTEX
8
RASTER
10
244.175
20
283.825
30
0
0
VERTEX
8
RASTER
10
244.175
20
264.175
30
0
0
VERTEX
8
RASTER
10
243.825
20
264.175
30
0
0
SEQEND
8
RASTER
0
POLYLINE
8
RASTER
66
1
70
1
0
VERTEX
8
RASTER
10
243.825
20
263.825
30
0
0
VERTEX
8
RASTER
10
244.175
20
263.825
30
0
0
VERTEX
8
RASTER
10
244.175
20
244.175
30
0
0
VERTEX
8
RASTER
10
243.825
20
244.175
30
0
0
SEQEND
8
RASTER
0
POLYLINE
8
RASTER
66
1
70
1
0
VERTEX
8
RASTER
10
243.825
20
243.825
30
0
0
VERTEX
8
RASTER
10
244.175
20
243.825
30
0
0
VERTEX
8
RASTER
10
244.175
20
224.175
30
0
0
VERTEX
8
RASTER
10
243.825
20
224.175
30
0
0
SEQEND
8
RASTER
0
POLYLINE
8
RASTER
66
1
70
1
0
VERTEX
8
RASTER
10
243.825
20
223.825
30
0
0
VERTEX
8
RASTER
10
244.175
20
223.825
30
0
0
VERTEX
8
RASTER
10
244.175
20
204.175
30
0
0
VERTEX
8
RASTER
10
243.825
20
204.175
30
0
0
SEQEND
8
RASTER
0
POLYLINE
8
RASTER
66
1
70
1
0
VERTEX
8
RASTER
10
243.825
20
203.825
30
0
0
VERTEX
8
RASTER
10
244.175
20
203.825
30
0
0
VERTEX
8
RASTER
10
244.175
20
184.175
30
0
0
VERTEX
8
RASTER
10
243.825
20
184.175
30
0
0
SEQEND
8
RASTER
0
POLYLINE
8
RASTER
66
1
70
1
0
VERTEX
8
RASTER
10
243.825
20
183.825
30
0
0
VERTEX
8
RASTER
10
244.175
20
183.825
30
0
0
VERTEX
8
RASTER
10
244.175
20
164.175
30
0
0
VERTEX
8
RASTER
10
243.825
20
164.175
30
0
0
SEQEND
8
RASTER
0
POLYLINE
8
RASTER
66
1
70
1
0
VERTEX
8
RASTER
10
243.825
20
163.825
30
0
0
VERTEX
8
RASTER
10
244.175
20
163.825
30
0
0
VERTEX
8
RASTER
10
244.175
20
144.175
30
0
0
VERTEX
8
RASTER
10
243.825
20
144.175
30
0
0
SEQEND
8
RASTER
0
POLYLINE
8
RASTER
66
1
70
1
0
VERTEX
8
RASTER
10
243.825
20
143.825
30
0
0
VERTEX
8
RASTER
10
244.175
20
143.825
30
0
0
VERTEX
8
RASTER
10
244.175
20
124.175
30
0
0
VERTEX
8
RASTER
10
243.825
20
124.175
30
0
0
SEQEND
8
RASTER
0
POLYLINE
8
RASTER
66
1
70
1
0
VERTEX
8
RASTER
10
243.825
20
123.825
30
0
0
VERTEX
8
RASTER
10
244.175
20
123.825
30
0
0
VERTEX
8
RASTER
10
244.175
20
104.175
30
0
0
VERTEX
8
RASTER
10
243.825
20
104.175
30
0
0
SEQEND
8
RASTER
0
POLYLINE
8
RASTER
66
1
70
1
0
VERTEX
8
RASTER
10
243.825
20
103.825
30
0
0
VERTEX
8
RASTER
10
244.175
20
103.825
30
0
0
VERTEX
8
RASTER
10
244.175
20
84.175
30
0
0
VERTEX
8
RASTER
10
243.825
20
84.175
30
0
0
SEQEND
8
RASTER
0
POLYLINE
8
RASTER
66
1
70
1
0
VERTEX
8
RASTER
10
243.825
20
83.825
30
0
0
VERTEX
8
RASTER
10
244.175
20
83.825
30
0
0
VERTEX
8
RASTER
10
244.175
20
64.175
30
0
0
VERTEX
8
RASTER
10
243.825
20
64.175
30
0
0
SEQEND
8
RASTER
0
POLYLINE
8
RASTER
66
1
70
1
0
VERTEX
8
RASTER
10
243.825
20
63.825
30
0
0
VERTEX
8
RASTER
10
244.175
20
63.825
30
0
0
VERTEX
8
RASTER
10
244.175
20
44.175
30
0
0
VERTEX
8
RASTER
10
243.825
20
44.175
30
0
0
SEQEND
8
RASTER
0
POLYLINE
8
RASTER
66
1
70
1
0
VERTEX
8
RASTER
10
263.825
20
303.825
30
0
0
VERTEX
8
RASTER
10
264.175
20
303.825
30
0
0
VERTEX
8
RASTER
10
264.175
20
284.175
30
0
0
VERTEX
8
RASTER
10
263.825
20
284.175
30
0
0
SEQEND
8
RASTER
0
POLYLINE
8
RASTER
66
1
70
1
0
VERTEX
8
RASTER
10
263.825
20
283.825
30
0
0
VERTEX
8
RASTER
10
264.175
20
283.825
30
0
0
VERTEX
8
RASTER
10
264.175
20
264.175
30
0
0
VERTEX
8
RASTER
10
263.825
20
264.175
30
0
0
SEQEND
8
RASTER
0
POLYLINE
8
RASTER
66
1
70
1
0
VERTEX
8
RASTER
10
263.825
20
263.825
30
0
0
VERTEX
8
RASTER
10
264.175
20
263.825
30
0
0
VERTEX
8
RASTER
10
264.175
20
244.175
30
0
0
VERTEX
8
RASTER
10
263.825
20
244.175
30
0
0
SEQEND
8
RASTER
0
POLYLINE
8
RASTER
66
1
70
1
0
VERTEX
8
RASTER
10
263.825
20
243.825
30
0
0
VERTEX
8
RASTER
10
264.175
20
243.825
30
0
0
VERTEX
8
RASTER
10
264.175
20
224.175
30
0
0
VERTEX
8
RASTER
10
263.825
20
224.175
30
0
0
SEQEND
8
RASTER
0
POLYLINE
8
RASTER
66
1
70
1
0
VERTEX
8
RASTER
10
263.825
20
223.825
30
0
0
VERTEX
8
RASTER
10
264.175
20
223.825
30
0
0
VERTEX
8
RASTER
10
264.175
20
204.175
30
0
0
VERTEX
8
RASTER
10
263.825
20
204.175
30
0
0
SEQEND
8
RASTER
0
POLYLINE
8
RASTER
66
1
70
1
0
VERTEX
8
RASTER
10
263.825
20
203.825
30
0
0
VERTEX
8
RASTER
10
264.175
20
203.825
30
0
0
VERTEX
8
RASTER
10
264.175
20
184.175
30
0
0
VERTEX
8
RASTER
10
263.825
20
184.175
30
0
0
SEQEND
8
RASTER
0
POLYLINE
8
RASTER
66
1
70
1
0
VERTEX
8
RASTER
10
263.825
20
183.825
30
0
0
VERTEX
8
RASTER
10
264.175
20
183.825
30
0
0
VERTEX
8
RASTER
10
264.175
20
164.175
30
0
0
VERTEX
8
RASTER
10
263.825
20
164.175
30
0
0
SEQEND
8
RASTER
0
POLYLINE
8
RASTER
66
1
70
1
0
VERTEX
8
RASTER
10
263.825
20
163.825
30
0
0
VERTEX
8
RASTER
10
264.175
20
163.825
30
0
0
VERTEX
8
RASTER
10
264.175
20
144.175
30
0
0
VERTEX
8
RASTER
10
263.825
20
144.175
30
0
0
SEQEND
8
RASTER
0
POLYLINE
8
RASTER
66
1
70
1
0
VERTEX
8
RASTER
10
263.825
20
143.825
30
0
0
VERTEX
8
RASTER
10
264.175
20
143.825
30
0
0
VERTEX
8
RASTER
10
264.175
20
124.175
30
0
0
VERTEX
8
RASTER
10
263.825
20
124.175
30
0
0
SEQEND
8
RASTER
0
POLYLINE
8
RASTER
66
1
70
1
0
VERTEX
8
RASTER
10
263.825
20
123.825
30
0
0
VERTEX
8
RASTER
10
264.175
20
123.825
30
0
0
VERTEX
8
RASTER
10
264.175
20
104.175
30
0
0
VERTEX
8
RASTER
10
263.825
20
104.175
30
0
0
SEQEND
8
RASTER
0
POLYLINE
8
RASTER
66
1
70
1
0
VERTEX
8
RASTER
10
263.825
20
103.825
30
0
0
VERTEX
8
RASTER
10
264.175
20
103.825
30
0
0
VERTEX
8
RASTER
10
264.175
20
84.175
30
0
0
VERTEX
8
RASTER
10
263.825
20
84.175
30
0
0
SEQEND
8
RASTER
0
POLYLINE
8
RASTER
66
1
70
1
0
VERTEX
8
RASTER
10
263.825
20
83.825
30
0
0
VERTEX
8
RASTER
10
264.175
20
83.825
30
0
0
VERTEX
8
RASTER
10
264.175
20
64.175
30
0
0
VERTEX
8
RASTER
10
263.825
20
64.175
30
0
0
SEQEND
8
RASTER
0
POLYLINE
8
RASTER
66
1
70
1
0
VERTEX
8
RASTER
10
263.825
20
63.825
30
0
0
VERTEX
8
RASTER
10
264.175
20
63.825
30
0
0
VERTEX
8
RASTER
10
264.175
20
44.175
30
0
0
VERTEX
8
RASTER
10
263.825
20
44.175
30
0
0
SEQEND
8
RASTER
0
POLYLINE
8
RASTER
66
1
70
1
0
VERTEX
8
RASTER
10
283.825
20
283.825
30
0
0
VERTEX
8
RASTER
10
284.175
20
283.825
30
0
0
VERTEX
8
RASTER
10
284.175
20
264.175
30
0
0
VERTEX
8
RASTER
10
283.825
20
264.175
30
0
0
SEQEND
8
RASTER
0
POLYLINE
8
RASTER
66
1
70
1
0
VERTEX
8
RASTER
10
283.825
20
263.825
30
0
0
VERTEX
8
RASTER
10
284.175
20
263.825
30
0
0
VERTEX
8
RASTER
10
284.175
20
244.175
30
0
0
VERTEX
8
RASTER
10
283.825
20
244.175
30
0
0
SEQEND
8
RASTER
0
POLYLINE
8
RASTER
66
1
70
1
0
VERTEX
8
RASTER
10
283.825
20
243.825
30
0
0
VERTEX
8
RASTER
10
284.175
20
243.825
30
0
0
VERTEX
8
RASTER
10
284.175
20
224.175
30
0
0
VERTEX
8
RASTER
10
283.825
20
224.175
30
0
0
SEQEND
8
RASTER
0
POLYLINE
8
RASTER
66
1
70
1
0
VERTEX
8
RASTER
10
283.825
20
223.825
30
0
0
VERTEX
8
RASTER
10
284.175
20
223.825
30
0
0
VERTEX
8
RASTER
10
284.175
20
204.175
30
0
0
VERTEX
8
RASTER
10
283.825
20
204.175
30
0
0
SEQEND
8
RASTER
0
POLYLINE
8
RASTER
66
1
70
1
0
VERTEX
8
RASTER
10
283.825
20
203.825
30
0
0
VERTEX
8
RASTER
10
284.175
20
203.825
30
0
0
VERTEX
8
RASTER
10
284.175
20
184.175
30
0
0
VERTEX
8
RASTER
10
283.825
20
184.175
30
0
0
SEQEND
8
RASTER
0
POLYLINE
8
RASTER
66
1
70
1
0
VERTEX
8
RASTER
10
283.825
20
183.825
30
0
0
VERTEX
8
RASTER
10
284.175
20
183.825
30
0
0
VERTEX
8
RASTER
10
284.175
20
164.175
30
0
0
VERTEX
8
RASTER
10
283.825
20
164.175
30
0
0
SEQEND
8
RASTER
0
POLYLINE
8
RASTER
66
1
70
1
0
VERTEX
8
RASTER
10
283.825
20
163.825
30
0
0
VERTEX
8
RASTER
10
284.175
20
163.825
30
0
0
VERTEX
8
RASTER
10
284.175
20
144.175
30
0
0
VERTEX
8
RASTER
10
283.825
20
144.175
30
0
0
SEQEND
8
RASTER
0
POLYLINE
8
RASTER
66
1
70
1
0
VERTEX
8
RASTER
10
283.825
20
143.825
30
0
0
VERTEX
8
RASTER
10
284.175
20
143.825
30
0
0
VERTEX
8
RASTER
10
284.175
20
124.175
30
0
0
VERTEX
8
RASTER
10
283.825
20
124.175
30
0
0
SEQEND
8
RASTER
0
POLYLINE
8
RASTER
66
1
70
1
0
VERTEX
8
RASTER
10
283.825
20
123.825
30
0
0
VERTEX
8
RASTER
10
284.175
20
123.825
30
0
0
VERTEX
8
RASTER
10
284.175
20
104.175
30
0
0
VERTEX
8
RASTER
10
283.825
20
104.175
30
0
0
SEQEND
8
RASTER
0
POLYLINE
8
RASTER
66
1
70
1
0
VERTEX
8
RASTER
10
283.825
20
103.825
30
0
0
VERTEX
8
RASTER
10
284.175
20
103.825
30
0
0
VERTEX
8
RASTER
10
284.175
20
84.175
30
0
0
VERTEX
8
RASTER
10
283.825
20
84.175
30
0
0
SEQEND
8
RASTER
0
POLYLINE
8
RASTER
66
1
70
1
0
VERTEX
8
RASTER
10
283.825
20
83.825
30
0
0
VERTEX
8
RASTER
10
284.175
20
83.825
30
0
0
VERTEX
8
RASTER
10
284.175
20
64.175
30
0
0
VERTEX
8
RASTER
10
283.825
20
64.175
30
0
0
SEQEND
8
RASTER
0
POLYLINE
8
RASTER
66
1
70
1
0
VERTEX
8
RASTER
10
303.825
20
263.825
30
0
0
VERTEX
8
RASTER
10
304.175
20
263.825
30
0
0
VERTEX
8
RASTER
10
304.175
20
244.175
30
0
0
VERTEX
8
RASTER
10
303.825
20
244.175
30
0
0
SEQEND
8
RASTER
0
POLYLINE
8
RASTER
66
1
70
1
0
VERTEX
8
RASTER
10
303.825
20
243.825
30
0
0
VERTEX
8
RASTER
10
304.175
20
243.825
30
0
0
VERTEX
8
RASTER
10
304.175
20
224.175
30
0
0
VERTEX
8
RASTER
10
303.825
20
224.175
30
0
0
SEQEND
8
RASTER
0
POLYLINE
8
RASTER
66
1
70
1
0
VERTEX
8
RASTER
10
303.825
20
223.825
30
0
0
VERTEX
8
RASTER
10
304.175
20
223.825
30
0
0
VERTEX
8
RASTER
10
304.175
20
204.175
30
0
0
VERTEX
8
RASTER
10
303.825
20
204.175
30
0
0
SEQEND
8
RASTER
0
POLYLINE
8
RASTER
66
1
70
1
0
VERTEX
8
RASTER
10
303.825
20
203.825
30
0
0
VERTEX
8
RASTER
10
304.175
20
203.825
30
0
0
VERTEX
8
RASTER
10
304.175
20
184.175
30
0
0
VERTEX
8
RASTER
10
303.825
20
184.175
30
0
0
SEQEND
8
RASTER
0
POLYLINE
8
RASTER
66
1
70
1
0
VERTEX
8
RASTER
10
303.825
20
183.825
30
0
0
VERTEX
8
RASTER
10
304.175
20
183.825
30
0
0
VERTEX
8
RASTER
10
304.175
20
164.175
30
0
0
VERTEX
8
RASTER
10
303.825
20
164.175
30
0
0
SEQEND
8
RASTER
0
POLYLINE
8
RASTER
66
1
70
1
0
VERTEX
8
RASTER
10
303.825
20
163.825
30
0
0
VERTEX
8
RASTER
10
304.175
20
163.825
30
0
0
VERTEX
8
RASTER
10
304.175
20
144.175
30
0
0
VERTEX
8
RASTER
10
303.825
20
144.175
30
0
0
SEQEND
8
RASTER
0
POLYLINE
8
RASTER
66
1
70
1
0
VERTEX
8
RASTER
10
303.825
20
143.825
30
0
0
VERTEX
8
RASTER
10
304.175
20
143.825
30
0
0
VERTEX
8
RASTER
10
304.175
20
124.175
30
0
0
VERTEX
8
RASTER
10
303.825
20
124.175
30
0
0
SEQEND
8
RASTER
0
POLYLINE
8
RASTER
66
1
70
1
0
VERTEX
8
RASTER
10
303.825
20
123.825
30
0
0
VERTEX
8
RASTER
10
304.175
20
123.825
30
0
0
VERTEX
8
RASTER
10
304.175
20
104.175
30
0
0
VERTEX
8
RASTER
10
303.825
20
104.175
30
0
0
SEQEND
8
RASTER
0
POLYLINE
8
RASTER
66
1
70
1
0
VERTEX
8
RASTER
10
303.825
20
103.825
30
0
0
VERTEX
8
RASTER
10
304.175
20
103.825
30
0
0
VERTEX
8
RASTER
10
304.175
20
84.175
30
0
0
VERTEX
8
RASTER
10
303.825
20
84.175
30
0
0
SEQEND
8
RASTER
0
POLYLINE
8
RASTER
66
1
70
1
0
VERTEX
8
RASTER
10
323.825
20
223.825
30
0
0
VERTEX
8
RASTER
10
324.175
20
223.825
30
0
0
VERTEX
8
RASTER
10
324.175
20
204.175
30
0
0
VERTEX
8
RASTER
10
323.825
20
204.175
30
0
0
SEQEND
8
RASTER
0
POLYLINE
8
RASTER
66
1
70
1
0
VERTEX
8
RASTER
10
323.825
20
203.825
30
0
0
VERTEX
8
RASTER
10
324.175
20
203.825
30
0
0
VERTEX
8
RASTER
10
324.175
20
184.175
30
0
0
VERTEX
8
RASTER
10
323.825
20
184.175
30
0
0
SEQEND
8
RASTER
0
POLYLINE
8
RASTER
66
1
70
1
0
VERTEX
8
RASTER
10
323.825
20
183.825
30
0
0
VERTEX
8
RASTER
10
324.175
20
183.825
30
0
0
VERTEX
8
RASTER
10
324.175
20
164.175
30
0
0
VERTEX
8
RASTER
10
323.825
20
164.175
30
0
0
SEQEND
8
RASTER
0
POLYLINE
8
RASTER
66
1
70
1
0
VERTEX
8
RASTER
10
323.825
20
163.825
30
0
0
VERTEX
8
RASTER
10
324.175
20
163.825
30
0
0
VERTEX
8
RASTER
10
324.175
20
144.175
30
0
0
VERTEX
8
RASTER
10
323.825
20
144.175
30
0
0
SEQEND
8
RASTER
0
POLYLINE
8
RASTER
66
1
70
1
0
VERTEX
8
RASTER
10
323.825
20
143.825
30
0
0
VERTEX
8
RASTER
10
324.175
20
143.825
30
0
0
VERTEX
8
RASTER
10
324.175
20
124.175
30
0
0
VERTEX
8
RASTER
10
323.825
20
124.175
30
0
0
SEQEND
8
RASTER
0
POLYLINE
8
RASTER
66
1
70
1
0
VERTEX
8
RASTER
10
31.047
20
208.396
30
0
0
VERTEX
8
RASTER
10
33.025
20
215.319
30
0
0
VERTEX
8
RASTER
10
30.813
20
215.951
30
0
0
VERTEX
8
RASTER
10
35.703
20
219.961
30
0
0
VERTEX
8
RASTER
10
37.736
20
213.973
30
0
0
VERTEX
8
RASTER
10
35.525
20
214.604
30
0
0
VERTEX
8
RASTER
10
33.547
20
207.681
30
0
0
SEQEND
8
RASTER
0
POLYLINE
8
RASTER
66
1
70
1
0
VERTEX
8
RASTER
10
31.836
20
188.046
30
0
0
VERTEX
8
RASTER
10
32.854
20
195.174
30
0
0
VERTEX
8
RASTER
10
30.578
20
195.499
30
0
0
VERTEX
8
RASTER
10
34.877
20
200.138
30
0
0
VERTEX
8
RASTER
10
37.705
20
194.481
30
0
0
VERTEX
8
RASTER
10
35.428
20
194.806
30
0
0
VERTEX
8
RASTER
10
34.41
20
187.678
30
0
0
SEQEND
8
RASTER
0
POLYLINE
8
RASTER
66
1
70
1
0
VERTEX
8
RASTER
10
32.7
20
167.8
30
0
0
VERTEX
8
RASTER
10
32.7
20
175
30
0
0
VERTEX
8
RASTER
10
30.4
20
175
30
0
0
VERTEX
8
RASTER
10
34
20
180.2
30
0
0
VERTEX
8
RASTER
10
37.6
20
175
30
0
0
VERTEX
8
RASTER
10
35.3
20
175
30
0
0
VERTEX
8
RASTER
10
35.3
20
167.8
30
0
0
SEQEND
8
RASTER
0
POLYLINE
8
RASTER
66
1
70
1
0
VERTEX
8
RASTER
10
33.59
20
147.678
30
0
0
VERTEX
8
RASTER
10
32.572
20
154.806
30
0
0
VERTEX
8
RASTER
10
30.295
20
154.481
30
0
0
VERTEX
8
RASTER
10
33.123
20
160.138
30
0
0
VERTEX
8
RASTER
10
37.422
20
155.499
30
0
0
VERTEX
8
RASTER
10
35.146
20
155.174
30
0
0
VERTEX
8
RASTER
10
36.164
20
148.046
30
0
0
SEQEND
8
RASTER
0
POLYLINE
8
RASTER
66
1
70
1
0
VERTEX
8
RASTER
10
34.453
20
127.681
30
0
0
VERTEX
8
RASTER
10
32.475
20
134.604
30
0
0
VERTEX
8
RASTER
10
30.264
20
133.973
30
0
0
VERTEX
8
RASTER
10
32.297
20
139.961
30
0
0
VERTEX
8
RASTER
10
37.187
20
135.951
30
0
0
VERTEX
8
RASTER
10
34.975
20
135.319
30
0
0
VERTEX
8
RASTER
10
36.953
20
128.396
30
0
0
SEQEND
8
RASTER
0
POLYLINE
8
RASTER
66
1
70
1
0
VERTEX
8
RASTER
10
49.479
20
249.562
30
0
0
VERTEX
8
RASTER
10
53.473
20
255.553
30
0
0
VERTEX
8
RASTER
10
51.559
20
256.829
30
0
0
VERTEX
8
RASTER
10
57.439
20
259.159
30
0
0
VERTEX
8
RASTER
10
57.55
20
252.835
30
0
0
VERTEX
8
RASTER
10
55.636
20
254.111
30
0
0
VERTEX
8
RASTER
10
51.643
20
248.12
30
0
0
SEQEND
8
RASTER
0
POLYLINE
8
RASTER
66
1
70
1
0
VERTEX
8
RASTER
10
50.065
20
229.036
30
0
0
VERTEX
8
RASTER
10
53.284
20
235.476
30
0
0
VERTEX
8
RASTER
10
51.227
20
236.504
30
0
0
VERTEX
8
RASTER
10
56.773
20
239.545
30
0
0
VERTEX
8
RASTER
10
57.667
20
233.284
30
0
0
VERTEX
8
RASTER
10
55.61
20
234.313
30
0
0
VERTEX
8
RASTER
10
52.39
20
227.873
30
0
0
SEQEND
8
RASTER
0
POLYLINE
8
RASTER
66
1
70
1
0
VERTEX
8
RASTER
10
55.61
20
107.873
30
0
0
VERTEX
8
RASTER
10
52.39
20
114.313
30
0
0
VERTEX
8
RASTER
10
50.333
20
113.284
30
0
0
VERTEX
8
RASTER
10
51.227
20
119.545
30
0
0
VERTEX
8
RASTER
10
56.773
20
116.504
30
0
0
VERTEX
8
RASTER
10
54.716
20
115.476
30
0
0
VERTEX
8
RASTER
10
57.935
20
109.036
30
0
0
SEQEND
8
RASTER
0
POLYLINE
8
RASTER
66
1
70
1
0
VERTEX
8
RASTER
10
56.357
20
88.12
30
0
0
VERTEX
8
RASTER
10
52.364
20
94.111
30
0
0
VERTEX
8
RASTER
10
50.45
20
92.835
30
0
0
VERTEX
8
RASTER
10
50.561
20
99.159
30
0
0
VERTEX
8
RASTER
10
56.441
20
96.829
30
0
0
VERTEX
8
RASTER
10
54.527
20
95.553
30
0
0
VERTEX
8
RASTER
10
58.521
20
89.562
30
0
0
SEQEND
8
RASTER
0
POLYLINE
8
RASTER
66
1
70
1
0
VERTEX
8
RASTER
10
68.697
20
270.535
30
0
0
VERTEX
8
RASTER
10
73.788
20
275.626
30
0
0
VERTEX
8
RASTER
10
72.162
20
277.253
30
0
0
VERTEX
8
RASTER
10
78.384
20
278.384
30
0
0
VERTEX
8
RASTER
10
77.253
20
272.162
30
0
0
VERTEX
8
RASTER
10
75.626
20
273.788
30
0
0
VERTEX
8
RASTER
10
70.535
20
268.697
30
0
0
SEQEND
8
RASTER
0
POLYLINE
8
RASTER
66
1
70
1
0
VERTEX
8
RASTER
10
77.465
20
68.697
30
0
0
VERTEX
8
RASTER
10
72.374
20
73.788
30
0
0
VERTEX
8
RASTER
10
70.747
20
72.162
30
0
0
VERTEX
8
RASTER
10
69.616
20
78.384
30
0
0
VERTEX
8
RASTER
10
75.838
20
77.253
30
0
0
VERTEX
8
RASTER
10
74.212
20
75.626
30
0
0
VERTEX
8
RASTER
10
79.303
20
70.535
30
0
0
SEQEND
8
RASTER
0
POLYLINE
8
RASTER
66
1
70
1
0
VERTEX
8
RASTER
10
88.12
20
291.643
30
0
0
VERTEX
8
RASTER
10
94.111
20
295.636
30
0
0
VERTEX
8
RASTER
10
92.835
20
297.55
30
0
0
VERTEX
8
RASTER
10
99.159
20
297.439
30
0
0
VERTEX
8
RASTER
10
96.829
20
291.559
30
0
0
VERTEX
8
RASTER
10
95.553
20
293.473
30
0
0
VERTEX
8
RASTER
10
89.562
20
289.479
30
0
0
SEQEND
8
RASTER
0
POLYLINE
8
RASTER
66
1
70
1
0
VERTEX
8
RASTER
10
98.438
20
49.479
30
0
0
VERTEX
8
RASTER
10
92.447
20
53.473
30
0
0
VERTEX
8
RASTER
10
91.171
20
51.559
30
0
0
VERTEX
8
RASTER
10
88.841
20
57.439
30
0
0
VERTEX
8
RASTER
10
95.165
20
57.55
30
0
0
VERTEX
8
RASTER
10
93.889
20
55.636
30
0
0
VERTEX
8
RASTER
10
99.88
20
51.643
30
0
0
SEQEND
8
RASTER
0
POLYLINE
8
RASTER
66
1
70
1
0
VERTEX
8
RASTER
10
107.873
20
292.39
30
0
0
VERTEX
8
RASTER
10
114.313
20
295.61
30
0
0
VERTEX
8
RASTER
10
113.284
20
297.667
30
0
0
VERTEX
8
RASTER
10
119.545
20
296.773
30
0
0
VERTEX
8
RASTER
10
116.504
20
291.227
30
0
0
VERTEX
8
RASTER
10
115.476
20
293.284
30
0
0
VERTEX
8
RASTER
10
109.036
20
290.065
30
0
0
SEQEND
8
RASTER
0
POLYLINE
8
RASTER
66
1
70
1
0
VERTEX
8
RASTER
10
118.964
20
50.065
30
0
0
VERTEX
8
RASTER
10
112.524
20
53.284
30
0
0
VERTEX
8
RASTER
10
111.496
20
51.227
30
0
0
VERTEX
8
RASTER
10
108.455
20
56.773
30
0
0
VERTEX
8
RASTER
10
114.716
20
57.667
30
0
0
VERTEX
8
RASTER
10
113.687
20
55.61
30
0
0
VERTEX
8
RASTER
10
120.127
20
52.39
30
0
0
SEQEND
8
RASTER
0
POLYLINE
8
RASTER
66
1
70
1
0
VERTEX
8
RASTER
10
127.681
20
313.547
30
0
0
VERTEX
8
RASTER
10
134.604
20
315.525
30
0
0
VERTEX
8
RASTER
10
133.973
20
317.736
30
0
0
VERTEX
8
RASTER
10
139.961
20
315.703
30
0
0
VERTEX
8
RASTER
10
135.951
20
310.813
30
0
0
VERTEX
8
RASTER
10
135.319
20
313.025
30
0
0
VERTEX
8
RASTER
10
128.396
20
311.047
30
0
0
SEQEND
8
RASTER
0
POLYLINE
8
RASTER
66
1
70
1
0
VERTEX
8
RASTER
10
139.604
20
31.047
30
0
0
VERTEX
8
RASTER
10
132.681
20
33.025
30
0
0
VERTEX
8
RASTER
10
132.049
20
30.813
30
0
0
VERTEX
8
RASTER
10
128.039
20
35.703
30
0
0
VERTEX
8
RASTER
10
134.027
20
37.736
30
0
0
VERTEX
8
RASTER
10
133.396
20
35.525
30
0
0
VERTEX
8
RASTER
10
140.319
20
33.547
30
0
0
SEQEND
8
RASTER
0
POLYLINE
8
RASTER
66
1
70
1
0
VERTEX
8
RASTER
10
147.678
20
314.41
30
0
0
VERTEX
8
RASTER
10
154.806
20
315.428
30
0
0
VERTEX
8
RASTER
10
154.481
20
317.705
30
0
0
VERTEX
8
RASTER
10
160.138
20
314.877
30
0
0
VERTEX
8
RASTER
10
155.499
20
310.578
30
0
0
VERTEX
8
RASTER
10
155.174
20
312.854
30
0
0
VERTEX
8
RASTER
10
148.046
20
311.836
30
0
0
SEQEND
8
RASTER
0
POLYLINE
8
RASTER
66
1
70
1
0
VERTEX
8
RASTER
10
159.954
20
31.836
30
0
0
VERTEX
8
RASTER
10
152.826
20
32.854
30
0
0
VERTEX
8
RASTER
10
152.501
20
30.578
30
0
0
VERTEX
8
RASTER
10
147.862
20
34.877
30
0
0
VERTEX
8
RASTER
10
153.519
20
37.705
30
0
0
VERTEX
8
RASTER
10
153.194
20
35.428
30
0
0
VERTEX
8
RASTER
10
160.322
20
34.41
30
0
0
SEQEND
8
RASTER
0
POLYLINE
8
RASTER
66
1
70
1
0
VERTEX
8
RASTER
10
167.8
20
315.3
30
0
0
VERTEX
8
RASTER
10
175
20
315.3
30
0
0
VERTEX
8
RASTER
10
175
20
317.6
30
0
0
VERTEX
8
RASTER
10
180.2
20
314
30
0
0
VERTEX
8
RASTER
10
175
20
310.4
30
0
0
VERTEX
8
RASTER
10
175
20
312.7
30
0
0
VERTEX
8
RASTER
10
167.8
20
312.7
30
0
0
SEQEND
8
RASTER
0
POLYLINE
8
RASTER
66
1
70
1
0
VERTEX
8
RASTER
10
180.2
20
32.7
30
0
0
VERTEX
8
RASTER
10
173
20
32.7
30
0
0
VERTEX
8
RASTER
10
173
20
30.4
30
0
0
VERTEX
8
RASTER
10
167.8
20
34
30
0
0
VERTEX
8
RASTER
10
173
20
37.6
30
0
0
VERTEX
8
RASTER
10
173
20
35.3
30
0
0
VERTEX
8
RASTER
10
180.2
20
35.3
30
0
0
SEQEND
8
RASTER
0
POLYLINE
8
RASTER
66
1
70
1
0
VERTEX
8
RASTER
10
188.046
20
316.164
30
0
0
VERTEX
8
RASTER
10
195.174
20
315.146
30
0
0
VERTEX
8
RASTER
10
195.499
20
317.422
30
0
0
VERTEX
8
RASTER
10
200.138
20
313.123
30
0
0
VERTEX
8
RASTER
10
194.481
20
310.295
30
0
0
VERTEX
8
RASTER
10
194.806
20
312.572
30
0
0
VERTEX
8
RASTER
10
187.678
20
313.59
30
0
0
SEQEND
8
RASTER
0
POLYLINE
8
RASTER
66
1
70
1
0
VERTEX
8
RASTER
10
200.322
20
33.59
30
0
0
VERTEX
8
RASTER
10
193.194
20
32.572
30
0
0
VERTEX
8
RASTER
10
193.519
20
30.295
30
0
0
VERTEX
8
RASTER
10
187.862
20
33.123
30
0
0
VERTEX
8
RASTER
10
192.501
20
37.422
30
0
0
VERTEX
8
RASTER
10
192.826
20
35.146
30
0
0
VERTEX
8
RASTER
10
199.954
20
36.164
30
0
0
SEQEND
8
RASTER
0
POLYLINE
8
RASTER
66
1
70
1
0
VERTEX
8
RASTER
10
208.396
20
316.953
30
0
0
VERTEX
8
RASTER
10
215.319
20
314.975
30
0
0
VERTEX
8
RASTER
10
215.951
20
317.187
30
0
0
VERTEX
8
RASTER
10
219.961
20
312.297
30
0
0
VERTEX
8
RASTER
10
213.973
20
310.264
30
0
0
VERTEX
8
RASTER
10
214.604
20
312.475
30
0
0
VERTEX
8
RASTER
10
207.681
20
314.453
30
0
0
SEQEND
8
RASTER
0
POLYLINE
8
RASTER
66
1
70
1
0
VERTEX
8
RASTER
10
220.319
20
34.453
30
0
0
VERTEX
8
RASTER
10
213.396
20
32.475
30
0
0
VERTEX
8
RASTER
10
214.027
20
30.264
30
0
0
VERTEX
8
RASTER
10
208.039
20
32.297
30
0
0
VERTEX
8
RASTER
10
212.049
20
37.187
30
0
0
VERTEX
8
RASTER
10
212.681
20
34.975
30
0
0
VERTEX
8
RASTER
10
219.604
20
36.953
30
0
0
SEQEND
8
RASTER
0
POLYLINE
8
RASTER
66
1
70
1
0
VERTEX
8
RASTER
10
229.036
20
297.935
30
0
0
VERTEX
8
RASTER
10
235.476
20
294.716
30
0
0
VERTEX
8
RASTER
10
236.504
20
296.773
30
0
0
VERTEX
8
RASTER
10
239.545
20
291.227
30
0
0
VERTEX
8
RASTER
10
233.284
20
290.333
30
0
0
VERTEX
8
RASTER
10
234.313
20
292.39
30
0
0
VERTEX
8
RASTER
10
227.873
20
295.61
30
0
0
SEQEND
8
RASTER
0
POLYLINE
8
RASTER
66
1
70
1
0
VERTEX
8
RASTER
10
240.127
20
55.61
30
0
0
VERTEX
8
RASTER
10
233.687
20
52.39
30
0
0
VERTEX
8
RASTER
10
234.716
20
50.333
30
0
0
VERTEX
8
RASTER
10
228.455
20
51.227
30
0
0
VERTEX
8
RASTER
10
231.496
20
56.773
30
0
0
VERTEX
8
RASTER
10
232.524
20
54.716
30
0
0
VERTEX
8
RASTER
10
238.964
20
57.935
30
0
0
SEQEND
8
RASTER
0
POLYLINE
8
RASTER
66
1
70
1
0
VERTEX
8
RASTER
10
249.562
20
298.521
30
0
0
VERTEX
8
RASTER
10
255.553
20
294.527
30
0
0
VERTEX
8
RASTER
10
256.829
20
296.441
30
0
0
VERTEX
8
RASTER
10
259.159
20
290.561
30
0
0
VERTEX
8
RASTER
10
252.835
20
290.45
30
0
0
VERTEX
8
RASTER
10
254.111
20
292.364
30
0
0
VERTEX
8
RASTER
10
248.12
20
296.357
30
0
0
SEQEND
8
RASTER
0
POLYLINE
8
RASTER
66
1
70
1
0
VERTEX
8
RASTER
10
259.88
20
56.357
30
0
0
VERTEX
8
RASTER
10
253.889
20
52.364
30
0
0
VERTEX
8
RASTER
10
255.165
20
50.45
30
0
0
VERTEX
8
RASTER
10
248.841
20
50.561
30
0
0
VERTEX
8
RASTER
10
251.171
20
56.441
30
0
0
VERTEX
8
RASTER
10
252.447
20
54.527
30
0
0
VERTEX
8
RASTER
10
258.438
20
58.521
30
0
0
SEQEND
8
RASTER
0
POLYLINE
8
RASTER
66
1
70
1
0
VERTEX
8
RASTER
10
270.535
20
279.303
30
0
0
VERTEX
8
RASTER
10
275.626
20
274.212
30
0
0
VERTEX
8
RASTER
10
277.253
20
275.838
30
0
0
VERTEX
8
RASTER
10
278.384
20
269.616
30
0
0
VERTEX
8
RASTER
10
272.162
20
270.747
30
0
0
VERTEX
8
RASTER
10
273.788
20
272.374
30
0
0
VERTEX
8
RASTER
10
268.697
20
277.465
30
0
0
SEQEND
8
RASTER
0
POLYLINE
8
RASTER
66
1
70
1
0
VERTEX
8
RASTER
10
279.303
20
77.465
30
0
0
VERTEX
8
RASTER
10
274.212
20
72.374
30
0
0
VERTEX
8
RASTER
10
275.838
20
70.747
30
0
0
VERTEX
8
RASTER
10
269.616
20
69.616
30
0
0
VERTEX
8
RASTER
10
270.747
20
75.838
30
0
0
VERTEX
8
RASTER
10
272.374
20
74.212
30
0
0
VERTEX
8
RASTER
10
277.465
20
79.303
30
0
0
SEQEND
8
RASTER
0
POLYLINE
8
RASTER
66
1
70
1
0
VERTEX
8
RASTER
10
291.643
20
259.88
30
0
0
VERTEX
8
RASTER
10
295.636
20
253.889
30
0
0
VERTEX
8
RASTER
10
297.55
20
255.165
30
0
0
VERTEX
8
RASTER
10
297.439
20
248.841
30
0
0
VERTEX
8
RASTER
10
291.559
20
251.171
30
0
0
VERTEX
8
RASTER
10
293.473
20
252.447
30
0
0
VERTEX
8
RASTER
10
289.479
20
258.438
30
0
0
SEQEND
8
RASTER
0
POLYLINE
8
RASTER
66
1
70
1
0
VERTEX
8
RASTER
10
292.39
20
240.127
30
0
0
VERTEX
8
RASTER
10
295.61
20
233.687
30
0
0
VERTEX
8
RASTER
10
297.667
20
234.716
30
0
0
VERTEX
8
RASTER
10
296.773
20
228.455
30
0
0
VERTEX
8
RASTER
10
291.227
20
231.496
30
0
0
VERTEX
8
RASTER
10
293.284
20
232.524
30
0
0
VERTEX
8
RASTER
10
290.065
20
238.964
30
0
0
SEQEND
8
RASTER
0
POLYLINE
8
RASTER
66
1
70
1
0
VERTEX
8
RASTER
10
297.935
20
118.964
30
0
0
VERTEX
8
RASTER
10
294.716
20
112.524
30
0
0
VERTEX
8
RASTER
10
296.773
20
111.496
30
0
0
VERTEX
8
RASTER
10
291.227
20
108.455
30
0
0
VERTEX
8
RASTER
10
290.333
20
114.716
30
0
0
VERTEX
8
RASTER
10
292.39
20
113.687
30
0
0
VERTEX
8
RASTER
10
295.61
20
120.127
30
0
0
SEQEND
8
RASTER
0
POLYLINE
8
RASTER
66
1
70
1
0
VERTEX
8
RASTER
10
298.521
20
98.438
30
0
0
VERTEX
8
RASTER
10
294.527
20
92.447
30
0
0
VERTEX
8
RASTER
10
296.441
20
91.171
30
0
0
VERTEX
8
RASTER
10
290.561
20
88.841
30
0
0
VERTEX
8
RASTER
10
290.45
20
95.165
30
0
0
VERTEX
8
RASTER
10
292.364
20
93.889
30
0
0
VERTEX
8
RASTER
10
296.357
20
99.88
30
0
0
SEQEND
8
RASTER
0
POLYLINE
8
RASTER
66
1
70
1
0
VERTEX
8
RASTER
10
313.547
20
220.319
30
0
0
VERTEX
8
RASTER
10
315.525
20
213.396
30
0
0
VERTEX
8
RASTER
10
317.736
20
214.027
30
0
0
VERTEX
8
RASTER
10
315.703
20
208.039
30
0
0
VERTEX
8
RASTER
10
310.813
20
212.049
30
0
0
VERTEX
8
RASTER
10
313.025
20
212.681
30
0
0
VERTEX
8
RASTER
10
311.047
20
219.604
30
0
0
SEQEND
8
RASTER
0
POLYLINE
8
RASTER
66
1
70
1
0
VERTEX
8
RASTER
10
314.41
20
200.322
30
0
0
VERTEX
8
RASTER
10
315.428
20
193.194
30
0
0
VERTEX
8
RASTER
10
317.705
20
193.519
30
0
0
VERTEX
8
RASTER
10
314.877
20
187.862
30
0
0
VERTEX
8
RASTER
10
310.578
20
192.501
30
0
0
VERTEX
8
RASTER
10
312.854
20
192.826
30
0
0
VERTEX
8
RASTER
10
311.836
20
199.954
30
0
0
SEQEND
8
RASTER
0
POLYLINE
8
RASTER
66
1
70
1
0
VERTEX
8
RASTER
10
315.3
20
180.2
30
0
0
VERTEX
8
RASTER
10
315.3
20
173
30
0
0
VERTEX
8
RASTER
10
317.6
20
173
30
0
0
VERTEX
8
RASTER
10
314
20
167.8
30
0
0
VERTEX
8
RASTER
10
310.4
20
173
30
0
0
VERTEX
8
RASTER
10
312.7
20
173
30
0
0
VERTEX
8
RASTER
10
312.7
20
180.2
30
0
0
SEQEND
8
RASTER
0
POLYLINE
8
RASTER
66
1
70
1
0
VERTEX
8
RASTER
10
316.164
20
159.954
30
0
0
VERTEX
8
RASTER
10
315.146
20
152.826
30
0
0
VERTEX
8
RASTER
10
317.422
20
152.501
30
0
0
VERTEX
8
RASTER
10
313.123
20
147.862
30
0
0
VERTEX
8
RASTER
10
310.295
20
153.519
30
0
0
VERTEX
8
RASTER
10
312.572
20
153.194
30
0
0
VERTEX
8
RASTER
10
313.59
20
160.322
30
0
0
SEQEND
8
RASTER
0
POLYLINE
8
RASTER
66
1
70
1
0
VERTEX
8
RASTER
10
316.953
20
139.604
30
0
0
VERTEX
8
RASTER
10
314.975
20
132.681
30
0
0
VERTEX
8
RASTER
10
317.187
20
132.049
30
0
0
VERTEX
8
RASTER
10
312.297
20
128.039
30
0
0
VERTEX
8
RASTER
10
310.264
20
134.027
30
0
0
VERTEX
8
RASTER
10
312.475
20
133.396
30
0
0
VERTEX
8
RASTER
10
314.453
20
140.319
30
0
0
SEQEND
8
RASTER
0
POLYLINE
8
RASTER
66
1
70
1
0
VERTEX
8
RASTER
10
165.5
20
177.5
30
0
0
VERTEX
8
RASTER
10
165.578
20
178.672
30
0
0
VERTEX
8
RASTER
10
165.813
20
179.688
30
0
0
VERTEX
8
RASTER
10
166.203
20
180.547
30
0
0
VERTEX
8
RASTER
10
166.75
20
181.25
30
0
0
VERTEX
8
RASTER
10
167.453
20
181.797
30
0
0
VERTEX
8
RASTER
10
168.313
20
182.188
30
0
0
VERTEX
8
RASTER
10
169.328
20
182.422
30
0
0
VERTEX
8
RASTER
10
170.5
20
182.5
30
0
0
VERTEX
8
RASTER
10
177.5
20
182.5
30
0
0
VERTEX
8
RASTER
10
178.672
20
182.422
30
0
0
VERTEX
8
RASTER
10
179.688
20
182.188
30
0
0
VERTEX
8
RASTER
10
180.547
20
181.797
30
0
0
VERTEX
8
RASTER
10
181.25
20
181.25
30
0
0
VERTEX
8
RASTER
10
181.797
20
180.547
30
0
0
VERTEX
8
RASTER
10
182.188
20
179.688
30
0
0
VERTEX
8
RASTER
10
182.422
20
178.672
30
0
0
VERTEX
8
RASTER
10
182.5
20
177.5
30
0
0
VERTEX
8
RASTER
10
182.5
20
170.5
30
0
0
VERTEX
8
RASTER
10
182.422
20
169.328
30
0
0
VERTEX
8
RASTER
10
182.188
20
168.313
30
0
0
VERTEX
8
RASTER
10
181.797
20
167.453
30
0
0
VERTEX
8
RASTER
10
181.25
20
166.75
30
0
0
VERTEX
8
RASTER
10
180.547
20
166.203
30
0
0
VERTEX
8
RASTER
10
179.688
20
165.813
30
0
0
VERTEX
8
RASTER
10
178.672
20
165.578
30
0
0
VERTEX
8
RASTER
10
177.5
20
165.5
30
0
0
VERTEX
8
RASTER
10
170.5
20
165.5
30
0
0
VERTEX
8
RASTER
10
169.328
20
165.578
30
0
0
VERTEX
8
RASTER
10
168.313
20
165.813
30
0
0
VERTEX
8
RASTER
10
167.453
20
166.203
30
0
0
VERTEX
8
RASTER
10
166.75
20
166.75
30
0
0
VERTEX
8
RASTER
10
166.203
20
167.453
30
0
0
VERTEX
8
RASTER
10
165.813
20
168.313
30
0
0
VERTEX
8
RASTER
10
165.578
20
169.328
30
0
0
VERTEX
8
RASTER
10
165.5
20
170.5
30
0
0
SEQEND
8
RASTER
0
POLYLINE
8
RASTER
66
1
70
1
0
VERTEX
8
RASTER
10
166.2
20
177.5
30
0
0
VERTEX
8
RASTER
10
166.2
20
170.5
30
0
0
VERTEX
8
RASTER
10
166.267
20
169.492
30
0
0
VERTEX
8
RASTER
10
166.469
20
168.619
30
0
0
VERTEX
8
RASTER
10
166.805
20
167.88
30
0
0
VERTEX
8
RASTER
10
167.275
20
167.275
30
0
0
VERTEX
8
RASTER
10
167.88
20
166.805
30
0
0
VERTEX
8
RASTER
10
168.619
20
166.469
30
0
0
VERTEX
8
RASTER
10
169.492
20
166.267
30
0
0
VERTEX
8
RASTER
10
170.5
20
166.2
30
0
0
VERTEX
8
RASTER
10
177.5
20
166.2
30
0
0
VERTEX
8
RASTER
10
178.508
20
166.267
30
0
0
VERTEX
8
RASTER
10
179.381
20
166.469
30
0
0
VERTEX
8
RASTER
10
180.12
20
166.805
30
0
0
VERTEX
8
RASTER
10
180.725
20
167.275
30
0
0
VERTEX
8
RASTER
10
181.195
20
167.88
30
0
0
VERTEX
8
RASTER
10
181.531
20
168.619
30
0
0
VERTEX
8
RASTER
10
181.733
20
169.492
30
0
0
VERTEX
8
RASTER
10
181.8
20
170.5
30
0
0
VERTEX
8
RASTER
10
181.8
20
177.5
30
0
0
VERTEX
8
RASTER
10
181.733
20
178.508
30
0
0
VERTEX
8
RASTER
10
181.531
20
179.381
30
0
0
VERTEX
8
RASTER
10
181.195
20
180.12
30
0
0
VERTEX
8
RASTER
10
180.725
20
180.725
30
0
0
VERTEX
8
RASTER
10
180.12
20
181.195
30
0
0
VERTEX
8
RASTER
10
179.381
20
181.531
30
0
0
VERTEX
8
RASTER
10
178.508
20
181.733
30
0
0
VERTEX
8
RASTER
10
177.5
20
181.8
30
0
0
VERTEX
8
RASTER
10
170.5
20
181.8
30
0
0
VERTEX
8
RASTER
10
169.492
20
181.733
30
0
0
VERTEX
8
RASTER
10
168.619
20
181.531
30
0
0
VERTEX
8
RASTER
10
167.88
20
181.195
30
0
0
VERTEX
8
RASTER
10
167.275
20
180.725
30
0
0
VERTEX
8
RASTER
10
166.805
20
180.12
30
0
0
VERTEX
8
RASTER
10
166.469
20
179.381
30
0
0
VERTEX
8
RASTER
10
166.267
20
178.508
30
0
0
VERTEX
8
RASTER
10
166.2
20
177.5
30
0
0
SEQEND
8
RASTER
0
CIRCLE
8
RASTER
10
174
20
179.568
30
0
40
0.792
0
CIRCLE
8
RASTER
10
174
20
179.568
30
0
40
0.44
0
POLYLINE
8
RASTER
66
1
70
1
0
VERTEX
8
RASTER
10
173.648
20
178.512
30
0
0
VERTEX
8
RASTER
10
174.352
20
178.512
30
0
0
VERTEX
8
RASTER
10
174.352
20
177.632
30
0
0
VERTEX
8
RASTER
10
175.936
20
177.632
30
0
0
VERTEX
8
RASTER
10
175.936
20
177.104
30
0
0
VERTEX
8
RASTER
10
174.352
20
177.104
30
0
0
VERTEX
8
RASTER
10
174.352
20
174.64
30
0
0
VERTEX
8
RASTER
10
174.557
20
174.598
30
0
0
VERTEX
8
RASTER
10
174.773
20
174.604
30
0
0
VERTEX
8
RASTER
10
174.992
20
174.655
30
0
0
VERTEX
8
RASTER
10
175.21
20
174.75
30
0
0
VERTEX
8
RASTER
10
175.419
20
174.886
30
0
0
VERTEX
8
RASTER
10
175.614
20
175.061
30
0
0
VERTEX
8
RASTER
10
175.789
20
175.273
30
0
0
VERTEX
8
RASTER
10
175.936
20
175.52
30
0
0
VERTEX
8
RASTER
10
176.816
20
174.816
30
0
0
VERTEX
8
RASTER
10
176.644
20
174.306
30
0
0
VERTEX
8
RASTER
10
176.401
20
173.837
30
0
0
VERTEX
8
RASTER
10
176.095
20
173.418
30
0
0
VERTEX
8
RASTER
10
175.738
20
173.056
30
0
0
VERTEX
8
RASTER
10
175.34
20
172.76
30
0
0
VERTEX
8
RASTER
10
174.91
20
172.539
30
0
0
VERTEX
8
RASTER
10
174.46
20
172.4
30
0
0
VERTEX
8
RASTER
10
174
20
172.352
30
0
0
VERTEX
8
RASTER
10
173.54
20
172.4
30
0
0
VERTEX
8
RASTER
10
173.09
20
172.539
30
0
0
VERTEX
8
RASTER
10
172.66
20
172.76
30
0
0
VERTEX
8
RASTER
10
172.262
20
173.056
30
0
0
VERTEX
8
RASTER
10
171.905
20
173.418
30
0
0
VERTEX
8
RASTER
10
171.599
20
173.837
30
0
0
VERTEX
8
RASTER
10
171.356
20
174.306
30
0
0
VERTEX
8
RASTER
10
171.184
20
174.816
30
0
0
VERTEX
8
RASTER
10
172.064
20
175.52
30
0
0
VERTEX
8
RASTER
10
172.211
20
175.273
30
0
0
VERTEX
8
RASTER
10
172.386
20
175.061
30
0
0
VERTEX
8
RASTER
10
172.581
20
174.886
30
0
0
VERTEX
8
RASTER
10
172.79
20
174.75
30
0
0
VERTEX
8
RASTER
10
173.008
20
174.655
30
0
0
VERTEX
8
RASTER
10
173.227
20
174.604
30
0
0
VERTEX
8
RASTER
10
173.443
20
174.598
30
0
0
VERTEX
8
RASTER
10
173.648
20
174.64
30
0
0
VERTEX
8
RASTER
10
173.648
20
177.104
30
0
0
VERTEX
8
RASTER
10
172.064
20
177.104
30
0
0
VERTEX
8
RASTER
10
172.064
20
177.632
30
0
0
VERTEX
8
RASTER
10
173.648
20
177.632
30
0
0
SEQEND
8
RASTER
0
POLYLINE
8
RASTER
66
1
70
1
0
VERTEX
8
RASTER
10
166.21
20
171.8
30
0
0
VERTEX
8
RASTER
10
168.11
20
171.8
30
0
0
VERTEX
8
RASTER
10
168.11
20
171.42
30
0
0
VERTEX
8
RASTER
10
166.21
20
171.42
30
0
0
SEQEND
8
RASTER
0
POLYLINE
8
RASTER
66
1
70
1
0
VERTEX
8
RASTER
10
166.97
20
171.42
30
0
0
VERTEX
8
RASTER
10
167.35
20
171.42
30
0
0
VERTEX
8
RASTER
10
167.35
20
171.04
30
0
0
VERTEX
8
RASTER
10
166.97
20
171.04
30
0
0
SEQEND
8
RASTER
0
POLYLINE
8
RASTER
66
1
70
1
0
VERTEX
8
RASTER
10
166.97
20
171.04
30
0
0
VERTEX
8
RASTER
10
167.35
20
171.04
30
0
0
VERTEX
8
RASTER
10
167.35
20
170.66
30
0
0
VERTEX
8
RASTER
10
166.97
20
170.66
30
0
0
SEQEND
8
RASTER
0
POLYLINE
8
RASTER
66
1
70
1
0
VERTEX
8
RASTER
10
166.97
20
170.66
30
0
0
VERTEX
8
RASTER
10
167.35
20
170.66
30
0
0
VERTEX
8
RASTER
10
167.35
20
170.28
30
0
0
VERTEX
8
RASTER
10
166.97
20
170.28
30
0
0
SEQEND
8
RASTER
0
POLYLINE
8
RASTER
66
1
70
1
0
VERTEX
8
RASTER
10
166.97
20
170.28
30
0
0
VERTEX
8
RASTER
10
167.35
20
170.28
30
0
0
VERTEX
8
RASTER
10
167.35
20
169.9
30
0
0
VERTEX
8
RASTER
10
166.97
20
169.9
30
0
0
SEQEND
8
RASTER
0
POLYLINE
8
RASTER
66
1
70
1
0
VERTEX
8
RASTER
10
166.97
20
169.9
30
0
0
VERTEX
8
RASTER
10
167.35
20
169.9
30
0
0
VERTEX
8
RASTER
10
167.35
20
169.52
30
0
0
VERTEX
8
RASTER
10
166.97
20
169.52
30
0
0
SEQEND
8
RASTER
0
POLYLINE
8
RASTER
66
1
70
1
0
VERTEX
8
RASTER
10
166.97
20
169.52
30
0
0
VERTEX
8
RASTER
10
167.35
20
169.52
30
0
0
VERTEX
8
RASTER
10
167.35
20
169.14
30
0
0
VERTEX
8
RASTER
10
166.97
20
169.14
30
0
0
SEQEND
8
RASTER
0
POLYLINE
8
RASTER
66
1
70
1
0
VERTEX
8
RASTER
10
168.87
20
171.8
30
0
0
VERTEX
8
RASTER
10
170.01
20
171.8
30
0
0
VERTEX
8
RASTER
10
170.01
20
171.42
30
0
0
VERTEX
8
RASTER
10
168.87
20
171.42
30
0
0
SEQEND
8
RASTER
0
POLYLINE
8
RASTER
66
1
70
1
0
VERTEX
8
RASTER
10
168.49
20
171.42
30
0
0
VERTEX
8
RASTER
10
168.87
20
171.42
30
0
0
VERTEX
8
RASTER
10
168.87
20
171.04
30
0
0
VERTEX
8
RASTER
10
168.49
20
171.04
30
0
0
SEQEND
8
RASTER
0
POLYLINE
8
RASTER
66
1
70
1
0
VERTEX
8
RASTER
10
170.01
20
171.42
30
0
0
VERTEX
8
RASTER
10
170.39
20
171.42
30
0
0
VERTEX
8
RASTER
10
170.39
20
171.04
30
0
0
VERTEX
8
RASTER
10
170.01
20
171.04
30
0
0
SEQEND
8
RASTER
0
POLYLINE
8
RASTER
66
1
70
1
0
VERTEX
8
RASTER
10
168.49
20
171.04
30
0
0
VERTEX
8
RASTER
10
168.87
20
171.04
30
0
0
VERTEX
8
RASTER
10
168.87
20
170.66
30
0
0
VERTEX
8
RASTER
10
168.49
20
170.66
30
0
0
SEQEND
8
RASTER
0
POLYLINE
8
RASTER
66
1
70
1
0
VERTEX
8
RASTER
10
170.01
20
171.04
30
0
0
VERTEX
8
RASTER
10
170.39
20
171.04
30
0
0
VERTEX
8
RASTER
10
170.39
20
170.66
30
0
0
VERTEX
8
RASTER
10
170.01
20
170.66
30
0
0
SEQEND
8
RASTER
0
POLYLINE
8
RASTER
66
1
70
1
0
VERTEX
8
RASTER
10
168.49
20
170.66
30
0
0
VERTEX
8
RASTER
10
168.87
20
170.66
30
0
0
VERTEX
8
RASTER
10
168.87
20
170.28
30
0
0
VERTEX
8
RASTER
10
168.49
20
170.28
30
0
0
SEQEND
8
RASTER
0
POLYLINE
8
RASTER
66
1
70
1
0
VERTEX
8
RASTER
10
170.01
20
170.66
30
0
0
VERTEX
8
RASTER
10
170.39
20
170.66
30
0
0
VERTEX
8
RASTER
10
170.39
20
170.28
30
0
0
VERTEX
8
RASTER
10
170.01
20
170.28
30
0
0
SEQEND
8
RASTER
0
POLYLINE
8
RASTER
66
1
70
1
0
VERTEX
8
RASTER
10
168.49
20
170.28
30
0
0
VERTEX
8
RASTER
10
168.87
20
170.28
30
0
0
VERTEX
8
RASTER
10
168.87
20
169.9
30
0
0
VERTEX
8
RASTER
10
168.49
20
169.9
30
0
0
SEQEND
8
RASTER
0
POLYLINE
8
RASTER
66
1
70
1
0
VERTEX
8
RASTER
10
170.01
20
170.28
30
0
0
VERTEX
8
RASTER
10
170.39
20
170.28
30
0
0
VERTEX
8
RASTER
10
170.39
20
169.9
30
0
0
VERTEX
8
RASTER
10
170.01
20
169.9
30
0
0
SEQEND
8
RASTER
0
POLYLINE
8
RASTER
66
1
70
1
0
VERTEX
8
RASTER
10
168.49
20
169.9
30
0
0
VERTEX
8
RASTER
10
168.87
20
169.9
30
0
0
VERTEX
8
RASTER
10
168.87
20
169.52
30
0
0
VERTEX
8
RASTER
10
168.49
20
169.52
30
0
0
SEQEND
8
RASTER
0
POLYLINE
8
RASTER
66
1
70
1
0
VERTEX
8
RASTER
10
170.01
20
169.9
30
0
0
VERTEX
8
RASTER
10
170.39
20
169.9
30
0
0
VERTEX
8
RASTER
10
170.39
20
169.52
30
0
0
VERTEX
8
RASTER
10
170.01
20
169.52
30
0
0
SEQEND
8
RASTER
0
POLYLINE
8
RASTER
66
1
70
1
0
VERTEX
8
RASTER
10
168.87
20
169.52
30
0
0
VERTEX
8
RASTER
10
170.01
20
169.52
30
0
0
VERTEX
8
RASTER
10
170.01
20
169.14
30
0
0
VERTEX
8
RASTER
10
168.87
20
169.14
30
0
0
SEQEND
8
RASTER
0
POLYLINE
8
RASTER
66
1
70
1
0
VERTEX
8
RASTER
10
170.77
20
171.8
30
0
0
VERTEX
8
RASTER
10
172.29
20
171.8
30
0
0
VERTEX
8
RASTER
10
172.29
20
171.42
30
0
0
VERTEX
8
RASTER
10
170.77
20
171.42
30
0
0
SEQEND
8
RASTER
0
POLYLINE
8
RASTER
66
1
70
1
0
VERTEX
8
RASTER
10
170.77
20
171.42
30
0
0
VERTEX
8
RASTER
10
171.15
20
171.42
30
0
0
VERTEX
8
RASTER
10
171.15
20
171.04
30
0
0
VERTEX
8
RASTER
10
170.77
20
171.04
30
0
0
SEQEND
8
RASTER
0
POLYLINE
8
RASTER
66
1
70
1
0
VERTEX
8
RASTER
10
172.29
20
171.42
30
0
0
VERTEX
8
RASTER
10
172.67
20
171.42
30
0
0
VERTEX
8
RASTER
10
172.67
20
171.04
30
0
0
VERTEX
8
RASTER
10
172.29
20
171.04
30
0
0
SEQEND
8
RASTER
0
POLYLINE
8
RASTER
66
1
70
1
0
VERTEX
8
RASTER
10
170.77
20
171.04
30
0
0
VERTEX
8
RASTER
10
171.15
20
171.04
30
0
0
VERTEX
8
RASTER
10
171.15
20
170.66
30
0
0
VERTEX
8
RASTER
10
170.77
20
170.66
30
0
0
SEQEND
8
RASTER
0
POLYLINE
8
RASTER
66
1
70
1
0
VERTEX
8
RASTER
10
172.29
20
171.04
30
0
0
VERTEX
8
RASTER
10
172.67
20
171.04
30
0
0
VERTEX
8
RASTER
10
172.67
20
170.66
30
0
0
VERTEX
8
RASTER
10
172.29
20
170.66
30
0
0
SEQEND
8
RASTER
0
POLYLINE
8
RASTER
66
1
70
1
0
VERTEX
8
RASTER
10
170.77
20
170.66
30
0
0
VERTEX
8
RASTER
10
172.29
20
170.66
30
0
0
VERTEX
8
RASTER
10
172.29
20
170.28
30
0
0
VERTEX
8
RASTER
10
170.77
20
170.28
30
0
0
SEQEND
8
RASTER
0
POLYLINE
8
RASTER
66
1
70
1
0
VERTEX
8
RASTER
10
170.77
20
170.28
30
0
0
VERTEX
8
RASTER
10
171.15
20
170.28
30
0
0
VERTEX
8
RASTER
10
171.15
20
169.9
30
0
0
VERTEX
8
RASTER
10
170.77
20
169.9
30
0
0
SEQEND
8
RASTER
0
POLYLINE
8
RASTER
66
1
70
1
0
VERTEX
8
RASTER
10
171.53
20
170.28
30
0
0
VERTEX
8
RASTER
10
171.91
20
170.28
30
0
0
VERTEX
8
RASTER
10
171.91
20
169.9
30
0
0
VERTEX
8
RASTER
10
171.53
20
169.9
30
0
0
SEQEND
8
RASTER
0
POLYLINE
8
RASTER
66
1
70
1
0
VERTEX
8
RASTER
10
170.77
20
169.9
30
0
0
VERTEX
8
RASTER
10
171.15
20
169.9
30
0
0
VERTEX
8
RASTER
10
171.15
20
169.52
30
0
0
VERTEX
8
RASTER
10
170.77
20
169.52
30
0
0
SEQEND
8
RASTER
0
POLYLINE
8
RASTER
66
1
70
1
0
VERTEX
8
RASTER
10
171.91
20
169.9
30
0
0
VERTEX
8
RASTER
10
172.29
20
169.9
30
0
0
VERTEX
8
RASTER
10
172.29
20
169.52
30
0
0
VERTEX
8
RASTER
10
171.91
20
169.52
30
0
0
SEQEND
8
RASTER
0
POLYLINE
8
RASTER
66
1
70
1
0
VERTEX
8
RASTER
10
170.77
20
169.52
30
0
0
VERTEX
8
RASTER
10
171.15
20
169.52
30
0
0
VERTEX
8
RASTER
10
171.15
20
169.14
30
0
0
VERTEX
8
RASTER
10
170.77
20
169.14
30
0
0
SEQEND
8
RASTER
0
POLYLINE
8
RASTER
66
1
70
1
0
VERTEX
8
RASTER
10
172.29
20
169.52
30
0
0
VERTEX
8
RASTER
10
172.67
20
169.52
30
0
0
VERTEX
8
RASTER
10
172.67
20
169.14
30
0
0
VERTEX
8
RASTER
10
172.29
20
169.14
30
0
0
SEQEND
8
RASTER
0
POLYLINE
8
RASTER
66
1
70
1
0
VERTEX
8
RASTER
10
173.05
20
171.8
30
0
0
VERTEX
8
RASTER
10
174.95
20
171.8
30
0
0
VERTEX
8
RASTER
10
174.95
20
171.42
30
0
0
VERTEX
8
RASTER
10
173.05
20
171.42
30
0
0
SEQEND
8
RASTER
0
POLYLINE
8
RASTER
66
1
70
1
0
VERTEX
8
RASTER
10
173.81
20
171.42
30
0
0
VERTEX
8
RASTER
10
174.19
20
171.42
30
0
0
VERTEX
8
RASTER
10
174.19
20
171.04
30
0
0
VERTEX
8
RASTER
10
173.81
20
171.04
30
0
0
SEQEND
8
RASTER
0
POLYLINE
8
RASTER
66
1
70
1
0
VERTEX
8
RASTER
10
173.81
20
171.04
30
0
0
VERTEX
8
RASTER
10
174.19
20
171.04
30
0
0
VERTEX
8
RASTER
10
174.19
20
170.66
30
0
0
VERTEX
8
RASTER
10
173.81
20
170.66
30
0
0
SEQEND
8
RASTER
0
POLYLINE
8
RASTER
66
1
70
1
0
VERTEX
8
RASTER
10
173.81
20
170.66
30
0
0
VERTEX
8
RASTER
10
174.19
20
170.66
30
0
0
VERTEX
8
RASTER
10
174.19
20
170.28
30
0
0
VERTEX
8
RASTER
10
173.81
20
170.28
30
0
0
SEQEND
8
RASTER
0
POLYLINE
8
RASTER
66
1
70
1
0
VERTEX
8
RASTER
10
173.81
20
170.28
30
0
0
VERTEX
8
RASTER
10
174.19
20
170.28
30
0
0
VERTEX
8
RASTER
10
174.19
20
169.9
30
0
0
VERTEX
8
RASTER
10
173.81
20
169.9
30
0
0
SEQEND
8
RASTER
0
POLYLINE
8
RASTER
66
1
70
1
0
VERTEX
8
RASTER
10
173.81
20
169.9
30
0
0
VERTEX
8
RASTER
10
174.19
20
169.9
30
0
0
VERTEX
8
RASTER
10
174.19
20
169.52
30
0
0
VERTEX
8
RASTER
10
173.81
20
169.52
30
0
0
SEQEND
8
RASTER
0
POLYLINE
8
RASTER
66
1
70
1
0
VERTEX
8
RASTER
10
173.81
20
169.52
30
0
0
VERTEX
8
RASTER
10
174.19
20
169.52
30
0
0
VERTEX
8
RASTER
10
174.19
20
169.14
30
0
0
VERTEX
8
RASTER
10
173.81
20
169.14
30
0
0
SEQEND
8
RASTER
0
POLYLINE
8
RASTER
66
1
70
1
0
VERTEX
8
RASTER
10
175.33
20
171.8
30
0
0
VERTEX
8
RASTER
10
175.71
20
171.8
30
0
0
VERTEX
8
RASTER
10
175.71
20
171.42
30
0
0
VERTEX
8
RASTER
10
175.33
20
171.42
30
0
0
SEQEND
8
RASTER
0
POLYLINE
8
RASTER
66
1
70
1
0
VERTEX
8
RASTER
10
176.85
20
171.8
30
0
0
VERTEX
8
RASTER
10
177.23
20
171.8
30
0
0
VERTEX
8
RASTER
10
177.23
20
171.42
30
0
0
VERTEX
8
RASTER
10
176.85
20
171.42
30
0
0
SEQEND
8
RASTER
0
POLYLINE
8
RASTER
66
1
70
1
0
VERTEX
8
RASTER
10
175.33
20
171.42
30
0
0
VERTEX
8
RASTER
10
175.71
20
171.42
30
0
0
VERTEX
8
RASTER
10
175.71
20
171.04
30
0
0
VERTEX
8
RASTER
10
175.33
20
171.04
30
0
0
SEQEND
8
RASTER
0
POLYLINE
8
RASTER
66
1
70
1
0
VERTEX
8
RASTER
10
176.85
20
171.42
30
0
0
VERTEX
8
RASTER
10
177.23
20
171.42
30
0
0
VERTEX
8
RASTER
10
177.23
20
171.04
30
0
0
VERTEX
8
RASTER
10
176.85
20
171.04
30
0
0
SEQEND
8
RASTER
0
POLYLINE
8
RASTER
66
1
70
1
0
VERTEX
8
RASTER
10
175.33
20
171.04
30
0
0
VERTEX
8
RASTER
10
175.71
20
171.04
30
0
0
VERTEX
8
RASTER
10
175.71
20
170.66
30
0
0
VERTEX
8
RASTER
10
175.33
20
170.66
30
0
0
SEQEND
8
RASTER
0
POLYLINE
8
RASTER
66
1
70
1
0
VERTEX
8
RASTER
10
176.85
20
171.04
30
0
0
VERTEX
8
RASTER
10
177.23
20
171.04
30
0
0
VERTEX
8
RASTER
10
177.23
20
170.66
30
0
0
VERTEX
8
RASTER
10
176.85
20
170.66
30
0
0
SEQEND
8
RASTER
0
POLYLINE
8
RASTER
66
1
70
1
0
VERTEX
8
RASTER
10
175.33
20
170.66
30
0
0
VERTEX
8
RASTER
10
175.71
20
170.66
30
0
0
VERTEX
8
RASTER
10
175.71
20
170.28
30
0
0
VERTEX
8
RASTER
10
175.33
20
170.28
30
0
0
SEQEND
8
RASTER
0
POLYLINE
8
RASTER
66
1
70
1
0
VERTEX
8
RASTER
10
176.85
20
170.66
30
0
0
VERTEX
8
RASTER
10
177.23
20
170.66
30
0
0
VERTEX
8
RASTER
10
177.23
20
170.28
30
0
0
VERTEX
8
RASTER
10
176.85
20
170.28
30
0
0
SEQEND
8
RASTER
0
POLYLINE
8
RASTER
66
1
70
1
0
VERTEX
8
RASTER
10
175.33
20
170.28
30
0
0
VERTEX
8
RASTER
10
175.71
20
170.28
30
0
0
VERTEX
8
RASTER
10
175.71
20
169.9
30
0
0
VERTEX
8
RASTER
10
175.33
20
169.9
30
0
0
SEQEND
8
RASTER
0
POLYLINE
8
RASTER
66
1
70
1
0
VERTEX
8
RASTER
10
176.85
20
170.28
30
0
0
VERTEX
8
RASTER
10
177.23
20
170.28
30
0
0
VERTEX
8
RASTER
10
177.23
20
169.9
30
0
0
VERTEX
8
RASTER
10
176.85
20
169.9
30
0
0
SEQEND
8
RASTER
0
POLYLINE
8
RASTER
66
1
70
1
0
VERTEX
8
RASTER
10
175.33
20
169.9
30
0
0
VERTEX
8
RASTER
10
175.71
20
169.9
30
0
0
VERTEX
8
RASTER
10
175.71
20
169.52
30
0
0
VERTEX
8
RASTER
10
175.33
20
169.52
30
0
0
SEQEND
8
RASTER
0
POLYLINE
8
RASTER
66
1
70
1
0
VERTEX
8
RASTER
10
176.85
20
169.9
30
0
0
VERTEX
8
RASTER
10
177.23
20
169.9
30
0
0
VERTEX
8
RASTER
10
177.23
20
169.52
30
0
0
VERTEX
8
RASTER
10
176.85
20
169.52
30
0
0
SEQEND
8
RASTER
0
POLYLINE
8
RASTER
66
1
70
1
0
VERTEX
8
RASTER
10
175.71
20
169.52
30
0
0
VERTEX
8
RASTER
10
176.85
20
169.52
30
0
0
VERTEX
8
RASTER
10
176.85
20
169.14
30
0
0
VERTEX
8
RASTER
10
175.71
20
169.14
30
0
0
SEQEND
8
RASTER
0
POLYLINE
8
RASTER
66
1
70
1
0
VERTEX
8
RASTER
10
177.99
20
171.8
30
0
0
VERTEX
8
RASTER
10
179.51
20
171.8
30
0
0
VERTEX
8
RASTER
10
179.51
20
171.42
30
0
0
VERTEX
8
RASTER
10
177.99
20
171.42
30
0
0
SEQEND
8
RASTER
0
POLYLINE
8
RASTER
66
1
70
1
0
VERTEX
8
RASTER
10
177.61
20
171.42
30
0
0
VERTEX
8
RASTER
10
177.99
20
171.42
30
0
0
VERTEX
8
RASTER
10
177.99
20
171.04
30
0
0
VERTEX
8
RASTER
10
177.61
20
171.04
30
0
0
SEQEND
8
RASTER
0
POLYLINE
8
RASTER
66
1
70
1
0
VERTEX
8
RASTER
10
177.61
20
171.04
30
0
0
VERTEX
8
RASTER
10
177.99
20
171.04
30
0
0
VERTEX
8
RASTER
10
177.99
20
170.66
30
0
0
VERTEX
8
RASTER
10
177.61
20
170.66
30
0
0
SEQEND
8
RASTER
0
POLYLINE
8
RASTER
66
1
70
1
0
VERTEX
8
RASTER
10
177.61
20
170.66
30
0
0
VERTEX
8
RASTER
10
177.99
20
170.66
30
0
0
VERTEX
8
RASTER
10
177.99
20
170.28
30
0
0
VERTEX
8
RASTER
10
177.61
20
170.28
30
0
0
SEQEND
8
RASTER
0
POLYLINE
8
RASTER
66
1
70
1
0
VERTEX
8
RASTER
10
178.37
20
170.66
30
0
0
VERTEX
8
RASTER
10
179.51
20
170.66
30
0
0
VERTEX
8
RASTER
10
179.51
20
170.28
30
0
0
VERTEX
8
RASTER
10
178.37
20
170.28
30
0
0
SEQEND
8
RASTER
0
POLYLINE
8
RASTER
66
1
70
1
0
VERTEX
8
RASTER
10
177.61
20
170.28
30
0
0
VERTEX
8
RASTER
10
177.99
20
170.28
30
0
0
VERTEX
8
RASTER
10
177.99
20
169.9
30
0
0
VERTEX
8
RASTER
10
177.61
20
169.9
30
0
0
SEQEND
8
RASTER
0
POLYLINE
8
RASTER
66
1
70
1
0
VERTEX
8
RASTER
10
179.13
20
170.28
30
0
0
VERTEX
8
RASTER
10
179.51
20
170.28
30
0
0
VERTEX
8
RASTER
10
179.51
20
169.9
30
0
0
VERTEX
8
RASTER
10
179.13
20
169.9
30
0
0
SEQEND
8
RASTER
0
POLYLINE
8
RASTER
66
1
70
1
0
VERTEX
8
RASTER
10
177.61
20
169.9
30
0
0
VERTEX
8
RASTER
10
177.99
20
169.9
30
0
0
VERTEX
8
RASTER
10
177.99
20
169.52
30
0
0
VERTEX
8
RASTER
10
177.61
20
169.52
30
0
0
SEQEND
8
RASTER
0
POLYLINE
8
RASTER
66
1
70
1
0
VERTEX
8
RASTER
10
179.13
20
169.9
30
0
0
VERTEX
8
RASTER
10
179.51
20
169.9
30
0
0
VERTEX
8
RASTER
10
179.51
20
169.52
30
0
0
VERTEX
8
RASTER
10
179.13
20
169.52
30
0
0
SEQEND
8
RASTER
0
POLYLINE
8
RASTER
66
1
70
1
0
VERTEX
8
RASTER
10
177.99
20
169.52
30
0
0
VERTEX
8
RASTER
10
179.51
20
169.52
30
0
0
VERTEX
8
RASTER
10
179.51
20
169.14
30
0
0
VERTEX
8
RASTER
10
177.99
20
169.14
30
0
0
SEQEND
8
RASTER
0
POLYLINE
8
RASTER
66
1
70
1
0
VERTEX
8
RASTER
10
180.27
20
171.8
30
0
0
VERTEX
8
RASTER
10
181.41
20
171.8
30
0
0
VERTEX
8
RASTER
10
181.41
20
171.42
30
0
0
VERTEX
8
RASTER
10
180.27
20
171.42
30
0
0
SEQEND
8
RASTER
0
POLYLINE
8
RASTER
66
1
70
1
0
VERTEX
8
RASTER
10
179.89
20
171.42
30
0
0
VERTEX
8
RASTER
10
180.27
20
171.42
30
0
0
VERTEX
8
RASTER
10
180.27
20
171.04
30
0
0
VERTEX
8
RASTER
10
179.89
20
171.04
30
0
0
SEQEND
8
RASTER
0
POLYLINE
8
RASTER
66
1
70
1
0
VERTEX
8
RASTER
10
181.41
20
171.42
30
0
0
VERTEX
8
RASTER
10
181.79
20
171.42
30
0
0
VERTEX
8
RASTER
10
181.79
20
171.04
30
0
0
VERTEX
8
RASTER
10
181.41
20
171.04
30
0
0
SEQEND
8
RASTER
0
POLYLINE
8
RASTER
66
1
70
1
0
VERTEX
8
RASTER
10
179.89
20
171.04
30
0
0
VERTEX
8
RASTER
10
180.27
20
171.04
30
0
0
VERTEX
8
RASTER
10
180.27
20
170.66
30
0
0
VERTEX
8
RASTER
10
179.89
20
170.66
30
0
0
SEQEND
8
RASTER
0
POLYLINE
8
RASTER
66
1
70
1
0
VERTEX
8
RASTER
10
181.41
20
171.04
30
0
0
VERTEX
8
RASTER
10
181.79
20
171.04
30
0
0
VERTEX
8
RASTER
10
181.79
20
170.66
30
0
0
VERTEX
8
RASTER
10
181.41
20
170.66
30
0
0
SEQEND
8
RASTER
0
POLYLINE
8
RASTER
66
1
70
1
0
VERTEX
8
RASTER
10
179.89
20
170.66
30
0
0
VERTEX
8
RASTER
10
181.79
20
170.66
30
0
0
VERTEX
8
RASTER
10
181.79
20
170.28
30
0
0
VERTEX
8
RASTER
10
179.89
20
170.28
30
0
0
SEQEND
8
RASTER
0
POLYLINE
8
RASTER
66
1
70
1
0
VERTEX
8
RASTER
10
179.89
20
170.28
30
0
0
VERTEX
8
RASTER
10
180.27
20
170.28
30
0
0
VERTEX
8
RASTER
10
180.27
20
169.9
30
0
0
VERTEX
8
RASTER
10
179.89
20
169.9
30
0
0
SEQEND
8
RASTER
0
POLYLINE
8
RASTER
66
1
70
1
0
VERTEX
8
RASTER
10
181.41
20
170.28
30
0
0
VERTEX
8
RASTER
10
181.79
20
170.28
30
0
0
VERTEX
8
RASTER
10
181.79
20
169.9
30
0
0
VERTEX
8
RASTER
10
181.41
20
169.9
30
0
0
SEQEND
8
RASTER
0
POLYLINE
8
RASTER
66
1
70
1
0
VERTEX
8
RASTER
10
179.89
20
169.9
30
0
0
VERTEX
8
RASTER
10
180.27
20
169.9
30
0
0
VERTEX
8
RASTER
10
180.27
20
169.52
30
0
0
VERTEX
8
RASTER
10
179.89
20
169.52
30
0
0
SEQEND
8
RASTER
0
POLYLINE
8
RASTER
66
1
70
1
0
VERTEX
8
RASTER
10
181.41
20
169.9
30
0
0
VERTEX
8
RASTER
10
181.79
20
169.9
30
0
0
VERTEX
8
RASTER
10
181.79
20
169.52
30
0
0
VERTEX
8
RASTER
10
181.41
20
169.52
30
0
0
SEQEND
8
RASTER
0
POLYLINE
8
RASTER
66
1
70
1
0
VERTEX
8
RASTER
10
179.89
20
169.52
30
0
0
VERTEX
8
RASTER
10
180.27
20
169.52
30
0
0
VERTEX
8
RASTER
10
180.27
20
169.14
30
0
0
VERTEX
8
RASTER
10
179.89
20
169.14
30
0
0
SEQEND
8
RASTER
0
POLYLINE
8
RASTER
66
1
70
1
0
VERTEX
8
RASTER
10
181.41
20
169.52
30
0
0
VERTEX
8
RASTER
10
181.79
20
169.52
30
0
0
VERTEX
8
RASTER
10
181.79
20
169.14
30
0
0
VERTEX
8
RASTER
10
181.41
20
169.14
30
0
0
SEQEND
8
RASTER
0
POLYLINE
8
RASTER
66
1
70
1
0
VERTEX
8
RASTER
10
176.788
20
197.28
30
0
0
VERTEX
8
RASTER
10
176.903
20
197.272
30
0
0
VERTEX
8
RASTER
10
177.003
20
197.249
30
0
0
VERTEX
8
RASTER
10
177.088
20
197.211
30
0
0
VERTEX
8
RASTER
10
177.157
20
197.157
30
0
0
VERTEX
8
RASTER
10
177.211
20
197.088
30
0
0
VERTEX
8
RASTER
10
177.249
20
197.003
30
0
0
VERTEX
8
RASTER
10
177.272
20
196.903
30
0
0
VERTEX
8
RASTER
10
177.28
20
196.788
30
0
0
VERTEX
8
RASTER
10
177.28
20
186.62
30
0
0
VERTEX
8
RASTER
10
177.272
20
186.505
30
0
0
VERTEX
8
RASTER
10
177.249
20
186.405
30
0
0
VERTEX
8
RASTER
10
177.211
20
186.32
30
0
0
VERTEX
8
RASTER
10
177.157
20
186.251
30
0
0
VERTEX
8
RASTER
10
177.088
20
186.197
30
0
0
VERTEX
8
RASTER
10
177.003
20
186.159
30
0
0
VERTEX
8
RASTER
10
176.903
20
186.136
30
0
0
VERTEX
8
RASTER
10
176.788
20
186.128
30
0
0
VERTEX
8
RASTER
10
171.212
20
186.128
30
0
0
VERTEX
8
RASTER
10
171.097
20
186.136
30
0
0
VERTEX
8
RASTER
10
170.997
20
186.159
30
0
0
VERTEX
8
RASTER
10
170.912
20
186.197
30
0
0
VERTEX
8
RASTER
10
170.843
20
186.251
30
0
0
VERTEX
8
RASTER
10
170.789
20
186.32
30
0
0
VERTEX
8
RASTER
10
170.751
20
186.405
30
0
0
VERTEX
8
RASTER
10
170.728
20
186.505
30
0
0
VERTEX
8
RASTER
10
170.72
20
186.62
30
0
0
VERTEX
8
RASTER
10
170.72
20
196.788
30
0
0
VERTEX
8
RASTER
10
170.728
20
196.903
30
0
0
VERTEX
8
RASTER
10
170.751
20
197.003
30
0
0
VERTEX
8
RASTER
10
170.789
20
197.088
30
0
0
VERTEX
8
RASTER
10
170.843
20
197.157
30
0
0
VERTEX
8
RASTER
10
170.912
20
197.211
30
0
0
VERTEX
8
RASTER
10
170.997
20
197.249
30
0
0
VERTEX
8
RASTER
10
171.097
20
197.272
30
0
0
VERTEX
8
RASTER
10
171.212
20
197.28
30
0
0
SEQEND
8
RASTER
0
POLYLINE
8
RASTER
66
1
70
1
0
VERTEX
8
RASTER
10
176.788
20
195.181
30
0
0
VERTEX
8
RASTER
10
171.212
20
195.181
30
0
0
VERTEX
8
RASTER
10
171.212
20
194.787
30
0
0
VERTEX
8
RASTER
10
176.788
20
194.787
30
0
0
VERTEX
8
RASTER
10
176.788
20
195.181
30
0
0
SEQEND
8
RASTER
0
POLYLINE
8
RASTER
66
1
70
1
0
VERTEX
8
RASTER
10
176.788
20
193.213
30
0
0
VERTEX
8
RASTER
10
171.212
20
193.213
30
0
0
VERTEX
8
RASTER
10
171.212
20
192.819
30
0
0
VERTEX
8
RASTER
10
176.788
20
192.819
30
0
0
VERTEX
8
RASTER
10
176.788
20
193.213
30
0
0
SEQEND
8
RASTER
0
POLYLINE
8
RASTER
66
1
70
1
0
VERTEX
8
RASTER
10
176.788
20
191.245
30
0
0
VERTEX
8
RASTER
10
171.212
20
191.245
30
0
0
VERTEX
8
RASTER
10
171.212
20
190.851
30
0
0
VERTEX
8
RASTER
10
176.788
20
190.851
30
0
0
VERTEX
8
RASTER
10
176.788
20
191.245
30
0
0
SEQEND
8
RASTER
0
POLYLINE
8
RASTER
66
1
70
1
0
VERTEX
8
RASTER
10
176.788
20
189.277
30
0
0
VERTEX
8
RASTER
10
171.212
20
189.277
30
0
0
VERTEX
8
RASTER
10
171.212
20
188.883
30
0
0
VERTEX
8
RASTER
10
176.788
20
188.883
30
0
0
VERTEX
8
RASTER
10
176.788
20
189.277
30
0
0
SEQEND
8
RASTER
0
POLYLINE
8
RASTER
66
1
70
1
0
VERTEX
8
RASTER
10
176.788
20
187.309
30
0
0
VERTEX
8
RASTER
10
171.212
20
187.309
30
0
0
VERTEX
8
RASTER
10
171.212
20
186.915
30
0
0
VERTEX
8
RASTER
10
176.788
20
186.915
30
0
0
VERTEX
8
RASTER
10
176.788
20
187.309
30
0
0
SEQEND
8
RASTER
0
CIRCLE
8
RASTER
10
178.592
20
198.264
30
0
40
0.82
0
CIRCLE
8
RASTER
10
169.408
20
198.264
30
0
40
0.82
0
POLYLINE
8
RASTER
66
1
70
1
0
VERTEX
8
RASTER
10
171.212
20
150.72
30
0
0
VERTEX
8
RASTER
10
171.097
20
150.728
30
0
0
VERTEX
8
RASTER
10
170.997
20
150.751
30
0
0
VERTEX
8
RASTER
10
170.912
20
150.789
30
0
0
VERTEX
8
RASTER
10
170.843
20
150.843
30
0
0
VERTEX
8
RASTER
10
170.789
20
150.912
30
0
0
VERTEX
8
RASTER
10
170.751
20
150.997
30
0
0
VERTEX
8
RASTER
10
170.728
20
151.097
30
0
0
VERTEX
8
RASTER
10
170.72
20
151.212
30
0
0
VERTEX
8
RASTER
10
170.72
20
161.38
30
0
0
VERTEX
8
RASTER
10
170.728
20
161.495
30
0
0
VERTEX
8
RASTER
10
170.751
20
161.595
30
0
0
VERTEX
8
RASTER
10
170.789
20
161.68
30
0
0
VERTEX
8
RASTER
10
170.843
20
161.749
30
0
0
VERTEX
8
RASTER
10
170.912
20
161.803
30
0
0
VERTEX
8
RASTER
10
170.997
20
161.841
30
0
0
VERTEX
8
RASTER
10
171.097
20
161.864
30
0
0
VERTEX
8
RASTER
10
171.212
20
161.872
30
0
0
VERTEX
8
RASTER
10
176.788
20
161.872
30
0
0
VERTEX
8
RASTER
10
176.903
20
161.864
30
0
0
VERTEX
8
RASTER
10
177.003
20
161.841
30
0
0
VERTEX
8
RASTER
10
177.088
20
161.803
30
0
0
VERTEX
8
RASTER
10
177.157
20
161.749
30
0
0
VERTEX
8
RASTER
10
177.211
20
161.68
30
0
0
VERTEX
8
RASTER
10
177.249
20
161.595
30
0
0
VERTEX
8
RASTER
10
177.272
20
161.495
30
0
0
VERTEX
8
RASTER
10
177.28
20
161.38
30
0
0
VERTEX
8
RASTER
10
177.28
20
151.212
30
0
0
VERTEX
8
RASTER
10
177.272
20
151.097
30
0
0
VERTEX
8
RASTER
10
177.249
20
150.997
30
0
0
VERTEX
8
RASTER
10
177.211
20
150.912
30
0
0
VERTEX
8
RASTER
10
177.157
20
150.843
30
0
0
VERTEX
8
RASTER
10
177.088
20
150.789
30
0
0
VERTEX
8
RASTER
10
177.003
20
150.751
30
0
0
VERTEX
8
RASTER
10
176.903
20
150.728
30
0
0
VERTEX
8
RASTER
10
176.788
20
150.72
30
0
0
SEQEND
8
RASTER
0
POLYLINE
8
RASTER
66
1
70
1
0
VERTEX
8
RASTER
10
171.212
20
152.819
30
0
0
VERTEX
8
RASTER
10
176.788
20
152.819
30
0
0
VERTEX
8
RASTER
10
176.788
20
153.213
30
0
0
VERTEX
8
RASTER
10
171.212
20
153.213
30
0
0
VERTEX
8
RASTER
10
171.212
20
152.819
30
0
0
SEQEND
8
RASTER
0
POLYLINE
8
RASTER
66
1
70
1
0
VERTEX
8
RASTER
10
171.212
20
154.787
30
0
0
VERTEX
8
RASTER
10
176.788
20
154.787
30
0
0
VERTEX
8
RASTER
10
176.788
20
155.181
30
0
0
VERTEX
8
RASTER
10
171.212
20
155.181
30
0
0
VERTEX
8
RASTER
10
171.212
20
154.787
30
0
0
SEQEND
8
RASTER
0
POLYLINE
8
RASTER
66
1
70
1
0
VERTEX
8
RASTER
10
171.212
20
156.755
30
0
0
VERTEX
8
RASTER
10
176.788
20
156.755
30
0
0
VERTEX
8
RASTER
10
176.788
20
157.149
30
0
0
VERTEX
8
RASTER
10
171.212
20
157.149
30
0
0
VERTEX
8
RASTER
10
171.212
20
156.755
30
0
0
SEQEND
8
RASTER
0
POLYLINE
8
RASTER
66
1
70
1
0
VERTEX
8
RASTER
10
171.212
20
158.723
30
0
0
VERTEX
8
RASTER
10
176.788
20
158.723
30
0
0
VERTEX
8
RASTER
10
176.788
20
159.117
30
0
0
VERTEX
8
RASTER
10
171.212
20
159.117
30
0
0
VERTEX
8
RASTER
10
171.212
20
158.723
30
0
0
SEQEND
8
RASTER
0
POLYLINE
8
RASTER
66
1
70
1
0
VERTEX
8
RASTER
10
171.212
20
160.691
30
0
0
VERTEX
8
RASTER
10
176.788
20
160.691
30
0
0
VERTEX
8
RASTER
10
176.788
20
161.085
30
0
0
VERTEX
8
RASTER
10
171.212
20
161.085
30
0
0
VERTEX
8
RASTER
10
171.212
20
160.691
30
0
0
SEQEND
8
RASTER
0
CIRCLE
8
RASTER
10
169.408
20
149.736
30
0
40
0.82
0
CIRCLE
8
RASTER
10
178.592
20
149.736
30
0
40
0.82
0
POLYLINE
8
RASTER
66
1
70
1
0
VERTEX
8
RASTER
10
197.28
20
171.212
30
0
0
VERTEX
8
RASTER
10
197.272
20
171.097
30
0
0
VERTEX
8
RASTER
10
197.249
20
170.997
30
0
0
VERTEX
8
RASTER
10
197.211
20
170.912
30
0
0
VERTEX
8
RASTER
10
197.157
20
170.843
30
0
0
VERTEX
8
RASTER
10
197.088
20
170.789
30
0
0
VERTEX
8
RASTER
10
197.003
20
170.751
30
0
0
VERTEX
8
RASTER
10
196.903
20
170.728
30
0
0
VERTEX
8
RASTER
10
196.788
20
170.72
30
0
0
VERTEX
8
RASTER
10
186.62
20
170.72
30
0
0
VERTEX
8
RASTER
10
186.505
20
170.728
30
0
0
VERTEX
8
RASTER
10
186.405
20
170.751
30
0
0
VERTEX
8
RASTER
10
186.32
20
170.789
30
0
0
VERTEX
8
RASTER
10
186.251
20
170.843
30
0
0
VERTEX
8
RASTER
10
186.197
20
170.912
30
0
0
VERTEX
8
RASTER
10
186.159
20
170.997
30
0
0
VERTEX
8
RASTER
10
186.136
20
171.097
30
0
0
VERTEX
8
RASTER
10
186.128
20
171.212
30
0
0
VERTEX
8
RASTER
10
186.128
20
176.788
30
0
0
VERTEX
8
RASTER
10
186.136
20
176.903
30
0
0
VERTEX
8
RASTER
10
186.159
20
177.003
30
0
0
VERTEX
8
RASTER
10
186.197
20
177.088
30
0
0
VERTEX
8
RASTER
10
186.251
20
177.157
30
0
0
VERTEX
8
RASTER
10
186.32
20
177.211
30
0
0
VERTEX
8
RASTER
10
186.405
20
177.249
30
0
0
VERTEX
8
RASTER
10
186.505
20
177.272
30
0
0
VERTEX
8
RASTER
10
186.62
20
177.28
30
0
0
VERTEX
8
RASTER
10
196.788
20
177.28
30
0
0
VERTEX
8
RASTER
10
196.903
20
177.272
30
0
0
VERTEX
8
RASTER
10
197.003
20
177.249
30
0
0
VERTEX
8
RASTER
10
197.088
20
177.211
30
0
0
VERTEX
8
RASTER
10
197.157
20
177.157
30
0
0
VERTEX
8
RASTER
10
197.211
20
177.088
30
0
0
VERTEX
8
RASTER
10
197.249
20
177.003
30
0
0
VERTEX
8
RASTER
10
197.272
20
176.903
30
0
0
VERTEX
8
RASTER
10
197.28
20
176.788
30
0
0
SEQEND
8
RASTER
0
POLYLINE
8
RASTER
66
1
70
1
0
VERTEX
8
RASTER
10
195.181
20
171.212
30
0
0
VERTEX
8
RASTER
10
195.181
20
176.788
30
0
0
VERTEX
8
RASTER
10
194.787
20
176.788
30
0
0
VERTEX
8
RASTER
10
194.787
20
171.212
30
0
0
VERTEX
8
RASTER
10
195.181
20
171.212
30
0
0
SEQEND
8
RASTER
0
POLYLINE
8
RASTER
66
1
70
1
0
VERTEX
8
RASTER
10
193.213
20
171.212
30
0
0
VERTEX
8
RASTER
10
193.213
20
176.788
30
0
0
VERTEX
8
RASTER
10
192.819
20
176.788
30
0
0
VERTEX
8
RASTER
10
192.819
20
171.212
30
0
0
VERTEX
8
RASTER
10
193.213
20
171.212
30
0
0
SEQEND
8
RASTER
0
POLYLINE
8
RASTER
66
1
70
1
0
VERTEX
8
RASTER
10
191.245
20
171.212
30
0
0
VERTEX
8
RASTER
10
191.245
20
176.788
30
0
0
VERTEX
8
RASTER
10
190.851
20
176.788
30
0
0
VERTEX
8
RASTER
10
190.851
20
171.212
30
0
0
VERTEX
8
RASTER
10
191.245
20
171.212
30
0
0
SEQEND
8
RASTER
0
POLYLINE
8
RASTER
66
1
70
1
0
VERTEX
8
RASTER
10
189.277
20
171.212
30
0
0
VERTEX
8
RASTER
10
189.277
20
176.788
30
0
0
VERTEX
8
RASTER
10
188.883
20
176.788
30
0
0
VERTEX
8
RASTER
10
188.883
20
171.212
30
0
0
VERTEX
8
RASTER
10
189.277
20
171.212
30
0
0
SEQEND
8
RASTER
0
POLYLINE
8
RASTER
66
1
70
1
0
VERTEX
8
RASTER
10
187.309
20
171.212
30
0
0
VERTEX
8
RASTER
10
187.309
20
176.788
30
0
0
VERTEX
8
RASTER
10
186.915
20
176.788
30
0
0
VERTEX
8
RASTER
10
186.915
20
171.212
30
0
0
VERTEX
8
RASTER
10
187.309
20
171.212
30
0
0
SEQEND
8
RASTER
0
CIRCLE
8
RASTER
10
198.264
20
169.408
30
0
40
0.82
0
CIRCLE
8
RASTER
10
198.264
20
178.592
30
0
40
0.82
0
POLYLINE
8
RASTER
66
1
70
1
0
VERTEX
8
RASTER
10
150.72
20
176.788
30
0
0
VERTEX
8
RASTER
10
150.728
20
176.903
30
0
0
VERTEX
8
RASTER
10
150.751
20
177.003
30
0
0
VERTEX
8
RASTER
10
150.789
20
177.088
30
0
0
VERTEX
8
RASTER
10
150.843
20
177.157
30
0
0
VERTEX
8
RASTER
10
150.912
20
177.211
30
0
0
VERTEX
8
RASTER
10
150.997
20
177.249
30
0
0
VERTEX
8
RASTER
10
151.097
20
177.272
30
0
0
VERTEX
8
RASTER
10
151.212
20
177.28
30
0
0
VERTEX
8
RASTER
10
161.38
20
177.28
30
0
0
VERTEX
8
RASTER
10
161.495
20
177.272
30
0
0
VERTEX
8
RASTER
10
161.595
20
177.249
30
0
0
VERTEX
8
RASTER
10
161.68
20
177.211
30
0
0
VERTEX
8
RASTER
10
161.749
20
177.157
30
0
0
VERTEX
8
RASTER
10
161.803
20
177.088
30
0
0
VERTEX
8
RASTER
10
161.841
20
177.003
30
0
0
VERTEX
8
RASTER
10
161.864
20
176.903
30
0
0
VERTEX
8
RASTER
10
161.872
20
176.788
30
0
0
VERTEX
8
RASTER
10
161.872
20
171.212
30
0
0
VERTEX
8
RASTER
10
161.864
20
171.097
30
0
0
VERTEX
8
RASTER
10
161.841
20
170.997
30
0
0
VERTEX
8
RASTER
10
161.803
20
170.912
30
0
0
VERTEX
8
RASTER
10
161.749
20
170.843
30
0
0
VERTEX
8
RASTER
10
161.68
20
170.789
30
0
0
VERTEX
8
RASTER
10
161.595
20
170.751
30
0
0
VERTEX
8
RASTER
10
161.495
20
170.728
30
0
0
VERTEX
8
RASTER
10
161.38
20
170.72
30
0
0
VERTEX
8
RASTER
10
151.212
20
170.72
30
0
0
VERTEX
8
RASTER
10
151.097
20
170.728
30
0
0
VERTEX
8
RASTER
10
150.997
20
170.751
30
0
0
VERTEX
8
RASTER
10
150.912
20
170.789
30
0
0
VERTEX
8
RASTER
10
150.843
20
170.843
30
0
0
VERTEX
8
RASTER
10
150.789
20
170.912
30
0
0
VERTEX
8
RASTER
10
150.751
20
170.997
30
0
0
VERTEX
8
RASTER
10
150.728
20
171.097
30
0
0
VERTEX
8
RASTER
10
150.72
20
171.212
30
0
0
SEQEND
8
RASTER
0
POLYLINE
8
RASTER
66
1
70
1
0
VERTEX
8
RASTER
10
152.819
20
176.788
30
0
0
VERTEX
8
RASTER
10
152.819
20
171.212
30
0
0
VERTEX
8
RASTER
10
153.213
20
171.212
30
0
0
VERTEX
8
RASTER
10
153.213
20
176.788
30
0
0
VERTEX
8
RASTER
10
152.819
20
176.788
30
0
0
SEQEND
8
RASTER
0
POLYLINE
8
RASTER
66
1
70
1
0
VERTEX
8
RASTER
10
154.787
20
176.788
30
0
0
VERTEX
8
RASTER
10
154.787
20
171.212
30
0
0
VERTEX
8
RASTER
10
155.181
20
171.212
30
0
0
VERTEX
8
RASTER
10
155.181
20
176.788
30
0
0
VERTEX
8
RASTER
10
154.787
20
176.788
30
0
0
SEQEND
8
RASTER
0
POLYLINE
8
RASTER
66
1
70
1
0
VERTEX
8
RASTER
10
156.755
20
176.788
30
0
0
VERTEX
8
RASTER
10
156.755
20
171.212
30
0
0
VERTEX
8
RASTER
10
157.149
20
171.212
30
0
0
VERTEX
8
RASTER
10
157.149
20
176.788
30
0
0
VERTEX
8
RASTER
10
156.755
20
176.788
30
0
0
SEQEND
8
RASTER
0
POLYLINE
8
RASTER
66
1
70
1
0
VERTEX
8
RASTER
10
158.723
20
176.788
30
0
0
VERTEX
8
RASTER
10
158.723
20
171.212
30
0
0
VERTEX
8
RASTER
10
159.117
20
171.212
30
0
0
VERTEX
8
RASTER
10
159.117
20
176.788
30
0
0
VERTEX
8
RASTER
10
158.723
20
176.788
30
0
0
SEQEND
8
RASTER
0
POLYLINE
8
RASTER
66
1
70
1
0
VERTEX
8
RASTER
10
160.691
20
176.788
30
0
0
VERTEX
8
RASTER
10
160.691
20
171.212
30
0
0
VERTEX
8
RASTER
10
161.085
20
171.212
30
0
0
VERTEX
8
RASTER
10
161.085
20
176.788
30
0
0
VERTEX
8
RASTER
10
160.691
20
176.788
30
0
0
SEQEND
8
RASTER
0
CIRCLE
8
RASTER
10
149.736
20
178.592
30
0
40
0.82
0
CIRCLE
8
RASTER
10
149.736
20
169.408
30
0
40
0.82
0
POLYLINE
8
CUT
66
1
70
1
0
VERTEX
8
CUT
10
0
20
338
30
0
0
VERTEX
8
CUT
10
0.156
20
340.344
30
0
0
VERTEX
8
CUT
10
0.625
20
342.375
30
0
0
VERTEX
8
CUT
10
1.406
20
344.094
30
0
0
VERTEX
8
CUT
10
2.5
20
345.5
30
0
0
VERTEX
8
CUT
10
3.906
20
346.594
30
0
0
VERTEX
8
CUT
10
5.625
20
347.375
30
0
0
VERTEX
8
CUT
10
7.656
20
347.844
30
0
0
VERTEX
8
CUT
10
10
20
348
30
0
0
VERTEX
8
CUT
10
338
20
348
30
0
0
VERTEX
8
CUT
10
340.344
20
347.844
30
0
0
VERTEX
8
CUT
10
342.375
20
347.375
30
0
0
VERTEX
8
CUT
10
344.094
20
346.594
30
0
0
VERTEX
8
CUT
10
345.5
20
345.5
30
0
0
VERTEX
8
CUT
10
346.594
20
344.094
30
0
0
VERTEX
8
CUT
10
347.375
20
342.375
30
0
0
VERTEX
8
CUT
10
347.844
20
340.344
30
0
0
VERTEX
8
CUT
10
348
20
338
30
0
0
VERTEX
8
CUT
10
348
20
10
30
0
0
VERTEX
8
CUT
10
347.844
20
7.656
30
0
0
VERTEX
8
CUT
10
347.375
20
5.625
30
0
0
VERTEX
8
CUT
10
346.594
20
3.906
30
0
0
VERTEX
8
CUT
10
345.5
20
2.5
30
0
0
VERTEX
8
CUT
10
344.094
20
1.406
30
0
0
VERTEX
8
CUT
10
342.375
20
0.625
30
0
0
VERTEX
8
CUT
10
340.344
20
0.156
30
0
0
VERTEX
8
CUT
10
338
20
0
30
0
0
VERTEX
8
CUT
10
10
20
0
30
0
0
VERTEX
8
CUT
10
7.656
20
0.156
30
0
0
VERTEX
8
CUT
10
5.625
20
0.625
30
0
0
VERTEX
8
CUT
10
3.906
20
1.406
30
0
0
VERTEX
8
CUT
10
2.5
20
2.5
30
0
0
VERTEX
8
CUT
10
1.406
20
3.906
30
0
0
VERTEX
8
CUT
10
0.625
20
5.625
30
0
0
VERTEX
8
CUT
10
0.156
20
7.656
30
0
0
VERTEX
8
CUT
10
0
20
10
30
0
0
SEQEND
8
CUT
0
CIRCLE
8
CUT
10
38
20
310
30
0
40
1.65
0
CIRCLE
8
RASTER
10
38
20
310
30
0
40
35
0
CIRCLE
8
RASTER
10
38
20
310
30
0
40
33.6
0
CIRCLE
8
RASTER
10
38
20
310
30
0
40
5.5
0
CIRCLE
8
RASTER
10
38
20
310
30
0
40
4.5
0
POLYLINE
8
RASTER
66
1
70
1
0
VERTEX
8
RASTER
10
45.99
20
302.717
30
0
0
VERTEX
8
RASTER
10
60.246
20
288.462
30
0
0
VERTEX
8
RASTER
10
59.538
20
287.754
30
0
0
VERTEX
8
RASTER
10
45.283
20
302.01
30
0
0
SEQEND
8
RASTER
0
POLYLINE
8
RASTER
66
1
70
1
0
VERTEX
8
RASTER
10
30.717
20
302.01
30
0
0
VERTEX
8
RASTER
10
16.462
20
287.754
30
0
0
VERTEX
8
RASTER
10
15.754
20
288.462
30
0
0
VERTEX
8
RASTER
10
30.01
20
302.717
30
0
0
SEQEND
8
RASTER
0
POLYLINE
8
RASTER
66
1
70
1
0
VERTEX
8
RASTER
10
30.01
20
317.283
30
0
0
VERTEX
8
RASTER
10
15.754
20
331.538
30
0
0
VERTEX
8
RASTER
10
16.462
20
332.246
30
0
0
VERTEX
8
RASTER
10
30.717
20
317.99
30
0
0
SEQEND
8
RASTER
0
POLYLINE
8
RASTER
66
1
70
1
0
VERTEX
8
RASTER
10
45.283
20
317.99
30
0
0
VERTEX
8
RASTER
10
59.538
20
332.246
30
0
0
VERTEX
8
RASTER
10
60.246
20
331.538
30
0
0
VERTEX
8
RASTER
10
45.99
20
317.283
30
0
0
SEQEND
8
RASTER
0
POLYLINE
8
RASTER
66
1
70
1
0
VERTEX
8
RASTER
10
35.03
20
335.758
30
0
0
VERTEX
8
RASTER
10
36.218
20
335.758
30
0
0
VERTEX
8
RASTER
10
36.218
20
334.57
30
0
0
VERTEX
8
RASTER
10
35.03
20
334.57
30
0
0
SEQEND
8
RASTER
0
POLYLINE
8
RASTER
66
1
70
1
0
VERTEX
8
RASTER
10
39.782
20
335.758
30
0
0
VERTEX
8
RASTER
10
40.97
20
335.758
30
0
0
VERTEX
8
RASTER
10
40.97
20
334.57
30
0
0
VERTEX
8
RASTER
10
39.782
20
334.57
30
0
0
SEQEND
8
RASTER
0
POLYLINE
8
RASTER
66
1
70
1
0
VERTEX
8
RASTER
10
35.03
20
334.57
30
0
0
VERTEX
8
RASTER
10
37.406
20
334.57
30
0
0
VERTEX
8
RASTER
10
37.406
20
333.382
30
0
0
VERTEX
8
RASTER
10
35.03
20
333.382
30
0
0
SEQEND
8
RASTER
0
POLYLINE
8
RASTER
66
1
70
1
0
VERTEX
8
RASTER
10
39.782
20
334.57
30
0
0
VERTEX
8
RASTER
10
40.97
20
334.57
30
0
0
VERTEX
8
RASTER
10
40.97
20
333.382
30
0
0
VERTEX
8
RASTER
10
39.782
20
333.382
30
0
0
SEQEND
8
RASTER
0
POLYLINE
8
RASTER
66
1
70
1
0
VERTEX
8
RASTER
10
35.03
20
333.382
30
0
0
VERTEX
8
RASTER
10
36.218
20
333.382
30
0
0
VERTEX
8
RASTER
10
36.218
20
332.194
30
0
0
VERTEX
8
RASTER
10
35.03
20
332.194
30
0
0
SEQEND
8
RASTER
0
POLYLINE
8
RASTER
66
1
70
1
0
VERTEX
8
RASTER
10
37.406
20
333.382
30
0
0
VERTEX
8
RASTER
10
38.594
20
333.382
30
0
0
VERTEX
8
RASTER
10
38.594
20
332.194
30
0
0
VERTEX
8
RASTER
10
37.406
20
332.194
30
0
0
SEQEND
8
RASTER
0
POLYLINE
8
RASTER
66
1
70
1
0
VERTEX
8
RASTER
10
39.782
20
333.382
30
0
0
VERTEX
8
RASTER
10
40.97
20
333.382
30
0
0
VERTEX
8
RASTER
10
40.97
20
332.194
30
0
0
VERTEX
8
RASTER
10
39.782
20
332.194
30
0
0
SEQEND
8
RASTER
0
POLYLINE
8
RASTER
66
1
70
1
0
VERTEX
8
RASTER
10
35.03
20
332.194
30
0
0
VERTEX
8
RASTER
10
36.218
20
332.194
30
0
0
VERTEX
8
RASTER
10
36.218
20
331.006
30
0
0
VERTEX
8
RASTER
10
35.03
20
331.006
30
0
0
SEQEND
8
RASTER
0
POLYLINE
8
RASTER
66
1
70
1
0
VERTEX
8
RASTER
10
38.594
20
332.194
30
0
0
VERTEX
8
RASTER
10
40.97
20
332.194
30
0
0
VERTEX
8
RASTER
10
40.97
20
331.006
30
0
0
VERTEX
8
RASTER
10
38.594
20
331.006
30
0
0
SEQEND
8
RASTER
0
POLYLINE
8
RASTER
66
1
70
1
0
VERTEX
8
RASTER
10
35.03
20
331.006
30
0
0
VERTEX
8
RASTER
10
36.218
20
331.006
30
0
0
VERTEX
8
RASTER
10
36.218
20
329.818
30
0
0
VERTEX
8
RASTER
10
35.03
20
329.818
30
0
0
SEQEND
8
RASTER
0
POLYLINE
8
RASTER
66
1
70
1
0
VERTEX
8
RASTER
10
39.782
20
331.006
30
0
0
VERTEX
8
RASTER
10
40.97
20
331.006
30
0
0
VERTEX
8
RASTER
10
40.97
20
329.818
30
0
0
VERTEX
8
RASTER
10
39.782
20
329.818
30
0
0
SEQEND
8
RASTER
0
POLYLINE
8
RASTER
66
1
70
1
0
VERTEX
8
RASTER
10
35.03
20
329.818
30
0
0
VERTEX
8
RASTER
10
36.218
20
329.818
30
0
0
VERTEX
8
RASTER
10
36.218
20
328.63
30
0
0
VERTEX
8
RASTER
10
35.03
20
328.63
30
0
0
SEQEND
8
RASTER
0
POLYLINE
8
RASTER
66
1
70
1
0
VERTEX
8
RASTER
10
39.782
20
329.818
30
0
0
VERTEX
8
RASTER
10
40.97
20
329.818
30
0
0
VERTEX
8
RASTER
10
40.97
20
328.63
30
0
0
VERTEX
8
RASTER
10
39.782
20
328.63
30
0
0
SEQEND
8
RASTER
0
POLYLINE
8
RASTER
66
1
70
1
0
VERTEX
8
RASTER
10
35.03
20
328.63
30
0
0
VERTEX
8
RASTER
10
36.218
20
328.63
30
0
0
VERTEX
8
RASTER
10
36.218
20
327.442
30
0
0
VERTEX
8
RASTER
10
35.03
20
327.442
30
0
0
SEQEND
8
RASTER
0
POLYLINE
8
RASTER
66
1
70
1
0
VERTEX
8
RASTER
10
39.782
20
328.63
30
0
0
VERTEX
8
RASTER
10
40.97
20
328.63
30
0
0
VERTEX
8
RASTER
10
40.97
20
327.442
30
0
0
VERTEX
8
RASTER
10
39.782
20
327.442
30
0
0
SEQEND
8
RASTER
0
POLYLINE
8
RASTER
66
1
70
1
0
VERTEX
8
RASTER
10
56.63
20
314.158
30
0
0
VERTEX
8
RASTER
10
62.57
20
314.158
30
0
0
VERTEX
8
RASTER
10
62.57
20
312.97
30
0
0
VERTEX
8
RASTER
10
56.63
20
312.97
30
0
0
SEQEND
8
RASTER
0
POLYLINE
8
RASTER
66
1
70
1
0
VERTEX
8
RASTER
10
56.63
20
312.97
30
0
0
VERTEX
8
RASTER
10
57.818
20
312.97
30
0
0
VERTEX
8
RASTER
10
57.818
20
311.782
30
0
0
VERTEX
8
RASTER
10
56.63
20
311.782
30
0
0
SEQEND
8
RASTER
0
POLYLINE
8
RASTER
66
1
70
1
0
VERTEX
8
RASTER
10
56.63
20
311.782
30
0
0
VERTEX
8
RASTER
10
57.818
20
311.782
30
0
0
VERTEX
8
RASTER
10
57.818
20
310.594
30
0
0
VERTEX
8
RASTER
10
56.63
20
310.594
30
0
0
SEQEND
8
RASTER
0
POLYLINE
8
RASTER
66
1
70
1
0
VERTEX
8
RASTER
10
56.63
20
310.594
30
0
0
VERTEX
8
RASTER
10
61.382
20
310.594
30
0
0
VERTEX
8
RASTER
10
61.382
20
309.406
30
0
0
VERTEX
8
RASTER
10
56.63
20
309.406
30
0
0
SEQEND
8
RASTER
0
POLYLINE
8
RASTER
66
1
70
1
0
VERTEX
8
RASTER
10
56.63
20
309.406
30
0
0
VERTEX
8
RASTER
10
57.818
20
309.406
30
0
0
VERTEX
8
RASTER
10
57.818
20
308.218
30
0
0
VERTEX
8
RASTER
10
56.63
20
308.218
30
0
0
SEQEND
8
RASTER
0
POLYLINE
8
RASTER
66
1
70
1
0
VERTEX
8
RASTER
10
56.63
20
308.218
30
0
0
VERTEX
8
RASTER
10
57.818
20
308.218
30
0
0
VERTEX
8
RASTER
10
57.818
20
307.03
30
0
0
VERTEX
8
RASTER
10
56.63
20
307.03
30
0
0
SEQEND
8
RASTER
0
POLYLINE
8
RASTER
66
1
70
1
0
VERTEX
8
RASTER
10
56.63
20
307.03
30
0
0
VERTEX
8
RASTER
10
62.57
20
307.03
30
0
0
VERTEX
8
RASTER
10
62.57
20
305.842
30
0
0
VERTEX
8
RASTER
10
56.63
20
305.842
30
0
0
SEQEND
8
RASTER
0
POLYLINE
8
RASTER
66
1
70
1
0
VERTEX
8
RASTER
10
36.218
20
292.558
30
0
0
VERTEX
8
RASTER
10
40.97
20
292.558
30
0
0
VERTEX
8
RASTER
10
40.97
20
291.37
30
0
0
VERTEX
8
RASTER
10
36.218
20
291.37
30
0
0
SEQEND
8
RASTER
0
POLYLINE
8
RASTER
66
1
70
1
0
VERTEX
8
RASTER
10
35.03
20
291.37
30
0
0
VERTEX
8
RASTER
10
36.218
20
291.37
30
0
0
VERTEX
8
RASTER
10
36.218
20
290.182
30
0
0
VERTEX
8
RASTER
10
35.03
20
290.182
30
0
0
SEQEND
8
RASTER
0
POLYLINE
8
RASTER
66
1
70
1
0
VERTEX
8
RASTER
10
35.03
20
290.182
30
0
0
VERTEX
8
RASTER
10
36.218
20
290.182
30
0
0
VERTEX
8
RASTER
10
36.218
20
288.994
30
0
0
VERTEX
8
RASTER
10
35.03
20
288.994
30
0
0
SEQEND
8
RASTER
0
POLYLINE
8
RASTER
66
1
70
1
0
VERTEX
8
RASTER
10
36.218
20
288.994
30
0
0
VERTEX
8
RASTER
10
39.782
20
288.994
30
0
0
VERTEX
8
RASTER
10
39.782
20
287.806
30
0
0
VERTEX
8
RASTER
10
36.218
20
287.806
30
0
0
SEQEND
8
RASTER
0
POLYLINE
8
RASTER
66
1
70
1
0
VERTEX
8
RASTER
10
39.782
20
287.806
30
0
0
VERTEX
8
RASTER
10
40.97
20
287.806
30
0
0
VERTEX
8
RASTER
10
40.97
20
286.618
30
0
0
VERTEX
8
RASTER
10
39.782
20
286.618
30
0
0
SEQEND
8
RASTER
0
POLYLINE
8
RASTER
66
1
70
1
0
VERTEX
8
RASTER
10
39.782
20
286.618
30
0
0
VERTEX
8
RASTER
10
40.97
20
286.618
30
0
0
VERTEX
8
RASTER
10
40.97
20
285.43
30
0
0
VERTEX
8
RASTER
10
39.782
20
285.43
30
0
0
SEQEND
8
RASTER
0
POLYLINE
8
RASTER
66
1
70
1
0
VERTEX
8
RASTER
10
35.03
20
285.43
30
0
0
VERTEX
8
RASTER
10
39.782
20
285.43
30
0
0
VERTEX
8
RASTER
10
39.782
20
284.242
30
0
0
VERTEX
8
RASTER
10
35.03
20
284.242
30
0
0
SEQEND
8
RASTER
0
POLYLINE
8
RASTER
66
1
70
1
0
VERTEX
8
RASTER
10
13.43
20
314.158
30
0
0
VERTEX
8
RASTER
10
14.618
20
314.158
30
0
0
VERTEX
8
RASTER
10
14.618
20
312.97
30
0
0
VERTEX
8
RASTER
10
13.43
20
312.97
30
0
0
SEQEND
8
RASTER
0
POLYLINE
8
RASTER
66
1
70
1
0
VERTEX
8
RASTER
10
18.182
20
314.158
30
0
0
VERTEX
8
RASTER
10
19.37
20
314.158
30
0
0
VERTEX
8
RASTER
10
19.37
20
312.97
30
0
0
VERTEX
8
RASTER
10
18.182
20
312.97
30
0
0
SEQEND
8
RASTER
0
POLYLINE
8
RASTER
66
1
70
1
0
VERTEX
8
RASTER
10
13.43
20
312.97
30
0
0
VERTEX
8
RASTER
10
14.618
20
312.97
30
0
0
VERTEX
8
RASTER
10
14.618
20
311.782
30
0
0
VERTEX
8
RASTER
10
13.43
20
311.782
30
0
0
SEQEND
8
RASTER
0
POLYLINE
8
RASTER
66
1
70
1
0
VERTEX
8
RASTER
10
18.182
20
312.97
30
0
0
VERTEX
8
RASTER
10
19.37
20
312.97
30
0
0
VERTEX
8
RASTER
10
19.37
20
311.782
30
0
0
VERTEX
8
RASTER
10
18.182
20
311.782
30
0
0
SEQEND
8
RASTER
0
POLYLINE
8
RASTER
66
1
70
1
0
VERTEX
8
RASTER
10
13.43
20
311.782
30
0
0
VERTEX
8
RASTER
10
14.618
20
311.782
30
0
0
VERTEX
8
RASTER
10
14.618
20
310.594
30
0
0
VERTEX
8
RASTER
10
13.43
20
310.594
30
0
0
SEQEND
8
RASTER
0
POLYLINE
8
RASTER
66
1
70
1
0
VERTEX
8
RASTER
10
18.182
20
311.782
30
0
0
VERTEX
8
RASTER
10
19.37
20
311.782
30
0
0
VERTEX
8
RASTER
10
19.37
20
310.594
30
0
0
VERTEX
8
RASTER
10
18.182
20
310.594
30
0
0
SEQEND
8
RASTER
0
POLYLINE
8
RASTER
66
1
70
1
0
VERTEX
8
RASTER
10
13.43
20
310.594
30
0
0
VERTEX
8
RASTER
10
14.618
20
310.594
30
0
0
VERTEX
8
RASTER
10
14.618
20
309.406
30
0
0
VERTEX
8
RASTER
10
13.43
20
309.406
30
0
0
SEQEND
8
RASTER
0
POLYLINE
8
RASTER
66
1
70
1
0
VERTEX
8
RASTER
10
15.806
20
310.594
30
0
0
VERTEX
8
RASTER
10
16.994
20
310.594
30
0
0
VERTEX
8
RASTER
10
16.994
20
309.406
30
0
0
VERTEX
8
RASTER
10
15.806
20
309.406
30
0
0
SEQEND
8
RASTER
0
POLYLINE
8
RASTER
66
1
70
1
0
VERTEX
8
RASTER
10
18.182
20
310.594
30
0
0
VERTEX
8
RASTER
10
19.37
20
310.594
30
0
0
VERTEX
8
RASTER
10
19.37
20
309.406
30
0
0
VERTEX
8
RASTER
10
18.182
20
309.406
30
0
0
SEQEND
8
RASTER
0
POLYLINE
8
RASTER
66
1
70
1
0
VERTEX
8
RASTER
10
13.43
20
309.406
30
0
0
VERTEX
8
RASTER
10
14.618
20
309.406
30
0
0
VERTEX
8
RASTER
10
14.618
20
308.218
30
0
0
VERTEX
8
RASTER
10
13.43
20
308.218
30
0
0
SEQEND
8
RASTER
0
POLYLINE
8
RASTER
66
1
70
1
0
VERTEX
8
RASTER
10
15.806
20
309.406
30
0
0
VERTEX
8
RASTER
10
16.994
20
309.406
30
0
0
VERTEX
8
RASTER
10
16.994
20
308.218
30
0
0
VERTEX
8
RASTER
10
15.806
20
308.218
30
0
0
SEQEND
8
RASTER
0
POLYLINE
8
RASTER
66
1
70
1
0
VERTEX
8
RASTER
10
18.182
20
309.406
30
0
0
VERTEX
8
RASTER
10
19.37
20
309.406
30
0
0
VERTEX
8
RASTER
10
19.37
20
308.218
30
0
0
VERTEX
8
RASTER
10
18.182
20
308.218
30
0
0
SEQEND
8
RASTER
0
POLYLINE
8
RASTER
66
1
70
1
0
VERTEX
8
RASTER
10
13.43
20
308.218
30
0
0
VERTEX
8
RASTER
10
15.806
20
308.218
30
0
0
VERTEX
8
RASTER
10
15.806
20
307.03
30
0
0
VERTEX
8
RASTER
10
13.43
20
307.03
30
0
0
SEQEND
8
RASTER
0
POLYLINE
8
RASTER
66
1
70
1
0
VERTEX
8
RASTER
10
16.994
20
308.218
30
0
0
VERTEX
8
RASTER
10
19.37
20
308.218
30
0
0
VERTEX
8
RASTER
10
19.37
20
307.03
30
0
0
VERTEX
8
RASTER
10
16.994
20
307.03
30
0
0
SEQEND
8
RASTER
0
POLYLINE
8
RASTER
66
1
70
1
0
VERTEX
8
RASTER
10
13.43
20
307.03
30
0
0
VERTEX
8
RASTER
10
14.618
20
307.03
30
0
0
VERTEX
8
RASTER
10
14.618
20
305.842
30
0
0
VERTEX
8
RASTER
10
13.43
20
305.842
30
0
0
SEQEND
8
RASTER
0
POLYLINE
8
RASTER
66
1
70
1
0
VERTEX
8
RASTER
10
18.182
20
307.03
30
0
0
VERTEX
8
RASTER
10
19.37
20
307.03
30
0
0
VERTEX
8
RASTER
10
19.37
20
305.842
30
0
0
VERTEX
8
RASTER
10
18.182
20
305.842
30
0
0
SEQEND
8
RASTER
0
POLYLINE
8
RASTER
66
1
70
1
0
VERTEX
8
RASTER
10
65.586
20
295.944
30
0
0
VERTEX
8
RASTER
10
65.13
20
295.085
30
0
0
VERTEX
8
RASTER
10
64.649
20
294.24
30
0
0
VERTEX
8
RASTER
10
64.14
20
293.411
30
0
0
VERTEX
8
RASTER
10
63.606
20
292.598
30
0
0
VERTEX
8
RASTER
10
63.047
20
291.802
30
0
0
VERTEX
8
RASTER
10
62.463
20
291.024
30
0
0
VERTEX
8
RASTER
10
61.855
20
290.265
30
0
0
VERTEX
8
RASTER
10
61.223
20
289.526
30
0
0
VERTEX
8
RASTER
10
60.569
20
288.806
30
0
0
VERTEX
8
RASTER
10
59.892
20
288.108
30
0
0
VERTEX
8
RASTER
10
46.4
20
301.6
30
0
0
VERTEX
8
RASTER
10
46.66
20
301.868
30
0
0
VERTEX
8
RASTER
10
46.911
20
302.144
30
0
0
VERTEX
8
RASTER
10
47.154
20
302.427
30
0
0
VERTEX
8
RASTER
10
47.387
20
302.719
30
0
0
VERTEX
8
RASTER
10
47.611
20
303.017
30
0
0
VERTEX
8
RASTER
10
47.826
20
303.322
30
0
0
VERTEX
8
RASTER
10
48.031
20
303.634
30
0
0
VERTEX
8
RASTER
10
48.226
20
303.953
30
0
0
VERTEX
8
RASTER
10
48.411
20
304.277
30
0
0
VERTEX
8
RASTER
10
48.585
20
304.607
30
0
0
SEQEND
8
RASTER
0
POLYLINE
8
RASTER
66
1
70
1
0
VERTEX
8
RASTER
10
53.459
20
296.44
30
0
0
VERTEX
8
RASTER
10
57.491
20
296.44
30
0
0
VERTEX
8
RASTER
10
57.815
20
296.508
30
0
0
VERTEX
8
RASTER
10
58.035
20
296.687
30
0
0
VERTEX
8
RASTER
10
58.154
20
296.941
30
0
0
VERTEX
8
RASTER
10
58.175
20
297.232
30
0
0
VERTEX
8
RASTER
10
58.101
20
297.523
30
0
0
VERTEX
8
RASTER
10
57.936
20
297.776
30
0
0
VERTEX
8
RASTER
10
57.684
20
297.956
30
0
0
VERTEX
8
RASTER
10
57.347
20
298.024
30
0
0
VERTEX
8
RASTER
10
57.319
20
298.367
30
0
0
VERTEX
8
RASTER
10
57.153
20
298.636
30
0
0
VERTEX
8
RASTER
10
56.886
20
298.824
30
0
0
VERTEX
8
RASTER
10
56.555
20
298.924
30
0
0
VERTEX
8
RASTER
10
56.196
20
298.929
30
0
0
VERTEX
8
RASTER
10
55.848
20
298.834
30
0
0
VERTEX
8
RASTER
10
55.547
20
298.63
30
0
0
VERTEX
8
RASTER
10
55.331
20
298.312
30
0
0
VERTEX
8
RASTER
10
55.079
20
298.529
30
0
0
VERTEX
8
RASTER
10
54.775
20
298.647
30
0
0
VERTEX
8
RASTER
10
54.447
20
298.674
30
0
0
VERTEX
8
RASTER
10
54.125
20
298.618
30
0
0
VERTEX
8
RASTER
10
53.836
20
298.488
30
0
0
VERTEX
8
RASTER
10
53.61
20
298.292
30
0
0
VERTEX
8
RASTER
10
53.474
20
298.038
30
0
0
VERTEX
8
RASTER
10
53.459
20
297.736
30
0
0
VERTEX
8
RASTER
10
53.128
20
297.639
30
0
0
VERTEX
8
RASTER
10
52.892
20
297.473
30
0
0
VERTEX
8
RASTER
10
52.75
20
297.262
30
0
0
VERTEX
8
RASTER
10
52.703
20
297.034
30
0
0
VERTEX
8
RASTER
10
52.75
20
296.812
30
0
0
VERTEX
8
RASTER
10
52.892
20
296.622
30
0
0
VERTEX
8
RASTER
10
53.128
20
296.49
30
0
0
VERTEX
8
RASTER
10
53.459
20
296.44
30
0
0
SEQEND
8
RASTER
0
POLYLINE
8
RASTER
66
1
70
1
0
VERTEX
8
RASTER
10
23.944
20
282.414
30
0
0
VERTEX
8
RASTER
10
23.085
20
282.87
30
0
0
VERTEX
8
RASTER
10
22.24
20
283.351
30
0
0
VERTEX
8
RASTER
10
21.411
20
283.86
30
0
0
VERTEX
8
RASTER
10
20.598
20
284.394
30
0
0
VERTEX
8
RASTER
10
19.802
20
284.953
30
0
0
VERTEX
8
RASTER
10
19.024
20
285.537
30
0
0
VERTEX
8
RASTER
10
18.265
20
286.145
30
0
0
VERTEX
8
RASTER
10
17.526
20
286.777
30
0
0
VERTEX
8
RASTER
10
16.806
20
287.431
30
0
0
VERTEX
8
RASTER
10
16.108
20
288.108
30
0
0
VERTEX
8
RASTER
10
29.6
20
301.6
30
0
0
VERTEX
8
RASTER
10
29.868
20
301.34
30
0
0
VERTEX
8
RASTER
10
30.144
20
301.089
30
0
0
VERTEX
8
RASTER
10
30.427
20
300.846
30
0
0
VERTEX
8
RASTER
10
30.719
20
300.613
30
0
0
VERTEX
8
RASTER
10
31.017
20
300.389
30
0
0
VERTEX
8
RASTER
10
31.322
20
300.174
30
0
0
VERTEX
8
RASTER
10
31.634
20
299.969
30
0
0
VERTEX
8
RASTER
10
31.953
20
299.774
30
0
0
VERTEX
8
RASTER
10
32.277
20
299.589
30
0
0
VERTEX
8
RASTER
10
32.607
20
299.415
30
0
0
SEQEND
8
RASTER
0
POLYLINE
8
RASTER
66
1
70
1
0
VERTEX
8
RASTER
10
23.288
20
291.661
30
0
0
VERTEX
8
RASTER
10
27.32
20
291.661
30
0
0
VERTEX
8
RASTER
10
27.644
20
291.729
30
0
0
VERTEX
8
RASTER
10
27.864
20
291.909
30
0
0
VERTEX
8
RASTER
10
27.983
20
292.162
30
0
0
VERTEX
8
RASTER
10
28.004
20
292.453
30
0
0
VERTEX
8
RASTER
10
27.93
20
292.744
30
0
0
VERTEX
8
RASTER
10
27.765
20
292.998
30
0
0
VERTEX
8
RASTER
10
27.513
20
293.177
30
0
0
VERTEX
8
RASTER
10
27.176
20
293.245
30
0
0
VERTEX
8
RASTER
10
27.148
20
293.588
30
0
0
VERTEX
8
RASTER
10
26.982
20
293.857
30
0
0
VERTEX
8
RASTER
10
26.715
20
294.045
30
0
0
VERTEX
8
RASTER
10
26.384
20
294.145
30
0
0
VERTEX
8
RASTER
10
26.026
20
294.151
30
0
0
VERTEX
8
RASTER
10
25.677
20
294.055
30
0
0
VERTEX
8
RASTER
10
25.376
20
293.852
30
0
0
VERTEX
8
RASTER
10
25.16
20
293.533
30
0
0
VERTEX
8
RASTER
10
24.908
20
293.751
30
0
0
VERTEX
8
RASTER
10
24.604
20
293.868
30
0
0
VERTEX
8
RASTER
10
24.276
20
293.895
30
0
0
VERTEX
8
RASTER
10
23.954
20
293.839
30
0
0
VERTEX
8
RASTER
10
23.665
20
293.709
30
0
0
VERTEX
8
RASTER
10
23.439
20
293.513
30
0
0
VERTEX
8
RASTER
10
23.303
20
293.26
30
0
0
VERTEX
8
RASTER
10
23.288
20
292.957
30
0
0
VERTEX
8
RASTER
10
22.957
20
292.86
30
0
0
VERTEX
8
RASTER
10
22.721
20
292.694
30
0
0
VERTEX
8
RASTER
10
22.579
20
292.484
30
0
0
VERTEX
8
RASTER
10
22.532
20
292.255
30
0
0
VERTEX
8
RASTER
10
22.579
20
292.033
30
0
0
VERTEX
8
RASTER
10
22.721
20
291.843
30
0
0
VERTEX
8
RASTER
10
22.957
20
291.711
30
0
0
VERTEX
8
RASTER
10
23.288
20
291.661
30
0
0
SEQEND
8
RASTER
0
POLYLINE
8
RASTER
66
1
70
1
0
VERTEX
8
RASTER
10
10.414
20
324.056
30
0
0
VERTEX
8
RASTER
10
10.87
20
324.915
30
0
0
VERTEX
8
RASTER
10
11.351
20
325.76
30
0
0
VERTEX
8
RASTER
10
11.86
20
326.589
30
0
0
VERTEX
8
RASTER
10
12.394
20
327.402
30
0
0
VERTEX
8
RASTER
10
12.953
20
328.198
30
0
0
VERTEX
8
RASTER
10
13.537
20
328.976
30
0
0
VERTEX
8
RASTER
10
14.145
20
329.735
30
0
0
VERTEX
8
RASTER
10
14.777
20
330.474
30
0
0
VERTEX
8
RASTER
10
15.431
20
331.194
30
0
0
VERTEX
8
RASTER
10
16.108
20
331.892
30
0
0
VERTEX
8
RASTER
10
29.6
20
318.4
30
0
0
VERTEX
8
RASTER
10
29.34
20
318.132
30
0
0
VERTEX
8
RASTER
10
29.089
20
317.856
30
0
0
VERTEX
8
RASTER
10
28.846
20
317.573
30
0
0
VERTEX
8
RASTER
10
28.613
20
317.281
30
0
0
VERTEX
8
RASTER
10
28.389
20
316.983
30
0
0
VERTEX
8
RASTER
10
28.174
20
316.678
30
0
0
VERTEX
8
RASTER
10
27.969
20
316.366
30
0
0
VERTEX
8
RASTER
10
27.774
20
316.047
30
0
0
VERTEX
8
RASTER
10
27.589
20
315.723
30
0
0
VERTEX
8
RASTER
10
27.415
20
315.393
30
0
0
SEQEND
8
RASTER
0
POLYLINE
8
RASTER
66
1
70
1
0
VERTEX
8
RASTER
10
18.509
20
321.832
30
0
0
VERTEX
8
RASTER
10
22.541
20
321.832
30
0
0
VERTEX
8
RASTER
10
22.866
20
321.9
30
0
0
VERTEX
8
RASTER
10
23.086
20
322.08
30
0
0
VERTEX
8
RASTER
10
23.204
20
322.333
30
0
0
VERTEX
8
RASTER
10
23.225
20
322.624
30
0
0
VERTEX
8
RASTER
10
23.152
20
322.915
30
0
0
VERTEX
8
RASTER
10
22.987
20
323.169
30
0
0
VERTEX
8
RASTER
10
22.734
20
323.348
30
0
0
VERTEX
8
RASTER
10
22.397
20
323.416
30
0
0
VERTEX
8
RASTER
10
22.37
20
323.759
30
0
0
VERTEX
8
RASTER
10
22.204
20
324.028
30
0
0
VERTEX
8
RASTER
10
21.937
20
324.216
30
0
0
VERTEX
8
RASTER
10
21.605
20
324.316
30
0
0
VERTEX
8
RASTER
10
21.247
20
324.322
30
0
0
VERTEX
8
RASTER
10
20.899
20
324.226
30
0
0
VERTEX
8
RASTER
10
20.598
20
324.023
30
0
0
VERTEX
8
RASTER
10
20.381
20
323.704
30
0
0
VERTEX
8
RASTER
10
20.13
20
323.922
30
0
0
VERTEX
8
RASTER
10
19.825
20
324.039
30
0
0
VERTEX
8
RASTER
10
19.498
20
324.066
30
0
0
VERTEX
8
RASTER
10
19.175
20
324.01
30
0
0
VERTEX
8
RASTER
10
18.886
20
323.88
30
0
0
VERTEX
8
RASTER
10
18.66
20
323.684
30
0
0
VERTEX
8
RASTER
10
18.525
20
323.431
30
0
0
VERTEX
8
RASTER
10
18.509
20
323.128
30
0
0
VERTEX
8
RASTER
10
18.178
20
323.031
30
0
0
VERTEX
8
RASTER
10
17.942
20
322.865
30
0
0
VERTEX
8
RASTER
10
17.8
20
322.655
30
0
0
VERTEX
8
RASTER
10
17.753
20
322.426
30
0
0
VERTEX
8
RASTER
10
17.8
20
322.204
30
0
0
VERTEX
8
RASTER
10
17.942
20
322.014
30
0
0
VERTEX
8
RASTER
10
18.178
20
321.882
30
0
0
VERTEX
8
RASTER
10
18.509
20
321.832
30
0
0
SEQEND
8
RASTER
0
POLYLINE
8
RASTER
66
1
70
1
0
VERTEX
8
RASTER
10
52.056
20
337.586
30
0
0
VERTEX
8
RASTER
10
52.915
20
337.13
30
0
0
VERTEX
8
RASTER
10
53.76
20
336.649
30
0
0
VERTEX
8
RASTER
10
54.589
20
336.14
30
0
0
VERTEX
8
RASTER
10
55.402
20
335.606
30
0
0
VERTEX
8
RASTER
10
56.198
20
335.047
30
0
0
VERTEX
8
RASTER
10
56.976
20
334.463
30
0
0
VERTEX
8
RASTER
10
57.735
20
333.855
30
0
0
VERTEX
8
RASTER
10
58.474
20
333.223
30
0
0
VERTEX
8
RASTER
10
59.194
20
332.569
30
0
0
VERTEX
8
RASTER
10
59.892
20
331.892
30
0
0
VERTEX
8
RASTER
10
46.4
20
318.4
30
0
0
VERTEX
8
RASTER
10
46.132
20
318.66
30
0
0
VERTEX
8
RASTER
10
45.856
20
318.911
30
0
0
VERTEX
8
RASTER
10
45.573
20
319.154
30
0
0
VERTEX
8
RASTER
10
45.281
20
319.387
30
0
0
VERTEX
8
RASTER
10
44.983
20
319.611
30
0
0
VERTEX
8
RASTER
10
44.678
20
319.826
30
0
0
VERTEX
8
RASTER
10
44.366
20
320.031
30
0
0
VERTEX
8
RASTER
10
44.047
20
320.226
30
0
0
VERTEX
8
RASTER
10
43.723
20
320.411
30
0
0
VERTEX
8
RASTER
10
43.393
20
320.585
30
0
0
SEQEND
8
RASTER
0
POLYLINE
8
RASTER
66
1
70
1
0
VERTEX
8
RASTER
10
48.68
20
326.611
30
0
0
VERTEX
8
RASTER
10
52.712
20
326.611
30
0
0
VERTEX
8
RASTER
10
53.037
20
326.679
30
0
0
VERTEX
8
RASTER
10
53.257
20
326.858
30
0
0
VERTEX
8
RASTER
10
53.375
20
327.112
30
0
0
VERTEX
8
RASTER
10
53.396
20
327.403
30
0
0
VERTEX
8
RASTER
10
53.322
20
327.694
30
0
0
VERTEX
8
RASTER
10
53.158
20
327.947
30
0
0
VERTEX
8
RASTER
10
52.905
20
328.127
30
0
0
VERTEX
8
RASTER
10
52.568
20
328.195
30
0
0
VERTEX
8
RASTER
10
52.541
20
328.538
30
0
0
VERTEX
8
RASTER
10
52.375
20
328.807
30
0
0
VERTEX
8
RASTER
10
52.107
20
328.995
30
0
0
VERTEX
8
RASTER
10
51.776
20
329.095
30
0
0
VERTEX
8
RASTER
10
51.418
20
329.1
30
0
0
VERTEX
8
RASTER
10
51.07
20
329.005
30
0
0
VERTEX
8
RASTER
10
50.769
20
328.801
30
0
0
VERTEX
8
RASTER
10
50.552
20
328.483
30
0
0
VERTEX
8
RASTER
10
50.3
20
328.7
30
0
0
VERTEX
8
RASTER
10
49.996
20
328.818
30
0
0
VERTEX
8
RASTER
10
49.669
20
328.845
30
0
0
VERTEX
8
RASTER
10
49.346
20
328.789
30
0
0
VERTEX
8
RASTER
10
49.057
20
328.659
30
0
0
VERTEX
8
RASTER
10
48.831
20
328.463
30
0
0
VERTEX
8
RASTER
10
48.696
20
328.209
30
0
0
VERTEX
8
RASTER
10
48.68
20
327.907
30
0
0
VERTEX
8
RASTER
10
48.349
20
327.81
30
0
0
VERTEX
8
RASTER
10
48.113
20
327.644
30
0
0
VERTEX
8
RASTER
10
47.971
20
327.433
30
0
0
VERTEX
8
RASTER
10
47.924
20
327.205
30
0
0
VERTEX
8
RASTER
10
47.971
20
326.983
30
0
0
VERTEX
8
RASTER
10
48.113
20
326.793
30
0
0
VERTEX
8
RASTER
10
48.349
20
326.661
30
0
0
VERTEX
8
RASTER
10
48.68
20
326.611
30
0
0
SEQEND
8
RASTER
0
POLYLINE
8
RASTER
66
1
70
1
0
VERTEX
8
RASTER
10
27.65
20
272.5
30
0
0
VERTEX
8
RASTER
10
28.55
20
272.5
30
0
0
VERTEX
8
RASTER
10
28.55
20
271.6
30
0
0
VERTEX
8
RASTER
10
27.65
20
271.6
30
0
0
SEQEND
8
RASTER
0
POLYLINE
8
RASTER
66
1
70
1
0
VERTEX
8
RASTER
10
31.25
20
272.5
30
0
0
VERTEX
8
RASTER
10
32.15
20
272.5
30
0
0
VERTEX
8
RASTER
10
32.15
20
271.6
30
0
0
VERTEX
8
RASTER
10
31.25
20
271.6
30
0
0
SEQEND
8
RASTER
0
POLYLINE
8
RASTER
66
1
70
1
0
VERTEX
8
RASTER
10
27.65
20
271.6
30
0
0
VERTEX
8
RASTER
10
28.55
20
271.6
30
0
0
VERTEX
8
RASTER
10
28.55
20
270.7
30
0
0
VERTEX
8
RASTER
10
27.65
20
270.7
30
0
0
SEQEND
8
RASTER
0
POLYLINE
8
RASTER
66
1
70
1
0
VERTEX
8
RASTER
10
31.25
20
271.6
30
0
0
VERTEX
8
RASTER
10
32.15
20
271.6
30
0
0
VERTEX
8
RASTER
10
32.15
20
270.7
30
0
0
VERTEX
8
RASTER
10
31.25
20
270.7
30
0
0
SEQEND
8
RASTER
0
POLYLINE
8
RASTER
66
1
70
1
0
VERTEX
8
RASTER
10
27.65
20
270.7
30
0
0
VERTEX
8
RASTER
10
28.55
20
270.7
30
0
0
VERTEX
8
RASTER
10
28.55
20
269.8
30
0
0
VERTEX
8
RASTER
10
27.65
20
269.8
30
0
0
SEQEND
8
RASTER
0
POLYLINE
8
RASTER
66
1
70
1
0
VERTEX
8
RASTER
10
31.25
20
270.7
30
0
0
VERTEX
8
RASTER
10
32.15
20
270.7
30
0
0
VERTEX
8
RASTER
10
32.15
20
269.8
30
0
0
VERTEX
8
RASTER
10
31.25
20
269.8
30
0
0
SEQEND
8
RASTER
0
POLYLINE
8
RASTER
66
1
70
1
0
VERTEX
8
RASTER
10
27.65
20
269.8
30
0
0
VERTEX
8
RASTER
10
28.55
20
269.8
30
0
0
VERTEX
8
RASTER
10
28.55
20
268.9
30
0
0
VERTEX
8
RASTER
10
27.65
20
268.9
30
0
0
SEQEND
8
RASTER
0
POLYLINE
8
RASTER
66
1
70
1
0
VERTEX
8
RASTER
10
29.45
20
269.8
30
0
0
VERTEX
8
RASTER
10
30.35
20
269.8
30
0
0
VERTEX
8
RASTER
10
30.35
20
268.9
30
0
0
VERTEX
8
RASTER
10
29.45
20
268.9
30
0
0
SEQEND
8
RASTER
0
POLYLINE
8
RASTER
66
1
70
1
0
VERTEX
8
RASTER
10
31.25
20
269.8
30
0
0
VERTEX
8
RASTER
10
32.15
20
269.8
30
0
0
VERTEX
8
RASTER
10
32.15
20
268.9
30
0
0
VERTEX
8
RASTER
10
31.25
20
268.9
30
0
0
SEQEND
8
RASTER
0
POLYLINE
8
RASTER
66
1
70
1
0
VERTEX
8
RASTER
10
27.65
20
268.9
30
0
0
VERTEX
8
RASTER
10
28.55
20
268.9
30
0
0
VERTEX
8
RASTER
10
28.55
20
268
30
0
0
VERTEX
8
RASTER
10
27.65
20
268
30
0
0
SEQEND
8
RASTER
0
POLYLINE
8
RASTER
66
1
70
1
0
VERTEX
8
RASTER
10
29.45
20
268.9
30
0
0
VERTEX
8
RASTER
10
30.35
20
268.9
30
0
0
VERTEX
8
RASTER
10
30.35
20
268
30
0
0
VERTEX
8
RASTER
10
29.45
20
268
30
0
0
SEQEND
8
RASTER
0
POLYLINE
8
RASTER
66
1
70
1
0
VERTEX
8
RASTER
10
31.25
20
268.9
30
0
0
VERTEX
8
RASTER
10
32.15
20
268.9
30
0
0
VERTEX
8
RASTER
10
32.15
20
268
30
0
0
VERTEX
8
RASTER
10
31.25
20
268
30
0
0
SEQEND
8
RASTER
0
POLYLINE
8
RASTER
66
1
70
1
0
VERTEX
8
RASTER
10
27.65
20
268
30
0
0
VERTEX
8
RASTER
10
29.45
20
268
30
0
0
VERTEX
8
RASTER
10
29.45
20
267.1
30
0
0
VERTEX
8
RASTER
10
27.65
20
267.1
30
0
0
SEQEND
8
RASTER
0
POLYLINE
8
RASTER
66
1
70
1
0
VERTEX
8
RASTER
10
30.35
20
268
30
0
0
VERTEX
8
RASTER
10
32.15
20
268
30
0
0
VERTEX
8
RASTER
10
32.15
20
267.1
30
0
0
VERTEX
8
RASTER
10
30.35
20
267.1
30
0
0
SEQEND
8
RASTER
0
POLYLINE
8
RASTER
66
1
70
1
0
VERTEX
8
RASTER
10
27.65
20
267.1
30
0
0
VERTEX
8
RASTER
10
28.55
20
267.1
30
0
0
VERTEX
8
RASTER
10
28.55
20
266.2
30
0
0
VERTEX
8
RASTER
10
27.65
20
266.2
30
0
0
SEQEND
8
RASTER
0
POLYLINE
8
RASTER
66
1
70
1
0
VERTEX
8
RASTER
10
31.25
20
267.1
30
0
0
VERTEX
8
RASTER
10
32.15
20
267.1
30
0
0
VERTEX
8
RASTER
10
32.15
20
266.2
30
0
0
VERTEX
8
RASTER
10
31.25
20
266.2
30
0
0
SEQEND
8
RASTER
0
POLYLINE
8
RASTER
66
1
70
1
0
VERTEX
8
RASTER
10
33.05
20
272.5
30
0
0
VERTEX
8
RASTER
10
37.55
20
272.5
30
0
0
VERTEX
8
RASTER
10
37.55
20
271.6
30
0
0
VERTEX
8
RASTER
10
33.05
20
271.6
30
0
0
SEQEND
8
RASTER
0
POLYLINE
8
RASTER
66
1
70
1
0
VERTEX
8
RASTER
10
34.85
20
271.6
30
0
0
VERTEX
8
RASTER
10
35.75
20
271.6
30
0
0
VERTEX
8
RASTER
10
35.75
20
270.7
30
0
0
VERTEX
8
RASTER
10
34.85
20
270.7
30
0
0
SEQEND
8
RASTER
0
POLYLINE
8
RASTER
66
1
70
1
0
VERTEX
8
RASTER
10
34.85
20
270.7
30
0
0
VERTEX
8
RASTER
10
35.75
20
270.7
30
0
0
VERTEX
8
RASTER
10
35.75
20
269.8
30
0
0
VERTEX
8
RASTER
10
34.85
20
269.8
30
0
0
SEQEND
8
RASTER
0
POLYLINE
8
RASTER
66
1
70
1
0
VERTEX
8
RASTER
10
34.85
20
269.8
30
0
0
VERTEX
8
RASTER
10
35.75
20
269.8
30
0
0
VERTEX
8
RASTER
10
35.75
20
268.9
30
0
0
VERTEX
8
RASTER
10
34.85
20
268.9
30
0
0
SEQEND
8
RASTER
0
POLYLINE
8
RASTER
66
1
70
1
0
VERTEX
8
RASTER
10
34.85
20
268.9
30
0
0
VERTEX
8
RASTER
10
35.75
20
268.9
30
0
0
VERTEX
8
RASTER
10
35.75
20
268
30
0
0
VERTEX
8
RASTER
10
34.85
20
268
30
0
0
SEQEND
8
RASTER
0
POLYLINE
8
RASTER
66
1
70
1
0
VERTEX
8
RASTER
10
34.85
20
268
30
0
0
VERTEX
8
RASTER
10
35.75
20
268
30
0
0
VERTEX
8
RASTER
10
35.75
20
267.1
30
0
0
VERTEX
8
RASTER
10
34.85
20
267.1
30
0
0
SEQEND
8
RASTER
0
POLYLINE
8
RASTER
66
1
70
1
0
VERTEX
8
RASTER
10
33.05
20
267.1
30
0
0
VERTEX
8
RASTER
10
37.55
20
267.1
30
0
0
VERTEX
8
RASTER
10
37.55
20
266.2
30
0
0
VERTEX
8
RASTER
10
33.05
20
266.2
30
0
0
SEQEND
8
RASTER
0
POLYLINE
8
RASTER
66
1
70
1
0
VERTEX
8
RASTER
10
38.45
20
272.5
30
0
0
VERTEX
8
RASTER
10
39.35
20
272.5
30
0
0
VERTEX
8
RASTER
10
39.35
20
271.6
30
0
0
VERTEX
8
RASTER
10
38.45
20
271.6
30
0
0
SEQEND
8
RASTER
0
POLYLINE
8
RASTER
66
1
70
1
0
VERTEX
8
RASTER
10
42.05
20
272.5
30
0
0
VERTEX
8
RASTER
10
42.95
20
272.5
30
0
0
VERTEX
8
RASTER
10
42.95
20
271.6
30
0
0
VERTEX
8
RASTER
10
42.05
20
271.6
30
0
0
SEQEND
8
RASTER
0
POLYLINE
8
RASTER
66
1
70
1
0
VERTEX
8
RASTER
10
38.45
20
271.6
30
0
0
VERTEX
8
RASTER
10
40.25
20
271.6
30
0
0
VERTEX
8
RASTER
10
40.25
20
270.7
30
0
0
VERTEX
8
RASTER
10
38.45
20
270.7
30
0
0
SEQEND
8
RASTER
0
POLYLINE
8
RASTER
66
1
70
1
0
VERTEX
8
RASTER
10
42.05
20
271.6
30
0
0
VERTEX
8
RASTER
10
42.95
20
271.6
30
0
0
VERTEX
8
RASTER
10
42.95
20
270.7
30
0
0
VERTEX
8
RASTER
10
42.05
20
270.7
30
0
0
SEQEND
8
RASTER
0
POLYLINE
8
RASTER
66
1
70
1
0
VERTEX
8
RASTER
10
38.45
20
270.7
30
0
0
VERTEX
8
RASTER
10
39.35
20
270.7
30
0
0
VERTEX
8
RASTER
10
39.35
20
269.8
30
0
0
VERTEX
8
RASTER
10
38.45
20
269.8
30
0
0
SEQEND
8
RASTER
0
POLYLINE
8
RASTER
66
1
70
1
0
VERTEX
8
RASTER
10
40.25
20
270.7
30
0
0
VERTEX
8
RASTER
10
41.15
20
270.7
30
0
0
VERTEX
8
RASTER
10
41.15
20
269.8
30
0
0
VERTEX
8
RASTER
10
40.25
20
269.8
30
0
0
SEQEND
8
RASTER
0
POLYLINE
8
RASTER
66
1
70
1
0
VERTEX
8
RASTER
10
42.05
20
270.7
30
0
0
VERTEX
8
RASTER
10
42.95
20
270.7
30
0
0
VERTEX
8
RASTER
10
42.95
20
269.8
30
0
0
VERTEX
8
RASTER
10
42.05
20
269.8
30
0
0
SEQEND
8
RASTER
0
POLYLINE
8
RASTER
66
1
70
1
0
VERTEX
8
RASTER
10
38.45
20
269.8
30
0
0
VERTEX
8
RASTER
10
39.35
20
269.8
30
0
0
VERTEX
8
RASTER
10
39.35
20
268.9
30
0
0
VERTEX
8
RASTER
10
38.45
20
268.9
30
0
0
SEQEND
8
RASTER
0
POLYLINE
8
RASTER
66
1
70
1
0
VERTEX
8
RASTER
10
41.15
20
269.8
30
0
0
VERTEX
8
RASTER
10
42.95
20
269.8
30
0
0
VERTEX
8
RASTER
10
42.95
20
268.9
30
0
0
VERTEX
8
RASTER
10
41.15
20
268.9
30
0
0
SEQEND
8
RASTER
0
POLYLINE
8
RASTER
66
1
70
1
0
VERTEX
8
RASTER
10
38.45
20
268.9
30
0
0
VERTEX
8
RASTER
10
39.35
20
268.9
30
0
0
VERTEX
8
RASTER
10
39.35
20
268
30
0
0
VERTEX
8
RASTER
10
38.45
20
268
30
0
0
SEQEND
8
RASTER
0
POLYLINE
8
RASTER
66
1
70
1
0
VERTEX
8
RASTER
10
42.05
20
268.9
30
0
0
VERTEX
8
RASTER
10
42.95
20
268.9
30
0
0
VERTEX
8
RASTER
10
42.95
20
268
30
0
0
VERTEX
8
RASTER
10
42.05
20
268
30
0
0
SEQEND
8
RASTER
0
POLYLINE
8
RASTER
66
1
70
1
0
VERTEX
8
RASTER
10
38.45
20
268
30
0
0
VERTEX
8
RASTER
10
39.35
20
268
30
0
0
VERTEX
8
RASTER
10
39.35
20
267.1
30
0
0
VERTEX
8
RASTER
10
38.45
20
267.1
30
0
0
SEQEND
8
RASTER
0
POLYLINE
8
RASTER
66
1
70
1
0
VERTEX
8
RASTER
10
42.05
20
268
30
0
0
VERTEX
8
RASTER
10
42.95
20
268
30
0
0
VERTEX
8
RASTER
10
42.95
20
267.1
30
0
0
VERTEX
8
RASTER
10
42.05
20
267.1
30
0
0
SEQEND
8
RASTER
0
POLYLINE
8
RASTER
66
1
70
1
0
VERTEX
8
RASTER
10
38.45
20
267.1
30
0
0
VERTEX
8
RASTER
10
39.35
20
267.1
30
0
0
VERTEX
8
RASTER
10
39.35
20
266.2
30
0
0
VERTEX
8
RASTER
10
38.45
20
266.2
30
0
0
SEQEND
8
RASTER
0
POLYLINE
8
RASTER
66
1
70
1
0
VERTEX
8
RASTER
10
42.05
20
267.1
30
0
0
VERTEX
8
RASTER
10
42.95
20
267.1
30
0
0
VERTEX
8
RASTER
10
42.95
20
266.2
30
0
0
VERTEX
8
RASTER
10
42.05
20
266.2
30
0
0
SEQEND
8
RASTER
0
POLYLINE
8
RASTER
66
1
70
1
0
VERTEX
8
RASTER
10
43.85
20
272.5
30
0
0
VERTEX
8
RASTER
10
47.45
20
272.5
30
0
0
VERTEX
8
RASTER
10
47.45
20
271.6
30
0
0
VERTEX
8
RASTER
10
43.85
20
271.6
30
0
0
SEQEND
8
RASTER
0
POLYLINE
8
RASTER
66
1
70
1
0
VERTEX
8
RASTER
10
43.85
20
271.6
30
0
0
VERTEX
8
RASTER
10
44.75
20
271.6
30
0
0
VERTEX
8
RASTER
10
44.75
20
270.7
30
0
0
VERTEX
8
RASTER
10
43.85
20
270.7
30
0
0
SEQEND
8
RASTER
0
POLYLINE
8
RASTER
66
1
70
1
0
VERTEX
8
RASTER
10
47.45
20
271.6
30
0
0
VERTEX
8
RASTER
10
48.35
20
271.6
30
0
0
VERTEX
8
RASTER
10
48.35
20
270.7
30
0
0
VERTEX
8
RASTER
10
47.45
20
270.7
30
0
0
SEQEND
8
RASTER
0
POLYLINE
8
RASTER
66
1
70
1
0
VERTEX
8
RASTER
10
43.85
20
270.7
30
0
0
VERTEX
8
RASTER
10
44.75
20
270.7
30
0
0
VERTEX
8
RASTER
10
44.75
20
269.8
30
0
0
VERTEX
8
RASTER
10
43.85
20
269.8
30
0
0
SEQEND
8
RASTER
0
POLYLINE
8
RASTER
66
1
70
1
0
VERTEX
8
RASTER
10
47.45
20
270.7
30
0
0
VERTEX
8
RASTER
10
48.35
20
270.7
30
0
0
VERTEX
8
RASTER
10
48.35
20
269.8
30
0
0
VERTEX
8
RASTER
10
47.45
20
269.8
30
0
0
SEQEND
8
RASTER
0
POLYLINE
8
RASTER
66
1
70
1
0
VERTEX
8
RASTER
10
43.85
20
269.8
30
0
0
VERTEX
8
RASTER
10
44.75
20
269.8
30
0
0
VERTEX
8
RASTER
10
44.75
20
268.9
30
0
0
VERTEX
8
RASTER
10
43.85
20
268.9
30
0
0
SEQEND
8
RASTER
0
POLYLINE
8
RASTER
66
1
70
1
0
VERTEX
8
RASTER
10
47.45
20
269.8
30
0
0
VERTEX
8
RASTER
10
48.35
20
269.8
30
0
0
VERTEX
8
RASTER
10
48.35
20
268.9
30
0
0
VERTEX
8
RASTER
10
47.45
20
268.9
30
0
0
SEQEND
8
RASTER
0
POLYLINE
8
RASTER
66
1
70
1
0
VERTEX
8
RASTER
10
43.85
20
268.9
30
0
0
VERTEX
8
RASTER
10
44.75
20
268.9
30
0
0
VERTEX
8
RASTER
10
44.75
20
268
30
0
0
VERTEX
8
RASTER
10
43.85
20
268
30
0
0
SEQEND
8
RASTER
0
POLYLINE
8
RASTER
66
1
70
1
0
VERTEX
8
RASTER
10
47.45
20
268.9
30
0
0
VERTEX
8
RASTER
10
48.35
20
268.9
30
0
0
VERTEX
8
RASTER
10
48.35
20
268
30
0
0
VERTEX
8
RASTER
10
47.45
20
268
30
0
0
SEQEND
8
RASTER
0
POLYLINE
8
RASTER
66
1
70
1
0
VERTEX
8
RASTER
10
43.85
20
268
30
0
0
VERTEX
8
RASTER
10
44.75
20
268
30
0
0
VERTEX
8
RASTER
10
44.75
20
267.1
30
0
0
VERTEX
8
RASTER
10
43.85
20
267.1
30
0
0
SEQEND
8
RASTER
0
POLYLINE
8
RASTER
66
1
70
1
0
VERTEX
8
RASTER
10
47.45
20
268
30
0
0
VERTEX
8
RASTER
10
48.35
20
268
30
0
0
VERTEX
8
RASTER
10
48.35
20
267.1
30
0
0
VERTEX
8
RASTER
10
47.45
20
267.1
30
0
0
SEQEND
8
RASTER
0
POLYLINE
8
RASTER
66
1
70
1
0
VERTEX
8
RASTER
10
43.85
20
267.1
30
0
0
VERTEX
8
RASTER
10
47.45
20
267.1
30
0
0
VERTEX
8
RASTER
10
47.45
20
266.2
30
0
0
VERTEX
8
RASTER
10
43.85
20
266.2
30
0
0
SEQEND
8
RASTER
0
POLYLINE
8
RASTER
66
1
70
1
0
VERTEX
8
RASTER
10
310
20
331.16
30
0
0
VERTEX
8
RASTER
10
311.584
20
313.825
30
0
0
VERTEX
8
RASTER
10
317.806
20
317.806
30
0
0
VERTEX
8
RASTER
10
313.825
20
311.584
30
0
0
VERTEX
8
RASTER
10
331.16
20
310
30
0
0
VERTEX
8
RASTER
10
313.825
20
308.416
30
0
0
VERTEX
8
RASTER
10
317.806
20
302.194
30
0
0
VERTEX
8
RASTER
10
311.584
20
306.175
30
0
0
VERTEX
8
RASTER
10
310
20
288.84
30
0
0
VERTEX
8
RASTER
10
308.416
20
306.175
30
0
0
VERTEX
8
RASTER
10
302.194
20
302.194
30
0
0
VERTEX
8
RASTER
10
306.175
20
308.416
30
0
0
VERTEX
8
RASTER
10
288.84
20
310
30
0
0
VERTEX
8
RASTER
10
306.175
20
311.584
30
0
0
VERTEX
8
RASTER
10
302.194
20
317.806
30
0
0
VERTEX
8
RASTER
10
308.416
20
313.825
30
0
0
SEQEND
8
RASTER
0
CIRCLE
8
RASTER
10
310
20
310
30
0
40
22.77
0
CIRCLE
8
RASTER
10
310
20
310
30
0
40
22.08
0
POLYLINE
8
RASTER
66
1
70
1
0
VERTEX
8
RASTER
10
115.275
20
17.075
30
0
0
VERTEX
8
RASTER
10
121.075
20
17.075
30
0
0
VERTEX
8
RASTER
10
121.075
20
15.625
30
0
0
VERTEX
8
RASTER
10
115.275
20
15.625
30
0
0
SEQEND
8
RASTER
0
POLYLINE
8
RASTER
66
1
70
1
0
VERTEX
8
RASTER
10
115.275
20
15.625
30
0
0
VERTEX
8
RASTER
10
116.725
20
15.625
30
0
0
VERTEX
8
RASTER
10
116.725
20
14.175
30
0
0
VERTEX
8
RASTER
10
115.275
20
14.175
30
0
0
SEQEND
8
RASTER
0
POLYLINE
8
RASTER
66
1
70
1
0
VERTEX
8
RASTER
10
121.075
20
15.625
30
0
0
VERTEX
8
RASTER
10
122.525
20
15.625
30
0
0
VERTEX
8
RASTER
10
122.525
20
14.175
30
0
0
VERTEX
8
RASTER
10
121.075
20
14.175
30
0
0
SEQEND
8
RASTER
0
POLYLINE
8
RASTER
66
1
70
1
0
VERTEX
8
RASTER
10
115.275
20
14.175
30
0
0
VERTEX
8
RASTER
10
116.725
20
14.175
30
0
0
VERTEX
8
RASTER
10
116.725
20
12.725
30
0
0
VERTEX
8
RASTER
10
115.275
20
12.725
30
0
0
SEQEND
8
RASTER
0
POLYLINE
8
RASTER
66
1
70
1
0
VERTEX
8
RASTER
10
121.075
20
14.175
30
0
0
VERTEX
8
RASTER
10
122.525
20
14.175
30
0
0
VERTEX
8
RASTER
10
122.525
20
12.725
30
0
0
VERTEX
8
RASTER
10
121.075
20
12.725
30
0
0
SEQEND
8
RASTER
0
POLYLINE
8
RASTER
66
1
70
1
0
VERTEX
8
RASTER
10
115.275
20
12.725
30
0
0
VERTEX
8
RASTER
10
121.075
20
12.725
30
0
0
VERTEX
8
RASTER
10
121.075
20
11.275
30
0
0
VERTEX
8
RASTER
10
115.275
20
11.275
30
0
0
SEQEND
8
RASTER
0
POLYLINE
8
RASTER
66
1
70
1
0
VERTEX
8
RASTER
10
115.275
20
11.275
30
0
0
VERTEX
8
RASTER
10
116.725
20
11.275
30
0
0
VERTEX
8
RASTER
10
116.725
20
9.825
30
0
0
VERTEX
8
RASTER
10
115.275
20
9.825
30
0
0
SEQEND
8
RASTER
0
POLYLINE
8
RASTER
66
1
70
1
0
VERTEX
8
RASTER
10
115.275
20
9.825
30
0
0
VERTEX
8
RASTER
10
116.725
20
9.825
30
0
0
VERTEX
8
RASTER
10
116.725
20
8.375
30
0
0
VERTEX
8
RASTER
10
115.275
20
8.375
30
0
0
SEQEND
8
RASTER
0
POLYLINE
8
RASTER
66
1
70
1
0
VERTEX
8
RASTER
10
115.275
20
8.375
30
0
0
VERTEX
8
RASTER
10
116.725
20
8.375
30
0
0
VERTEX
8
RASTER
10
116.725
20
6.925
30
0
0
VERTEX
8
RASTER
10
115.275
20
6.925
30
0
0
SEQEND
8
RASTER
0
POLYLINE
8
RASTER
66
1
70
1
0
VERTEX
8
RASTER
10
125.425
20
17.075
30
0
0
VERTEX
8
RASTER
10
129.775
20
17.075
30
0
0
VERTEX
8
RASTER
10
129.775
20
15.625
30
0
0
VERTEX
8
RASTER
10
125.425
20
15.625
30
0
0
SEQEND
8
RASTER
0
POLYLINE
8
RASTER
66
1
70
1
0
VERTEX
8
RASTER
10
123.975
20
15.625
30
0
0
VERTEX
8
RASTER
10
125.425
20
15.625
30
0
0
VERTEX
8
RASTER
10
125.425
20
14.175
30
0
0
VERTEX
8
RASTER
10
123.975
20
14.175
30
0
0
SEQEND
8
RASTER
0
POLYLINE
8
RASTER
66
1
70
1
0
VERTEX
8
RASTER
10
129.775
20
15.625
30
0
0
VERTEX
8
RASTER
10
131.225
20
15.625
30
0
0
VERTEX
8
RASTER
10
131.225
20
14.175
30
0
0
VERTEX
8
RASTER
10
129.775
20
14.175
30
0
0
SEQEND
8
RASTER
0
POLYLINE
8
RASTER
66
1
70
1
0
VERTEX
8
RASTER
10
123.975
20
14.175
30
0
0
VERTEX
8
RASTER
10
125.425
20
14.175
30
0
0
VERTEX
8
RASTER
10
125.425
20
12.725
30
0
0
VERTEX
8
RASTER
10
123.975
20
12.725
30
0
0
SEQEND
8
RASTER
0
POLYLINE
8
RASTER
66
1
70
1
0
VERTEX
8
RASTER
10
129.775
20
14.175
30
0
0
VERTEX
8
RASTER
10
131.225
20
14.175
30
0
0
VERTEX
8
RASTER
10
131.225
20
12.725
30
0
0
VERTEX
8
RASTER
10
129.775
20
12.725
30
0
0
SEQEND
8
RASTER
0
POLYLINE
8
RASTER
66
1
70
1
0
VERTEX
8
RASTER
10
123.975
20
12.725
30
0
0
VERTEX
8
RASTER
10
131.225
20
12.725
30
0
0
VERTEX
8
RASTER
10
131.225
20
11.275
30
0
0
VERTEX
8
RASTER
10
123.975
20
11.275
30
0
0
SEQEND
8
RASTER
0
POLYLINE
8
RASTER
66
1
70
1
0
VERTEX
8
RASTER
10
123.975
20
11.275
30
0
0
VERTEX
8
RASTER
10
125.425
20
11.275
30
0
0
VERTEX
8
RASTER
10
125.425
20
9.825
30
0
0
VERTEX
8
RASTER
10
123.975
20
9.825
30
0
0
SEQEND
8
RASTER
0
POLYLINE
8
RASTER
66
1
70
1
0
VERTEX
8
RASTER
10
129.775
20
11.275
30
0
0
VERTEX
8
RASTER
10
131.225
20
11.275
30
0
0
VERTEX
8
RASTER
10
131.225
20
9.825
30
0
0
VERTEX
8
RASTER
10
129.775
20
9.825
30
0
0
SEQEND
8
RASTER
0
POLYLINE
8
RASTER
66
1
70
1
0
VERTEX
8
RASTER
10
123.975
20
9.825
30
0
0
VERTEX
8
RASTER
10
125.425
20
9.825
30
0
0
VERTEX
8
RASTER
10
125.425
20
8.375
30
0
0
VERTEX
8
RASTER
10
123.975
20
8.375
30
0
0
SEQEND
8
RASTER
0
POLYLINE
8
RASTER
66
1
70
1
0
VERTEX
8
RASTER
10
129.775
20
9.825
30
0
0
VERTEX
8
RASTER
10
131.225
20
9.825
30
0
0
VERTEX
8
RASTER
10
131.225
20
8.375
30
0
0
VERTEX
8
RASTER
10
129.775
20
8.375
30
0
0
SEQEND
8
RASTER
0
POLYLINE
8
RASTER
66
1
70
1
0
VERTEX
8
RASTER
10
123.975
20
8.375
30
0
0
VERTEX
8
RASTER
10
125.425
20
8.375
30
0
0
VERTEX
8
RASTER
10
125.425
20
6.925
30
0
0
VERTEX
8
RASTER
10
123.975
20
6.925
30
0
0
SEQEND
8
RASTER
0
POLYLINE
8
RASTER
66
1
70
1
0
VERTEX
8
RASTER
10
129.775
20
8.375
30
0
0
VERTEX
8
RASTER
10
131.225
20
8.375
30
0
0
VERTEX
8
RASTER
10
131.225
20
6.925
30
0
0
VERTEX
8
RASTER
10
129.775
20
6.925
30
0
0
SEQEND
8
RASTER
0
POLYLINE
8
RASTER
66
1
70
1
0
VERTEX
8
RASTER
10
134.125
20
17.075
30
0
0
VERTEX
8
RASTER
10
139.925
20
17.075
30
0
0
VERTEX
8
RASTER
10
139.925
20
15.625
30
0
0
VERTEX
8
RASTER
10
134.125
20
15.625
30
0
0
SEQEND
8
RASTER
0
POLYLINE
8
RASTER
66
1
70
1
0
VERTEX
8
RASTER
10
132.675
20
15.625
30
0
0
VERTEX
8
RASTER
10
134.125
20
15.625
30
0
0
VERTEX
8
RASTER
10
134.125
20
14.175
30
0
0
VERTEX
8
RASTER
10
132.675
20
14.175
30
0
0
SEQEND
8
RASTER
0
POLYLINE
8
RASTER
66
1
70
1
0
VERTEX
8
RASTER
10
132.675
20
14.175
30
0
0
VERTEX
8
RASTER
10
134.125
20
14.175
30
0
0
VERTEX
8
RASTER
10
134.125
20
12.725
30
0
0
VERTEX
8
RASTER
10
132.675
20
12.725
30
0
0
SEQEND
8
RASTER
0
POLYLINE
8
RASTER
66
1
70
1
0
VERTEX
8
RASTER
10
134.125
20
12.725
30
0
0
VERTEX
8
RASTER
10
138.475
20
12.725
30
0
0
VERTEX
8
RASTER
10
138.475
20
11.275
30
0
0
VERTEX
8
RASTER
10
134.125
20
11.275
30
0
0
SEQEND
8
RASTER
0
POLYLINE
8
RASTER
66
1
70
1
0
VERTEX
8
RASTER
10
138.475
20
11.275
30
0
0
VERTEX
8
RASTER
10
139.925
20
11.275
30
0
0
VERTEX
8
RASTER
10
139.925
20
9.825
30
0
0
VERTEX
8
RASTER
10
138.475
20
9.825
30
0
0
SEQEND
8
RASTER
0
POLYLINE
8
RASTER
66
1
70
1
0
VERTEX
8
RASTER
10
138.475
20
9.825
30
0
0
VERTEX
8
RASTER
10
139.925
20
9.825
30
0
0
VERTEX
8
RASTER
10
139.925
20
8.375
30
0
0
VERTEX
8
RASTER
10
138.475
20
8.375
30
0
0
SEQEND
8
RASTER
0
POLYLINE
8
RASTER
66
1
70
1
0
VERTEX
8
RASTER
10
132.675
20
8.375
30
0
0
VERTEX
8
RASTER
10
138.475
20
8.375
30
0
0
VERTEX
8
RASTER
10
138.475
20
6.925
30
0
0
VERTEX
8
RASTER
10
132.675
20
6.925
30
0
0
SEQEND
8
RASTER
0
POLYLINE
8
RASTER
66
1
70
1
0
VERTEX
8
RASTER
10
141.375
20
17.075
30
0
0
VERTEX
8
RASTER
10
148.625
20
17.075
30
0
0
VERTEX
8
RASTER
10
148.625
20
15.625
30
0
0
VERTEX
8
RASTER
10
141.375
20
15.625
30
0
0
SEQEND
8
RASTER
0
POLYLINE
8
RASTER
66
1
70
1
0
VERTEX
8
RASTER
10
144.275
20
15.625
30
0
0
VERTEX
8
RASTER
10
145.725
20
15.625
30
0
0
VERTEX
8
RASTER
10
145.725
20
14.175
30
0
0
VERTEX
8
RASTER
10
144.275
20
14.175
30
0
0
SEQEND
8
RASTER
0
POLYLINE
8
RASTER
66
1
70
1
0
VERTEX
8
RASTER
10
144.275
20
14.175
30
0
0
VERTEX
8
RASTER
10
145.725
20
14.175
30
0
0
VERTEX
8
RASTER
10
145.725
20
12.725
30
0
0
VERTEX
8
RASTER
10
144.275
20
12.725
30
0
0
SEQEND
8
RASTER
0
POLYLINE
8
RASTER
66
1
70
1
0
VERTEX
8
RASTER
10
144.275
20
12.725
30
0
0
VERTEX
8
RASTER
10
145.725
20
12.725
30
0
0
VERTEX
8
RASTER
10
145.725
20
11.275
30
0
0
VERTEX
8
RASTER
10
144.275
20
11.275
30
0
0
SEQEND
8
RASTER
0
POLYLINE
8
RASTER
66
1
70
1
0
VERTEX
8
RASTER
10
144.275
20
11.275
30
0
0
VERTEX
8
RASTER
10
145.725
20
11.275
30
0
0
VERTEX
8
RASTER
10
145.725
20
9.825
30
0
0
VERTEX
8
RASTER
10
144.275
20
9.825
30
0
0
SEQEND
8
RASTER
0
POLYLINE
8
RASTER
66
1
70
1
0
VERTEX
8
RASTER
10
144.275
20
9.825
30
0
0
VERTEX
8
RASTER
10
145.725
20
9.825
30
0
0
VERTEX
8
RASTER
10
145.725
20
8.375
30
0
0
VERTEX
8
RASTER
10
144.275
20
8.375
30
0
0
SEQEND
8
RASTER
0
POLYLINE
8
RASTER
66
1
70
1
0
VERTEX
8
RASTER
10
144.275
20
8.375
30
0
0
VERTEX
8
RASTER
10
145.725
20
8.375
30
0
0
VERTEX
8
RASTER
10
145.725
20
6.925
30
0
0
VERTEX
8
RASTER
10
144.275
20
6.925
30
0
0
SEQEND
8
RASTER
0
POLYLINE
8
RASTER
66
1
70
1
0
VERTEX
8
RASTER
10
150.075
20
17.075
30
0
0
VERTEX
8
RASTER
10
155.875
20
17.075
30
0
0
VERTEX
8
RASTER
10
155.875
20
15.625
30
0
0
VERTEX
8
RASTER
10
150.075
20
15.625
30
0
0
SEQEND
8
RASTER
0
POLYLINE
8
RASTER
66
1
70
1
0
VERTEX
8
RASTER
10
150.075
20
15.625
30
0
0
VERTEX
8
RASTER
10
151.525
20
15.625
30
0
0
VERTEX
8
RASTER
10
151.525
20
14.175
30
0
0
VERTEX
8
RASTER
10
150.075
20
14.175
30
0
0
SEQEND
8
RASTER
0
POLYLINE
8
RASTER
66
1
70
1
0
VERTEX
8
RASTER
10
155.875
20
15.625
30
0
0
VERTEX
8
RASTER
10
157.325
20
15.625
30
0
0
VERTEX
8
RASTER
10
157.325
20
14.175
30
0
0
VERTEX
8
RASTER
10
155.875
20
14.175
30
0
0
SEQEND
8
RASTER
0
POLYLINE
8
RASTER
66
1
70
1
0
VERTEX
8
RASTER
10
150.075
20
14.175
30
0
0
VERTEX
8
RASTER
10
151.525
20
14.175
30
0
0
VERTEX
8
RASTER
10
151.525
20
12.725
30
0
0
VERTEX
8
RASTER
10
150.075
20
12.725
30
0
0
SEQEND
8
RASTER
0
POLYLINE
8
RASTER
66
1
70
1
0
VERTEX
8
RASTER
10
155.875
20
14.175
30
0
0
VERTEX
8
RASTER
10
157.325
20
14.175
30
0
0
VERTEX
8
RASTER
10
157.325
20
12.725
30
0
0
VERTEX
8
RASTER
10
155.875
20
12.725
30
0
0
SEQEND
8
RASTER
0
POLYLINE
8
RASTER
66
1
70
1
0
VERTEX
8
RASTER
10
150.075
20
12.725
30
0
0
VERTEX
8
RASTER
10
155.875
20
12.725
30
0
0
VERTEX
8
RASTER
10
155.875
20
11.275
30
0
0
VERTEX
8
RASTER
10
150.075
20
11.275
30
0
0
SEQEND
8
RASTER
0
POLYLINE
8
RASTER
66
1
70
1
0
VERTEX
8
RASTER
10
150.075
20
11.275
30
0
0
VERTEX
8
RASTER
10
151.525
20
11.275
30
0
0
VERTEX
8
RASTER
10
151.525
20
9.825
30
0
0
VERTEX
8
RASTER
10
150.075
20
9.825
30
0
0
SEQEND
8
RASTER
0
POLYLINE
8
RASTER
66
1
70
1
0
VERTEX
8
RASTER
10
152.975
20
11.275
30
0
0
VERTEX
8
RASTER
10
154.425
20
11.275
30
0
0
VERTEX
8
RASTER
10
154.425
20
9.825
30
0
0
VERTEX
8
RASTER
10
152.975
20
9.825
30
0
0
SEQEND
8
RASTER
0
POLYLINE
8
RASTER
66
1
70
1
0
VERTEX
8
RASTER
10
150.075
20
9.825
30
0
0
VERTEX
8
RASTER
10
151.525
20
9.825
30
0
0
VERTEX
8
RASTER
10
151.525
20
8.375
30
0
0
VERTEX
8
RASTER
10
150.075
20
8.375
30
0
0
SEQEND
8
RASTER
0
POLYLINE
8
RASTER
66
1
70
1
0
VERTEX
8
RASTER
10
154.425
20
9.825
30
0
0
VERTEX
8
RASTER
10
155.875
20
9.825
30
0
0
VERTEX
8
RASTER
10
155.875
20
8.375
30
0
0
VERTEX
8
RASTER
10
154.425
20
8.375
30
0
0
SEQEND
8
RASTER
0
POLYLINE
8
RASTER
66
1
70
1
0
VERTEX
8
RASTER
10
150.075
20
8.375
30
0
0
VERTEX
8
RASTER
10
151.525
20
8.375
30
0
0
VERTEX
8
RASTER
10
151.525
20
6.925
30
0
0
VERTEX
8
RASTER
10
150.075
20
6.925
30
0
0
SEQEND
8
RASTER
0
POLYLINE
8
RASTER
66
1
70
1
0
VERTEX
8
RASTER
10
155.875
20
8.375
30
0
0
VERTEX
8
RASTER
10
157.325
20
8.375
30
0
0
VERTEX
8
RASTER
10
157.325
20
6.925
30
0
0
VERTEX
8
RASTER
10
155.875
20
6.925
30
0
0
SEQEND
8
RASTER
0
POLYLINE
8
RASTER
66
1
70
1
0
VERTEX
8
RASTER
10
158.775
20
17.075
30
0
0
VERTEX
8
RASTER
10
160.225
20
17.075
30
0
0
VERTEX
8
RASTER
10
160.225
20
15.625
30
0
0
VERTEX
8
RASTER
10
158.775
20
15.625
30
0
0
SEQEND
8
RASTER
0
POLYLINE
8
RASTER
66
1
70
1
0
VERTEX
8
RASTER
10
164.575
20
17.075
30
0
0
VERTEX
8
RASTER
10
166.025
20
17.075
30
0
0
VERTEX
8
RASTER
10
166.025
20
15.625
30
0
0
VERTEX
8
RASTER
10
164.575
20
15.625
30
0
0
SEQEND
8
RASTER
0
POLYLINE
8
RASTER
66
1
70
1
0
VERTEX
8
RASTER
10
158.775
20
15.625
30
0
0
VERTEX
8
RASTER
10
160.225
20
15.625
30
0
0
VERTEX
8
RASTER
10
160.225
20
14.175
30
0
0
VERTEX
8
RASTER
10
158.775
20
14.175
30
0
0
SEQEND
8
RASTER
0
POLYLINE
8
RASTER
66
1
70
1
0
VERTEX
8
RASTER
10
164.575
20
15.625
30
0
0
VERTEX
8
RASTER
10
166.025
20
15.625
30
0
0
VERTEX
8
RASTER
10
166.025
20
14.175
30
0
0
VERTEX
8
RASTER
10
164.575
20
14.175
30
0
0
SEQEND
8
RASTER
0
POLYLINE
8
RASTER
66
1
70
1
0
VERTEX
8
RASTER
10
160.225
20
14.175
30
0
0
VERTEX
8
RASTER
10
161.675
20
14.175
30
0
0
VERTEX
8
RASTER
10
161.675
20
12.725
30
0
0
VERTEX
8
RASTER
10
160.225
20
12.725
30
0
0
SEQEND
8
RASTER
0
POLYLINE
8
RASTER
66
1
70
1
0
VERTEX
8
RASTER
10
163.125
20
14.175
30
0
0
VERTEX
8
RASTER
10
164.575
20
14.175
30
0
0
VERTEX
8
RASTER
10
164.575
20
12.725
30
0
0
VERTEX
8
RASTER
10
163.125
20
12.725
30
0
0
SEQEND
8
RASTER
0
POLYLINE
8
RASTER
66
1
70
1
0
VERTEX
8
RASTER
10
161.675
20
12.725
30
0
0
VERTEX
8
RASTER
10
163.125
20
12.725
30
0
0
VERTEX
8
RASTER
10
163.125
20
11.275
30
0
0
VERTEX
8
RASTER
10
161.675
20
11.275
30
0
0
SEQEND
8
RASTER
0
POLYLINE
8
RASTER
66
1
70
1
0
VERTEX
8
RASTER
10
161.675
20
11.275
30
0
0
VERTEX
8
RASTER
10
163.125
20
11.275
30
0
0
VERTEX
8
RASTER
10
163.125
20
9.825
30
0
0
VERTEX
8
RASTER
10
161.675
20
9.825
30
0
0
SEQEND
8
RASTER
0
POLYLINE
8
RASTER
66
1
70
1
0
VERTEX
8
RASTER
10
161.675
20
9.825
30
0
0
VERTEX
8
RASTER
10
163.125
20
9.825
30
0
0
VERTEX
8
RASTER
10
163.125
20
8.375
30
0
0
VERTEX
8
RASTER
10
161.675
20
8.375
30
0
0
SEQEND
8
RASTER
0
POLYLINE
8
RASTER
66
1
70
1
0
VERTEX
8
RASTER
10
161.675
20
8.375
30
0
0
VERTEX
8
RASTER
10
163.125
20
8.375
30
0
0
VERTEX
8
RASTER
10
163.125
20
6.925
30
0
0
VERTEX
8
RASTER
10
161.675
20
6.925
30
0
0
SEQEND
8
RASTER
0
POLYLINE
8
RASTER
66
1
70
1
0
VERTEX
8
RASTER
10
173.275
20
17.075
30
0
0
VERTEX
8
RASTER
10
179.075
20
17.075
30
0
0
VERTEX
8
RASTER
10
179.075
20
15.625
30
0
0
VERTEX
8
RASTER
10
173.275
20
15.625
30
0
0
SEQEND
8
RASTER
0
POLYLINE
8
RASTER
66
1
70
1
0
VERTEX
8
RASTER
10
173.275
20
15.625
30
0
0
VERTEX
8
RASTER
10
174.725
20
15.625
30
0
0
VERTEX
8
RASTER
10
174.725
20
14.175
30
0
0
VERTEX
8
RASTER
10
173.275
20
14.175
30
0
0
SEQEND
8
RASTER
0
POLYLINE
8
RASTER
66
1
70
1
0
VERTEX
8
RASTER
10
179.075
20
15.625
30
0
0
VERTEX
8
RASTER
10
180.525
20
15.625
30
0
0
VERTEX
8
RASTER
10
180.525
20
14.175
30
0
0
VERTEX
8
RASTER
10
179.075
20
14.175
30
0
0
SEQEND
8
RASTER
0
POLYLINE
8
RASTER
66
1
70
1
0
VERTEX
8
RASTER
10
173.275
20
14.175
30
0
0
VERTEX
8
RASTER
10
174.725
20
14.175
30
0
0
VERTEX
8
RASTER
10
174.725
20
12.725
30
0
0
VERTEX
8
RASTER
10
173.275
20
12.725
30
0
0
SEQEND
8
RASTER
0
POLYLINE
8
RASTER
66
1
70
1
0
VERTEX
8
RASTER
10
179.075
20
14.175
30
0
0
VERTEX
8
RASTER
10
180.525
20
14.175
30
0
0
VERTEX
8
RASTER
10
180.525
20
12.725
30
0
0
VERTEX
8
RASTER
10
179.075
20
12.725
30
0
0
SEQEND
8
RASTER
0
POLYLINE
8
RASTER
66
1
70
1
0
VERTEX
8
RASTER
10
173.275
20
12.725
30
0
0
VERTEX
8
RASTER
10
179.075
20
12.725
30
0
0
VERTEX
8
RASTER
10
179.075
20
11.275
30
0
0
VERTEX
8
RASTER
10
173.275
20
11.275
30
0
0
SEQEND
8
RASTER
0
POLYLINE
8
RASTER
66
1
70
1
0
VERTEX
8
RASTER
10
173.275
20
11.275
30
0
0
VERTEX
8
RASTER
10
174.725
20
11.275
30
0
0
VERTEX
8
RASTER
10
174.725
20
9.825
30
0
0
VERTEX
8
RASTER
10
173.275
20
9.825
30
0
0
SEQEND
8
RASTER
0
POLYLINE
8
RASTER
66
1
70
1
0
VERTEX
8
RASTER
10
173.275
20
9.825
30
0
0
VERTEX
8
RASTER
10
174.725
20
9.825
30
0
0
VERTEX
8
RASTER
10
174.725
20
8.375
30
0
0
VERTEX
8
RASTER
10
173.275
20
8.375
30
0
0
SEQEND
8
RASTER
0
POLYLINE
8
RASTER
66
1
70
1
0
VERTEX
8
RASTER
10
173.275
20
8.375
30
0
0
VERTEX
8
RASTER
10
174.725
20
8.375
30
0
0
VERTEX
8
RASTER
10
174.725
20
6.925
30
0
0
VERTEX
8
RASTER
10
173.275
20
6.925
30
0
0
SEQEND
8
RASTER
0
POLYLINE
8
RASTER
66
1
70
1
0
VERTEX
8
RASTER
10
181.975
20
17.075
30
0
0
VERTEX
8
RASTER
10
189.225
20
17.075
30
0
0
VERTEX
8
RASTER
10
189.225
20
15.625
30
0
0
VERTEX
8
RASTER
10
181.975
20
15.625
30
0
0
SEQEND
8
RASTER
0
POLYLINE
8
RASTER
66
1
70
1
0
VERTEX
8
RASTER
10
184.875
20
15.625
30
0
0
VERTEX
8
RASTER
10
186.325
20
15.625
30
0
0
VERTEX
8
RASTER
10
186.325
20
14.175
30
0
0
VERTEX
8
RASTER
10
184.875
20
14.175
30
0
0
SEQEND
8
RASTER
0
POLYLINE
8
RASTER
66
1
70
1
0
VERTEX
8
RASTER
10
184.875
20
14.175
30
0
0
VERTEX
8
RASTER
10
186.325
20
14.175
30
0
0
VERTEX
8
RASTER
10
186.325
20
12.725
30
0
0
VERTEX
8
RASTER
10
184.875
20
12.725
30
0
0
SEQEND
8
RASTER
0
POLYLINE
8
RASTER
66
1
70
1
0
VERTEX
8
RASTER
10
184.875
20
12.725
30
0
0
VERTEX
8
RASTER
10
186.325
20
12.725
30
0
0
VERTEX
8
RASTER
10
186.325
20
11.275
30
0
0
VERTEX
8
RASTER
10
184.875
20
11.275
30
0
0
SEQEND
8
RASTER
0
POLYLINE
8
RASTER
66
1
70
1
0
VERTEX
8
RASTER
10
184.875
20
11.275
30
0
0
VERTEX
8
RASTER
10
186.325
20
11.275
30
0
0
VERTEX
8
RASTER
10
186.325
20
9.825
30
0
0
VERTEX
8
RASTER
10
184.875
20
9.825
30
0
0
SEQEND
8
RASTER
0
POLYLINE
8
RASTER
66
1
70
1
0
VERTEX
8
RASTER
10
184.875
20
9.825
30
0
0
VERTEX
8
RASTER
10
186.325
20
9.825
30
0
0
VERTEX
8
RASTER
10
186.325
20
8.375
30
0
0
VERTEX
8
RASTER
10
184.875
20
8.375
30
0
0
SEQEND
8
RASTER
0
POLYLINE
8
RASTER
66
1
70
1
0
VERTEX
8
RASTER
10
181.975
20
8.375
30
0
0
VERTEX
8
RASTER
10
189.225
20
8.375
30
0
0
VERTEX
8
RASTER
10
189.225
20
6.925
30
0
0
VERTEX
8
RASTER
10
181.975
20
6.925
30
0
0
SEQEND
8
RASTER
0
POLYLINE
8
RASTER
66
1
70
1
0
VERTEX
8
RASTER
10
190.675
20
17.075
30
0
0
VERTEX
8
RASTER
10
196.475
20
17.075
30
0
0
VERTEX
8
RASTER
10
196.475
20
15.625
30
0
0
VERTEX
8
RASTER
10
190.675
20
15.625
30
0
0
SEQEND
8
RASTER
0
POLYLINE
8
RASTER
66
1
70
1
0
VERTEX
8
RASTER
10
190.675
20
15.625
30
0
0
VERTEX
8
RASTER
10
192.125
20
15.625
30
0
0
VERTEX
8
RASTER
10
192.125
20
14.175
30
0
0
VERTEX
8
RASTER
10
190.675
20
14.175
30
0
0
SEQEND
8
RASTER
0
POLYLINE
8
RASTER
66
1
70
1
0
VERTEX
8
RASTER
10
196.475
20
15.625
30
0
0
VERTEX
8
RASTER
10
197.925
20
15.625
30
0
0
VERTEX
8
RASTER
10
197.925
20
14.175
30
0
0
VERTEX
8
RASTER
10
196.475
20
14.175
30
0
0
SEQEND
8
RASTER
0
POLYLINE
8
RASTER
66
1
70
1
0
VERTEX
8
RASTER
10
190.675
20
14.175
30
0
0
VERTEX
8
RASTER
10
192.125
20
14.175
30
0
0
VERTEX
8
RASTER
10
192.125
20
12.725
30
0
0
VERTEX
8
RASTER
10
190.675
20
12.725
30
0
0
SEQEND
8
RASTER
0
POLYLINE
8
RASTER
66
1
70
1
0
VERTEX
8
RASTER
10
196.475
20
14.175
30
0
0
VERTEX
8
RASTER
10
197.925
20
14.175
30
0
0
VERTEX
8
RASTER
10
197.925
20
12.725
30
0
0
VERTEX
8
RASTER
10
196.475
20
12.725
30
0
0
SEQEND
8
RASTER
0
POLYLINE
8
RASTER
66
1
70
1
0
VERTEX
8
RASTER
10
190.675
20
12.725
30
0
0
VERTEX
8
RASTER
10
196.475
20
12.725
30
0
0
VERTEX
8
RASTER
10
196.475
20
11.275
30
0
0
VERTEX
8
RASTER
10
190.675
20
11.275
30
0
0
SEQEND
8
RASTER
0
POLYLINE
8
RASTER
66
1
70
1
0
VERTEX
8
RASTER
10
190.675
20
11.275
30
0
0
VERTEX
8
RASTER
10
192.125
20
11.275
30
0
0
VERTEX
8
RASTER
10
192.125
20
9.825
30
0
0
VERTEX
8
RASTER
10
190.675
20
9.825
30
0
0
SEQEND
8
RASTER
0
POLYLINE
8
RASTER
66
1
70
1
0
VERTEX
8
RASTER
10
193.575
20
11.275
30
0
0
VERTEX
8
RASTER
10
195.025
20
11.275
30
0
0
VERTEX
8
RASTER
10
195.025
20
9.825
30
0
0
VERTEX
8
RASTER
10
193.575
20
9.825
30
0
0
SEQEND
8
RASTER
0
POLYLINE
8
RASTER
66
1
70
1
0
VERTEX
8
RASTER
10
190.675
20
9.825
30
0
0
VERTEX
8
RASTER
10
192.125
20
9.825
30
0
0
VERTEX
8
RASTER
10
192.125
20
8.375
30
0
0
VERTEX
8
RASTER
10
190.675
20
8.375
30
0
0
SEQEND
8
RASTER
0
POLYLINE
8
RASTER
66
1
70
1
0
VERTEX
8
RASTER
10
195.025
20
9.825
30
0
0
VERTEX
8
RASTER
10
196.475
20
9.825
30
0
0
VERTEX
8
RASTER
10
196.475
20
8.375
30
0
0
VERTEX
8
RASTER
10
195.025
20
8.375
30
0
0
SEQEND
8
RASTER
0
POLYLINE
8
RASTER
66
1
70
1
0
VERTEX
8
RASTER
10
190.675
20
8.375
30
0
0
VERTEX
8
RASTER
10
192.125
20
8.375
30
0
0
VERTEX
8
RASTER
10
192.125
20
6.925
30
0
0
VERTEX
8
RASTER
10
190.675
20
6.925
30
0
0
SEQEND
8
RASTER
0
POLYLINE
8
RASTER
66
1
70
1
0
VERTEX
8
RASTER
10
196.475
20
8.375
30
0
0
VERTEX
8
RASTER
10
197.925
20
8.375
30
0
0
VERTEX
8
RASTER
10
197.925
20
6.925
30
0
0
VERTEX
8
RASTER
10
196.475
20
6.925
30
0
0
SEQEND
8
RASTER
0
POLYLINE
8
RASTER
66
1
70
1
0
VERTEX
8
RASTER
10
200.825
20
17.075
30
0
0
VERTEX
8
RASTER
10
205.175
20
17.075
30
0
0
VERTEX
8
RASTER
10
205.175
20
15.625
30
0
0
VERTEX
8
RASTER
10
200.825
20
15.625
30
0
0
SEQEND
8
RASTER
0
POLYLINE
8
RASTER
66
1
70
1
0
VERTEX
8
RASTER
10
199.375
20
15.625
30
0
0
VERTEX
8
RASTER
10
200.825
20
15.625
30
0
0
VERTEX
8
RASTER
10
200.825
20
14.175
30
0
0
VERTEX
8
RASTER
10
199.375
20
14.175
30
0
0
SEQEND
8
RASTER
0
POLYLINE
8
RASTER
66
1
70
1
0
VERTEX
8
RASTER
10
205.175
20
15.625
30
0
0
VERTEX
8
RASTER
10
206.625
20
15.625
30
0
0
VERTEX
8
RASTER
10
206.625
20
14.175
30
0
0
VERTEX
8
RASTER
10
205.175
20
14.175
30
0
0
SEQEND
8
RASTER
0
POLYLINE
8
RASTER
66
1
70
1
0
VERTEX
8
RASTER
10
199.375
20
14.175
30
0
0
VERTEX
8
RASTER
10
200.825
20
14.175
30
0
0
VERTEX
8
RASTER
10
200.825
20
12.725
30
0
0
VERTEX
8
RASTER
10
199.375
20
12.725
30
0
0
SEQEND
8
RASTER
0
POLYLINE
8
RASTER
66
1
70
1
0
VERTEX
8
RASTER
10
205.175
20
14.175
30
0
0
VERTEX
8
RASTER
10
206.625
20
14.175
30
0
0
VERTEX
8
RASTER
10
206.625
20
12.725
30
0
0
VERTEX
8
RASTER
10
205.175
20
12.725
30
0
0
SEQEND
8
RASTER
0
POLYLINE
8
RASTER
66
1
70
1
0
VERTEX
8
RASTER
10
199.375
20
12.725
30
0
0
VERTEX
8
RASTER
10
206.625
20
12.725
30
0
0
VERTEX
8
RASTER
10
206.625
20
11.275
30
0
0
VERTEX
8
RASTER
10
199.375
20
11.275
30
0
0
SEQEND
8
RASTER
0
POLYLINE
8
RASTER
66
1
70
1
0
VERTEX
8
RASTER
10
199.375
20
11.275
30
0
0
VERTEX
8
RASTER
10
200.825
20
11.275
30
0
0
VERTEX
8
RASTER
10
200.825
20
9.825
30
0
0
VERTEX
8
RASTER
10
199.375
20
9.825
30
0
0
SEQEND
8
RASTER
0
POLYLINE
8
RASTER
66
1
70
1
0
VERTEX
8
RASTER
10
205.175
20
11.275
30
0
0
VERTEX
8
RASTER
10
206.625
20
11.275
30
0
0
VERTEX
8
RASTER
10
206.625
20
9.825
30
0
0
VERTEX
8
RASTER
10
205.175
20
9.825
30
0
0
SEQEND
8
RASTER
0
POLYLINE
8
RASTER
66
1
70
1
0
VERTEX
8
RASTER
10
199.375
20
9.825
30
0
0
VERTEX
8
RASTER
10
200.825
20
9.825
30
0
0
VERTEX
8
RASTER
10
200.825
20
8.375
30
0
0
VERTEX
8
RASTER
10
199.375
20
8.375
30
0
0
SEQEND
8
RASTER
0
POLYLINE
8
RASTER
66
1
70
1
0
VERTEX
8
RASTER
10
205.175
20
9.825
30
0
0
VERTEX
8
RASTER
10
206.625
20
9.825
30
0
0
VERTEX
8
RASTER
10
206.625
20
8.375
30
0
0
VERTEX
8
RASTER
10
205.175
20
8.375
30
0
0
SEQEND
8
RASTER
0
POLYLINE
8
RASTER
66
1
70
1
0
VERTEX
8
RASTER
10
199.375
20
8.375
30
0
0
VERTEX
8
RASTER
10
200.825
20
8.375
30
0
0
VERTEX
8
RASTER
10
200.825
20
6.925
30
0
0
VERTEX
8
RASTER
10
199.375
20
6.925
30
0
0
SEQEND
8
RASTER
0
POLYLINE
8
RASTER
66
1
70
1
0
VERTEX
8
RASTER
10
205.175
20
8.375
30
0
0
VERTEX
8
RASTER
10
206.625
20
8.375
30
0
0
VERTEX
8
RASTER
10
206.625
20
6.925
30
0
0
VERTEX
8
RASTER
10
205.175
20
6.925
30
0
0
SEQEND
8
RASTER
0
POLYLINE
8
RASTER
66
1
70
1
0
VERTEX
8
RASTER
10
208.075
20
17.075
30
0
0
VERTEX
8
RASTER
10
215.325
20
17.075
30
0
0
VERTEX
8
RASTER
10
215.325
20
15.625
30
0
0
VERTEX
8
RASTER
10
208.075
20
15.625
30
0
0
SEQEND
8
RASTER
0
POLYLINE
8
RASTER
66
1
70
1
0
VERTEX
8
RASTER
10
210.975
20
15.625
30
0
0
VERTEX
8
RASTER
10
212.425
20
15.625
30
0
0
VERTEX
8
RASTER
10
212.425
20
14.175
30
0
0
VERTEX
8
RASTER
10
210.975
20
14.175
30
0
0
SEQEND
8
RASTER
0
POLYLINE
8
RASTER
66
1
70
1
0
VERTEX
8
RASTER
10
210.975
20
14.175
30
0
0
VERTEX
8
RASTER
10
212.425
20
14.175
30
0
0
VERTEX
8
RASTER
10
212.425
20
12.725
30
0
0
VERTEX
8
RASTER
10
210.975
20
12.725
30
0
0
SEQEND
8
RASTER
0
POLYLINE
8
RASTER
66
1
70
1
0
VERTEX
8
RASTER
10
210.975
20
12.725
30
0
0
VERTEX
8
RASTER
10
212.425
20
12.725
30
0
0
VERTEX
8
RASTER
10
212.425
20
11.275
30
0
0
VERTEX
8
RASTER
10
210.975
20
11.275
30
0
0
SEQEND
8
RASTER
0
POLYLINE
8
RASTER
66
1
70
1
0
VERTEX
8
RASTER
10
210.975
20
11.275
30
0
0
VERTEX
8
RASTER
10
212.425
20
11.275
30
0
0
VERTEX
8
RASTER
10
212.425
20
9.825
30
0
0
VERTEX
8
RASTER
10
210.975
20
9.825
30
0
0
SEQEND
8
RASTER
0
POLYLINE
8
RASTER
66
1
70
1
0
VERTEX
8
RASTER
10
210.975
20
9.825
30
0
0
VERTEX
8
RASTER
10
212.425
20
9.825
30
0
0
VERTEX
8
RASTER
10
212.425
20
8.375
30
0
0
VERTEX
8
RASTER
10
210.975
20
8.375
30
0
0
SEQEND
8
RASTER
0
POLYLINE
8
RASTER
66
1
70
1
0
VERTEX
8
RASTER
10
210.975
20
8.375
30
0
0
VERTEX
8
RASTER
10
212.425
20
8.375
30
0
0
VERTEX
8
RASTER
10
212.425
20
6.925
30
0
0
VERTEX
8
RASTER
10
210.975
20
6.925
30
0
0
SEQEND
8
RASTER
0
POLYLINE
8
RASTER
66
1
70
1
0
VERTEX
8
RASTER
10
216.775
20
17.075
30
0
0
VERTEX
8
RASTER
10
224.025
20
17.075
30
0
0
VERTEX
8
RASTER
10
224.025
20
15.625
30
0
0
VERTEX
8
RASTER
10
216.775
20
15.625
30
0
0
SEQEND
8
RASTER
0
POLYLINE
8
RASTER
66
1
70
1
0
VERTEX
8
RASTER
10
216.775
20
15.625
30
0
0
VERTEX
8
RASTER
10
218.225
20
15.625
30
0
0
VERTEX
8
RASTER
10
218.225
20
14.175
30
0
0
VERTEX
8
RASTER
10
216.775
20
14.175
30
0
0
SEQEND
8
RASTER
0
POLYLINE
8
RASTER
66
1
70
1
0
VERTEX
8
RASTER
10
216.775
20
14.175
30
0
0
VERTEX
8
RASTER
10
218.225
20
14.175
30
0
0
VERTEX
8
RASTER
10
218.225
20
12.725
30
0
0
VERTEX
8
RASTER
10
216.775
20
12.725
30
0
0
SEQEND
8
RASTER
0
POLYLINE
8
RASTER
66
1
70
1
0
VERTEX
8
RASTER
10
216.775
20
12.725
30
0
0
VERTEX
8
RASTER
10
222.575
20
12.725
30
0
0
VERTEX
8
RASTER
10
222.575
20
11.275
30
0
0
VERTEX
8
RASTER
10
216.775
20
11.275
30
0
0
SEQEND
8
RASTER
0
POLYLINE
8
RASTER
66
1
70
1
0
VERTEX
8
RASTER
10
216.775
20
11.275
30
0
0
VERTEX
8
RASTER
10
218.225
20
11.275
30
0
0
VERTEX
8
RASTER
10
218.225
20
9.825
30
0
0
VERTEX
8
RASTER
10
216.775
20
9.825
30
0
0
SEQEND
8
RASTER
0
POLYLINE
8
RASTER
66
1
70
1
0
VERTEX
8
RASTER
10
216.775
20
9.825
30
0
0
VERTEX
8
RASTER
10
218.225
20
9.825
30
0
0
VERTEX
8
RASTER
10
218.225
20
8.375
30
0
0
VERTEX
8
RASTER
10
216.775
20
8.375
30
0
0
SEQEND
8
RASTER
0
POLYLINE
8
RASTER
66
1
70
1
0
VERTEX
8
RASTER
10
216.775
20
8.375
30
0
0
VERTEX
8
RASTER
10
224.025
20
8.375
30
0
0
VERTEX
8
RASTER
10
224.025
20
6.925
30
0
0
VERTEX
8
RASTER
10
216.775
20
6.925
30
0
0
SEQEND
8
RASTER
0
POLYLINE
8
RASTER
66
1
70
1
0
VERTEX
8
RASTER
10
226.925
20
17.075
30
0
0
VERTEX
8
RASTER
10
232.725
20
17.075
30
0
0
VERTEX
8
RASTER
10
232.725
20
15.625
30
0
0
VERTEX
8
RASTER
10
226.925
20
15.625
30
0
0
SEQEND
8
RASTER
0
POLYLINE
8
RASTER
66
1
70
1
0
VERTEX
8
RASTER
10
225.475
20
15.625
30
0
0
VERTEX
8
RASTER
10
226.925
20
15.625
30
0
0
VERTEX
8
RASTER
10
226.925
20
14.175
30
0
0
VERTEX
8
RASTER
10
225.475
20
14.175
30
0
0
SEQEND
8
RASTER
0
POLYLINE
8
RASTER
66
1
70
1
0
VERTEX
8
RASTER
10
225.475
20
14.175
30
0
0
VERTEX
8
RASTER
10
226.925
20
14.175
30
0
0
VERTEX
8
RASTER
10
226.925
20
12.725
30
0
0
VERTEX
8
RASTER
10
225.475
20
12.725
30
0
0
SEQEND
8
RASTER
0
POLYLINE
8
RASTER
66
1
70
1
0
VERTEX
8
RASTER
10
226.925
20
12.725
30
0
0
VERTEX
8
RASTER
10
231.275
20
12.725
30
0
0
VERTEX
8
RASTER
10
231.275
20
11.275
30
0
0
VERTEX
8
RASTER
10
226.925
20
11.275
30
0
0
SEQEND
8
RASTER
0
POLYLINE
8
RASTER
66
1
70
1
0
VERTEX
8
RASTER
10
231.275
20
11.275
30
0
0
VERTEX
8
RASTER
10
232.725
20
11.275
30
0
0
VERTEX
8
RASTER
10
232.725
20
9.825
30
0
0
VERTEX
8
RASTER
10
231.275
20
9.825
30
0
0
SEQEND
8
RASTER
0
POLYLINE
8
RASTER
66
1
70
1
0
VERTEX
8
RASTER
10
231.275
20
9.825
30
0
0
VERTEX
8
RASTER
10
232.725
20
9.825
30
0
0
VERTEX
8
RASTER
10
232.725
20
8.375
30
0
0
VERTEX
8
RASTER
10
231.275
20
8.375
30
0
0
SEQEND
8
RASTER
0
POLYLINE
8
RASTER
66
1
70
1
0
VERTEX
8
RASTER
10
225.475
20
8.375
30
0
0
VERTEX
8
RASTER
10
231.275
20
8.375
30
0
0
VERTEX
8
RASTER
10
231.275
20
6.925
30
0
0
VERTEX
8
RASTER
10
225.475
20
6.925
30
0
0
SEQEND
8
RASTER
0
POLYLINE
8
RASTER
66
1
70
1
0
VERTEX
8
RASTER
10
6.4
20
40.8
30
0
0
VERTEX
8
RASTER
10
10.4
20
40.8
30
0
0
VERTEX
8
RASTER
10
10.4
20
40
30
0
0
VERTEX
8
RASTER
10
6.4
20
40
30
0
0
SEQEND
8
RASTER
0
POLYLINE
8
RASTER
66
1
70
1
0
VERTEX
8
RASTER
10
8
20
40
30
0
0
VERTEX
8
RASTER
10
8.8
20
40
30
0
0
VERTEX
8
RASTER
10
8.8
20
39.2
30
0
0
VERTEX
8
RASTER
10
8
20
39.2
30
0
0
SEQEND
8
RASTER
0
POLYLINE
8
RASTER
66
1
70
1
0
VERTEX
8
RASTER
10
8
20
39.2
30
0
0
VERTEX
8
RASTER
10
8.8
20
39.2
30
0
0
VERTEX
8
RASTER
10
8.8
20
38.4
30
0
0
VERTEX
8
RASTER
10
8
20
38.4
30
0
0
SEQEND
8
RASTER
0
POLYLINE
8
RASTER
66
1
70
1
0
VERTEX
8
RASTER
10
8
20
38.4
30
0
0
VERTEX
8
RASTER
10
8.8
20
38.4
30
0
0
VERTEX
8
RASTER
10
8.8
20
37.6
30
0
0
VERTEX
8
RASTER
10
8
20
37.6
30
0
0
SEQEND
8
RASTER
0
POLYLINE
8
RASTER
66
1
70
1
0
VERTEX
8
RASTER
10
8
20
37.6
30
0
0
VERTEX
8
RASTER
10
8.8
20
37.6
30
0
0
VERTEX
8
RASTER
10
8.8
20
36.8
30
0
0
VERTEX
8
RASTER
10
8
20
36.8
30
0
0
SEQEND
8
RASTER
0
POLYLINE
8
RASTER
66
1
70
1
0
VERTEX
8
RASTER
10
8
20
36.8
30
0
0
VERTEX
8
RASTER
10
8.8
20
36.8
30
0
0
VERTEX
8
RASTER
10
8.8
20
36
30
0
0
VERTEX
8
RASTER
10
8
20
36
30
0
0
SEQEND
8
RASTER
0
POLYLINE
8
RASTER
66
1
70
1
0
VERTEX
8
RASTER
10
8
20
36
30
0
0
VERTEX
8
RASTER
10
8.8
20
36
30
0
0
VERTEX
8
RASTER
10
8.8
20
35.2
30
0
0
VERTEX
8
RASTER
10
8
20
35.2
30
0
0
SEQEND
8
RASTER
0
POLYLINE
8
RASTER
66
1
70
1
0
VERTEX
8
RASTER
10
11.2
20
40.8
30
0
0
VERTEX
8
RASTER
10
12
20
40.8
30
0
0
VERTEX
8
RASTER
10
12
20
40
30
0
0
VERTEX
8
RASTER
10
11.2
20
40
30
0
0
SEQEND
8
RASTER
0
POLYLINE
8
RASTER
66
1
70
1
0
VERTEX
8
RASTER
10
14.4
20
40.8
30
0
0
VERTEX
8
RASTER
10
15.2
20
40.8
30
0
0
VERTEX
8
RASTER
10
15.2
20
40
30
0
0
VERTEX
8
RASTER
10
14.4
20
40
30
0
0
SEQEND
8
RASTER
0
POLYLINE
8
RASTER
66
1
70
1
0
VERTEX
8
RASTER
10
11.2
20
40
30
0
0
VERTEX
8
RASTER
10
12
20
40
30
0
0
VERTEX
8
RASTER
10
12
20
39.2
30
0
0
VERTEX
8
RASTER
10
11.2
20
39.2
30
0
0
SEQEND
8
RASTER
0
POLYLINE
8
RASTER
66
1
70
1
0
VERTEX
8
RASTER
10
14.4
20
40
30
0
0
VERTEX
8
RASTER
10
15.2
20
40
30
0
0
VERTEX
8
RASTER
10
15.2
20
39.2
30
0
0
VERTEX
8
RASTER
10
14.4
20
39.2
30
0
0
SEQEND
8
RASTER
0
POLYLINE
8
RASTER
66
1
70
1
0
VERTEX
8
RASTER
10
11.2
20
39.2
30
0
0
VERTEX
8
RASTER
10
12
20
39.2
30
0
0
VERTEX
8
RASTER
10
12
20
38.4
30
0
0
VERTEX
8
RASTER
10
11.2
20
38.4
30
0
0
SEQEND
8
RASTER
0
POLYLINE
8
RASTER
66
1
70
1
0
VERTEX
8
RASTER
10
14.4
20
39.2
30
0
0
VERTEX
8
RASTER
10
15.2
20
39.2
30
0
0
VERTEX
8
RASTER
10
15.2
20
38.4
30
0
0
VERTEX
8
RASTER
10
14.4
20
38.4
30
0
0
SEQEND
8
RASTER
0
POLYLINE
8
RASTER
66
1
70
1
0
VERTEX
8
RASTER
10
11.2
20
38.4
30
0
0
VERTEX
8
RASTER
10
15.2
20
38.4
30
0
0
VERTEX
8
RASTER
10
15.2
20
37.6
30
0
0
VERTEX
8
RASTER
10
11.2
20
37.6
30
0
0
SEQEND
8
RASTER
0
POLYLINE
8
RASTER
66
1
70
1
0
VERTEX
8
RASTER
10
11.2
20
37.6
30
0
0
VERTEX
8
RASTER
10
12
20
37.6
30
0
0
VERTEX
8
RASTER
10
12
20
36.8
30
0
0
VERTEX
8
RASTER
10
11.2
20
36.8
30
0
0
SEQEND
8
RASTER
0
POLYLINE
8
RASTER
66
1
70
1
0
VERTEX
8
RASTER
10
14.4
20
37.6
30
0
0
VERTEX
8
RASTER
10
15.2
20
37.6
30
0
0
VERTEX
8
RASTER
10
15.2
20
36.8
30
0
0
VERTEX
8
RASTER
10
14.4
20
36.8
30
0
0
SEQEND
8
RASTER
0
POLYLINE
8
RASTER
66
1
70
1
0
VERTEX
8
RASTER
10
11.2
20
36.8
30
0
0
VERTEX
8
RASTER
10
12
20
36.8
30
0
0
VERTEX
8
RASTER
10
12
20
36
30
0
0
VERTEX
8
RASTER
10
11.2
20
36
30
0
0
SEQEND
8
RASTER
0
POLYLINE
8
RASTER
66
1
70
1
0
VERTEX
8
RASTER
10
14.4
20
36.8
30
0
0
VERTEX
8
RASTER
10
15.2
20
36.8
30
0
0
VERTEX
8
RASTER
10
15.2
20
36
30
0
0
VERTEX
8
RASTER
10
14.4
20
36
30
0
0
SEQEND
8
RASTER
0
POLYLINE
8
RASTER
66
1
70
1
0
VERTEX
8
RASTER
10
11.2
20
36
30
0
0
VERTEX
8
RASTER
10
12
20
36
30
0
0
VERTEX
8
RASTER
10
12
20
35.2
30
0
0
VERTEX
8
RASTER
10
11.2
20
35.2
30
0
0
SEQEND
8
RASTER
0
POLYLINE
8
RASTER
66
1
70
1
0
VERTEX
8
RASTER
10
14.4
20
36
30
0
0
VERTEX
8
RASTER
10
15.2
20
36
30
0
0
VERTEX
8
RASTER
10
15.2
20
35.2
30
0
0
VERTEX
8
RASTER
10
14.4
20
35.2
30
0
0
SEQEND
8
RASTER
0
POLYLINE
8
RASTER
66
1
70
1
0
VERTEX
8
RASTER
10
16
20
40.8
30
0
0
VERTEX
8
RASTER
10
20
20
40.8
30
0
0
VERTEX
8
RASTER
10
20
20
40
30
0
0
VERTEX
8
RASTER
10
16
20
40
30
0
0
SEQEND
8
RASTER
0
POLYLINE
8
RASTER
66
1
70
1
0
VERTEX
8
RASTER
10
16
20
40
30
0
0
VERTEX
8
RASTER
10
16.8
20
40
30
0
0
VERTEX
8
RASTER
10
16.8
20
39.2
30
0
0
VERTEX
8
RASTER
10
16
20
39.2
30
0
0
SEQEND
8
RASTER
0
POLYLINE
8
RASTER
66
1
70
1
0
VERTEX
8
RASTER
10
16
20
39.2
30
0
0
VERTEX
8
RASTER
10
16.8
20
39.2
30
0
0
VERTEX
8
RASTER
10
16.8
20
38.4
30
0
0
VERTEX
8
RASTER
10
16
20
38.4
30
0
0
SEQEND
8
RASTER
0
POLYLINE
8
RASTER
66
1
70
1
0
VERTEX
8
RASTER
10
16
20
38.4
30
0
0
VERTEX
8
RASTER
10
19.2
20
38.4
30
0
0
VERTEX
8
RASTER
10
19.2
20
37.6
30
0
0
VERTEX
8
RASTER
10
16
20
37.6
30
0
0
SEQEND
8
RASTER
0
POLYLINE
8
RASTER
66
1
70
1
0
VERTEX
8
RASTER
10
16
20
37.6
30
0
0
VERTEX
8
RASTER
10
16.8
20
37.6
30
0
0
VERTEX
8
RASTER
10
16.8
20
36.8
30
0
0
VERTEX
8
RASTER
10
16
20
36.8
30
0
0
SEQEND
8
RASTER
0
POLYLINE
8
RASTER
66
1
70
1
0
VERTEX
8
RASTER
10
16
20
36.8
30
0
0
VERTEX
8
RASTER
10
16.8
20
36.8
30
0
0
VERTEX
8
RASTER
10
16.8
20
36
30
0
0
VERTEX
8
RASTER
10
16
20
36
30
0
0
SEQEND
8
RASTER
0
POLYLINE
8
RASTER
66
1
70
1
0
VERTEX
8
RASTER
10
16
20
36
30
0
0
VERTEX
8
RASTER
10
20
20
36
30
0
0
VERTEX
8
RASTER
10
20
20
35.2
30
0
0
VERTEX
8
RASTER
10
16
20
35.2
30
0
0
SEQEND
8
RASTER
0
POLYLINE
8
RASTER
66
1
70
1
0
VERTEX
8
RASTER
10
24.8
20
40.8
30
0
0
VERTEX
8
RASTER
10
28
20
40.8
30
0
0
VERTEX
8
RASTER
10
28
20
40
30
0
0
VERTEX
8
RASTER
10
24.8
20
40
30
0
0
SEQEND
8
RASTER
0
POLYLINE
8
RASTER
66
1
70
1
0
VERTEX
8
RASTER
10
24
20
40
30
0
0
VERTEX
8
RASTER
10
24.8
20
40
30
0
0
VERTEX
8
RASTER
10
24.8
20
39.2
30
0
0
VERTEX
8
RASTER
10
24
20
39.2
30
0
0
SEQEND
8
RASTER
0
POLYLINE
8
RASTER
66
1
70
1
0
VERTEX
8
RASTER
10
24
20
39.2
30
0
0
VERTEX
8
RASTER
10
24.8
20
39.2
30
0
0
VERTEX
8
RASTER
10
24.8
20
38.4
30
0
0
VERTEX
8
RASTER
10
24
20
38.4
30
0
0
SEQEND
8
RASTER
0
POLYLINE
8
RASTER
66
1
70
1
0
VERTEX
8
RASTER
10
24.8
20
38.4
30
0
0
VERTEX
8
RASTER
10
27.2
20
38.4
30
0
0
VERTEX
8
RASTER
10
27.2
20
37.6
30
0
0
VERTEX
8
RASTER
10
24.8
20
37.6
30
0
0
SEQEND
8
RASTER
0
POLYLINE
8
RASTER
66
1
70
1
0
VERTEX
8
RASTER
10
27.2
20
37.6
30
0
0
VERTEX
8
RASTER
10
28
20
37.6
30
0
0
VERTEX
8
RASTER
10
28
20
36.8
30
0
0
VERTEX
8
RASTER
10
27.2
20
36.8
30
0
0
SEQEND
8
RASTER
0
POLYLINE
8
RASTER
66
1
70
1
0
VERTEX
8
RASTER
10
27.2
20
36.8
30
0
0
VERTEX
8
RASTER
10
28
20
36.8
30
0
0
VERTEX
8
RASTER
10
28
20
36
30
0
0
VERTEX
8
RASTER
10
27.2
20
36
30
0
0
SEQEND
8
RASTER
0
POLYLINE
8
RASTER
66
1
70
1
0
VERTEX
8
RASTER
10
24
20
36
30
0
0
VERTEX
8
RASTER
10
27.2
20
36
30
0
0
VERTEX
8
RASTER
10
27.2
20
35.2
30
0
0
VERTEX
8
RASTER
10
24
20
35.2
30
0
0
SEQEND
8
RASTER
0
POLYLINE
8
RASTER
66
1
70
1
0
VERTEX
8
RASTER
10
28.8
20
40.8
30
0
0
VERTEX
8
RASTER
10
29.6
20
40.8
30
0
0
VERTEX
8
RASTER
10
29.6
20
40
30
0
0
VERTEX
8
RASTER
10
28.8
20
40
30
0
0
SEQEND
8
RASTER
0
POLYLINE
8
RASTER
66
1
70
1
0
VERTEX
8
RASTER
10
32
20
40.8
30
0
0
VERTEX
8
RASTER
10
32.8
20
40.8
30
0
0
VERTEX
8
RASTER
10
32.8
20
40
30
0
0
VERTEX
8
RASTER
10
32
20
40
30
0
0
SEQEND
8
RASTER
0
POLYLINE
8
RASTER
66
1
70
1
0
VERTEX
8
RASTER
10
28.8
20
40
30
0
0
VERTEX
8
RASTER
10
29.6
20
40
30
0
0
VERTEX
8
RASTER
10
29.6
20
39.2
30
0
0
VERTEX
8
RASTER
10
28.8
20
39.2
30
0
0
SEQEND
8
RASTER
0
POLYLINE
8
RASTER
66
1
70
1
0
VERTEX
8
RASTER
10
32
20
40
30
0
0
VERTEX
8
RASTER
10
32.8
20
40
30
0
0
VERTEX
8
RASTER
10
32.8
20
39.2
30
0
0
VERTEX
8
RASTER
10
32
20
39.2
30
0
0
SEQEND
8
RASTER
0
POLYLINE
8
RASTER
66
1
70
1
0
VERTEX
8
RASTER
10
28.8
20
39.2
30
0
0
VERTEX
8
RASTER
10
29.6
20
39.2
30
0
0
VERTEX
8
RASTER
10
29.6
20
38.4
30
0
0
VERTEX
8
RASTER
10
28.8
20
38.4
30
0
0
SEQEND
8
RASTER
0
POLYLINE
8
RASTER
66
1
70
1
0
VERTEX
8
RASTER
10
32
20
39.2
30
0
0
VERTEX
8
RASTER
10
32.8
20
39.2
30
0
0
VERTEX
8
RASTER
10
32.8
20
38.4
30
0
0
VERTEX
8
RASTER
10
32
20
38.4
30
0
0
SEQEND
8
RASTER
0
POLYLINE
8
RASTER
66
1
70
1
0
VERTEX
8
RASTER
10
28.8
20
38.4
30
0
0
VERTEX
8
RASTER
10
29.6
20
38.4
30
0
0
VERTEX
8
RASTER
10
29.6
20
37.6
30
0
0
VERTEX
8
RASTER
10
28.8
20
37.6
30
0
0
SEQEND
8
RASTER
0
POLYLINE
8
RASTER
66
1
70
1
0
VERTEX
8
RASTER
10
32
20
38.4
30
0
0
VERTEX
8
RASTER
10
32.8
20
38.4
30
0
0
VERTEX
8
RASTER
10
32.8
20
37.6
30
0
0
VERTEX
8
RASTER
10
32
20
37.6
30
0
0
SEQEND
8
RASTER
0
POLYLINE
8
RASTER
66
1
70
1
0
VERTEX
8
RASTER
10
28.8
20
37.6
30
0
0
VERTEX
8
RASTER
10
29.6
20
37.6
30
0
0
VERTEX
8
RASTER
10
29.6
20
36.8
30
0
0
VERTEX
8
RASTER
10
28.8
20
36.8
30
0
0
SEQEND
8
RASTER
0
POLYLINE
8
RASTER
66
1
70
1
0
VERTEX
8
RASTER
10
32
20
37.6
30
0
0
VERTEX
8
RASTER
10
32.8
20
37.6
30
0
0
VERTEX
8
RASTER
10
32.8
20
36.8
30
0
0
VERTEX
8
RASTER
10
32
20
36.8
30
0
0
SEQEND
8
RASTER
0
POLYLINE
8
RASTER
66
1
70
1
0
VERTEX
8
RASTER
10
28.8
20
36.8
30
0
0
VERTEX
8
RASTER
10
29.6
20
36.8
30
0
0
VERTEX
8
RASTER
10
29.6
20
36
30
0
0
VERTEX
8
RASTER
10
28.8
20
36
30
0
0
SEQEND
8
RASTER
0
POLYLINE
8
RASTER
66
1
70
1
0
VERTEX
8
RASTER
10
32
20
36.8
30
0
0
VERTEX
8
RASTER
10
32.8
20
36.8
30
0
0
VERTEX
8
RASTER
10
32.8
20
36
30
0
0
VERTEX
8
RASTER
10
32
20
36
30
0
0
SEQEND
8
RASTER
0
POLYLINE
8
RASTER
66
1
70
1
0
VERTEX
8
RASTER
10
29.6
20
36
30
0
0
VERTEX
8
RASTER
10
32
20
36
30
0
0
VERTEX
8
RASTER
10
32
20
35.2
30
0
0
VERTEX
8
RASTER
10
29.6
20
35.2
30
0
0
SEQEND
8
RASTER
0
POLYLINE
8
RASTER
66
1
70
1
0
VERTEX
8
RASTER
10
34.4
20
40.8
30
0
0
VERTEX
8
RASTER
10
37.6
20
40.8
30
0
0
VERTEX
8
RASTER
10
37.6
20
40
30
0
0
VERTEX
8
RASTER
10
34.4
20
40
30
0
0
SEQEND
8
RASTER
0
POLYLINE
8
RASTER
66
1
70
1
0
VERTEX
8
RASTER
10
33.6
20
40
30
0
0
VERTEX
8
RASTER
10
34.4
20
40
30
0
0
VERTEX
8
RASTER
10
34.4
20
39.2
30
0
0
VERTEX
8
RASTER
10
33.6
20
39.2
30
0
0
SEQEND
8
RASTER
0
POLYLINE
8
RASTER
66
1
70
1
0
VERTEX
8
RASTER
10
33.6
20
39.2
30
0
0
VERTEX
8
RASTER
10
34.4
20
39.2
30
0
0
VERTEX
8
RASTER
10
34.4
20
38.4
30
0
0
VERTEX
8
RASTER
10
33.6
20
38.4
30
0
0
SEQEND
8
RASTER
0
POLYLINE
8
RASTER
66
1
70
1
0
VERTEX
8
RASTER
10
33.6
20
38.4
30
0
0
VERTEX
8
RASTER
10
34.4
20
38.4
30
0
0
VERTEX
8
RASTER
10
34.4
20
37.6
30
0
0
VERTEX
8
RASTER
10
33.6
20
37.6
30
0
0
SEQEND
8
RASTER
0
POLYLINE
8
RASTER
66
1
70
1
0
VERTEX
8
RASTER
10
35.2
20
38.4
30
0
0
VERTEX
8
RASTER
10
37.6
20
38.4
30
0
0
VERTEX
8
RASTER
10
37.6
20
37.6
30
0
0
VERTEX
8
RASTER
10
35.2
20
37.6
30
0
0
SEQEND
8
RASTER
0
POLYLINE
8
RASTER
66
1
70
1
0
VERTEX
8
RASTER
10
33.6
20
37.6
30
0
0
VERTEX
8
RASTER
10
34.4
20
37.6
30
0
0
VERTEX
8
RASTER
10
34.4
20
36.8
30
0
0
VERTEX
8
RASTER
10
33.6
20
36.8
30
0
0
SEQEND
8
RASTER
0
POLYLINE
8
RASTER
66
1
70
1
0
VERTEX
8
RASTER
10
36.8
20
37.6
30
0
0
VERTEX
8
RASTER
10
37.6
20
37.6
30
0
0
VERTEX
8
RASTER
10
37.6
20
36.8
30
0
0
VERTEX
8
RASTER
10
36.8
20
36.8
30
0
0
SEQEND
8
RASTER
0
POLYLINE
8
RASTER
66
1
70
1
0
VERTEX
8
RASTER
10
33.6
20
36.8
30
0
0
VERTEX
8
RASTER
10
34.4
20
36.8
30
0
0
VERTEX
8
RASTER
10
34.4
20
36
30
0
0
VERTEX
8
RASTER
10
33.6
20
36
30
0
0
SEQEND
8
RASTER
0
POLYLINE
8
RASTER
66
1
70
1
0
VERTEX
8
RASTER
10
36.8
20
36.8
30
0
0
VERTEX
8
RASTER
10
37.6
20
36.8
30
0
0
VERTEX
8
RASTER
10
37.6
20
36
30
0
0
VERTEX
8
RASTER
10
36.8
20
36
30
0
0
SEQEND
8
RASTER
0
POLYLINE
8
RASTER
66
1
70
1
0
VERTEX
8
RASTER
10
34.4
20
36
30
0
0
VERTEX
8
RASTER
10
37.6
20
36
30
0
0
VERTEX
8
RASTER
10
37.6
20
35.2
30
0
0
VERTEX
8
RASTER
10
34.4
20
35.2
30
0
0
SEQEND
8
RASTER
0
POLYLINE
8
RASTER
66
1
70
1
0
VERTEX
8
RASTER
10
39.2
20
40.8
30
0
0
VERTEX
8
RASTER
10
41.6
20
40.8
30
0
0
VERTEX
8
RASTER
10
41.6
20
40
30
0
0
VERTEX
8
RASTER
10
39.2
20
40
30
0
0
SEQEND
8
RASTER
0
POLYLINE
8
RASTER
66
1
70
1
0
VERTEX
8
RASTER
10
38.4
20
40
30
0
0
VERTEX
8
RASTER
10
39.2
20
40
30
0
0
VERTEX
8
RASTER
10
39.2
20
39.2
30
0
0
VERTEX
8
RASTER
10
38.4
20
39.2
30
0
0
SEQEND
8
RASTER
0
POLYLINE
8
RASTER
66
1
70
1
0
VERTEX
8
RASTER
10
41.6
20
40
30
0
0
VERTEX
8
RASTER
10
42.4
20
40
30
0
0
VERTEX
8
RASTER
10
42.4
20
39.2
30
0
0
VERTEX
8
RASTER
10
41.6
20
39.2
30
0
0
SEQEND
8
RASTER
0
POLYLINE
8
RASTER
66
1
70
1
0
VERTEX
8
RASTER
10
38.4
20
39.2
30
0
0
VERTEX
8
RASTER
10
39.2
20
39.2
30
0
0
VERTEX
8
RASTER
10
39.2
20
38.4
30
0
0
VERTEX
8
RASTER
10
38.4
20
38.4
30
0
0
SEQEND
8
RASTER
0
POLYLINE
8
RASTER
66
1
70
1
0
VERTEX
8
RASTER
10
41.6
20
39.2
30
0
0
VERTEX
8
RASTER
10
42.4
20
39.2
30
0
0
VERTEX
8
RASTER
10
42.4
20
38.4
30
0
0
VERTEX
8
RASTER
10
41.6
20
38.4
30
0
0
SEQEND
8
RASTER
0
POLYLINE
8
RASTER
66
1
70
1
0
VERTEX
8
RASTER
10
38.4
20
38.4
30
0
0
VERTEX
8
RASTER
10
42.4
20
38.4
30
0
0
VERTEX
8
RASTER
10
42.4
20
37.6
30
0
0
VERTEX
8
RASTER
10
38.4
20
37.6
30
0
0
SEQEND
8
RASTER
0
POLYLINE
8
RASTER
66
1
70
1
0
VERTEX
8
RASTER
10
38.4
20
37.6
30
0
0
VERTEX
8
RASTER
10
39.2
20
37.6
30
0
0
VERTEX
8
RASTER
10
39.2
20
36.8
30
0
0
VERTEX
8
RASTER
10
38.4
20
36.8
30
0
0
SEQEND
8
RASTER
0
POLYLINE
8
RASTER
66
1
70
1
0
VERTEX
8
RASTER
10
41.6
20
37.6
30
0
0
VERTEX
8
RASTER
10
42.4
20
37.6
30
0
0
VERTEX
8
RASTER
10
42.4
20
36.8
30
0
0
VERTEX
8
RASTER
10
41.6
20
36.8
30
0
0
SEQEND
8
RASTER
0
POLYLINE
8
RASTER
66
1
70
1
0
VERTEX
8
RASTER
10
38.4
20
36.8
30
0
0
VERTEX
8
RASTER
10
39.2
20
36.8
30
0
0
VERTEX
8
RASTER
10
39.2
20
36
30
0
0
VERTEX
8
RASTER
10
38.4
20
36
30
0
0
SEQEND
8
RASTER
0
POLYLINE
8
RASTER
66
1
70
1
0
VERTEX
8
RASTER
10
41.6
20
36.8
30
0
0
VERTEX
8
RASTER
10
42.4
20
36.8
30
0
0
VERTEX
8
RASTER
10
42.4
20
36
30
0
0
VERTEX
8
RASTER
10
41.6
20
36
30
0
0
SEQEND
8
RASTER
0
POLYLINE
8
RASTER
66
1
70
1
0
VERTEX
8
RASTER
10
38.4
20
36
30
0
0
VERTEX
8
RASTER
10
39.2
20
36
30
0
0
VERTEX
8
RASTER
10
39.2
20
35.2
30
0
0
VERTEX
8
RASTER
10
38.4
20
35.2
30
0
0
SEQEND
8
RASTER
0
POLYLINE
8
RASTER
66
1
70
1
0
VERTEX
8
RASTER
10
41.6
20
36
30
0
0
VERTEX
8
RASTER
10
42.4
20
36
30
0
0
VERTEX
8
RASTER
10
42.4
20
35.2
30
0
0
VERTEX
8
RASTER
10
41.6
20
35.2
30
0
0
SEQEND
8
RASTER
0
POLYLINE
8
RASTER
66
1
70
1
0
VERTEX
8
RASTER
10
43.2
20
40.8
30
0
0
VERTEX
8
RASTER
10
46.4
20
40.8
30
0
0
VERTEX
8
RASTER
10
46.4
20
40
30
0
0
VERTEX
8
RASTER
10
43.2
20
40
30
0
0
SEQEND
8
RASTER
0
POLYLINE
8
RASTER
66
1
70
1
0
VERTEX
8
RASTER
10
43.2
20
40
30
0
0
VERTEX
8
RASTER
10
44
20
40
30
0
0
VERTEX
8
RASTER
10
44
20
39.2
30
0
0
VERTEX
8
RASTER
10
43.2
20
39.2
30
0
0
SEQEND
8
RASTER
0
POLYLINE
8
RASTER
66
1
70
1
0
VERTEX
8
RASTER
10
46.4
20
40
30
0
0
VERTEX
8
RASTER
10
47.2
20
40
30
0
0
VERTEX
8
RASTER
10
47.2
20
39.2
30
0
0
VERTEX
8
RASTER
10
46.4
20
39.2
30
0
0
SEQEND
8
RASTER
0
POLYLINE
8
RASTER
66
1
70
1
0
VERTEX
8
RASTER
10
43.2
20
39.2
30
0
0
VERTEX
8
RASTER
10
44
20
39.2
30
0
0
VERTEX
8
RASTER
10
44
20
38.4
30
0
0
VERTEX
8
RASTER
10
43.2
20
38.4
30
0
0
SEQEND
8
RASTER
0
POLYLINE
8
RASTER
66
1
70
1
0
VERTEX
8
RASTER
10
46.4
20
39.2
30
0
0
VERTEX
8
RASTER
10
47.2
20
39.2
30
0
0
VERTEX
8
RASTER
10
47.2
20
38.4
30
0
0
VERTEX
8
RASTER
10
46.4
20
38.4
30
0
0
SEQEND
8
RASTER
0
POLYLINE
8
RASTER
66
1
70
1
0
VERTEX
8
RASTER
10
43.2
20
38.4
30
0
0
VERTEX
8
RASTER
10
46.4
20
38.4
30
0
0
VERTEX
8
RASTER
10
46.4
20
37.6
30
0
0
VERTEX
8
RASTER
10
43.2
20
37.6
30
0
0
SEQEND
8
RASTER
0
POLYLINE
8
RASTER
66
1
70
1
0
VERTEX
8
RASTER
10
43.2
20
37.6
30
0
0
VERTEX
8
RASTER
10
44
20
37.6
30
0
0
VERTEX
8
RASTER
10
44
20
36.8
30
0
0
VERTEX
8
RASTER
10
43.2
20
36.8
30
0
0
SEQEND
8
RASTER
0
POLYLINE
8
RASTER
66
1
70
1
0
VERTEX
8
RASTER
10
44.8
20
37.6
30
0
0
VERTEX
8
RASTER
10
45.6
20
37.6
30
0
0
VERTEX
8
RASTER
10
45.6
20
36.8
30
0
0
VERTEX
8
RASTER
10
44.8
20
36.8
30
0
0
SEQEND
8
RASTER
0
POLYLINE
8
RASTER
66
1
70
1
0
VERTEX
8
RASTER
10
43.2
20
36.8
30
0
0
VERTEX
8
RASTER
10
44
20
36.8
30
0
0
VERTEX
8
RASTER
10
44
20
36
30
0
0
VERTEX
8
RASTER
10
43.2
20
36
30
0
0
SEQEND
8
RASTER
0
POLYLINE
8
RASTER
66
1
70
1
0
VERTEX
8
RASTER
10
45.6
20
36.8
30
0
0
VERTEX
8
RASTER
10
46.4
20
36.8
30
0
0
VERTEX
8
RASTER
10
46.4
20
36
30
0
0
VERTEX
8
RASTER
10
45.6
20
36
30
0
0
SEQEND
8
RASTER
0
POLYLINE
8
RASTER
66
1
70
1
0
VERTEX
8
RASTER
10
43.2
20
36
30
0
0
VERTEX
8
RASTER
10
44
20
36
30
0
0
VERTEX
8
RASTER
10
44
20
35.2
30
0
0
VERTEX
8
RASTER
10
43.2
20
35.2
30
0
0
SEQEND
8
RASTER
0
POLYLINE
8
RASTER
66
1
70
1
0
VERTEX
8
RASTER
10
46.4
20
36
30
0
0
VERTEX
8
RASTER
10
47.2
20
36
30
0
0
VERTEX
8
RASTER
10
47.2
20
35.2
30
0
0
VERTEX
8
RASTER
10
46.4
20
35.2
30
0
0
SEQEND
8
RASTER
0
POLYLINE
8
RASTER
66
1
70
1
0
VERTEX
8
RASTER
10
52
20
40.8
30
0
0
VERTEX
8
RASTER
10
55.2
20
40.8
30
0
0
VERTEX
8
RASTER
10
55.2
20
40
30
0
0
VERTEX
8
RASTER
10
52
20
40
30
0
0
SEQEND
8
RASTER
0
POLYLINE
8
RASTER
66
1
70
1
0
VERTEX
8
RASTER
10
51.2
20
40
30
0
0
VERTEX
8
RASTER
10
52
20
40
30
0
0
VERTEX
8
RASTER
10
52
20
39.2
30
0
0
VERTEX
8
RASTER
10
51.2
20
39.2
30
0
0
SEQEND
8
RASTER
0
POLYLINE
8
RASTER
66
1
70
1
0
VERTEX
8
RASTER
10
51.2
20
39.2
30
0
0
VERTEX
8
RASTER
10
52
20
39.2
30
0
0
VERTEX
8
RASTER
10
52
20
38.4
30
0
0
VERTEX
8
RASTER
10
51.2
20
38.4
30
0
0
SEQEND
8
RASTER
0
POLYLINE
8
RASTER
66
1
70
1
0
VERTEX
8
RASTER
10
52
20
38.4
30
0
0
VERTEX
8
RASTER
10
54.4
20
38.4
30
0
0
VERTEX
8
RASTER
10
54.4
20
37.6
30
0
0
VERTEX
8
RASTER
10
52
20
37.6
30
0
0
SEQEND
8
RASTER
0
POLYLINE
8
RASTER
66
1
70
1
0
VERTEX
8
RASTER
10
54.4
20
37.6
30
0
0
VERTEX
8
RASTER
10
55.2
20
37.6
30
0
0
VERTEX
8
RASTER
10
55.2
20
36.8
30
0
0
VERTEX
8
RASTER
10
54.4
20
36.8
30
0
0
SEQEND
8
RASTER
0
POLYLINE
8
RASTER
66
1
70
1
0
VERTEX
8
RASTER
10
54.4
20
36.8
30
0
0
VERTEX
8
RASTER
10
55.2
20
36.8
30
0
0
VERTEX
8
RASTER
10
55.2
20
36
30
0
0
VERTEX
8
RASTER
10
54.4
20
36
30
0
0
SEQEND
8
RASTER
0
POLYLINE
8
RASTER
66
1
70
1
0
VERTEX
8
RASTER
10
51.2
20
36
30
0
0
VERTEX
8
RASTER
10
54.4
20
36
30
0
0
VERTEX
8
RASTER
10
54.4
20
35.2
30
0
0
VERTEX
8
RASTER
10
51.2
20
35.2
30
0
0
SEQEND
8
RASTER
0
POLYLINE
8
RASTER
66
1
70
1
0
VERTEX
8
RASTER
10
56
20
40.8
30
0
0
VERTEX
8
RASTER
10
60
20
40.8
30
0
0
VERTEX
8
RASTER
10
60
20
40
30
0
0
VERTEX
8
RASTER
10
56
20
40
30
0
0
SEQEND
8
RASTER
0
POLYLINE
8
RASTER
66
1
70
1
0
VERTEX
8
RASTER
10
56
20
40
30
0
0
VERTEX
8
RASTER
10
56.8
20
40
30
0
0
VERTEX
8
RASTER
10
56.8
20
39.2
30
0
0
VERTEX
8
RASTER
10
56
20
39.2
30
0
0
SEQEND
8
RASTER
0
POLYLINE
8
RASTER
66
1
70
1
0
VERTEX
8
RASTER
10
56
20
39.2
30
0
0
VERTEX
8
RASTER
10
56.8
20
39.2
30
0
0
VERTEX
8
RASTER
10
56.8
20
38.4
30
0
0
VERTEX
8
RASTER
10
56
20
38.4
30
0
0
SEQEND
8
RASTER
0
POLYLINE
8
RASTER
66
1
70
1
0
VERTEX
8
RASTER
10
56
20
38.4
30
0
0
VERTEX
8
RASTER
10
59.2
20
38.4
30
0
0
VERTEX
8
RASTER
10
59.2
20
37.6
30
0
0
VERTEX
8
RASTER
10
56
20
37.6
30
0
0
SEQEND
8
RASTER
0
POLYLINE
8
RASTER
66
1
70
1
0
VERTEX
8
RASTER
10
56
20
37.6
30
0
0
VERTEX
8
RASTER
10
56.8
20
37.6
30
0
0
VERTEX
8
RASTER
10
56.8
20
36.8
30
0
0
VERTEX
8
RASTER
10
56
20
36.8
30
0
0
SEQEND
8
RASTER
0
POLYLINE
8
RASTER
66
1
70
1
0
VERTEX
8
RASTER
10
56
20
36.8
30
0
0
VERTEX
8
RASTER
10
56.8
20
36.8
30
0
0
VERTEX
8
RASTER
10
56.8
20
36
30
0
0
VERTEX
8
RASTER
10
56
20
36
30
0
0
SEQEND
8
RASTER
0
POLYLINE
8
RASTER
66
1
70
1
0
VERTEX
8
RASTER
10
56
20
36
30
0
0
VERTEX
8
RASTER
10
60
20
36
30
0
0
VERTEX
8
RASTER
10
60
20
35.2
30
0
0
VERTEX
8
RASTER
10
56
20
35.2
30
0
0
SEQEND
8
RASTER
0
POLYLINE
8
RASTER
66
1
70
1
0
VERTEX
8
RASTER
10
61.6
20
40.8
30
0
0
VERTEX
8
RASTER
10
64
20
40.8
30
0
0
VERTEX
8
RASTER
10
64
20
40
30
0
0
VERTEX
8
RASTER
10
61.6
20
40
30
0
0
SEQEND
8
RASTER
0
POLYLINE
8
RASTER
66
1
70
1
0
VERTEX
8
RASTER
10
60.8
20
40
30
0
0
VERTEX
8
RASTER
10
61.6
20
40
30
0
0
VERTEX
8
RASTER
10
61.6
20
39.2
30
0
0
VERTEX
8
RASTER
10
60.8
20
39.2
30
0
0
SEQEND
8
RASTER
0
POLYLINE
8
RASTER
66
1
70
1
0
VERTEX
8
RASTER
10
64
20
40
30
0
0
VERTEX
8
RASTER
10
64.8
20
40
30
0
0
VERTEX
8
RASTER
10
64.8
20
39.2
30
0
0
VERTEX
8
RASTER
10
64
20
39.2
30
0
0
SEQEND
8
RASTER
0
POLYLINE
8
RASTER
66
1
70
1
0
VERTEX
8
RASTER
10
60.8
20
39.2
30
0
0
VERTEX
8
RASTER
10
61.6
20
39.2
30
0
0
VERTEX
8
RASTER
10
61.6
20
38.4
30
0
0
VERTEX
8
RASTER
10
60.8
20
38.4
30
0
0
SEQEND
8
RASTER
0
POLYLINE
8
RASTER
66
1
70
1
0
VERTEX
8
RASTER
10
64
20
39.2
30
0
0
VERTEX
8
RASTER
10
64.8
20
39.2
30
0
0
VERTEX
8
RASTER
10
64.8
20
38.4
30
0
0
VERTEX
8
RASTER
10
64
20
38.4
30
0
0
SEQEND
8
RASTER
0
POLYLINE
8
RASTER
66
1
70
1
0
VERTEX
8
RASTER
10
60.8
20
38.4
30
0
0
VERTEX
8
RASTER
10
64.8
20
38.4
30
0
0
VERTEX
8
RASTER
10
64.8
20
37.6
30
0
0
VERTEX
8
RASTER
10
60.8
20
37.6
30
0
0
SEQEND
8
RASTER
0
POLYLINE
8
RASTER
66
1
70
1
0
VERTEX
8
RASTER
10
60.8
20
37.6
30
0
0
VERTEX
8
RASTER
10
61.6
20
37.6
30
0
0
VERTEX
8
RASTER
10
61.6
20
36.8
30
0
0
VERTEX
8
RASTER
10
60.8
20
36.8
30
0
0
SEQEND
8
RASTER
0
POLYLINE
8
RASTER
66
1
70
1
0
VERTEX
8
RASTER
10
64
20
37.6
30
0
0
VERTEX
8
RASTER
10
64.8
20
37.6
30
0
0
VERTEX
8
RASTER
10
64.8
20
36.8
30
0
0
VERTEX
8
RASTER
10
64
20
36.8
30
0
0
SEQEND
8
RASTER
0
POLYLINE
8
RASTER
66
1
70
1
0
VERTEX
8
RASTER
10
60.8
20
36.8
30
0
0
VERTEX
8
RASTER
10
61.6
20
36.8
30
0
0
VERTEX
8
RASTER
10
61.6
20
36
30
0
0
VERTEX
8
RASTER
10
60.8
20
36
30
0
0
SEQEND
8
RASTER
0
POLYLINE
8
RASTER
66
1
70
1
0
VERTEX
8
RASTER
10
64
20
36.8
30
0
0
VERTEX
8
RASTER
10
64.8
20
36.8
30
0
0
VERTEX
8
RASTER
10
64.8
20
36
30
0
0
VERTEX
8
RASTER
10
64
20
36
30
0
0
SEQEND
8
RASTER
0
POLYLINE
8
RASTER
66
1
70
1
0
VERTEX
8
RASTER
10
60.8
20
36
30
0
0
VERTEX
8
RASTER
10
61.6
20
36
30
0
0
VERTEX
8
RASTER
10
61.6
20
35.2
30
0
0
VERTEX
8
RASTER
10
60.8
20
35.2
30
0
0
SEQEND
8
RASTER
0
POLYLINE
8
RASTER
66
1
70
1
0
VERTEX
8
RASTER
10
64
20
36
30
0
0
VERTEX
8
RASTER
10
64.8
20
36
30
0
0
VERTEX
8
RASTER
10
64.8
20
35.2
30
0
0
VERTEX
8
RASTER
10
64
20
35.2
30
0
0
SEQEND
8
RASTER
0
POLYLINE
8
RASTER
66
1
70
1
0
VERTEX
8
RASTER
10
66.4
20
40.8
30
0
0
VERTEX
8
RASTER
10
69.6
20
40.8
30
0
0
VERTEX
8
RASTER
10
69.6
20
40
30
0
0
VERTEX
8
RASTER
10
66.4
20
40
30
0
0
SEQEND
8
RASTER
0
POLYLINE
8
RASTER
66
1
70
1
0
VERTEX
8
RASTER
10
65.6
20
40
30
0
0
VERTEX
8
RASTER
10
66.4
20
40
30
0
0
VERTEX
8
RASTER
10
66.4
20
39.2
30
0
0
VERTEX
8
RASTER
10
65.6
20
39.2
30
0
0
SEQEND
8
RASTER
0
POLYLINE
8
RASTER
66
1
70
1
0
VERTEX
8
RASTER
10
65.6
20
39.2
30
0
0
VERTEX
8
RASTER
10
66.4
20
39.2
30
0
0
VERTEX
8
RASTER
10
66.4
20
38.4
30
0
0
VERTEX
8
RASTER
10
65.6
20
38.4
30
0
0
SEQEND
8
RASTER
0
POLYLINE
8
RASTER
66
1
70
1
0
VERTEX
8
RASTER
10
66.4
20
38.4
30
0
0
VERTEX
8
RASTER
10
68.8
20
38.4
30
0
0
VERTEX
8
RASTER
10
68.8
20
37.6
30
0
0
VERTEX
8
RASTER
10
66.4
20
37.6
30
0
0
SEQEND
8
RASTER
0
POLYLINE
8
RASTER
66
1
70
1
0
VERTEX
8
RASTER
10
68.8
20
37.6
30
0
0
VERTEX
8
RASTER
10
69.6
20
37.6
30
0
0
VERTEX
8
RASTER
10
69.6
20
36.8
30
0
0
VERTEX
8
RASTER
10
68.8
20
36.8
30
0
0
SEQEND
8
RASTER
0
POLYLINE
8
RASTER
66
1
70
1
0
VERTEX
8
RASTER
10
68.8
20
36.8
30
0
0
VERTEX
8
RASTER
10
69.6
20
36.8
30
0
0
VERTEX
8
RASTER
10
69.6
20
36
30
0
0
VERTEX
8
RASTER
10
68.8
20
36
30
0
0
SEQEND
8
RASTER
0
POLYLINE
8
RASTER
66
1
70
1
0
VERTEX
8
RASTER
10
65.6
20
36
30
0
0
VERTEX
8
RASTER
10
68.8
20
36
30
0
0
VERTEX
8
RASTER
10
68.8
20
35.2
30
0
0
VERTEX
8
RASTER
10
65.6
20
35.2
30
0
0
SEQEND
8
RASTER
0
CIRCLE
8
RASTER
10
310
20
48.8
30
0
40
2.7
0
CIRCLE
8
RASTER
10
310
20
48.8
30
0
40
1.5
0
POLYLINE
8
RASTER
66
1
70
1
0
VERTEX
8
RASTER
10
308.8
20
45.2
30
0
0
VERTEX
8
RASTER
10
311.2
20
45.2
30
0
0
VERTEX
8
RASTER
10
311.2
20
42.2
30
0
0
VERTEX
8
RASTER
10
316.6
20
42.2
30
0
0
VERTEX
8
RASTER
10
316.6
20
40.4
30
0
0
VERTEX
8
RASTER
10
311.2
20
40.4
30
0
0
VERTEX
8
RASTER
10
311.2
20
32
30
0
0
VERTEX
8
RASTER
10
311.9
20
31.858
30
0
0
VERTEX
8
RASTER
10
312.634
20
31.878
30
0
0
VERTEX
8
RASTER
10
313.383
20
32.053
30
0
0
VERTEX
8
RASTER
10
314.125
20
32.375
30
0
0
VERTEX
8
RASTER
10
314.839
20
32.838
30
0
0
VERTEX
8
RASTER
10
315.503
20
33.434
30
0
0
VERTEX
8
RASTER
10
316.097
20
34.157
30
0
0
VERTEX
8
RASTER
10
316.6
20
35
30
0
0
VERTEX
8
RASTER
10
319.6
20
32.6
30
0
0
VERTEX
8
RASTER
10
319.015
20
30.861
30
0
0
VERTEX
8
RASTER
10
318.184
20
29.263
30
0
0
VERTEX
8
RASTER
10
317.143
20
27.833
30
0
0
VERTEX
8
RASTER
10
315.925
20
26.6
30
0
0
VERTEX
8
RASTER
10
314.567
20
25.592
30
0
0
VERTEX
8
RASTER
10
313.103
20
24.837
30
0
0
VERTEX
8
RASTER
10
311.569
20
24.364
30
0
0
VERTEX
8
RASTER
10
310
20
24.2
30
0
0
VERTEX
8
RASTER
10
308.431
20
24.364
30
0
0
VERTEX
8
RASTER
10
306.897
20
24.837
30
0
0
VERTEX
8
RASTER
10
305.433
20
25.592
30
0
0
VERTEX
8
RASTER
10
304.075
20
26.6
30
0
0
VERTEX
8
RASTER
10
302.857
20
27.833
30
0
0
VERTEX
8
RASTER
10
301.816
20
29.263
30
0
0
VERTEX
8
RASTER
10
300.985
20
30.861
30
0
0
VERTEX
8
RASTER
10
300.4
20
32.6
30
0
0
VERTEX
8
RASTER
10
303.4
20
35
30
0
0
VERTEX
8
RASTER
10
303.903
20
34.157
30
0
0
VERTEX
8
RASTER
10
304.497
20
33.434
30
0
0
VERTEX
8
RASTER
10
305.161
20
32.838
30
0
0
VERTEX
8
RASTER
10
305.875
20
32.375
30
0
0
VERTEX
8
RASTER
10
306.617
20
32.053
30
0
0
VERTEX
8
RASTER
10
307.366
20
31.878
30
0
0
VERTEX
8
RASTER
10
308.1
20
31.858
30
0
0
VERTEX
8
RASTER
10
308.8
20
32
30
0
0
VERTEX
8
RASTER
10
308.8
20
40.4
30
0
0
VERTEX
8
RASTER
10
303.4
20
40.4
30
0
0
VERTEX
8
RASTER
10
303.4
20
42.2
30
0
0
VERTEX
8
RASTER
10
308.8
20
42.2
30
0
0
SEQEND
8
RASTER
0
ENDSEC
0
EOF
