0
SECTION
2
HEADER
9
$ACADVER
1
AC1009
9
$EXTMIN
10
0
20
0
9
$EXTMAX
10
292.8
20
34.4
0
ENDSEC
0
SECTION
2
TABLES
0
TABLE
2
LAYER
70
2
0
LAYER
2
CUT
70
0
62
1
6
CONTINUOUS
0
LAYER
2
RASTER
70
0
62
7
6
CONTINUOUS
0
ENDTAB
0
ENDSEC
0
SECTION
2
ENTITIES
0
POLYLINE
8
CUT
66
1
70
1
0
VERTEX
8
CUT
10
4
20
28.9
30
0
0
VERTEX
8
CUT
10
4.023
20
29.252
30
0
0
VERTEX
8
CUT
10
4.094
20
29.556
30
0
0
VERTEX
8
CUT
10
4.211
20
29.814
30
0
0
VERTEX
8
CUT
10
4.375
20
30.025
30
0
0
VERTEX
8
CUT
10
4.586
20
30.189
30
0
0
VERTEX
8
CUT
10
4.844
20
30.306
30
0
0
VERTEX
8
CUT
10
5.148
20
30.377
30
0
0
VERTEX
8
CUT
10
5.5
20
30.4
30
0
0
VERTEX
8
CUT
10
13.7
20
30.4
30
0
0
VERTEX
8
CUT
10
14.052
20
30.377
30
0
0
VERTEX
8
CUT
10
14.356
20
30.306
30
0
0
VERTEX
8
CUT
10
14.614
20
30.189
30
0
0
VERTEX
8
CUT
10
14.825
20
30.025
30
0
0
VERTEX
8
CUT
10
14.989
20
29.814
30
0
0
VERTEX
8
CUT
10
15.106
20
29.556
30
0
0
VERTEX
8
CUT
10
15.177
20
29.252
30
0
0
VERTEX
8
CUT
10
15.2
20
28.9
30
0
0
VERTEX
8
CUT
10
15.2
20
20.7
30
0
0
VERTEX
8
CUT
10
15.177
20
20.348
30
0
0
VERTEX
8
CUT
10
15.106
20
20.044
30
0
0
VERTEX
8
CUT
10
14.989
20
19.786
30
0
0
VERTEX
8
CUT
10
14.825
20
19.575
30
0
0
VERTEX
8
CUT
10
14.614
20
19.411
30
0
0
VERTEX
8
CUT
10
14.356
20
19.294
30
0
0
VERTEX
8
CUT
10
14.052
20
19.223
30
0
0
VERTEX
8
CUT
10
13.7
20
19.2
30
0
0
VERTEX
8
CUT
10
5.5
20
19.2
30
0
0
VERTEX
8
CUT
10
5.148
20
19.223
30
0
0
VERTEX
8
CUT
10
4.844
20
19.294
30
0
0
VERTEX
8
CUT
10
4.586
20
19.411
30
0
0
VERTEX
8
CUT
10
4.375
20
19.575
30
0
0
VERTEX
8
CUT
10
4.211
20
19.786
30
0
0
VERTEX
8
CUT
10
4.094
20
20.044
30
0
0
VERTEX
8
CUT
10
4.023
20
20.348
30
0
0
VERTEX
8
CUT
10
4
20
20.7
30
0
0
SEQEND
8
CUT
0
POLYLINE
8
RASTER
66
1
70
1
0
VERTEX
8
RASTER
10
4.8
20
28.4
30
0
0
VERTEX
8
RASTER
10
4.819
20
28.681
30
0
0
VERTEX
8
RASTER
10
4.875
20
28.925
30
0
0
VERTEX
8
RASTER
10
4.969
20
29.131
30
0
0
VERTEX
8
RASTER
10
5.1
20
29.3
30
0
0
VERTEX
8
RASTER
10
5.269
20
29.431
30
0
0
VERTEX
8
RASTER
10
5.475
20
29.525
30
0
0
VERTEX
8
RASTER
10
5.719
20
29.581
30
0
0
VERTEX
8
RASTER
10
6
20
29.6
30
0
0
VERTEX
8
RASTER
10
13.2
20
29.6
30
0
0
VERTEX
8
RASTER
10
13.481
20
29.581
30
0
0
VERTEX
8
RASTER
10
13.725
20
29.525
30
0
0
VERTEX
8
RASTER
10
13.931
20
29.431
30
0
0
VERTEX
8
RASTER
10
14.1
20
29.3
30
0
0
VERTEX
8
RASTER
10
14.231
20
29.131
30
0
0
VERTEX
8
RASTER
10
14.325
20
28.925
30
0
0
VERTEX
8
RASTER
10
14.381
20
28.681
30
0
0
VERTEX
8
RASTER
10
14.4
20
28.4
30
0
0
VERTEX
8
RASTER
10
14.4
20
21.2
30
0
0
VERTEX
8
RASTER
10
14.381
20
20.919
30
0
0
VERTEX
8
RASTER
10
14.325
20
20.675
30
0
0
VERTEX
8
RASTER
10
14.231
20
20.469
30
0
0
VERTEX
8
RASTER
10
14.1
20
20.3
30
0
0
VERTEX
8
RASTER
10
13.931
20
20.169
30
0
0
VERTEX
8
RASTER
10
13.725
20
20.075
30
0
0
VERTEX
8
RASTER
10
13.481
20
20.019
30
0
0
VERTEX
8
RASTER
10
13.2
20
20
30
0
0
VERTEX
8
RASTER
10
6
20
20
30
0
0
VERTEX
8
RASTER
10
5.719
20
20.019
30
0
0
VERTEX
8
RASTER
10
5.475
20
20.075
30
0
0
VERTEX
8
RASTER
10
5.269
20
20.169
30
0
0
VERTEX
8
RASTER
10
5.1
20
20.3
30
0
0
VERTEX
8
RASTER
10
4.969
20
20.469
30
0
0
VERTEX
8
RASTER
10
4.875
20
20.675
30
0
0
VERTEX
8
RASTER
10
4.819
20
20.919
30
0
0
VERTEX
8
RASTER
10
4.8
20
21.2
30
0
0
SEQEND
8
RASTER
0
POLYLINE
8
RASTER
66
1
70
1
0
VERTEX
8
RASTER
10
5.3
20
28.4
30
0
0
VERTEX
8
RASTER
10
5.3
20
21.2
30
0
0
VERTEX
8
RASTER
10
5.311
20
21.036
30
0
0
VERTEX
8
RASTER
10
5.344
20
20.894
30
0
0
VERTEX
8
RASTER
10
5.398
20
20.773
30
0
0
VERTEX
8
RASTER
10
5.475
20
20.675
30
0
0
VERTEX
8
RASTER
10
5.573
20
20.598
30
0
0
VERTEX
8
RASTER
10
5.694
20
20.544
30
0
0
VERTEX
8
RASTER
10
5.836
20
20.511
30
0
0
VERTEX
8
RASTER
10
6
20
20.5
30
0
0
VERTEX
8
RASTER
10
13.2
20
20.5
30
0
0
VERTEX
8
RASTER
10
13.364
20
20.511
30
0
0
VERTEX
8
RASTER
10
13.506
20
20.544
30
0
0
VERTEX
8
RASTER
10
13.627
20
20.598
30
0
0
VERTEX
8
RASTER
10
13.725
20
20.675
30
0
0
VERTEX
8
RASTER
10
13.802
20
20.773
30
0
0
VERTEX
8
RASTER
10
13.856
20
20.894
30
0
0
VERTEX
8
RASTER
10
13.889
20
21.036
30
0
0
VERTEX
8
RASTER
10
13.9
20
21.2
30
0
0
VERTEX
8
RASTER
10
13.9
20
28.4
30
0
0
VERTEX
8
RASTER
10
13.889
20
28.564
30
0
0
VERTEX
8
RASTER
10
13.856
20
28.706
30
0
0
VERTEX
8
RASTER
10
13.802
20
28.827
30
0
0
VERTEX
8
RASTER
10
13.725
20
28.925
30
0
0
VERTEX
8
RASTER
10
13.627
20
29.002
30
0
0
VERTEX
8
RASTER
10
13.506
20
29.056
30
0
0
VERTEX
8
RASTER
10
13.364
20
29.089
30
0
0
VERTEX
8
RASTER
10
13.2
20
29.1
30
0
0
VERTEX
8
RASTER
10
6
20
29.1
30
0
0
VERTEX
8
RASTER
10
5.836
20
29.089
30
0
0
VERTEX
8
RASTER
10
5.694
20
29.056
30
0
0
VERTEX
8
RASTER
10
5.573
20
29.002
30
0
0
VERTEX
8
RASTER
10
5.475
20
28.925
30
0
0
VERTEX
8
RASTER
10
5.398
20
28.827
30
0
0
VERTEX
8
RASTER
10
5.344
20
28.706
30
0
0
VERTEX
8
RASTER
10
5.311
20
28.564
30
0
0
VERTEX
8
RASTER
10
5.3
20
28.4
30
0
0
SEQEND
8
RASTER
0
POLYLINE
8
RASTER
66
1
70
1
0
VERTEX
8
RASTER
10
9.496
20
22.925
30
0
0
VERTEX
8
RASTER
10
9.704
20
22.925
30
0
0
VERTEX
8
RASTER
10
9.774
20
21.467
30
0
0
VERTEX
8
RASTER
10
9.426
20
21.467
30
0
0
SEQEND
8
RASTER
0
POLYLINE
8
RASTER
66
1
70
1
0
VERTEX
8
RASTER
10
9.947
20
27.508
30
0
0
VERTEX
8
RASTER
10
9.94
20
27.389
30
0
0
VERTEX
8
RASTER
10
9.92
20
27.278
30
0
0
VERTEX
8
RASTER
10
9.888
20
27.178
30
0
0
VERTEX
8
RASTER
10
9.846
20
27.091
30
0
0
VERTEX
8
RASTER
10
9.794
20
27.019
30
0
0
VERTEX
8
RASTER
10
9.735
20
26.964
30
0
0
VERTEX
8
RASTER
10
9.67
20
26.93
30
0
0
VERTEX
8
RASTER
10
9.6
20
26.918
30
0
0
VERTEX
8
RASTER
10
9.53
20
26.93
30
0
0
VERTEX
8
RASTER
10
9.465
20
26.964
30
0
0
VERTEX
8
RASTER
10
9.406
20
27.019
30
0
0
VERTEX
8
RASTER
10
9.354
20
27.091
30
0
0
VERTEX
8
RASTER
10
9.312
20
27.178
30
0
0
VERTEX
8
RASTER
10
9.28
20
27.278
30
0
0
VERTEX
8
RASTER
10
9.26
20
27.389
30
0
0
VERTEX
8
RASTER
10
9.253
20
27.508
30
0
0
VERTEX
8
RASTER
10
9.26
20
27.627
30
0
0
VERTEX
8
RASTER
10
9.28
20
27.738
30
0
0
VERTEX
8
RASTER
10
9.312
20
27.838
30
0
0
VERTEX
8
RASTER
10
9.354
20
27.926
30
0
0
VERTEX
8
RASTER
10
9.406
20
27.998
30
0
0
VERTEX
8
RASTER
10
9.465
20
28.052
30
0
0
VERTEX
8
RASTER
10
9.53
20
28.086
30
0
0
VERTEX
8
RASTER
10
9.6
20
28.098
30
0
0
VERTEX
8
RASTER
10
9.67
20
28.086
30
0
0
VERTEX
8
RASTER
10
9.735
20
28.052
30
0
0
VERTEX
8
RASTER
10
9.794
20
27.998
30
0
0
VERTEX
8
RASTER
10
9.846
20
27.926
30
0
0
VERTEX
8
RASTER
10
9.888
20
27.838
30
0
0
VERTEX
8
RASTER
10
9.92
20
27.738
30
0
0
VERTEX
8
RASTER
10
9.94
20
27.627
30
0
0
VERTEX
8
RASTER
10
9.947
20
27.508
30
0
0
SEQEND
8
RASTER
0
POLYLINE
8
RASTER
66
1
70
1
0
VERTEX
8
RASTER
10
9.375
20
26.519
30
0
0
VERTEX
8
RASTER
10
9.435
20
26.4
30
0
0
VERTEX
8
RASTER
10
9.478
20
26.281
30
0
0
VERTEX
8
RASTER
10
9.503
20
26.167
30
0
0
VERTEX
8
RASTER
10
9.512
20
26.059
30
0
0
VERTEX
8
RASTER
10
9.503
20
25.961
30
0
0
VERTEX
8
RASTER
10
9.477
20
25.876
30
0
0
VERTEX
8
RASTER
10
9.434
20
25.806
30
0
0
VERTEX
8
RASTER
10
9.374
20
25.756
30
0
0
VERTEX
8
RASTER
10
9.301
20
25.73
30
0
0
VERTEX
8
RASTER
10
9.22
20
25.727
30
0
0
VERTEX
8
RASTER
10
9.133
20
25.747
30
0
0
VERTEX
8
RASTER
10
9.044
20
25.789
30
0
0
VERTEX
8
RASTER
10
8.955
20
25.85
30
0
0
VERTEX
8
RASTER
10
8.868
20
25.929
30
0
0
VERTEX
8
RASTER
10
8.787
20
26.025
30
0
0
VERTEX
8
RASTER
10
8.714
20
26.137
30
0
0
VERTEX
8
RASTER
10
8.654
20
26.256
30
0
0
VERTEX
8
RASTER
10
8.611
20
26.374
30
0
0
VERTEX
8
RASTER
10
8.586
20
26.489
30
0
0
VERTEX
8
RASTER
10
8.577
20
26.597
30
0
0
VERTEX
8
RASTER
10
8.586
20
26.695
30
0
0
VERTEX
8
RASTER
10
8.612
20
26.78
30
0
0
VERTEX
8
RASTER
10
8.655
20
26.849
30
0
0
VERTEX
8
RASTER
10
8.715
20
26.899
30
0
0
VERTEX
8
RASTER
10
8.788
20
26.926
30
0
0
VERTEX
8
RASTER
10
8.869
20
26.928
30
0
0
VERTEX
8
RASTER
10
8.956
20
26.908
30
0
0
VERTEX
8
RASTER
10
9.045
20
26.867
30
0
0
VERTEX
8
RASTER
10
9.134
20
26.805
30
0
0
VERTEX
8
RASTER
10
9.221
20
26.726
30
0
0
VERTEX
8
RASTER
10
9.302
20
26.63
30
0
0
VERTEX
8
RASTER
10
9.375
20
26.519
30
0
0
SEQEND
8
RASTER
0
POLYLINE
8
RASTER
66
1
70
1
0
VERTEX
8
RASTER
10
10.486
20
26.137
30
0
0
VERTEX
8
RASTER
10
10.413
20
26.025
30
0
0
VERTEX
8
RASTER
10
10.332
20
25.929
30
0
0
VERTEX
8
RASTER
10
10.245
20
25.85
30
0
0
VERTEX
8
RASTER
10
10.156
20
25.789
30
0
0
VERTEX
8
RASTER
10
10.067
20
25.747
30
0
0
VERTEX
8
RASTER
10
9.98
20
25.727
30
0
0
VERTEX
8
RASTER
10
9.899
20
25.73
30
0
0
VERTEX
8
RASTER
10
9.826
20
25.756
30
0
0
VERTEX
8
RASTER
10
9.766
20
25.806
30
0
0
VERTEX
8
RASTER
10
9.723
20
25.876
30
0
0
VERTEX
8
RASTER
10
9.697
20
25.961
30
0
0
VERTEX
8
RASTER
10
9.688
20
26.059
30
0
0
VERTEX
8
RASTER
10
9.697
20
26.167
30
0
0
VERTEX
8
RASTER
10
9.722
20
26.281
30
0
0
VERTEX
8
RASTER
10
9.765
20
26.4
30
0
0
VERTEX
8
RASTER
10
9.825
20
26.519
30
0
0
VERTEX
8
RASTER
10
9.898
20
26.63
30
0
0
VERTEX
8
RASTER
10
9.979
20
26.726
30
0
0
VERTEX
8
RASTER
10
10.066
20
26.805
30
0
0
VERTEX
8
RASTER
10
10.155
20
26.867
30
0
0
VERTEX
8
RASTER
10
10.244
20
26.908
30
0
0
VERTEX
8
RASTER
10
10.331
20
26.928
30
0
0
VERTEX
8
RASTER
10
10.412
20
26.926
30
0
0
VERTEX
8
RASTER
10
10.485
20
26.899
30
0
0
VERTEX
8
RASTER
10
10.545
20
26.849
30
0
0
VERTEX
8
RASTER
10
10.588
20
26.78
30
0
0
VERTEX
8
RASTER
10
10.614
20
26.695
30
0
0
VERTEX
8
RASTER
10
10.623
20
26.597
30
0
0
VERTEX
8
RASTER
10
10.614
20
26.489
30
0
0
VERTEX
8
RASTER
10
10.589
20
26.374
30
0
0
VERTEX
8
RASTER
10
10.546
20
26.256
30
0
0
VERTEX
8
RASTER
10
10.486
20
26.137
30
0
0
SEQEND
8
RASTER
0
POLYLINE
8
RASTER
66
1
70
1
0
VERTEX
8
RASTER
10
9.375
20
25.199
30
0
0
VERTEX
8
RASTER
10
9.435
20
25.08
30
0
0
VERTEX
8
RASTER
10
9.478
20
24.962
30
0
0
VERTEX
8
RASTER
10
9.503
20
24.847
30
0
0
VERTEX
8
RASTER
10
9.512
20
24.739
30
0
0
VERTEX
8
RASTER
10
9.503
20
24.641
30
0
0
VERTEX
8
RASTER
10
9.477
20
24.556
30
0
0
VERTEX
8
RASTER
10
9.434
20
24.487
30
0
0
VERTEX
8
RASTER
10
9.374
20
24.437
30
0
0
VERTEX
8
RASTER
10
9.301
20
24.41
30
0
0
VERTEX
8
RASTER
10
9.22
20
24.408
30
0
0
VERTEX
8
RASTER
10
9.133
20
24.428
30
0
0
VERTEX
8
RASTER
10
9.044
20
24.469
30
0
0
VERTEX
8
RASTER
10
8.955
20
24.531
30
0
0
VERTEX
8
RASTER
10
8.868
20
24.61
30
0
0
VERTEX
8
RASTER
10
8.787
20
24.706
30
0
0
VERTEX
8
RASTER
10
8.714
20
24.817
30
0
0
VERTEX
8
RASTER
10
8.654
20
24.936
30
0
0
VERTEX
8
RASTER
10
8.611
20
25.055
30
0
0
VERTEX
8
RASTER
10
8.586
20
25.169
30
0
0
VERTEX
8
RASTER
10
8.577
20
25.277
30
0
0
VERTEX
8
RASTER
10
8.586
20
25.375
30
0
0
VERTEX
8
RASTER
10
8.612
20
25.46
30
0
0
VERTEX
8
RASTER
10
8.655
20
25.53
30
0
0
VERTEX
8
RASTER
10
8.715
20
25.58
30
0
0
VERTEX
8
RASTER
10
8.788
20
25.606
30
0
0
VERTEX
8
RASTER
10
8.869
20
25.609
30
0
0
VERTEX
8
RASTER
10
8.956
20
25.589
30
0
0
VERTEX
8
RASTER
10
9.045
20
25.547
30
0
0
VERTEX
8
RASTER
10
9.134
20
25.486
30
0
0
VERTEX
8
RASTER
10
9.221
20
25.407
30
0
0
VERTEX
8
RASTER
10
9.302
20
25.311
30
0
0
VERTEX
8
RASTER
10
9.375
20
25.199
30
0
0
SEQEND
8
RASTER
0
POLYLINE
8
RASTER
66
1
70
1
0
VERTEX
8
RASTER
10
10.486
20
24.817
30
0
0
VERTEX
8
RASTER
10
10.413
20
24.706
30
0
0
VERTEX
8
RASTER
10
10.332
20
24.61
30
0
0
VERTEX
8
RASTER
10
10.245
20
24.531
30
0
0
VERTEX
8
RASTER
10
10.156
20
24.469
30
0
0
VERTEX
8
RASTER
10
10.067
20
24.428
30
0
0
VERTEX
8
RASTER
10
9.98
20
24.408
30
0
0
VERTEX
8
RASTER
10
9.899
20
24.41
30
0
0
VERTEX
8
RASTER
10
9.826
20
24.437
30
0
0
VERTEX
8
RASTER
10
9.766
20
24.487
30
0
0
VERTEX
8
RASTER
10
9.723
20
24.556
30
0
0
VERTEX
8
RASTER
10
9.697
20
24.641
30
0
0
VERTEX
8
RASTER
10
9.688
20
24.739
30
0
0
VERTEX
8
RASTER
10
9.697
20
24.847
30
0
0
VERTEX
8
RASTER
10
9.722
20
24.962
30
0
0
VERTEX
8
RASTER
10
9.765
20
25.08
30
0
0
VERTEX
8
RASTER
10
9.825
20
25.199
30
0
0
VERTEX
8
RASTER
10
9.898
20
25.311
30
0
0
VERTEX
8
RASTER
10
9.979
20
25.407
30
0
0
VERTEX
8
RASTER
10
10.066
20
25.486
30
0
0
VERTEX
8
RASTER
10
10.155
20
25.547
30
0
0
VERTEX
8
RASTER
10
10.244
20
25.589
30
0
0
VERTEX
8
RASTER
10
10.331
20
25.609
30
0
0
VERTEX
8
RASTER
10
10.412
20
25.606
30
0
0
VERTEX
8
RASTER
10
10.485
20
25.58
30
0
0
VERTEX
8
RASTER
10
10.545
20
25.53
30
0
0
VERTEX
8
RASTER
10
10.588
20
25.46
30
0
0
VERTEX
8
RASTER
10
10.614
20
25.375
30
0
0
VERTEX
8
RASTER
10
10.623
20
25.277
30
0
0
VERTEX
8
RASTER
10
10.614
20
25.169
30
0
0
VERTEX
8
RASTER
10
10.589
20
25.055
30
0
0
VERTEX
8
RASTER
10
10.546
20
24.936
30
0
0
VERTEX
8
RASTER
10
10.486
20
24.817
30
0
0
SEQEND
8
RASTER
0
POLYLINE
8
RASTER
66
1
70
1
0
VERTEX
8
RASTER
10
9.375
20
23.88
30
0
0
VERTEX
8
RASTER
10
9.435
20
23.761
30
0
0
VERTEX
8
RASTER
10
9.478
20
23.643
30
0
0
VERTEX
8
RASTER
10
9.503
20
23.528
30
0
0
VERTEX
8
RASTER
10
9.512
20
23.42
30
0
0
VERTEX
8
RASTER
10
9.503
20
23.322
30
0
0
VERTEX
8
RASTER
10
9.477
20
23.237
30
0
0
VERTEX
8
RASTER
10
9.434
20
23.168
30
0
0
VERTEX
8
RASTER
10
9.374
20
23.118
30
0
0
VERTEX
8
RASTER
10
9.301
20
23.091
30
0
0
VERTEX
8
RASTER
10
9.22
20
23.088
30
0
0
VERTEX
8
RASTER
10
9.133
20
23.108
30
0
0
VERTEX
8
RASTER
10
9.044
20
23.15
30
0
0
VERTEX
8
RASTER
10
8.955
20
23.211
30
0
0
VERTEX
8
RASTER
10
8.868
20
23.291
30
0
0
VERTEX
8
RASTER
10
8.787
20
23.387
30
0
0
VERTEX
8
RASTER
10
8.714
20
23.498
30
0
0
VERTEX
8
RASTER
10
8.654
20
23.617
30
0
0
VERTEX
8
RASTER
10
8.611
20
23.735
30
0
0
VERTEX
8
RASTER
10
8.586
20
23.85
30
0
0
VERTEX
8
RASTER
10
8.577
20
23.958
30
0
0
VERTEX
8
RASTER
10
8.586
20
24.056
30
0
0
VERTEX
8
RASTER
10
8.612
20
24.141
30
0
0
VERTEX
8
RASTER
10
8.655
20
24.21
30
0
0
VERTEX
8
RASTER
10
8.715
20
24.26
30
0
0
VERTEX
8
RASTER
10
8.788
20
24.287
30
0
0
VERTEX
8
RASTER
10
8.869
20
24.29
30
0
0
VERTEX
8
RASTER
10
8.956
20
24.269
30
0
0
VERTEX
8
RASTER
10
9.045
20
24.228
30
0
0
VERTEX
8
RASTER
10
9.134
20
24.167
30
0
0
VERTEX
8
RASTER
10
9.221
20
24.087
30
0
0
VERTEX
8
RASTER
10
9.302
20
23.991
30
0
0
VERTEX
8
RASTER
10
9.375
20
23.88
30
0
0
SEQEND
8
RASTER
0
POLYLINE
8
RASTER
66
1
70
1
0
VERTEX
8
RASTER
10
10.486
20
23.498
30
0
0
VERTEX
8
RASTER
10
10.413
20
23.387
30
0
0
VERTEX
8
RASTER
10
10.332
20
23.291
30
0
0
VERTEX
8
RASTER
10
10.245
20
23.211
30
0
0
VERTEX
8
RASTER
10
10.156
20
23.15
30
0
0
VERTEX
8
RASTER
10
10.067
20
23.108
30
0
0
VERTEX
8
RASTER
10
9.98
20
23.088
30
0
0
VERTEX
8
RASTER
10
9.899
20
23.091
30
0
0
VERTEX
8
RASTER
10
9.826
20
23.118
30
0
0
VERTEX
8
RASTER
10
9.766
20
23.168
30
0
0
VERTEX
8
RASTER
10
9.723
20
23.237
30
0
0
VERTEX
8
RASTER
10
9.697
20
23.322
30
0
0
VERTEX
8
RASTER
10
9.688
20
23.42
30
0
0
VERTEX
8
RASTER
10
9.697
20
23.528
30
0
0
VERTEX
8
RASTER
10
9.722
20
23.643
30
0
0
VERTEX
8
RASTER
10
9.765
20
23.761
30
0
0
VERTEX
8
RASTER
10
9.825
20
23.88
30
0
0
VERTEX
8
RASTER
10
9.898
20
23.991
30
0
0
VERTEX
8
RASTER
10
9.979
20
24.087
30
0
0
VERTEX
8
RASTER
10
10.066
20
24.167
30
0
0
VERTEX
8
RASTER
10
10.155
20
24.228
30
0
0
VERTEX
8
RASTER
10
10.244
20
24.269
30
0
0
VERTEX
8
RASTER
10
10.331
20
24.29
30
0
0
VERTEX
8
RASTER
10
10.412
20
24.287
30
0
0
VERTEX
8
RASTER
10
10.485
20
24.26
30
0
0
VERTEX
8
RASTER
10
10.545
20
24.21
30
0
0
VERTEX
8
RASTER
10
10.588
20
24.141
30
0
0
VERTEX
8
RASTER
10
10.614
20
24.056
30
0
0
VERTEX
8
RASTER
10
10.623
20
23.958
30
0
0
VERTEX
8
RASTER
10
10.614
20
23.85
30
0
0
VERTEX
8
RASTER
10
10.589
20
23.735
30
0
0
VERTEX
8
RASTER
10
10.546
20
23.617
30
0
0
VERTEX
8
RASTER
10
10.486
20
23.498
30
0
0
SEQEND
8
RASTER
0
POLYLINE
8
CUT
66
1
70
1
0
VERTEX
8
CUT
10
19.2
20
28.9
30
0
0
VERTEX
8
CUT
10
19.223
20
29.252
30
0
0
VERTEX
8
CUT
10
19.294
20
29.556
30
0
0
VERTEX
8
CUT
10
19.411
20
29.814
30
0
0
VERTEX
8
CUT
10
19.575
20
30.025
30
0
0
VERTEX
8
CUT
10
19.786
20
30.189
30
0
0
VERTEX
8
CUT
10
20.044
20
30.306
30
0
0
VERTEX
8
CUT
10
20.348
20
30.377
30
0
0
VERTEX
8
CUT
10
20.7
20
30.4
30
0
0
VERTEX
8
CUT
10
28.9
20
30.4
30
0
0
VERTEX
8
CUT
10
29.252
20
30.377
30
0
0
VERTEX
8
CUT
10
29.556
20
30.306
30
0
0
VERTEX
8
CUT
10
29.814
20
30.189
30
0
0
VERTEX
8
CUT
10
30.025
20
30.025
30
0
0
VERTEX
8
CUT
10
30.189
20
29.814
30
0
0
VERTEX
8
CUT
10
30.306
20
29.556
30
0
0
VERTEX
8
CUT
10
30.377
20
29.252
30
0
0
VERTEX
8
CUT
10
30.4
20
28.9
30
0
0
VERTEX
8
CUT
10
30.4
20
20.7
30
0
0
VERTEX
8
CUT
10
30.377
20
20.348
30
0
0
VERTEX
8
CUT
10
30.306
20
20.044
30
0
0
VERTEX
8
CUT
10
30.189
20
19.786
30
0
0
VERTEX
8
CUT
10
30.025
20
19.575
30
0
0
VERTEX
8
CUT
10
29.814
20
19.411
30
0
0
VERTEX
8
CUT
10
29.556
20
19.294
30
0
0
VERTEX
8
CUT
10
29.252
20
19.223
30
0
0
VERTEX
8
CUT
10
28.9
20
19.2
30
0
0
VERTEX
8
CUT
10
20.7
20
19.2
30
0
0
VERTEX
8
CUT
10
20.348
20
19.223
30
0
0
VERTEX
8
CUT
10
20.044
20
19.294
30
0
0
VERTEX
8
CUT
10
19.786
20
19.411
30
0
0
VERTEX
8
CUT
10
19.575
20
19.575
30
0
0
VERTEX
8
CUT
10
19.411
20
19.786
30
0
0
VERTEX
8
CUT
10
19.294
20
20.044
30
0
0
VERTEX
8
CUT
10
19.223
20
20.348
30
0
0
VERTEX
8
CUT
10
19.2
20
20.7
30
0
0
SEQEND
8
CUT
0
POLYLINE
8
RASTER
66
1
70
1
0
VERTEX
8
RASTER
10
20
20
28.4
30
0
0
VERTEX
8
RASTER
10
20.019
20
28.681
30
0
0
VERTEX
8
RASTER
10
20.075
20
28.925
30
0
0
VERTEX
8
RASTER
10
20.169
20
29.131
30
0
0
VERTEX
8
RASTER
10
20.3
20
29.3
30
0
0
VERTEX
8
RASTER
10
20.469
20
29.431
30
0
0
VERTEX
8
RASTER
10
20.675
20
29.525
30
0
0
VERTEX
8
RASTER
10
20.919
20
29.581
30
0
0
VERTEX
8
RASTER
10
21.2
20
29.6
30
0
0
VERTEX
8
RASTER
10
28.4
20
29.6
30
0
0
VERTEX
8
RASTER
10
28.681
20
29.581
30
0
0
VERTEX
8
RASTER
10
28.925
20
29.525
30
0
0
VERTEX
8
RASTER
10
29.131
20
29.431
30
0
0
VERTEX
8
RASTER
10
29.3
20
29.3
30
0
0
VERTEX
8
RASTER
10
29.431
20
29.131
30
0
0
VERTEX
8
RASTER
10
29.525
20
28.925
30
0
0
VERTEX
8
RASTER
10
29.581
20
28.681
30
0
0
VERTEX
8
RASTER
10
29.6
20
28.4
30
0
0
VERTEX
8
RASTER
10
29.6
20
21.2
30
0
0
VERTEX
8
RASTER
10
29.581
20
20.919
30
0
0
VERTEX
8
RASTER
10
29.525
20
20.675
30
0
0
VERTEX
8
RASTER
10
29.431
20
20.469
30
0
0
VERTEX
8
RASTER
10
29.3
20
20.3
30
0
0
VERTEX
8
RASTER
10
29.131
20
20.169
30
0
0
VERTEX
8
RASTER
10
28.925
20
20.075
30
0
0
VERTEX
8
RASTER
10
28.681
20
20.019
30
0
0
VERTEX
8
RASTER
10
28.4
20
20
30
0
0
VERTEX
8
RASTER
10
21.2
20
20
30
0
0
VERTEX
8
RASTER
10
20.919
20
20.019
30
0
0
VERTEX
8
RASTER
10
20.675
20
20.075
30
0
0
VERTEX
8
RASTER
10
20.469
20
20.169
30
0
0
VERTEX
8
RASTER
10
20.3
20
20.3
30
0
0
VERTEX
8
RASTER
10
20.169
20
20.469
30
0
0
VERTEX
8
RASTER
10
20.075
20
20.675
30
0
0
VERTEX
8
RASTER
10
20.019
20
20.919
30
0
0
VERTEX
8
RASTER
10
20
20
21.2
30
0
0
SEQEND
8
RASTER
0
POLYLINE
8
RASTER
66
1
70
1
0
VERTEX
8
RASTER
10
20.5
20
28.4
30
0
0
VERTEX
8
RASTER
10
20.5
20
21.2
30
0
0
VERTEX
8
RASTER
10
20.511
20
21.036
30
0
0
VERTEX
8
RASTER
10
20.544
20
20.894
30
0
0
VERTEX
8
RASTER
10
20.598
20
20.773
30
0
0
VERTEX
8
RASTER
10
20.675
20
20.675
30
0
0
VERTEX
8
RASTER
10
20.773
20
20.598
30
0
0
VERTEX
8
RASTER
10
20.894
20
20.544
30
0
0
VERTEX
8
RASTER
10
21.036
20
20.511
30
0
0
VERTEX
8
RASTER
10
21.2
20
20.5
30
0
0
VERTEX
8
RASTER
10
28.4
20
20.5
30
0
0
VERTEX
8
RASTER
10
28.564
20
20.511
30
0
0
VERTEX
8
RASTER
10
28.706
20
20.544
30
0
0
VERTEX
8
RASTER
10
28.827
20
20.598
30
0
0
VERTEX
8
RASTER
10
28.925
20
20.675
30
0
0
VERTEX
8
RASTER
10
29.002
20
20.773
30
0
0
VERTEX
8
RASTER
10
29.056
20
20.894
30
0
0
VERTEX
8
RASTER
10
29.089
20
21.036
30
0
0
VERTEX
8
RASTER
10
29.1
20
21.2
30
0
0
VERTEX
8
RASTER
10
29.1
20
28.4
30
0
0
VERTEX
8
RASTER
10
29.089
20
28.564
30
0
0
VERTEX
8
RASTER
10
29.056
20
28.706
30
0
0
VERTEX
8
RASTER
10
29.002
20
28.827
30
0
0
VERTEX
8
RASTER
10
28.925
20
28.925
30
0
0
VERTEX
8
RASTER
10
28.827
20
29.002
30
0
0
VERTEX
8
RASTER
10
28.706
20
29.056
30
0
0
VERTEX
8
RASTER
10
28.564
20
29.089
30
0
0
VERTEX
8
RASTER
10
28.4
20
29.1
30
0
0
VERTEX
8
RASTER
10
21.2
20
29.1
30
0
0
VERTEX
8
RASTER
10
21.036
20
29.089
30
0
0
VERTEX
8
RASTER
10
20.894
20
29.056
30
0
0
VERTEX
8
RASTER
10
20.773
20
29.002
30
0
0
VERTEX
8
RASTER
10
20.675
20
28.925
30
0
0
VERTEX
8
RASTER
10
20.598
20
28.827
30
0
0
VERTEX
8
RASTER
10
20.544
20
28.706
30
0
0
VERTEX
8
RASTER
10
20.511
20
28.564
30
0
0
VERTEX
8
RASTER
10
20.5
20
28.4
30
0
0
SEQEND
8
RASTER
0
POLYLINE
8
RASTER
66
1
70
1
0
VERTEX
8
RASTER
10
24.696
20
22.925
30
0
0
VERTEX
8
RASTER
10
24.904
20
22.925
30
0
0
VERTEX
8
RASTER
10
24.974
20
21.467
30
0
0
VERTEX
8
RASTER
10
24.626
20
21.467
30
0
0
SEQEND
8
RASTER
0
POLYLINE
8
RASTER
66
1
70
1
0
VERTEX
8
RASTER
10
25.147
20
27.508
30
0
0
VERTEX
8
RASTER
10
25.14
20
27.389
30
0
0
VERTEX
8
RASTER
10
25.12
20
27.278
30
0
0
VERTEX
8
RASTER
10
25.088
20
27.178
30
0
0
VERTEX
8
RASTER
10
25.046
20
27.091
30
0
0
VERTEX
8
RASTER
10
24.994
20
27.019
30
0
0
VERTEX
8
RASTER
10
24.935
20
26.964
30
0
0
VERTEX
8
RASTER
10
24.87
20
26.93
30
0
0
VERTEX
8
RASTER
10
24.8
20
26.918
30
0
0
VERTEX
8
RASTER
10
24.73
20
26.93
30
0
0
VERTEX
8
RASTER
10
24.665
20
26.964
30
0
0
VERTEX
8
RASTER
10
24.606
20
27.019
30
0
0
VERTEX
8
RASTER
10
24.554
20
27.091
30
0
0
VERTEX
8
RASTER
10
24.512
20
27.178
30
0
0
VERTEX
8
RASTER
10
24.48
20
27.278
30
0
0
VERTEX
8
RASTER
10
24.46
20
27.389
30
0
0
VERTEX
8
RASTER
10
24.453
20
27.508
30
0
0
VERTEX
8
RASTER
10
24.46
20
27.627
30
0
0
VERTEX
8
RASTER
10
24.48
20
27.738
30
0
0
VERTEX
8
RASTER
10
24.512
20
27.838
30
0
0
VERTEX
8
RASTER
10
24.554
20
27.926
30
0
0
VERTEX
8
RASTER
10
24.606
20
27.998
30
0
0
VERTEX
8
RASTER
10
24.665
20
28.052
30
0
0
VERTEX
8
RASTER
10
24.73
20
28.086
30
0
0
VERTEX
8
RASTER
10
24.8
20
28.098
30
0
0
VERTEX
8
RASTER
10
24.87
20
28.086
30
0
0
VERTEX
8
RASTER
10
24.935
20
28.052
30
0
0
VERTEX
8
RASTER
10
24.994
20
27.998
30
0
0
VERTEX
8
RASTER
10
25.046
20
27.926
30
0
0
VERTEX
8
RASTER
10
25.088
20
27.838
30
0
0
VERTEX
8
RASTER
10
25.12
20
27.738
30
0
0
VERTEX
8
RASTER
10
25.14
20
27.627
30
0
0
VERTEX
8
RASTER
10
25.147
20
27.508
30
0
0
SEQEND
8
RASTER
0
POLYLINE
8
RASTER
66
1
70
1
0
VERTEX
8
RASTER
10
24.575
20
26.519
30
0
0
VERTEX
8
RASTER
10
24.635
20
26.4
30
0
0
VERTEX
8
RASTER
10
24.678
20
26.281
30
0
0
VERTEX
8
RASTER
10
24.703
20
26.167
30
0
0
VERTEX
8
RASTER
10
24.712
20
26.059
30
0
0
VERTEX
8
RASTER
10
24.703
20
25.961
30
0
0
VERTEX
8
RASTER
10
24.677
20
25.876
30
0
0
VERTEX
8
RASTER
10
24.634
20
25.806
30
0
0
VERTEX
8
RASTER
10
24.574
20
25.756
30
0
0
VERTEX
8
RASTER
10
24.501
20
25.73
30
0
0
VERTEX
8
RASTER
10
24.42
20
25.727
30
0
0
VERTEX
8
RASTER
10
24.333
20
25.747
30
0
0
VERTEX
8
RASTER
10
24.244
20
25.789
30
0
0
VERTEX
8
RASTER
10
24.155
20
25.85
30
0
0
VERTEX
8
RASTER
10
24.068
20
25.929
30
0
0
VERTEX
8
RASTER
10
23.987
20
26.025
30
0
0
VERTEX
8
RASTER
10
23.914
20
26.137
30
0
0
VERTEX
8
RASTER
10
23.854
20
26.256
30
0
0
VERTEX
8
RASTER
10
23.811
20
26.374
30
0
0
VERTEX
8
RASTER
10
23.786
20
26.489
30
0
0
VERTEX
8
RASTER
10
23.777
20
26.597
30
0
0
VERTEX
8
RASTER
10
23.786
20
26.695
30
0
0
VERTEX
8
RASTER
10
23.812
20
26.78
30
0
0
VERTEX
8
RASTER
10
23.855
20
26.849
30
0
0
VERTEX
8
RASTER
10
23.915
20
26.899
30
0
0
VERTEX
8
RASTER
10
23.988
20
26.926
30
0
0
VERTEX
8
RASTER
10
24.069
20
26.928
30
0
0
VERTEX
8
RASTER
10
24.156
20
26.908
30
0
0
VERTEX
8
RASTER
10
24.245
20
26.867
30
0
0
VERTEX
8
RASTER
10
24.334
20
26.805
30
0
0
VERTEX
8
RASTER
10
24.421
20
26.726
30
0
0
VERTEX
8
RASTER
10
24.502
20
26.63
30
0
0
VERTEX
8
RASTER
10
24.575
20
26.519
30
0
0
SEQEND
8
RASTER
0
POLYLINE
8
RASTER
66
1
70
1
0
VERTEX
8
RASTER
10
25.686
20
26.137
30
0
0
VERTEX
8
RASTER
10
25.613
20
26.025
30
0
0
VERTEX
8
RASTER
10
25.532
20
25.929
30
0
0
VERTEX
8
RASTER
10
25.445
20
25.85
30
0
0
VERTEX
8
RASTER
10
25.356
20
25.789
30
0
0
VERTEX
8
RASTER
10
25.267
20
25.747
30
0
0
VERTEX
8
RASTER
10
25.18
20
25.727
30
0
0
VERTEX
8
RASTER
10
25.099
20
25.73
30
0
0
VERTEX
8
RASTER
10
25.026
20
25.756
30
0
0
VERTEX
8
RASTER
10
24.966
20
25.806
30
0
0
VERTEX
8
RASTER
10
24.923
20
25.876
30
0
0
VERTEX
8
RASTER
10
24.897
20
25.961
30
0
0
VERTEX
8
RASTER
10
24.888
20
26.059
30
0
0
VERTEX
8
RASTER
10
24.897
20
26.167
30
0
0
VERTEX
8
RASTER
10
24.922
20
26.281
30
0
0
VERTEX
8
RASTER
10
24.965
20
26.4
30
0
0
VERTEX
8
RASTER
10
25.025
20
26.519
30
0
0
VERTEX
8
RASTER
10
25.098
20
26.63
30
0
0
VERTEX
8
RASTER
10
25.179
20
26.726
30
0
0
VERTEX
8
RASTER
10
25.266
20
26.805
30
0
0
VERTEX
8
RASTER
10
25.355
20
26.867
30
0
0
VERTEX
8
RASTER
10
25.444
20
26.908
30
0
0
VERTEX
8
RASTER
10
25.531
20
26.928
30
0
0
VERTEX
8
RASTER
10
25.612
20
26.926
30
0
0
VERTEX
8
RASTER
10
25.685
20
26.899
30
0
0
VERTEX
8
RASTER
10
25.745
20
26.849
30
0
0
VERTEX
8
RASTER
10
25.788
20
26.78
30
0
0
VERTEX
8
RASTER
10
25.814
20
26.695
30
0
0
VERTEX
8
RASTER
10
25.823
20
26.597
30
0
0
VERTEX
8
RASTER
10
25.814
20
26.489
30
0
0
VERTEX
8
RASTER
10
25.789
20
26.374
30
0
0
VERTEX
8
RASTER
10
25.746
20
26.256
30
0
0
VERTEX
8
RASTER
10
25.686
20
26.137
30
0
0
SEQEND
8
RASTER
0
POLYLINE
8
RASTER
66
1
70
1
0
VERTEX
8
RASTER
10
24.575
20
25.199
30
0
0
VERTEX
8
RASTER
10
24.635
20
25.08
30
0
0
VERTEX
8
RASTER
10
24.678
20
24.962
30
0
0
VERTEX
8
RASTER
10
24.703
20
24.847
30
0
0
VERTEX
8
RASTER
10
24.712
20
24.739
30
0
0
VERTEX
8
RASTER
10
24.703
20
24.641
30
0
0
VERTEX
8
RASTER
10
24.677
20
24.556
30
0
0
VERTEX
8
RASTER
10
24.634
20
24.487
30
0
0
VERTEX
8
RASTER
10
24.574
20
24.437
30
0
0
VERTEX
8
RASTER
10
24.501
20
24.41
30
0
0
VERTEX
8
RASTER
10
24.42
20
24.408
30
0
0
VERTEX
8
RASTER
10
24.333
20
24.428
30
0
0
VERTEX
8
RASTER
10
24.244
20
24.469
30
0
0
VERTEX
8
RASTER
10
24.155
20
24.531
30
0
0
VERTEX
8
RASTER
10
24.068
20
24.61
30
0
0
VERTEX
8
RASTER
10
23.987
20
24.706
30
0
0
VERTEX
8
RASTER
10
23.914
20
24.817
30
0
0
VERTEX
8
RASTER
10
23.854
20
24.936
30
0
0
VERTEX
8
RASTER
10
23.811
20
25.055
30
0
0
VERTEX
8
RASTER
10
23.786
20
25.169
30
0
0
VERTEX
8
RASTER
10
23.777
20
25.277
30
0
0
VERTEX
8
RASTER
10
23.786
20
25.375
30
0
0
VERTEX
8
RASTER
10
23.812
20
25.46
30
0
0
VERTEX
8
RASTER
10
23.855
20
25.53
30
0
0
VERTEX
8
RASTER
10
23.915
20
25.58
30
0
0
VERTEX
8
RASTER
10
23.988
20
25.606
30
0
0
VERTEX
8
RASTER
10
24.069
20
25.609
30
0
0
VERTEX
8
RASTER
10
24.156
20
25.589
30
0
0
VERTEX
8
RASTER
10
24.245
20
25.547
30
0
0
VERTEX
8
RASTER
10
24.334
20
25.486
30
0
0
VERTEX
8
RASTER
10
24.421
20
25.407
30
0
0
VERTEX
8
RASTER
10
24.502
20
25.311
30
0
0
VERTEX
8
RASTER
10
24.575
20
25.199
30
0
0
SEQEND
8
RASTER
0
POLYLINE
8
RASTER
66
1
70
1
0
VERTEX
8
RASTER
10
25.686
20
24.817
30
0
0
VERTEX
8
RASTER
10
25.613
20
24.706
30
0
0
VERTEX
8
RASTER
10
25.532
20
24.61
30
0
0
VERTEX
8
RASTER
10
25.445
20
24.531
30
0
0
VERTEX
8
RASTER
10
25.356
20
24.469
30
0
0
VERTEX
8
RASTER
10
25.267
20
24.428
30
0
0
VERTEX
8
RASTER
10
25.18
20
24.408
30
0
0
VERTEX
8
RASTER
10
25.099
20
24.41
30
0
0
VERTEX
8
RASTER
10
25.026
20
24.437
30
0
0
VERTEX
8
RASTER
10
24.966
20
24.487
30
0
0
VERTEX
8
RASTER
10
24.923
20
24.556
30
0
0
VERTEX
8
RASTER
10
24.897
20
24.641
30
0
0
VERTEX
8
RASTER
10
24.888
20
24.739
30
0
0
VERTEX
8
RASTER
10
24.897
20
24.847
30
0
0
VERTEX
8
RASTER
10
24.922
20
24.962
30
0
0
VERTEX
8
RASTER
10
24.965
20
25.08
30
0
0
VERTEX
8
RASTER
10
25.025
20
25.199
30
0
0
VERTEX
8
RASTER
10
25.098
20
25.311
30
0
0
VERTEX
8
RASTER
10
25.179
20
25.407
30
0
0
VERTEX
8
RASTER
10
25.266
20
25.486
30
0
0
VERTEX
8
RASTER
10
25.355
20
25.547
30
0
0
VERTEX
8
RASTER
10
25.444
20
25.589
30
0
0
VERTEX
8
RASTER
10
25.531
20
25.609
30
0
0
VERTEX
8
RASTER
10
25.612
20
25.606
30
0
0
VERTEX
8
RASTER
10
25.685
20
25.58
30
0
0
VERTEX
8
RASTER
10
25.745
20
25.53
30
0
0
VERTEX
8
RASTER
10
25.788
20
25.46
30
0
0
VERTEX
8
RASTER
10
25.814
20
25.375
30
0
0
VERTEX
8
RASTER
10
25.823
20
25.277
30
0
0
VERTEX
8
RASTER
10
25.814
20
25.169
30
0
0
VERTEX
8
RASTER
10
25.789
20
25.055
30
0
0
VERTEX
8
RASTER
10
25.746
20
24.936
30
0
0
VERTEX
8
RASTER
10
25.686
20
24.817
30
0
0
SEQEND
8
RASTER
0
POLYLINE
8
RASTER
66
1
70
1
0
VERTEX
8
RASTER
10
24.575
20
23.88
30
0
0
VERTEX
8
RASTER
10
24.635
20
23.761
30
0
0
VERTEX
8
RASTER
10
24.678
20
23.643
30
0
0
VERTEX
8
RASTER
10
24.703
20
23.528
30
0
0
VERTEX
8
RASTER
10
24.712
20
23.42
30
0
0
VERTEX
8
RASTER
10
24.703
20
23.322
30
0
0
VERTEX
8
RASTER
10
24.677
20
23.237
30
0
0
VERTEX
8
RASTER
10
24.634
20
23.168
30
0
0
VERTEX
8
RASTER
10
24.574
20
23.118
30
0
0
VERTEX
8
RASTER
10
24.501
20
23.091
30
0
0
VERTEX
8
RASTER
10
24.42
20
23.088
30
0
0
VERTEX
8
RASTER
10
24.333
20
23.108
30
0
0
VERTEX
8
RASTER
10
24.244
20
23.15
30
0
0
VERTEX
8
RASTER
10
24.155
20
23.211
30
0
0
VERTEX
8
RASTER
10
24.068
20
23.291
30
0
0
VERTEX
8
RASTER
10
23.987
20
23.387
30
0
0
VERTEX
8
RASTER
10
23.914
20
23.498
30
0
0
VERTEX
8
RASTER
10
23.854
20
23.617
30
0
0
VERTEX
8
RASTER
10
23.811
20
23.735
30
0
0
VERTEX
8
RASTER
10
23.786
20
23.85
30
0
0
VERTEX
8
RASTER
10
23.777
20
23.958
30
0
0
VERTEX
8
RASTER
10
23.786
20
24.056
30
0
0
VERTEX
8
RASTER
10
23.812
20
24.141
30
0
0
VERTEX
8
RASTER
10
23.855
20
24.21
30
0
0
VERTEX
8
RASTER
10
23.915
20
24.26
30
0
0
VERTEX
8
RASTER
10
23.988
20
24.287
30
0
0
VERTEX
8
RASTER
10
24.069
20
24.29
30
0
0
VERTEX
8
RASTER
10
24.156
20
24.269
30
0
0
VERTEX
8
RASTER
10
24.245
20
24.228
30
0
0
VERTEX
8
RASTER
10
24.334
20
24.167
30
0
0
VERTEX
8
RASTER
10
24.421
20
24.087
30
0
0
VERTEX
8
RASTER
10
24.502
20
23.991
30
0
0
VERTEX
8
RASTER
10
24.575
20
23.88
30
0
0
SEQEND
8
RASTER
0
POLYLINE
8
RASTER
66
1
70
1
0
VERTEX
8
RASTER
10
25.686
20
23.498
30
0
0
VERTEX
8
RASTER
10
25.613
20
23.387
30
0
0
VERTEX
8
RASTER
10
25.532
20
23.291
30
0
0
VERTEX
8
RASTER
10
25.445
20
23.211
30
0
0
VERTEX
8
RASTER
10
25.356
20
23.15
30
0
0
VERTEX
8
RASTER
10
25.267
20
23.108
30
0
0
VERTEX
8
RASTER
10
25.18
20
23.088
30
0
0
VERTEX
8
RASTER
10
25.099
20
23.091
30
0
0
VERTEX
8
RASTER
10
25.026
20
23.118
30
0
0
VERTEX
8
RASTER
10
24.966
20
23.168
30
0
0
VERTEX
8
RASTER
10
24.923
20
23.237
30
0
0
VERTEX
8
RASTER
10
24.897
20
23.322
30
0
0
VERTEX
8
RASTER
10
24.888
20
23.42
30
0
0
VERTEX
8
RASTER
10
24.897
20
23.528
30
0
0
VERTEX
8
RASTER
10
24.922
20
23.643
30
0
0
VERTEX
8
RASTER
10
24.965
20
23.761
30
0
0
VERTEX
8
RASTER
10
25.025
20
23.88
30
0
0
VERTEX
8
RASTER
10
25.098
20
23.991
30
0
0
VERTEX
8
RASTER
10
25.179
20
24.087
30
0
0
VERTEX
8
RASTER
10
25.266
20
24.167
30
0
0
VERTEX
8
RASTER
10
25.355
20
24.228
30
0
0
VERTEX
8
RASTER
10
25.444
20
24.269
30
0
0
VERTEX
8
RASTER
10
25.531
20
24.29
30
0
0
VERTEX
8
RASTER
10
25.612
20
24.287
30
0
0
VERTEX
8
RASTER
10
25.685
20
24.26
30
0
0
VERTEX
8
RASTER
10
25.745
20
24.21
30
0
0
VERTEX
8
RASTER
10
25.788
20
24.141
30
0
0
VERTEX
8
RASTER
10
25.814
20
24.056
30
0
0
VERTEX
8
RASTER
10
25.823
20
23.958
30
0
0
VERTEX
8
RASTER
10
25.814
20
23.85
30
0
0
VERTEX
8
RASTER
10
25.789
20
23.735
30
0
0
VERTEX
8
RASTER
10
25.746
20
23.617
30
0
0
VERTEX
8
RASTER
10
25.686
20
23.498
30
0
0
SEQEND
8
RASTER
0
POLYLINE
8
CUT
66
1
70
1
0
VERTEX
8
CUT
10
34.4
20
28.9
30
0
0
VERTEX
8
CUT
10
34.423
20
29.252
30
0
0
VERTEX
8
CUT
10
34.494
20
29.556
30
0
0
VERTEX
8
CUT
10
34.611
20
29.814
30
0
0
VERTEX
8
CUT
10
34.775
20
30.025
30
0
0
VERTEX
8
CUT
10
34.986
20
30.189
30
0
0
VERTEX
8
CUT
10
35.244
20
30.306
30
0
0
VERTEX
8
CUT
10
35.548
20
30.377
30
0
0
VERTEX
8
CUT
10
35.9
20
30.4
30
0
0
VERTEX
8
CUT
10
44.1
20
30.4
30
0
0
VERTEX
8
CUT
10
44.452
20
30.377
30
0
0
VERTEX
8
CUT
10
44.756
20
30.306
30
0
0
VERTEX
8
CUT
10
45.014
20
30.189
30
0
0
VERTEX
8
CUT
10
45.225
20
30.025
30
0
0
VERTEX
8
CUT
10
45.389
20
29.814
30
0
0
VERTEX
8
CUT
10
45.506
20
29.556
30
0
0
VERTEX
8
CUT
10
45.577
20
29.252
30
0
0
VERTEX
8
CUT
10
45.6
20
28.9
30
0
0
VERTEX
8
CUT
10
45.6
20
20.7
30
0
0
VERTEX
8
CUT
10
45.577
20
20.348
30
0
0
VERTEX
8
CUT
10
45.506
20
20.044
30
0
0
VERTEX
8
CUT
10
45.389
20
19.786
30
0
0
VERTEX
8
CUT
10
45.225
20
19.575
30
0
0
VERTEX
8
CUT
10
45.014
20
19.411
30
0
0
VERTEX
8
CUT
10
44.756
20
19.294
30
0
0
VERTEX
8
CUT
10
44.452
20
19.223
30
0
0
VERTEX
8
CUT
10
44.1
20
19.2
30
0
0
VERTEX
8
CUT
10
35.9
20
19.2
30
0
0
VERTEX
8
CUT
10
35.548
20
19.223
30
0
0
VERTEX
8
CUT
10
35.244
20
19.294
30
0
0
VERTEX
8
CUT
10
34.986
20
19.411
30
0
0
VERTEX
8
CUT
10
34.775
20
19.575
30
0
0
VERTEX
8
CUT
10
34.611
20
19.786
30
0
0
VERTEX
8
CUT
10
34.494
20
20.044
30
0
0
VERTEX
8
CUT
10
34.423
20
20.348
30
0
0
VERTEX
8
CUT
10
34.4
20
20.7
30
0
0
SEQEND
8
CUT
0
POLYLINE
8
RASTER
66
1
70
1
0
VERTEX
8
RASTER
10
35.2
20
28.4
30
0
0
VERTEX
8
RASTER
10
35.219
20
28.681
30
0
0
VERTEX
8
RASTER
10
35.275
20
28.925
30
0
0
VERTEX
8
RASTER
10
35.369
20
29.131
30
0
0
VERTEX
8
RASTER
10
35.5
20
29.3
30
0
0
VERTEX
8
RASTER
10
35.669
20
29.431
30
0
0
VERTEX
8
RASTER
10
35.875
20
29.525
30
0
0
VERTEX
8
RASTER
10
36.119
20
29.581
30
0
0
VERTEX
8
RASTER
10
36.4
20
29.6
30
0
0
VERTEX
8
RASTER
10
43.6
20
29.6
30
0
0
VERTEX
8
RASTER
10
43.881
20
29.581
30
0
0
VERTEX
8
RASTER
10
44.125
20
29.525
30
0
0
VERTEX
8
RASTER
10
44.331
20
29.431
30
0
0
VERTEX
8
RASTER
10
44.5
20
29.3
30
0
0
VERTEX
8
RASTER
10
44.631
20
29.131
30
0
0
VERTEX
8
RASTER
10
44.725
20
28.925
30
0
0
VERTEX
8
RASTER
10
44.781
20
28.681
30
0
0
VERTEX
8
RASTER
10
44.8
20
28.4
30
0
0
VERTEX
8
RASTER
10
44.8
20
21.2
30
0
0
VERTEX
8
RASTER
10
44.781
20
20.919
30
0
0
VERTEX
8
RASTER
10
44.725
20
20.675
30
0
0
VERTEX
8
RASTER
10
44.631
20
20.469
30
0
0
VERTEX
8
RASTER
10
44.5
20
20.3
30
0
0
VERTEX
8
RASTER
10
44.331
20
20.169
30
0
0
VERTEX
8
RASTER
10
44.125
20
20.075
30
0
0
VERTEX
8
RASTER
10
43.881
20
20.019
30
0
0
VERTEX
8
RASTER
10
43.6
20
20
30
0
0
VERTEX
8
RASTER
10
36.4
20
20
30
0
0
VERTEX
8
RASTER
10
36.119
20
20.019
30
0
0
VERTEX
8
RASTER
10
35.875
20
20.075
30
0
0
VERTEX
8
RASTER
10
35.669
20
20.169
30
0
0
VERTEX
8
RASTER
10
35.5
20
20.3
30
0
0
VERTEX
8
RASTER
10
35.369
20
20.469
30
0
0
VERTEX
8
RASTER
10
35.275
20
20.675
30
0
0
VERTEX
8
RASTER
10
35.219
20
20.919
30
0
0
VERTEX
8
RASTER
10
35.2
20
21.2
30
0
0
SEQEND
8
RASTER
0
POLYLINE
8
RASTER
66
1
70
1
0
VERTEX
8
RASTER
10
35.7
20
28.4
30
0
0
VERTEX
8
RASTER
10
35.7
20
21.2
30
0
0
VERTEX
8
RASTER
10
35.711
20
21.036
30
0
0
VERTEX
8
RASTER
10
35.744
20
20.894
30
0
0
VERTEX
8
RASTER
10
35.798
20
20.773
30
0
0
VERTEX
8
RASTER
10
35.875
20
20.675
30
0
0
VERTEX
8
RASTER
10
35.973
20
20.598
30
0
0
VERTEX
8
RASTER
10
36.094
20
20.544
30
0
0
VERTEX
8
RASTER
10
36.236
20
20.511
30
0
0
VERTEX
8
RASTER
10
36.4
20
20.5
30
0
0
VERTEX
8
RASTER
10
43.6
20
20.5
30
0
0
VERTEX
8
RASTER
10
43.764
20
20.511
30
0
0
VERTEX
8
RASTER
10
43.906
20
20.544
30
0
0
VERTEX
8
RASTER
10
44.027
20
20.598
30
0
0
VERTEX
8
RASTER
10
44.125
20
20.675
30
0
0
VERTEX
8
RASTER
10
44.202
20
20.773
30
0
0
VERTEX
8
RASTER
10
44.256
20
20.894
30
0
0
VERTEX
8
RASTER
10
44.289
20
21.036
30
0
0
VERTEX
8
RASTER
10
44.3
20
21.2
30
0
0
VERTEX
8
RASTER
10
44.3
20
28.4
30
0
0
VERTEX
8
RASTER
10
44.289
20
28.564
30
0
0
VERTEX
8
RASTER
10
44.256
20
28.706
30
0
0
VERTEX
8
RASTER
10
44.202
20
28.827
30
0
0
VERTEX
8
RASTER
10
44.125
20
28.925
30
0
0
VERTEX
8
RASTER
10
44.027
20
29.002
30
0
0
VERTEX
8
RASTER
10
43.906
20
29.056
30
0
0
VERTEX
8
RASTER
10
43.764
20
29.089
30
0
0
VERTEX
8
RASTER
10
43.6
20
29.1
30
0
0
VERTEX
8
RASTER
10
36.4
20
29.1
30
0
0
VERTEX
8
RASTER
10
36.236
20
29.089
30
0
0
VERTEX
8
RASTER
10
36.094
20
29.056
30
0
0
VERTEX
8
RASTER
10
35.973
20
29.002
30
0
0
VERTEX
8
RASTER
10
35.875
20
28.925
30
0
0
VERTEX
8
RASTER
10
35.798
20
28.827
30
0
0
VERTEX
8
RASTER
10
35.744
20
28.706
30
0
0
VERTEX
8
RASTER
10
35.711
20
28.564
30
0
0
VERTEX
8
RASTER
10
35.7
20
28.4
30
0
0
SEQEND
8
RASTER
0
POLYLINE
8
RASTER
66
1
70
1
0
VERTEX
8
RASTER
10
39.896
20
22.925
30
0
0
VERTEX
8
RASTER
10
40.104
20
22.925
30
0
0
VERTEX
8
RASTER
10
40.174
20
21.467
30
0
0
VERTEX
8
RASTER
10
39.826
20
21.467
30
0
0
SEQEND
8
RASTER
0
POLYLINE
8
RASTER
66
1
70
1
0
VERTEX
8
RASTER
10
40.347
20
27.508
30
0
0
VERTEX
8
RASTER
10
40.34
20
27.389
30
0
0
VERTEX
8
RASTER
10
40.32
20
27.278
30
0
0
VERTEX
8
RASTER
10
40.288
20
27.178
30
0
0
VERTEX
8
RASTER
10
40.246
20
27.091
30
0
0
VERTEX
8
RASTER
10
40.194
20
27.019
30
0
0
VERTEX
8
RASTER
10
40.135
20
26.964
30
0
0
VERTEX
8
RASTER
10
40.07
20
26.93
30
0
0
VERTEX
8
RASTER
10
40
20
26.918
30
0
0
VERTEX
8
RASTER
10
39.93
20
26.93
30
0
0
VERTEX
8
RASTER
10
39.865
20
26.964
30
0
0
VERTEX
8
RASTER
10
39.806
20
27.019
30
0
0
VERTEX
8
RASTER
10
39.754
20
27.091
30
0
0
VERTEX
8
RASTER
10
39.712
20
27.178
30
0
0
VERTEX
8
RASTER
10
39.68
20
27.278
30
0
0
VERTEX
8
RASTER
10
39.66
20
27.389
30
0
0
VERTEX
8
RASTER
10
39.653
20
27.508
30
0
0
VERTEX
8
RASTER
10
39.66
20
27.627
30
0
0
VERTEX
8
RASTER
10
39.68
20
27.738
30
0
0
VERTEX
8
RASTER
10
39.712
20
27.838
30
0
0
VERTEX
8
RASTER
10
39.754
20
27.926
30
0
0
VERTEX
8
RASTER
10
39.806
20
27.998
30
0
0
VERTEX
8
RASTER
10
39.865
20
28.052
30
0
0
VERTEX
8
RASTER
10
39.93
20
28.086
30
0
0
VERTEX
8
RASTER
10
40
20
28.098
30
0
0
VERTEX
8
RASTER
10
40.07
20
28.086
30
0
0
VERTEX
8
RASTER
10
40.135
20
28.052
30
0
0
VERTEX
8
RASTER
10
40.194
20
27.998
30
0
0
VERTEX
8
RASTER
10
40.246
20
27.926
30
0
0
VERTEX
8
RASTER
10
40.288
20
27.838
30
0
0
VERTEX
8
RASTER
10
40.32
20
27.738
30
0
0
VERTEX
8
RASTER
10
40.34
20
27.627
30
0
0
VERTEX
8
RASTER
10
40.347
20
27.508
30
0
0
SEQEND
8
RASTER
0
POLYLINE
8
RASTER
66
1
70
1
0
VERTEX
8
RASTER
10
39.775
20
26.519
30
0
0
VERTEX
8
RASTER
10
39.835
20
26.4
30
0
0
VERTEX
8
RASTER
10
39.878
20
26.281
30
0
0
VERTEX
8
RASTER
10
39.903
20
26.167
30
0
0
VERTEX
8
RASTER
10
39.912
20
26.059
30
0
0
VERTEX
8
RASTER
10
39.903
20
25.961
30
0
0
VERTEX
8
RASTER
10
39.877
20
25.876
30
0
0
VERTEX
8
RASTER
10
39.834
20
25.806
30
0
0
VERTEX
8
RASTER
10
39.774
20
25.756
30
0
0
VERTEX
8
RASTER
10
39.701
20
25.73
30
0
0
VERTEX
8
RASTER
10
39.62
20
25.727
30
0
0
VERTEX
8
RASTER
10
39.533
20
25.747
30
0
0
VERTEX
8
RASTER
10
39.444
20
25.789
30
0
0
VERTEX
8
RASTER
10
39.355
20
25.85
30
0
0
VERTEX
8
RASTER
10
39.268
20
25.929
30
0
0
VERTEX
8
RASTER
10
39.187
20
26.025
30
0
0
VERTEX
8
RASTER
10
39.114
20
26.137
30
0
0
VERTEX
8
RASTER
10
39.054
20
26.256
30
0
0
VERTEX
8
RASTER
10
39.011
20
26.374
30
0
0
VERTEX
8
RASTER
10
38.986
20
26.489
30
0
0
VERTEX
8
RASTER
10
38.977
20
26.597
30
0
0
VERTEX
8
RASTER
10
38.986
20
26.695
30
0
0
VERTEX
8
RASTER
10
39.012
20
26.78
30
0
0
VERTEX
8
RASTER
10
39.055
20
26.849
30
0
0
VERTEX
8
RASTER
10
39.115
20
26.899
30
0
0
VERTEX
8
RASTER
10
39.188
20
26.926
30
0
0
VERTEX
8
RASTER
10
39.269
20
26.928
30
0
0
VERTEX
8
RASTER
10
39.356
20
26.908
30
0
0
VERTEX
8
RASTER
10
39.445
20
26.867
30
0
0
VERTEX
8
RASTER
10
39.534
20
26.805
30
0
0
VERTEX
8
RASTER
10
39.621
20
26.726
30
0
0
VERTEX
8
RASTER
10
39.702
20
26.63
30
0
0
VERTEX
8
RASTER
10
39.775
20
26.519
30
0
0
SEQEND
8
RASTER
0
POLYLINE
8
RASTER
66
1
70
1
0
VERTEX
8
RASTER
10
40.886
20
26.137
30
0
0
VERTEX
8
RASTER
10
40.813
20
26.025
30
0
0
VERTEX
8
RASTER
10
40.732
20
25.929
30
0
0
VERTEX
8
RASTER
10
40.645
20
25.85
30
0
0
VERTEX
8
RASTER
10
40.556
20
25.789
30
0
0
VERTEX
8
RASTER
10
40.467
20
25.747
30
0
0
VERTEX
8
RASTER
10
40.38
20
25.727
30
0
0
VERTEX
8
RASTER
10
40.299
20
25.73
30
0
0
VERTEX
8
RASTER
10
40.226
20
25.756
30
0
0
VERTEX
8
RASTER
10
40.166
20
25.806
30
0
0
VERTEX
8
RASTER
10
40.123
20
25.876
30
0
0
VERTEX
8
RASTER
10
40.097
20
25.961
30
0
0
VERTEX
8
RASTER
10
40.088
20
26.059
30
0
0
VERTEX
8
RASTER
10
40.097
20
26.167
30
0
0
VERTEX
8
RASTER
10
40.122
20
26.281
30
0
0
VERTEX
8
RASTER
10
40.165
20
26.4
30
0
0
VERTEX
8
RASTER
10
40.225
20
26.519
30
0
0
VERTEX
8
RASTER
10
40.298
20
26.63
30
0
0
VERTEX
8
RASTER
10
40.379
20
26.726
30
0
0
VERTEX
8
RASTER
10
40.466
20
26.805
30
0
0
VERTEX
8
RASTER
10
40.555
20
26.867
30
0
0
VERTEX
8
RASTER
10
40.644
20
26.908
30
0
0
VERTEX
8
RASTER
10
40.731
20
26.928
30
0
0
VERTEX
8
RASTER
10
40.812
20
26.926
30
0
0
VERTEX
8
RASTER
10
40.885
20
26.899
30
0
0
VERTEX
8
RASTER
10
40.945
20
26.849
30
0
0
VERTEX
8
RASTER
10
40.988
20
26.78
30
0
0
VERTEX
8
RASTER
10
41.014
20
26.695
30
0
0
VERTEX
8
RASTER
10
41.023
20
26.597
30
0
0
VERTEX
8
RASTER
10
41.014
20
26.489
30
0
0
VERTEX
8
RASTER
10
40.989
20
26.374
30
0
0
VERTEX
8
RASTER
10
40.946
20
26.256
30
0
0
VERTEX
8
RASTER
10
40.886
20
26.137
30
0
0
SEQEND
8
RASTER
0
POLYLINE
8
RASTER
66
1
70
1
0
VERTEX
8
RASTER
10
39.775
20
25.199
30
0
0
VERTEX
8
RASTER
10
39.835
20
25.08
30
0
0
VERTEX
8
RASTER
10
39.878
20
24.962
30
0
0
VERTEX
8
RASTER
10
39.903
20
24.847
30
0
0
VERTEX
8
RASTER
10
39.912
20
24.739
30
0
0
VERTEX
8
RASTER
10
39.903
20
24.641
30
0
0
VERTEX
8
RASTER
10
39.877
20
24.556
30
0
0
VERTEX
8
RASTER
10
39.834
20
24.487
30
0
0
VERTEX
8
RASTER
10
39.774
20
24.437
30
0
0
VERTEX
8
RASTER
10
39.701
20
24.41
30
0
0
VERTEX
8
RASTER
10
39.62
20
24.408
30
0
0
VERTEX
8
RASTER
10
39.533
20
24.428
30
0
0
VERTEX
8
RASTER
10
39.444
20
24.469
30
0
0
VERTEX
8
RASTER
10
39.355
20
24.531
30
0
0
VERTEX
8
RASTER
10
39.268
20
24.61
30
0
0
VERTEX
8
RASTER
10
39.187
20
24.706
30
0
0
VERTEX
8
RASTER
10
39.114
20
24.817
30
0
0
VERTEX
8
RASTER
10
39.054
20
24.936
30
0
0
VERTEX
8
RASTER
10
39.011
20
25.055
30
0
0
VERTEX
8
RASTER
10
38.986
20
25.169
30
0
0
VERTEX
8
RASTER
10
38.977
20
25.277
30
0
0
VERTEX
8
RASTER
10
38.986
20
25.375
30
0
0
VERTEX
8
RASTER
10
39.012
20
25.46
30
0
0
VERTEX
8
RASTER
10
39.055
20
25.53
30
0
0
VERTEX
8
RASTER
10
39.115
20
25.58
30
0
0
VERTEX
8
RASTER
10
39.188
20
25.606
30
0
0
VERTEX
8
RASTER
10
39.269
20
25.609
30
0
0
VERTEX
8
RASTER
10
39.356
20
25.589
30
0
0
VERTEX
8
RASTER
10
39.445
20
25.547
30
0
0
VERTEX
8
RASTER
10
39.534
20
25.486
30
0
0
VERTEX
8
RASTER
10
39.621
20
25.407
30
0
0
VERTEX
8
RASTER
10
39.702
20
25.311
30
0
0
VERTEX
8
RASTER
10
39.775
20
25.199
30
0
0
SEQEND
8
RASTER
0
POLYLINE
8
RASTER
66
1
70
1
0
VERTEX
8
RASTER
10
40.886
20
24.817
30
0
0
VERTEX
8
RASTER
10
40.813
20
24.706
30
0
0
VERTEX
8
RASTER
10
40.732
20
24.61
30
0
0
VERTEX
8
RASTER
10
40.645
20
24.531
30
0
0
VERTEX
8
RASTER
10
40.556
20
24.469
30
0
0
VERTEX
8
RASTER
10
40.467
20
24.428
30
0
0
VERTEX
8
RASTER
10
40.38
20
24.408
30
0
0
VERTEX
8
RASTER
10
40.299
20
24.41
30
0
0
VERTEX
8
RASTER
10
40.226
20
24.437
30
0
0
VERTEX
8
RASTER
10
40.166
20
24.487
30
0
0
VERTEX
8
RASTER
10
40.123
20
24.556
30
0
0
VERTEX
8
RASTER
10
40.097
20
24.641
30
0
0
VERTEX
8
RASTER
10
40.088
20
24.739
30
0
0
VERTEX
8
RASTER
10
40.097
20
24.847
30
0
0
VERTEX
8
RASTER
10
40.122
20
24.962
30
0
0
VERTEX
8
RASTER
10
40.165
20
25.08
30
0
0
VERTEX
8
RASTER
10
40.225
20
25.199
30
0
0
VERTEX
8
RASTER
10
40.298
20
25.311
30
0
0
VERTEX
8
RASTER
10
40.379
20
25.407
30
0
0
VERTEX
8
RASTER
10
40.466
20
25.486
30
0
0
VERTEX
8
RASTER
10
40.555
20
25.547
30
0
0
VERTEX
8
RASTER
10
40.644
20
25.589
30
0
0
VERTEX
8
RASTER
10
40.731
20
25.609
30
0
0
VERTEX
8
RASTER
10
40.812
20
25.606
30
0
0
VERTEX
8
RASTER
10
40.885
20
25.58
30
0
0
VERTEX
8
RASTER
10
40.945
20
25.53
30
0
0
VERTEX
8
RASTER
10
40.988
20
25.46
30
0
0
VERTEX
8
RASTER
10
41.014
20
25.375
30
0
0
VERTEX
8
RASTER
10
41.023
20
25.277
30
0
0
VERTEX
8
RASTER
10
41.014
20
25.169
30
0
0
VERTEX
8
RASTER
10
40.989
20
25.055
30
0
0
VERTEX
8
RASTER
10
40.946
20
24.936
30
0
0
VERTEX
8
RASTER
10
40.886
20
24.817
30
0
0
SEQEND
8
RASTER
0
POLYLINE
8
RASTER
66
1
70
1
0
VERTEX
8
RASTER
10
39.775
20
23.88
30
0
0
VERTEX
8
RASTER
10
39.835
20
23.761
30
0
0
VERTEX
8
RASTER
10
39.878
20
23.643
30
0
0
VERTEX
8
RASTER
10
39.903
20
23.528
30
0
0
VERTEX
8
RASTER
10
39.912
20
23.42
30
0
0
VERTEX
8
RASTER
10
39.903
20
23.322
30
0
0
VERTEX
8
RASTER
10
39.877
20
23.237
30
0
0
VERTEX
8
RASTER
10
39.834
20
23.168
30
0
0
VERTEX
8
RASTER
10
39.774
20
23.118
30
0
0
VERTEX
8
RASTER
10
39.701
20
23.091
30
0
0
VERTEX
8
RASTER
10
39.62
20
23.088
30
0
0
VERTEX
8
RASTER
10
39.533
20
23.108
30
0
0
VERTEX
8
RASTER
10
39.444
20
23.15
30
0
0
VERTEX
8
RASTER
10
39.355
20
23.211
30
0
0
VERTEX
8
RASTER
10
39.268
20
23.291
30
0
0
VERTEX
8
RASTER
10
39.187
20
23.387
30
0
0
VERTEX
8
RASTER
10
39.114
20
23.498
30
0
0
VERTEX
8
RASTER
10
39.054
20
23.617
30
0
0
VERTEX
8
RASTER
10
39.011
20
23.735
30
0
0
VERTEX
8
RASTER
10
38.986
20
23.85
30
0
0
VERTEX
8
RASTER
10
38.977
20
23.958
30
0
0
VERTEX
8
RASTER
10
38.986
20
24.056
30
0
0
VERTEX
8
RASTER
10
39.012
20
24.141
30
0
0
VERTEX
8
RASTER
10
39.055
20
24.21
30
0
0
VERTEX
8
RASTER
10
39.115
20
24.26
30
0
0
VERTEX
8
RASTER
10
39.188
20
24.287
30
0
0
VERTEX
8
RASTER
10
39.269
20
24.29
30
0
0
VERTEX
8
RASTER
10
39.356
20
24.269
30
0
0
VERTEX
8
RASTER
10
39.445
20
24.228
30
0
0
VERTEX
8
RASTER
10
39.534
20
24.167
30
0
0
VERTEX
8
RASTER
10
39.621
20
24.087
30
0
0
VERTEX
8
RASTER
10
39.702
20
23.991
30
0
0
VERTEX
8
RASTER
10
39.775
20
23.88
30
0
0
SEQEND
8
RASTER
0
POLYLINE
8
RASTER
66
1
70
1
0
VERTEX
8
RASTER
10
40.886
20
23.498
30
0
0
VERTEX
8
RASTER
10
40.813
20
23.387
30
0
0
VERTEX
8
RASTER
10
40.732
20
23.291
30
0
0
VERTEX
8
RASTER
10
40.645
20
23.211
30
0
0
VERTEX
8
RASTER
10
40.556
20
23.15
30
0
0
VERTEX
8
RASTER
10
40.467
20
23.108
30
0
0
VERTEX
8
RASTER
10
40.38
20
23.088
30
0
0
VERTEX
8
RASTER
10
40.299
20
23.091
30
0
0
VERTEX
8
RASTER
10
40.226
20
23.118
30
0
0
VERTEX
8
RASTER
10
40.166
20
23.168
30
0
0
VERTEX
8
RASTER
10
40.123
20
23.237
30
0
0
VERTEX
8
RASTER
10
40.097
20
23.322
30
0
0
VERTEX
8
RASTER
10
40.088
20
23.42
30
0
0
VERTEX
8
RASTER
10
40.097
20
23.528
30
0
0
VERTEX
8
RASTER
10
40.122
20
23.643
30
0
0
VERTEX
8
RASTER
10
40.165
20
23.761
30
0
0
VERTEX
8
RASTER
10
40.225
20
23.88
30
0
0
VERTEX
8
RASTER
10
40.298
20
23.991
30
0
0
VERTEX
8
RASTER
10
40.379
20
24.087
30
0
0
VERTEX
8
RASTER
10
40.466
20
24.167
30
0
0
VERTEX
8
RASTER
10
40.555
20
24.228
30
0
0
VERTEX
8
RASTER
10
40.644
20
24.269
30
0
0
VERTEX
8
RASTER
10
40.731
20
24.29
30
0
0
VERTEX
8
RASTER
10
40.812
20
24.287
30
0
0
VERTEX
8
RASTER
10
40.885
20
24.26
30
0
0
VERTEX
8
RASTER
10
40.945
20
24.21
30
0
0
VERTEX
8
RASTER
10
40.988
20
24.141
30
0
0
VERTEX
8
RASTER
10
41.014
20
24.056
30
0
0
VERTEX
8
RASTER
10
41.023
20
23.958
30
0
0
VERTEX
8
RASTER
10
41.014
20
23.85
30
0
0
VERTEX
8
RASTER
10
40.989
20
23.735
30
0
0
VERTEX
8
RASTER
10
40.946
20
23.617
30
0
0
VERTEX
8
RASTER
10
40.886
20
23.498
30
0
0
SEQEND
8
RASTER
0
POLYLINE
8
CUT
66
1
70
1
0
VERTEX
8
CUT
10
49.6
20
28.9
30
0
0
VERTEX
8
CUT
10
49.623
20
29.252
30
0
0
VERTEX
8
CUT
10
49.694
20
29.556
30
0
0
VERTEX
8
CUT
10
49.811
20
29.814
30
0
0
VERTEX
8
CUT
10
49.975
20
30.025
30
0
0
VERTEX
8
CUT
10
50.186
20
30.189
30
0
0
VERTEX
8
CUT
10
50.444
20
30.306
30
0
0
VERTEX
8
CUT
10
50.748
20
30.377
30
0
0
VERTEX
8
CUT
10
51.1
20
30.4
30
0
0
VERTEX
8
CUT
10
59.3
20
30.4
30
0
0
VERTEX
8
CUT
10
59.652
20
30.377
30
0
0
VERTEX
8
CUT
10
59.956
20
30.306
30
0
0
VERTEX
8
CUT
10
60.214
20
30.189
30
0
0
VERTEX
8
CUT
10
60.425
20
30.025
30
0
0
VERTEX
8
CUT
10
60.589
20
29.814
30
0
0
VERTEX
8
CUT
10
60.706
20
29.556
30
0
0
VERTEX
8
CUT
10
60.777
20
29.252
30
0
0
VERTEX
8
CUT
10
60.8
20
28.9
30
0
0
VERTEX
8
CUT
10
60.8
20
20.7
30
0
0
VERTEX
8
CUT
10
60.777
20
20.348
30
0
0
VERTEX
8
CUT
10
60.706
20
20.044
30
0
0
VERTEX
8
CUT
10
60.589
20
19.786
30
0
0
VERTEX
8
CUT
10
60.425
20
19.575
30
0
0
VERTEX
8
CUT
10
60.214
20
19.411
30
0
0
VERTEX
8
CUT
10
59.956
20
19.294
30
0
0
VERTEX
8
CUT
10
59.652
20
19.223
30
0
0
VERTEX
8
CUT
10
59.3
20
19.2
30
0
0
VERTEX
8
CUT
10
51.1
20
19.2
30
0
0
VERTEX
8
CUT
10
50.748
20
19.223
30
0
0
VERTEX
8
CUT
10
50.444
20
19.294
30
0
0
VERTEX
8
CUT
10
50.186
20
19.411
30
0
0
VERTEX
8
CUT
10
49.975
20
19.575
30
0
0
VERTEX
8
CUT
10
49.811
20
19.786
30
0
0
VERTEX
8
CUT
10
49.694
20
20.044
30
0
0
VERTEX
8
CUT
10
49.623
20
20.348
30
0
0
VERTEX
8
CUT
10
49.6
20
20.7
30
0
0
SEQEND
8
CUT
0
POLYLINE
8
RASTER
66
1
70
1
0
VERTEX
8
RASTER
10
50.4
20
28.4
30
0
0
VERTEX
8
RASTER
10
50.419
20
28.681
30
0
0
VERTEX
8
RASTER
10
50.475
20
28.925
30
0
0
VERTEX
8
RASTER
10
50.569
20
29.131
30
0
0
VERTEX
8
RASTER
10
50.7
20
29.3
30
0
0
VERTEX
8
RASTER
10
50.869
20
29.431
30
0
0
VERTEX
8
RASTER
10
51.075
20
29.525
30
0
0
VERTEX
8
RASTER
10
51.319
20
29.581
30
0
0
VERTEX
8
RASTER
10
51.6
20
29.6
30
0
0
VERTEX
8
RASTER
10
58.8
20
29.6
30
0
0
VERTEX
8
RASTER
10
59.081
20
29.581
30
0
0
VERTEX
8
RASTER
10
59.325
20
29.525
30
0
0
VERTEX
8
RASTER
10
59.531
20
29.431
30
0
0
VERTEX
8
RASTER
10
59.7
20
29.3
30
0
0
VERTEX
8
RASTER
10
59.831
20
29.131
30
0
0
VERTEX
8
RASTER
10
59.925
20
28.925
30
0
0
VERTEX
8
RASTER
10
59.981
20
28.681
30
0
0
VERTEX
8
RASTER
10
60
20
28.4
30
0
0
VERTEX
8
RASTER
10
60
20
21.2
30
0
0
VERTEX
8
RASTER
10
59.981
20
20.919
30
0
0
VERTEX
8
RASTER
10
59.925
20
20.675
30
0
0
VERTEX
8
RASTER
10
59.831
20
20.469
30
0
0
VERTEX
8
RASTER
10
59.7
20
20.3
30
0
0
VERTEX
8
RASTER
10
59.531
20
20.169
30
0
0
VERTEX
8
RASTER
10
59.325
20
20.075
30
0
0
VERTEX
8
RASTER
10
59.081
20
20.019
30
0
0
VERTEX
8
RASTER
10
58.8
20
20
30
0
0
VERTEX
8
RASTER
10
51.6
20
20
30
0
0
VERTEX
8
RASTER
10
51.319
20
20.019
30
0
0
VERTEX
8
RASTER
10
51.075
20
20.075
30
0
0
VERTEX
8
RASTER
10
50.869
20
20.169
30
0
0
VERTEX
8
RASTER
10
50.7
20
20.3
30
0
0
VERTEX
8
RASTER
10
50.569
20
20.469
30
0
0
VERTEX
8
RASTER
10
50.475
20
20.675
30
0
0
VERTEX
8
RASTER
10
50.419
20
20.919
30
0
0
VERTEX
8
RASTER
10
50.4
20
21.2
30
0
0
SEQEND
8
RASTER
0
POLYLINE
8
RASTER
66
1
70
1
0
VERTEX
8
RASTER
10
50.9
20
28.4
30
0
0
VERTEX
8
RASTER
10
50.9
20
21.2
30
0
0
VERTEX
8
RASTER
10
50.911
20
21.036
30
0
0
VERTEX
8
RASTER
10
50.944
20
20.894
30
0
0
VERTEX
8
RASTER
10
50.998
20
20.773
30
0
0
VERTEX
8
RASTER
10
51.075
20
20.675
30
0
0
VERTEX
8
RASTER
10
51.173
20
20.598
30
0
0
VERTEX
8
RASTER
10
51.294
20
20.544
30
0
0
VERTEX
8
RASTER
10
51.436
20
20.511
30
0
0
VERTEX
8
RASTER
10
51.6
20
20.5
30
0
0
VERTEX
8
RASTER
10
58.8
20
20.5
30
0
0
VERTEX
8
RASTER
10
58.964
20
20.511
30
0
0
VERTEX
8
RASTER
10
59.106
20
20.544
30
0
0
VERTEX
8
RASTER
10
59.227
20
20.598
30
0
0
VERTEX
8
RASTER
10
59.325
20
20.675
30
0
0
VERTEX
8
RASTER
10
59.402
20
20.773
30
0
0
VERTEX
8
RASTER
10
59.456
20
20.894
30
0
0
VERTEX
8
RASTER
10
59.489
20
21.036
30
0
0
VERTEX
8
RASTER
10
59.5
20
21.2
30
0
0
VERTEX
8
RASTER
10
59.5
20
28.4
30
0
0
VERTEX
8
RASTER
10
59.489
20
28.564
30
0
0
VERTEX
8
RASTER
10
59.456
20
28.706
30
0
0
VERTEX
8
RASTER
10
59.402
20
28.827
30
0
0
VERTEX
8
RASTER
10
59.325
20
28.925
30
0
0
VERTEX
8
RASTER
10
59.227
20
29.002
30
0
0
VERTEX
8
RASTER
10
59.106
20
29.056
30
0
0
VERTEX
8
RASTER
10
58.964
20
29.089
30
0
0
VERTEX
8
RASTER
10
58.8
20
29.1
30
0
0
VERTEX
8
RASTER
10
51.6
20
29.1
30
0
0
VERTEX
8
RASTER
10
51.436
20
29.089
30
0
0
VERTEX
8
RASTER
10
51.294
20
29.056
30
0
0
VERTEX
8
RASTER
10
51.173
20
29.002
30
0
0
VERTEX
8
RASTER
10
51.075
20
28.925
30
0
0
VERTEX
8
RASTER
10
50.998
20
28.827
30
0
0
VERTEX
8
RASTER
10
50.944
20
28.706
30
0
0
VERTEX
8
RASTER
10
50.911
20
28.564
30
0
0
VERTEX
8
RASTER
10
50.9
20
28.4
30
0
0
SEQEND
8
RASTER
0
POLYLINE
8
RASTER
66
1
70
1
0
VERTEX
8
RASTER
10
55.096
20
22.925
30
0
0
VERTEX
8
RASTER
10
55.304
20
22.925
30
0
0
VERTEX
8
RASTER
10
55.374
20
21.467
30
0
0
VERTEX
8
RASTER
10
55.026
20
21.467
30
0
0
SEQEND
8
RASTER
0
POLYLINE
8
RASTER
66
1
70
1
0
VERTEX
8
RASTER
10
55.547
20
27.508
30
0
0
VERTEX
8
RASTER
10
55.54
20
27.389
30
0
0
VERTEX
8
RASTER
10
55.52
20
27.278
30
0
0
VERTEX
8
RASTER
10
55.488
20
27.178
30
0
0
VERTEX
8
RASTER
10
55.446
20
27.091
30
0
0
VERTEX
8
RASTER
10
55.394
20
27.019
30
0
0
VERTEX
8
RASTER
10
55.335
20
26.964
30
0
0
VERTEX
8
RASTER
10
55.27
20
26.93
30
0
0
VERTEX
8
RASTER
10
55.2
20
26.918
30
0
0
VERTEX
8
RASTER
10
55.13
20
26.93
30
0
0
VERTEX
8
RASTER
10
55.065
20
26.964
30
0
0
VERTEX
8
RASTER
10
55.006
20
27.019
30
0
0
VERTEX
8
RASTER
10
54.954
20
27.091
30
0
0
VERTEX
8
RASTER
10
54.912
20
27.178
30
0
0
VERTEX
8
RASTER
10
54.88
20
27.278
30
0
0
VERTEX
8
RASTER
10
54.86
20
27.389
30
0
0
VERTEX
8
RASTER
10
54.853
20
27.508
30
0
0
VERTEX
8
RASTER
10
54.86
20
27.627
30
0
0
VERTEX
8
RASTER
10
54.88
20
27.738
30
0
0
VERTEX
8
RASTER
10
54.912
20
27.838
30
0
0
VERTEX
8
RASTER
10
54.954
20
27.926
30
0
0
VERTEX
8
RASTER
10
55.006
20
27.998
30
0
0
VERTEX
8
RASTER
10
55.065
20
28.052
30
0
0
VERTEX
8
RASTER
10
55.13
20
28.086
30
0
0
VERTEX
8
RASTER
10
55.2
20
28.098
30
0
0
VERTEX
8
RASTER
10
55.27
20
28.086
30
0
0
VERTEX
8
RASTER
10
55.335
20
28.052
30
0
0
VERTEX
8
RASTER
10
55.394
20
27.998
30
0
0
VERTEX
8
RASTER
10
55.446
20
27.926
30
0
0
VERTEX
8
RASTER
10
55.488
20
27.838
30
0
0
VERTEX
8
RASTER
10
55.52
20
27.738
30
0
0
VERTEX
8
RASTER
10
55.54
20
27.627
30
0
0
VERTEX
8
RASTER
10
55.547
20
27.508
30
0
0
SEQEND
8
RASTER
0
POLYLINE
8
RASTER
66
1
70
1
0
VERTEX
8
RASTER
10
54.975
20
26.519
30
0
0
VERTEX
8
RASTER
10
55.035
20
26.4
30
0
0
VERTEX
8
RASTER
10
55.078
20
26.281
30
0
0
VERTEX
8
RASTER
10
55.103
20
26.167
30
0
0
VERTEX
8
RASTER
10
55.112
20
26.059
30
0
0
VERTEX
8
RASTER
10
55.103
20
25.961
30
0
0
VERTEX
8
RASTER
10
55.077
20
25.876
30
0
0
VERTEX
8
RASTER
10
55.034
20
25.806
30
0
0
VERTEX
8
RASTER
10
54.974
20
25.756
30
0
0
VERTEX
8
RASTER
10
54.901
20
25.73
30
0
0
VERTEX
8
RASTER
10
54.82
20
25.727
30
0
0
VERTEX
8
RASTER
10
54.733
20
25.747
30
0
0
VERTEX
8
RASTER
10
54.644
20
25.789
30
0
0
VERTEX
8
RASTER
10
54.555
20
25.85
30
0
0
VERTEX
8
RASTER
10
54.468
20
25.929
30
0
0
VERTEX
8
RASTER
10
54.387
20
26.025
30
0
0
VERTEX
8
RASTER
10
54.314
20
26.137
30
0
0
VERTEX
8
RASTER
10
54.254
20
26.256
30
0
0
VERTEX
8
RASTER
10
54.211
20
26.374
30
0
0
VERTEX
8
RASTER
10
54.186
20
26.489
30
0
0
VERTEX
8
RASTER
10
54.177
20
26.597
30
0
0
VERTEX
8
RASTER
10
54.186
20
26.695
30
0
0
VERTEX
8
RASTER
10
54.212
20
26.78
30
0
0
VERTEX
8
RASTER
10
54.255
20
26.849
30
0
0
VERTEX
8
RASTER
10
54.315
20
26.899
30
0
0
VERTEX
8
RASTER
10
54.388
20
26.926
30
0
0
VERTEX
8
RASTER
10
54.469
20
26.928
30
0
0
VERTEX
8
RASTER
10
54.556
20
26.908
30
0
0
VERTEX
8
RASTER
10
54.645
20
26.867
30
0
0
VERTEX
8
RASTER
10
54.734
20
26.805
30
0
0
VERTEX
8
RASTER
10
54.821
20
26.726
30
0
0
VERTEX
8
RASTER
10
54.902
20
26.63
30
0
0
VERTEX
8
RASTER
10
54.975
20
26.519
30
0
0
SEQEND
8
RASTER
0
POLYLINE
8
RASTER
66
1
70
1
0
VERTEX
8
RASTER
10
56.086
20
26.137
30
0
0
VERTEX
8
RASTER
10
56.013
20
26.025
30
0
0
VERTEX
8
RASTER
10
55.932
20
25.929
30
0
0
VERTEX
8
RASTER
10
55.845
20
25.85
30
0
0
VERTEX
8
RASTER
10
55.756
20
25.789
30
0
0
VERTEX
8
RASTER
10
55.667
20
25.747
30
0
0
VERTEX
8
RASTER
10
55.58
20
25.727
30
0
0
VERTEX
8
RASTER
10
55.499
20
25.73
30
0
0
VERTEX
8
RASTER
10
55.426
20
25.756
30
0
0
VERTEX
8
RASTER
10
55.366
20
25.806
30
0
0
VERTEX
8
RASTER
10
55.323
20
25.876
30
0
0
VERTEX
8
RASTER
10
55.297
20
25.961
30
0
0
VERTEX
8
RASTER
10
55.288
20
26.059
30
0
0
VERTEX
8
RASTER
10
55.297
20
26.167
30
0
0
VERTEX
8
RASTER
10
55.322
20
26.281
30
0
0
VERTEX
8
RASTER
10
55.365
20
26.4
30
0
0
VERTEX
8
RASTER
10
55.425
20
26.519
30
0
0
VERTEX
8
RASTER
10
55.498
20
26.63
30
0
0
VERTEX
8
RASTER
10
55.579
20
26.726
30
0
0
VERTEX
8
RASTER
10
55.666
20
26.805
30
0
0
VERTEX
8
RASTER
10
55.755
20
26.867
30
0
0
VERTEX
8
RASTER
10
55.844
20
26.908
30
0
0
VERTEX
8
RASTER
10
55.931
20
26.928
30
0
0
VERTEX
8
RASTER
10
56.012
20
26.926
30
0
0
VERTEX
8
RASTER
10
56.085
20
26.899
30
0
0
VERTEX
8
RASTER
10
56.145
20
26.849
30
0
0
VERTEX
8
RASTER
10
56.188
20
26.78
30
0
0
VERTEX
8
RASTER
10
56.214
20
26.695
30
0
0
VERTEX
8
RASTER
10
56.223
20
26.597
30
0
0
VERTEX
8
RASTER
10
56.214
20
26.489
30
0
0
VERTEX
8
RASTER
10
56.189
20
26.374
30
0
0
VERTEX
8
RASTER
10
56.146
20
26.256
30
0
0
VERTEX
8
RASTER
10
56.086
20
26.137
30
0
0
SEQEND
8
RASTER
0
POLYLINE
8
RASTER
66
1
70
1
0
VERTEX
8
RASTER
10
54.975
20
25.199
30
0
0
VERTEX
8
RASTER
10
55.035
20
25.08
30
0
0
VERTEX
8
RASTER
10
55.078
20
24.962
30
0
0
VERTEX
8
RASTER
10
55.103
20
24.847
30
0
0
VERTEX
8
RASTER
10
55.112
20
24.739
30
0
0
VERTEX
8
RASTER
10
55.103
20
24.641
30
0
0
VERTEX
8
RASTER
10
55.077
20
24.556
30
0
0
VERTEX
8
RASTER
10
55.034
20
24.487
30
0
0
VERTEX
8
RASTER
10
54.974
20
24.437
30
0
0
VERTEX
8
RASTER
10
54.901
20
24.41
30
0
0
VERTEX
8
RASTER
10
54.82
20
24.408
30
0
0
VERTEX
8
RASTER
10
54.733
20
24.428
30
0
0
VERTEX
8
RASTER
10
54.644
20
24.469
30
0
0
VERTEX
8
RASTER
10
54.555
20
24.531
30
0
0
VERTEX
8
RASTER
10
54.468
20
24.61
30
0
0
VERTEX
8
RASTER
10
54.387
20
24.706
30
0
0
VERTEX
8
RASTER
10
54.314
20
24.817
30
0
0
VERTEX
8
RASTER
10
54.254
20
24.936
30
0
0
VERTEX
8
RASTER
10
54.211
20
25.055
30
0
0
VERTEX
8
RASTER
10
54.186
20
25.169
30
0
0
VERTEX
8
RASTER
10
54.177
20
25.277
30
0
0
VERTEX
8
RASTER
10
54.186
20
25.375
30
0
0
VERTEX
8
RASTER
10
54.212
20
25.46
30
0
0
VERTEX
8
RASTER
10
54.255
20
25.53
30
0
0
VERTEX
8
RASTER
10
54.315
20
25.58
30
0
0
VERTEX
8
RASTER
10
54.388
20
25.606
30
0
0
VERTEX
8
RASTER
10
54.469
20
25.609
30
0
0
VERTEX
8
RASTER
10
54.556
20
25.589
30
0
0
VERTEX
8
RASTER
10
54.645
20
25.547
30
0
0
VERTEX
8
RASTER
10
54.734
20
25.486
30
0
0
VERTEX
8
RASTER
10
54.821
20
25.407
30
0
0
VERTEX
8
RASTER
10
54.902
20
25.311
30
0
0
VERTEX
8
RASTER
10
54.975
20
25.199
30
0
0
SEQEND
8
RASTER
0
POLYLINE
8
RASTER
66
1
70
1
0
VERTEX
8
RASTER
10
56.086
20
24.817
30
0
0
VERTEX
8
RASTER
10
56.013
20
24.706
30
0
0
VERTEX
8
RASTER
10
55.932
20
24.61
30
0
0
VERTEX
8
RASTER
10
55.845
20
24.531
30
0
0
VERTEX
8
RASTER
10
55.756
20
24.469
30
0
0
VERTEX
8
RASTER
10
55.667
20
24.428
30
0
0
VERTEX
8
RASTER
10
55.58
20
24.408
30
0
0
VERTEX
8
RASTER
10
55.499
20
24.41
30
0
0
VERTEX
8
RASTER
10
55.426
20
24.437
30
0
0
VERTEX
8
RASTER
10
55.366
20
24.487
30
0
0
VERTEX
8
RASTER
10
55.323
20
24.556
30
0
0
VERTEX
8
RASTER
10
55.297
20
24.641
30
0
0
VERTEX
8
RASTER
10
55.288
20
24.739
30
0
0
VERTEX
8
RASTER
10
55.297
20
24.847
30
0
0
VERTEX
8
RASTER
10
55.322
20
24.962
30
0
0
VERTEX
8
RASTER
10
55.365
20
25.08
30
0
0
VERTEX
8
RASTER
10
55.425
20
25.199
30
0
0
VERTEX
8
RASTER
10
55.498
20
25.311
30
0
0
VERTEX
8
RASTER
10
55.579
20
25.407
30
0
0
VERTEX
8
RASTER
10
55.666
20
25.486
30
0
0
VERTEX
8
RASTER
10
55.755
20
25.547
30
0
0
VERTEX
8
RASTER
10
55.844
20
25.589
30
0
0
VERTEX
8
RASTER
10
55.931
20
25.609
30
0
0
VERTEX
8
RASTER
10
56.012
20
25.606
30
0
0
VERTEX
8
RASTER
10
56.085
20
25.58
30
0
0
VERTEX
8
RASTER
10
56.145
20
25.53
30
0
0
VERTEX
8
RASTER
10
56.188
20
25.46
30
0
0
VERTEX
8
RASTER
10
56.214
20
25.375
30
0
0
VERTEX
8
RASTER
10
56.223
20
25.277
30
0
0
VERTEX
8
RASTER
10
56.214
20
25.169
30
0
0
VERTEX
8
RASTER
10
56.189
20
25.055
30
0
0
VERTEX
8
RASTER
10
56.146
20
24.936
30
0
0
VERTEX
8
RASTER
10
56.086
20
24.817
30
0
0
SEQEND
8
RASTER
0
POLYLINE
8
RASTER
66
1
70
1
0
VERTEX
8
RASTER
10
54.975
20
23.88
30
0
0
VERTEX
8
RASTER
10
55.035
20
23.761
30
0
0
VERTEX
8
RASTER
10
55.078
20
23.643
30
0
0
VERTEX
8
RASTER
10
55.103
20
23.528
30
0
0
VERTEX
8
RASTER
10
55.112
20
23.42
30
0
0
VERTEX
8
RASTER
10
55.103
20
23.322
30
0
0
VERTEX
8
RASTER
10
55.077
20
23.237
30
0
0
VERTEX
8
RASTER
10
55.034
20
23.168
30
0
0
VERTEX
8
RASTER
10
54.974
20
23.118
30
0
0
VERTEX
8
RASTER
10
54.901
20
23.091
30
0
0
VERTEX
8
RASTER
10
54.82
20
23.088
30
0
0
VERTEX
8
RASTER
10
54.733
20
23.108
30
0
0
VERTEX
8
RASTER
10
54.644
20
23.15
30
0
0
VERTEX
8
RASTER
10
54.555
20
23.211
30
0
0
VERTEX
8
RASTER
10
54.468
20
23.291
30
0
0
VERTEX
8
RASTER
10
54.387
20
23.387
30
0
0
VERTEX
8
RASTER
10
54.314
20
23.498
30
0
0
VERTEX
8
RASTER
10
54.254
20
23.617
30
0
0
VERTEX
8
RASTER
10
54.211
20
23.735
30
0
0
VERTEX
8
RASTER
10
54.186
20
23.85
30
0
0
VERTEX
8
RASTER
10
54.177
20
23.958
30
0
0
VERTEX
8
RASTER
10
54.186
20
24.056
30
0
0
VERTEX
8
RASTER
10
54.212
20
24.141
30
0
0
VERTEX
8
RASTER
10
54.255
20
24.21
30
0
0
VERTEX
8
RASTER
10
54.315
20
24.26
30
0
0
VERTEX
8
RASTER
10
54.388
20
24.287
30
0
0
VERTEX
8
RASTER
10
54.469
20
24.29
30
0
0
VERTEX
8
RASTER
10
54.556
20
24.269
30
0
0
VERTEX
8
RASTER
10
54.645
20
24.228
30
0
0
VERTEX
8
RASTER
10
54.734
20
24.167
30
0
0
VERTEX
8
RASTER
10
54.821
20
24.087
30
0
0
VERTEX
8
RASTER
10
54.902
20
23.991
30
0
0
VERTEX
8
RASTER
10
54.975
20
23.88
30
0
0
SEQEND
8
RASTER
0
POLYLINE
8
RASTER
66
1
70
1
0
VERTEX
8
RASTER
10
56.086
20
23.498
30
0
0
VERTEX
8
RASTER
10
56.013
20
23.387
30
0
0
VERTEX
8
RASTER
10
55.932
20
23.291
30
0
0
VERTEX
8
RASTER
10
55.845
20
23.211
30
0
0
VERTEX
8
RASTER
10
55.756
20
23.15
30
0
0
VERTEX
8
RASTER
10
55.667
20
23.108
30
0
0
VERTEX
8
RASTER
10
55.58
20
23.088
30
0
0
VERTEX
8
RASTER
10
55.499
20
23.091
30
0
0
VERTEX
8
RASTER
10
55.426
20
23.118
30
0
0
VERTEX
8
RASTER
10
55.366
20
23.168
30
0
0
VERTEX
8
RASTER
10
55.323
20
23.237
30
0
0
VERTEX
8
RASTER
10
55.297
20
23.322
30
0
0
VERTEX
8
RASTER
10
55.288
20
23.42
30
0
0
VERTEX
8
RASTER
10
55.297
20
23.528
30
0
0
VERTEX
8
RASTER
10
55.322
20
23.643
30
0
0
VERTEX
8
RASTER
10
55.365
20
23.761
30
0
0
VERTEX
8
RASTER
10
55.425
20
23.88
30
0
0
VERTEX
8
RASTER
10
55.498
20
23.991
30
0
0
VERTEX
8
RASTER
10
55.579
20
24.087
30
0
0
VERTEX
8
RASTER
10
55.666
20
24.167
30
0
0
VERTEX
8
RASTER
10
55.755
20
24.228
30
0
0
VERTEX
8
RASTER
10
55.844
20
24.269
30
0
0
VERTEX
8
RASTER
10
55.931
20
24.29
30
0
0
VERTEX
8
RASTER
10
56.012
20
24.287
30
0
0
VERTEX
8
RASTER
10
56.085
20
24.26
30
0
0
VERTEX
8
RASTER
10
56.145
20
24.21
30
0
0
VERTEX
8
RASTER
10
56.188
20
24.141
30
0
0
VERTEX
8
RASTER
10
56.214
20
24.056
30
0
0
VERTEX
8
RASTER
10
56.223
20
23.958
30
0
0
VERTEX
8
RASTER
10
56.214
20
23.85
30
0
0
VERTEX
8
RASTER
10
56.189
20
23.735
30
0
0
VERTEX
8
RASTER
10
56.146
20
23.617
30
0
0
VERTEX
8
RASTER
10
56.086
20
23.498
30
0
0
SEQEND
8
RASTER
0
POLYLINE
8
CUT
66
1
70
1
0
VERTEX
8
CUT
10
64.8
20
28.9
30
0
0
VERTEX
8
CUT
10
64.823
20
29.252
30
0
0
VERTEX
8
CUT
10
64.894
20
29.556
30
0
0
VERTEX
8
CUT
10
65.011
20
29.814
30
0
0
VERTEX
8
CUT
10
65.175
20
30.025
30
0
0
VERTEX
8
CUT
10
65.386
20
30.189
30
0
0
VERTEX
8
CUT
10
65.644
20
30.306
30
0
0
VERTEX
8
CUT
10
65.948
20
30.377
30
0
0
VERTEX
8
CUT
10
66.3
20
30.4
30
0
0
VERTEX
8
CUT
10
74.5
20
30.4
30
0
0
VERTEX
8
CUT
10
74.852
20
30.377
30
0
0
VERTEX
8
CUT
10
75.156
20
30.306
30
0
0
VERTEX
8
CUT
10
75.414
20
30.189
30
0
0
VERTEX
8
CUT
10
75.625
20
30.025
30
0
0
VERTEX
8
CUT
10
75.789
20
29.814
30
0
0
VERTEX
8
CUT
10
75.906
20
29.556
30
0
0
VERTEX
8
CUT
10
75.977
20
29.252
30
0
0
VERTEX
8
CUT
10
76
20
28.9
30
0
0
VERTEX
8
CUT
10
76
20
20.7
30
0
0
VERTEX
8
CUT
10
75.977
20
20.348
30
0
0
VERTEX
8
CUT
10
75.906
20
20.044
30
0
0
VERTEX
8
CUT
10
75.789
20
19.786
30
0
0
VERTEX
8
CUT
10
75.625
20
19.575
30
0
0
VERTEX
8
CUT
10
75.414
20
19.411
30
0
0
VERTEX
8
CUT
10
75.156
20
19.294
30
0
0
VERTEX
8
CUT
10
74.852
20
19.223
30
0
0
VERTEX
8
CUT
10
74.5
20
19.2
30
0
0
VERTEX
8
CUT
10
66.3
20
19.2
30
0
0
VERTEX
8
CUT
10
65.948
20
19.223
30
0
0
VERTEX
8
CUT
10
65.644
20
19.294
30
0
0
VERTEX
8
CUT
10
65.386
20
19.411
30
0
0
VERTEX
8
CUT
10
65.175
20
19.575
30
0
0
VERTEX
8
CUT
10
65.011
20
19.786
30
0
0
VERTEX
8
CUT
10
64.894
20
20.044
30
0
0
VERTEX
8
CUT
10
64.823
20
20.348
30
0
0
VERTEX
8
CUT
10
64.8
20
20.7
30
0
0
SEQEND
8
CUT
0
POLYLINE
8
RASTER
66
1
70
1
0
VERTEX
8
RASTER
10
65.6
20
28.4
30
0
0
VERTEX
8
RASTER
10
65.619
20
28.681
30
0
0
VERTEX
8
RASTER
10
65.675
20
28.925
30
0
0
VERTEX
8
RASTER
10
65.769
20
29.131
30
0
0
VERTEX
8
RASTER
10
65.9
20
29.3
30
0
0
VERTEX
8
RASTER
10
66.069
20
29.431
30
0
0
VERTEX
8
RASTER
10
66.275
20
29.525
30
0
0
VERTEX
8
RASTER
10
66.519
20
29.581
30
0
0
VERTEX
8
RASTER
10
66.8
20
29.6
30
0
0
VERTEX
8
RASTER
10
74
20
29.6
30
0
0
VERTEX
8
RASTER
10
74.281
20
29.581
30
0
0
VERTEX
8
RASTER
10
74.525
20
29.525
30
0
0
VERTEX
8
RASTER
10
74.731
20
29.431
30
0
0
VERTEX
8
RASTER
10
74.9
20
29.3
30
0
0
VERTEX
8
RASTER
10
75.031
20
29.131
30
0
0
VERTEX
8
RASTER
10
75.125
20
28.925
30
0
0
VERTEX
8
RASTER
10
75.181
20
28.681
30
0
0
VERTEX
8
RASTER
10
75.2
20
28.4
30
0
0
VERTEX
8
RASTER
10
75.2
20
21.2
30
0
0
VERTEX
8
RASTER
10
75.181
20
20.919
30
0
0
VERTEX
8
RASTER
10
75.125
20
20.675
30
0
0
VERTEX
8
RASTER
10
75.031
20
20.469
30
0
0
VERTEX
8
RASTER
10
74.9
20
20.3
30
0
0
VERTEX
8
RASTER
10
74.731
20
20.169
30
0
0
VERTEX
8
RASTER
10
74.525
20
20.075
30
0
0
VERTEX
8
RASTER
10
74.281
20
20.019
30
0
0
VERTEX
8
RASTER
10
74
20
20
30
0
0
VERTEX
8
RASTER
10
66.8
20
20
30
0
0
VERTEX
8
RASTER
10
66.519
20
20.019
30
0
0
VERTEX
8
RASTER
10
66.275
20
20.075
30
0
0
VERTEX
8
RASTER
10
66.069
20
20.169
30
0
0
VERTEX
8
RASTER
10
65.9
20
20.3
30
0
0
VERTEX
8
RASTER
10
65.769
20
20.469
30
0
0
VERTEX
8
RASTER
10
65.675
20
20.675
30
0
0
VERTEX
8
RASTER
10
65.619
20
20.919
30
0
0
VERTEX
8
RASTER
10
65.6
20
21.2
30
0
0
SEQEND
8
RASTER
0
POLYLINE
8
RASTER
66
1
70
1
0
VERTEX
8
RASTER
10
66.1
20
28.4
30
0
0
VERTEX
8
RASTER
10
66.1
20
21.2
30
0
0
VERTEX
8
RASTER
10
66.111
20
21.036
30
0
0
VERTEX
8
RASTER
10
66.144
20
20.894
30
0
0
VERTEX
8
RASTER
10
66.198
20
20.773
30
0
0
VERTEX
8
RASTER
10
66.275
20
20.675
30
0
0
VERTEX
8
RASTER
10
66.373
20
20.598
30
0
0
VERTEX
8
RASTER
10
66.494
20
20.544
30
0
0
VERTEX
8
RASTER
10
66.636
20
20.511
30
0
0
VERTEX
8
RASTER
10
66.8
20
20.5
30
0
0
VERTEX
8
RASTER
10
74
20
20.5
30
0
0
VERTEX
8
RASTER
10
74.164
20
20.511
30
0
0
VERTEX
8
RASTER
10
74.306
20
20.544
30
0
0
VERTEX
8
RASTER
10
74.427
20
20.598
30
0
0
VERTEX
8
RASTER
10
74.525
20
20.675
30
0
0
VERTEX
8
RASTER
10
74.602
20
20.773
30
0
0
VERTEX
8
RASTER
10
74.656
20
20.894
30
0
0
VERTEX
8
RASTER
10
74.689
20
21.036
30
0
0
VERTEX
8
RASTER
10
74.7
20
21.2
30
0
0
VERTEX
8
RASTER
10
74.7
20
28.4
30
0
0
VERTEX
8
RASTER
10
74.689
20
28.564
30
0
0
VERTEX
8
RASTER
10
74.656
20
28.706
30
0
0
VERTEX
8
RASTER
10
74.602
20
28.827
30
0
0
VERTEX
8
RASTER
10
74.525
20
28.925
30
0
0
VERTEX
8
RASTER
10
74.427
20
29.002
30
0
0
VERTEX
8
RASTER
10
74.306
20
29.056
30
0
0
VERTEX
8
RASTER
10
74.164
20
29.089
30
0
0
VERTEX
8
RASTER
10
74
20
29.1
30
0
0
VERTEX
8
RASTER
10
66.8
20
29.1
30
0
0
VERTEX
8
RASTER
10
66.636
20
29.089
30
0
0
VERTEX
8
RASTER
10
66.494
20
29.056
30
0
0
VERTEX
8
RASTER
10
66.373
20
29.002
30
0
0
VERTEX
8
RASTER
10
66.275
20
28.925
30
0
0
VERTEX
8
RASTER
10
66.198
20
28.827
30
0
0
VERTEX
8
RASTER
10
66.144
20
28.706
30
0
0
VERTEX
8
RASTER
10
66.111
20
28.564
30
0
0
VERTEX
8
RASTER
10
66.1
20
28.4
30
0
0
SEQEND
8
RASTER
0
POLYLINE
8
RASTER
66
1
70
1
0
VERTEX
8
RASTER
10
69.567
20
26.189
30
0
0
VERTEX
8
RASTER
10
71.233
20
26.189
30
0
0
VERTEX
8
RASTER
10
71.266
20
26.044
30
0
0
VERTEX
8
RASTER
10
71.353
20
25.915
30
0
0
VERTEX
8
RASTER
10
71.475
20
25.793
30
0
0
VERTEX
8
RASTER
10
71.615
20
25.668
30
0
0
VERTEX
8
RASTER
10
71.755
20
25.53
30
0
0
VERTEX
8
RASTER
10
71.878
20
25.369
30
0
0
VERTEX
8
RASTER
10
71.964
20
25.175
30
0
0
VERTEX
8
RASTER
10
71.997
20
24.939
30
0
0
VERTEX
8
RASTER
10
71.997
20
22.3
30
0
0
VERTEX
8
RASTER
10
71.974
20
22.111
30
0
0
VERTEX
8
RASTER
10
71.904
20
21.957
30
0
0
VERTEX
8
RASTER
10
71.785
20
21.836
30
0
0
VERTEX
8
RASTER
10
71.615
20
21.745
30
0
0
VERTEX
8
RASTER
10
71.394
20
21.679
30
0
0
VERTEX
8
RASTER
10
71.118
20
21.636
30
0
0
VERTEX
8
RASTER
10
70.788
20
21.613
30
0
0
VERTEX
8
RASTER
10
70.4
20
21.606
30
0
0
VERTEX
8
RASTER
10
70.012
20
21.613
30
0
0
VERTEX
8
RASTER
10
69.682
20
21.636
30
0
0
VERTEX
8
RASTER
10
69.406
20
21.679
30
0
0
VERTEX
8
RASTER
10
69.185
20
21.745
30
0
0
VERTEX
8
RASTER
10
69.015
20
21.836
30
0
0
VERTEX
8
RASTER
10
68.896
20
21.957
30
0
0
VERTEX
8
RASTER
10
68.826
20
22.111
30
0
0
VERTEX
8
RASTER
10
68.803
20
22.3
30
0
0
VERTEX
8
RASTER
10
68.803
20
24.939
30
0
0
VERTEX
8
RASTER
10
68.836
20
25.175
30
0
0
VERTEX
8
RASTER
10
68.922
20
25.369
30
0
0
VERTEX
8
RASTER
10
69.045
20
25.53
30
0
0
VERTEX
8
RASTER
10
69.185
20
25.668
30
0
0
VERTEX
8
RASTER
10
69.325
20
25.793
30
0
0
VERTEX
8
RASTER
10
69.447
20
25.915
30
0
0
VERTEX
8
RASTER
10
69.534
20
26.044
30
0
0
VERTEX
8
RASTER
10
69.567
20
26.189
30
0
0
SEQEND
8
RASTER
0
POLYLINE
8
RASTER
66
1
70
1
0
VERTEX
8
RASTER
10
69.081
20
24.383
30
0
0
VERTEX
8
RASTER
10
69.081
20
23.411
30
0
0
VERTEX
8
RASTER
10
71.719
20
23.411
30
0
0
VERTEX
8
RASTER
10
71.719
20
24.383
30
0
0
VERTEX
8
RASTER
10
69.081
20
24.383
30
0
0
SEQEND
8
RASTER
0
POLYLINE
8
RASTER
66
1
70
1
0
VERTEX
8
RASTER
10
69.428
20
27.3
30
0
0
VERTEX
8
RASTER
10
69.43
20
27.332
30
0
0
VERTEX
8
RASTER
10
69.437
20
27.361
30
0
0
VERTEX
8
RASTER
10
69.447
20
27.384
30
0
0
VERTEX
8
RASTER
10
69.463
20
27.404
30
0
0
VERTEX
8
RASTER
10
69.482
20
27.419
30
0
0
VERTEX
8
RASTER
10
69.506
20
27.43
30
0
0
VERTEX
8
RASTER
10
69.534
20
27.437
30
0
0
VERTEX
8
RASTER
10
69.567
20
27.439
30
0
0
VERTEX
8
RASTER
10
71.233
20
27.439
30
0
0
VERTEX
8
RASTER
10
71.266
20
27.437
30
0
0
VERTEX
8
RASTER
10
71.294
20
27.43
30
0
0
VERTEX
8
RASTER
10
71.318
20
27.419
30
0
0
VERTEX
8
RASTER
10
71.337
20
27.404
30
0
0
VERTEX
8
RASTER
10
71.353
20
27.384
30
0
0
VERTEX
8
RASTER
10
71.363
20
27.361
30
0
0
VERTEX
8
RASTER
10
71.37
20
27.332
30
0
0
VERTEX
8
RASTER
10
71.372
20
27.3
30
0
0
VERTEX
8
RASTER
10
71.372
20
27.022
30
0
0
VERTEX
8
RASTER
10
71.37
20
26.99
30
0
0
VERTEX
8
RASTER
10
71.363
20
26.961
30
0
0
VERTEX
8
RASTER
10
71.353
20
26.937
30
0
0
VERTEX
8
RASTER
10
71.337
20
26.918
30
0
0
VERTEX
8
RASTER
10
71.318
20
26.903
30
0
0
VERTEX
8
RASTER
10
71.294
20
26.892
30
0
0
VERTEX
8
RASTER
10
71.266
20
26.885
30
0
0
VERTEX
8
RASTER
10
71.233
20
26.883
30
0
0
VERTEX
8
RASTER
10
69.567
20
26.883
30
0
0
VERTEX
8
RASTER
10
69.534
20
26.885
30
0
0
VERTEX
8
RASTER
10
69.506
20
26.892
30
0
0
VERTEX
8
RASTER
10
69.482
20
26.903
30
0
0
VERTEX
8
RASTER
10
69.463
20
26.918
30
0
0
VERTEX
8
RASTER
10
69.447
20
26.937
30
0
0
VERTEX
8
RASTER
10
69.437
20
26.961
30
0
0
VERTEX
8
RASTER
10
69.43
20
26.99
30
0
0
VERTEX
8
RASTER
10
69.428
20
27.022
30
0
0
SEQEND
8
RASTER
0
POLYLINE
8
RASTER
66
1
70
1
0
VERTEX
8
RASTER
10
69.567
20
26.814
30
0
0
VERTEX
8
RASTER
10
71.233
20
26.814
30
0
0
VERTEX
8
RASTER
10
71.233
20
26.328
30
0
0
VERTEX
8
RASTER
10
69.567
20
26.328
30
0
0
SEQEND
8
RASTER
0
POLYLINE
8
CUT
66
1
70
1
0
VERTEX
8
CUT
10
80
20
28.9
30
0
0
VERTEX
8
CUT
10
80.023
20
29.252
30
0
0
VERTEX
8
CUT
10
80.094
20
29.556
30
0
0
VERTEX
8
CUT
10
80.211
20
29.814
30
0
0
VERTEX
8
CUT
10
80.375
20
30.025
30
0
0
VERTEX
8
CUT
10
80.586
20
30.189
30
0
0
VERTEX
8
CUT
10
80.844
20
30.306
30
0
0
VERTEX
8
CUT
10
81.148
20
30.377
30
0
0
VERTEX
8
CUT
10
81.5
20
30.4
30
0
0
VERTEX
8
CUT
10
89.7
20
30.4
30
0
0
VERTEX
8
CUT
10
90.052
20
30.377
30
0
0
VERTEX
8
CUT
10
90.356
20
30.306
30
0
0
VERTEX
8
CUT
10
90.614
20
30.189
30
0
0
VERTEX
8
CUT
10
90.825
20
30.025
30
0
0
VERTEX
8
CUT
10
90.989
20
29.814
30
0
0
VERTEX
8
CUT
10
91.106
20
29.556
30
0
0
VERTEX
8
CUT
10
91.177
20
29.252
30
0
0
VERTEX
8
CUT
10
91.2
20
28.9
30
0
0
VERTEX
8
CUT
10
91.2
20
20.7
30
0
0
VERTEX
8
CUT
10
91.177
20
20.348
30
0
0
VERTEX
8
CUT
10
91.106
20
20.044
30
0
0
VERTEX
8
CUT
10
90.989
20
19.786
30
0
0
VERTEX
8
CUT
10
90.825
20
19.575
30
0
0
VERTEX
8
CUT
10
90.614
20
19.411
30
0
0
VERTEX
8
CUT
10
90.356
20
19.294
30
0
0
VERTEX
8
CUT
10
90.052
20
19.223
30
0
0
VERTEX
8
CUT
10
89.7
20
19.2
30
0
0
VERTEX
8
CUT
10
81.5
20
19.2
30
0
0
VERTEX
8
CUT
10
81.148
20
19.223
30
0
0
VERTEX
8
CUT
10
80.844
20
19.294
30
0
0
VERTEX
8
CUT
10
80.586
20
19.411
30
0
0
VERTEX
8
CUT
10
80.375
20
19.575
30
0
0
VERTEX
8
CUT
10
80.211
20
19.786
30
0
0
VERTEX
8
CUT
10
80.094
20
20.044
30
0
0
VERTEX
8
CUT
10
80.023
20
20.348
30
0
0
VERTEX
8
CUT
10
80
20
20.7
30
0
0
SEQEND
8
CUT
0
POLYLINE
8
RASTER
66
1
70
1
0
VERTEX
8
RASTER
10
80.8
20
28.4
30
0
0
VERTEX
8
RASTER
10
80.819
20
28.681
30
0
0
VERTEX
8
RASTER
10
80.875
20
28.925
30
0
0
VERTEX
8
RASTER
10
80.969
20
29.131
30
0
0
VERTEX
8
RASTER
10
81.1
20
29.3
30
0
0
VERTEX
8
RASTER
10
81.269
20
29.431
30
0
0
VERTEX
8
RASTER
10
81.475
20
29.525
30
0
0
VERTEX
8
RASTER
10
81.719
20
29.581
30
0
0
VERTEX
8
RASTER
10
82
20
29.6
30
0
0
VERTEX
8
RASTER
10
89.2
20
29.6
30
0
0
VERTEX
8
RASTER
10
89.481
20
29.581
30
0
0
VERTEX
8
RASTER
10
89.725
20
29.525
30
0
0
VERTEX
8
RASTER
10
89.931
20
29.431
30
0
0
VERTEX
8
RASTER
10
90.1
20
29.3
30
0
0
VERTEX
8
RASTER
10
90.231
20
29.131
30
0
0
VERTEX
8
RASTER
10
90.325
20
28.925
30
0
0
VERTEX
8
RASTER
10
90.381
20
28.681
30
0
0
VERTEX
8
RASTER
10
90.4
20
28.4
30
0
0
VERTEX
8
RASTER
10
90.4
20
21.2
30
0
0
VERTEX
8
RASTER
10
90.381
20
20.919
30
0
0
VERTEX
8
RASTER
10
90.325
20
20.675
30
0
0
VERTEX
8
RASTER
10
90.231
20
20.469
30
0
0
VERTEX
8
RASTER
10
90.1
20
20.3
30
0
0
VERTEX
8
RASTER
10
89.931
20
20.169
30
0
0
VERTEX
8
RASTER
10
89.725
20
20.075
30
0
0
VERTEX
8
RASTER
10
89.481
20
20.019
30
0
0
VERTEX
8
RASTER
10
89.2
20
20
30
0
0
VERTEX
8
RASTER
10
82
20
20
30
0
0
VERTEX
8
RASTER
10
81.719
20
20.019
30
0
0
VERTEX
8
RASTER
10
81.475
20
20.075
30
0
0
VERTEX
8
RASTER
10
81.269
20
20.169
30
0
0
VERTEX
8
RASTER
10
81.1
20
20.3
30
0
0
VERTEX
8
RASTER
10
80.969
20
20.469
30
0
0
VERTEX
8
RASTER
10
80.875
20
20.675
30
0
0
VERTEX
8
RASTER
10
80.819
20
20.919
30
0
0
VERTEX
8
RASTER
10
80.8
20
21.2
30
0
0
SEQEND
8
RASTER
0
POLYLINE
8
RASTER
66
1
70
1
0
VERTEX
8
RASTER
10
81.3
20
28.4
30
0
0
VERTEX
8
RASTER
10
81.3
20
21.2
30
0
0
VERTEX
8
RASTER
10
81.311
20
21.036
30
0
0
VERTEX
8
RASTER
10
81.344
20
20.894
30
0
0
VERTEX
8
RASTER
10
81.398
20
20.773
30
0
0
VERTEX
8
RASTER
10
81.475
20
20.675
30
0
0
VERTEX
8
RASTER
10
81.573
20
20.598
30
0
0
VERTEX
8
RASTER
10
81.694
20
20.544
30
0
0
VERTEX
8
RASTER
10
81.836
20
20.511
30
0
0
VERTEX
8
RASTER
10
82
20
20.5
30
0
0
VERTEX
8
RASTER
10
89.2
20
20.5
30
0
0
VERTEX
8
RASTER
10
89.364
20
20.511
30
0
0
VERTEX
8
RASTER
10
89.506
20
20.544
30
0
0
VERTEX
8
RASTER
10
89.627
20
20.598
30
0
0
VERTEX
8
RASTER
10
89.725
20
20.675
30
0
0
VERTEX
8
RASTER
10
89.802
20
20.773
30
0
0
VERTEX
8
RASTER
10
89.856
20
20.894
30
0
0
VERTEX
8
RASTER
10
89.889
20
21.036
30
0
0
VERTEX
8
RASTER
10
89.9
20
21.2
30
0
0
VERTEX
8
RASTER
10
89.9
20
28.4
30
0
0
VERTEX
8
RASTER
10
89.889
20
28.564
30
0
0
VERTEX
8
RASTER
10
89.856
20
28.706
30
0
0
VERTEX
8
RASTER
10
89.802
20
28.827
30
0
0
VERTEX
8
RASTER
10
89.725
20
28.925
30
0
0
VERTEX
8
RASTER
10
89.627
20
29.002
30
0
0
VERTEX
8
RASTER
10
89.506
20
29.056
30
0
0
VERTEX
8
RASTER
10
89.364
20
29.089
30
0
0
VERTEX
8
RASTER
10
89.2
20
29.1
30
0
0
VERTEX
8
RASTER
10
82
20
29.1
30
0
0
VERTEX
8
RASTER
10
81.836
20
29.089
30
0
0
VERTEX
8
RASTER
10
81.694
20
29.056
30
0
0
VERTEX
8
RASTER
10
81.573
20
29.002
30
0
0
VERTEX
8
RASTER
10
81.475
20
28.925
30
0
0
VERTEX
8
RASTER
10
81.398
20
28.827
30
0
0
VERTEX
8
RASTER
10
81.344
20
28.706
30
0
0
VERTEX
8
RASTER
10
81.311
20
28.564
30
0
0
VERTEX
8
RASTER
10
81.3
20
28.4
30
0
0
SEQEND
8
RASTER
0
POLYLINE
8
RASTER
66
1
70
1
0
VERTEX
8
RASTER
10
84.767
20
26.189
30
0
0
VERTEX
8
RASTER
10
86.433
20
26.189
30
0
0
VERTEX
8
RASTER
10
86.466
20
26.044
30
0
0
VERTEX
8
RASTER
10
86.553
20
25.915
30
0
0
VERTEX
8
RASTER
10
86.675
20
25.793
30
0
0
VERTEX
8
RASTER
10
86.815
20
25.668
30
0
0
VERTEX
8
RASTER
10
86.955
20
25.53
30
0
0
VERTEX
8
RASTER
10
87.078
20
25.369
30
0
0
VERTEX
8
RASTER
10
87.164
20
25.175
30
0
0
VERTEX
8
RASTER
10
87.197
20
24.939
30
0
0
VERTEX
8
RASTER
10
87.197
20
22.3
30
0
0
VERTEX
8
RASTER
10
87.174
20
22.111
30
0
0
VERTEX
8
RASTER
10
87.104
20
21.957
30
0
0
VERTEX
8
RASTER
10
86.985
20
21.836
30
0
0
VERTEX
8
RASTER
10
86.815
20
21.745
30
0
0
VERTEX
8
RASTER
10
86.594
20
21.679
30
0
0
VERTEX
8
RASTER
10
86.318
20
21.636
30
0
0
VERTEX
8
RASTER
10
85.988
20
21.613
30
0
0
VERTEX
8
RASTER
10
85.6
20
21.606
30
0
0
VERTEX
8
RASTER
10
85.212
20
21.613
30
0
0
VERTEX
8
RASTER
10
84.882
20
21.636
30
0
0
VERTEX
8
RASTER
10
84.606
20
21.679
30
0
0
VERTEX
8
RASTER
10
84.385
20
21.745
30
0
0
VERTEX
8
RASTER
10
84.215
20
21.836
30
0
0
VERTEX
8
RASTER
10
84.096
20
21.957
30
0
0
VERTEX
8
RASTER
10
84.026
20
22.111
30
0
0
VERTEX
8
RASTER
10
84.003
20
22.3
30
0
0
VERTEX
8
RASTER
10
84.003
20
24.939
30
0
0
VERTEX
8
RASTER
10
84.036
20
25.175
30
0
0
VERTEX
8
RASTER
10
84.122
20
25.369
30
0
0
VERTEX
8
RASTER
10
84.245
20
25.53
30
0
0
VERTEX
8
RASTER
10
84.385
20
25.668
30
0
0
VERTEX
8
RASTER
10
84.525
20
25.793
30
0
0
VERTEX
8
RASTER
10
84.647
20
25.915
30
0
0
VERTEX
8
RASTER
10
84.734
20
26.044
30
0
0
VERTEX
8
RASTER
10
84.767
20
26.189
30
0
0
SEQEND
8
RASTER
0
POLYLINE
8
RASTER
66
1
70
1
0
VERTEX
8
RASTER
10
84.281
20
24.383
30
0
0
VERTEX
8
RASTER
10
84.281
20
23.411
30
0
0
VERTEX
8
RASTER
10
86.919
20
23.411
30
0
0
VERTEX
8
RASTER
10
86.919
20
24.383
30
0
0
VERTEX
8
RASTER
10
84.281
20
24.383
30
0
0
SEQEND
8
RASTER
0
POLYLINE
8
RASTER
66
1
70
1
0
VERTEX
8
RASTER
10
84.628
20
27.3
30
0
0
VERTEX
8
RASTER
10
84.63
20
27.332
30
0
0
VERTEX
8
RASTER
10
84.637
20
27.361
30
0
0
VERTEX
8
RASTER
10
84.647
20
27.384
30
0
0
VERTEX
8
RASTER
10
84.663
20
27.404
30
0
0
VERTEX
8
RASTER
10
84.682
20
27.419
30
0
0
VERTEX
8
RASTER
10
84.706
20
27.43
30
0
0
VERTEX
8
RASTER
10
84.734
20
27.437
30
0
0
VERTEX
8
RASTER
10
84.767
20
27.439
30
0
0
VERTEX
8
RASTER
10
86.433
20
27.439
30
0
0
VERTEX
8
RASTER
10
86.466
20
27.437
30
0
0
VERTEX
8
RASTER
10
86.494
20
27.43
30
0
0
VERTEX
8
RASTER
10
86.518
20
27.419
30
0
0
VERTEX
8
RASTER
10
86.537
20
27.404
30
0
0
VERTEX
8
RASTER
10
86.553
20
27.384
30
0
0
VERTEX
8
RASTER
10
86.563
20
27.361
30
0
0
VERTEX
8
RASTER
10
86.57
20
27.332
30
0
0
VERTEX
8
RASTER
10
86.572
20
27.3
30
0
0
VERTEX
8
RASTER
10
86.572
20
27.022
30
0
0
VERTEX
8
RASTER
10
86.57
20
26.99
30
0
0
VERTEX
8
RASTER
10
86.563
20
26.961
30
0
0
VERTEX
8
RASTER
10
86.553
20
26.937
30
0
0
VERTEX
8
RASTER
10
86.537
20
26.918
30
0
0
VERTEX
8
RASTER
10
86.518
20
26.903
30
0
0
VERTEX
8
RASTER
10
86.494
20
26.892
30
0
0
VERTEX
8
RASTER
10
86.466
20
26.885
30
0
0
VERTEX
8
RASTER
10
86.433
20
26.883
30
0
0
VERTEX
8
RASTER
10
84.767
20
26.883
30
0
0
VERTEX
8
RASTER
10
84.734
20
26.885
30
0
0
VERTEX
8
RASTER
10
84.706
20
26.892
30
0
0
VERTEX
8
RASTER
10
84.682
20
26.903
30
0
0
VERTEX
8
RASTER
10
84.663
20
26.918
30
0
0
VERTEX
8
RASTER
10
84.647
20
26.937
30
0
0
VERTEX
8
RASTER
10
84.637
20
26.961
30
0
0
VERTEX
8
RASTER
10
84.63
20
26.99
30
0
0
VERTEX
8
RASTER
10
84.628
20
27.022
30
0
0
SEQEND
8
RASTER
0
POLYLINE
8
RASTER
66
1
70
1
0
VERTEX
8
RASTER
10
84.767
20
26.814
30
0
0
VERTEX
8
RASTER
10
86.433
20
26.814
30
0
0
VERTEX
8
RASTER
10
86.433
20
26.328
30
0
0
VERTEX
8
RASTER
10
84.767
20
26.328
30
0
0
SEQEND
8
RASTER
0
POLYLINE
8
CUT
66
1
70
1
0
VERTEX
8
CUT
10
95.2
20
28.9
30
0
0
VERTEX
8
CUT
10
95.223
20
29.252
30
0
0
VERTEX
8
CUT
10
95.294
20
29.556
30
0
0
VERTEX
8
CUT
10
95.411
20
29.814
30
0
0
VERTEX
8
CUT
10
95.575
20
30.025
30
0
0
VERTEX
8
CUT
10
95.786
20
30.189
30
0
0
VERTEX
8
CUT
10
96.044
20
30.306
30
0
0
VERTEX
8
CUT
10
96.348
20
30.377
30
0
0
VERTEX
8
CUT
10
96.7
20
30.4
30
0
0
VERTEX
8
CUT
10
104.9
20
30.4
30
0
0
VERTEX
8
CUT
10
105.252
20
30.377
30
0
0
VERTEX
8
CUT
10
105.556
20
30.306
30
0
0
VERTEX
8
CUT
10
105.814
20
30.189
30
0
0
VERTEX
8
CUT
10
106.025
20
30.025
30
0
0
VERTEX
8
CUT
10
106.189
20
29.814
30
0
0
VERTEX
8
CUT
10
106.306
20
29.556
30
0
0
VERTEX
8
CUT
10
106.377
20
29.252
30
0
0
VERTEX
8
CUT
10
106.4
20
28.9
30
0
0
VERTEX
8
CUT
10
106.4
20
20.7
30
0
0
VERTEX
8
CUT
10
106.377
20
20.348
30
0
0
VERTEX
8
CUT
10
106.306
20
20.044
30
0
0
VERTEX
8
CUT
10
106.189
20
19.786
30
0
0
VERTEX
8
CUT
10
106.025
20
19.575
30
0
0
VERTEX
8
CUT
10
105.814
20
19.411
30
0
0
VERTEX
8
CUT
10
105.556
20
19.294
30
0
0
VERTEX
8
CUT
10
105.252
20
19.223
30
0
0
VERTEX
8
CUT
10
104.9
20
19.2
30
0
0
VERTEX
8
CUT
10
96.7
20
19.2
30
0
0
VERTEX
8
CUT
10
96.348
20
19.223
30
0
0
VERTEX
8
CUT
10
96.044
20
19.294
30
0
0
VERTEX
8
CUT
10
95.786
20
19.411
30
0
0
VERTEX
8
CUT
10
95.575
20
19.575
30
0
0
VERTEX
8
CUT
10
95.411
20
19.786
30
0
0
VERTEX
8
CUT
10
95.294
20
20.044
30
0
0
VERTEX
8
CUT
10
95.223
20
20.348
30
0
0
VERTEX
8
CUT
10
95.2
20
20.7
30
0
0
SEQEND
8
CUT
0
POLYLINE
8
RASTER
66
1
70
1
0
VERTEX
8
RASTER
10
96
20
28.4
30
0
0
VERTEX
8
RASTER
10
96.019
20
28.681
30
0
0
VERTEX
8
RASTER
10
96.075
20
28.925
30
0
0
VERTEX
8
RASTER
10
96.169
20
29.131
30
0
0
VERTEX
8
RASTER
10
96.3
20
29.3
30
0
0
VERTEX
8
RASTER
10
96.469
20
29.431
30
0
0
VERTEX
8
RASTER
10
96.675
20
29.525
30
0
0
VERTEX
8
RASTER
10
96.919
20
29.581
30
0
0
VERTEX
8
RASTER
10
97.2
20
29.6
30
0
0
VERTEX
8
RASTER
10
104.4
20
29.6
30
0
0
VERTEX
8
RASTER
10
104.681
20
29.581
30
0
0
VERTEX
8
RASTER
10
104.925
20
29.525
30
0
0
VERTEX
8
RASTER
10
105.131
20
29.431
30
0
0
VERTEX
8
RASTER
10
105.3
20
29.3
30
0
0
VERTEX
8
RASTER
10
105.431
20
29.131
30
0
0
VERTEX
8
RASTER
10
105.525
20
28.925
30
0
0
VERTEX
8
RASTER
10
105.581
20
28.681
30
0
0
VERTEX
8
RASTER
10
105.6
20
28.4
30
0
0
VERTEX
8
RASTER
10
105.6
20
21.2
30
0
0
VERTEX
8
RASTER
10
105.581
20
20.919
30
0
0
VERTEX
8
RASTER
10
105.525
20
20.675
30
0
0
VERTEX
8
RASTER
10
105.431
20
20.469
30
0
0
VERTEX
8
RASTER
10
105.3
20
20.3
30
0
0
VERTEX
8
RASTER
10
105.131
20
20.169
30
0
0
VERTEX
8
RASTER
10
104.925
20
20.075
30
0
0
VERTEX
8
RASTER
10
104.681
20
20.019
30
0
0
VERTEX
8
RASTER
10
104.4
20
20
30
0
0
VERTEX
8
RASTER
10
97.2
20
20
30
0
0
VERTEX
8
RASTER
10
96.919
20
20.019
30
0
0
VERTEX
8
RASTER
10
96.675
20
20.075
30
0
0
VERTEX
8
RASTER
10
96.469
20
20.169
30
0
0
VERTEX
8
RASTER
10
96.3
20
20.3
30
0
0
VERTEX
8
RASTER
10
96.169
20
20.469
30
0
0
VERTEX
8
RASTER
10
96.075
20
20.675
30
0
0
VERTEX
8
RASTER
10
96.019
20
20.919
30
0
0
VERTEX
8
RASTER
10
96
20
21.2
30
0
0
SEQEND
8
RASTER
0
POLYLINE
8
RASTER
66
1
70
1
0
VERTEX
8
RASTER
10
96.5
20
28.4
30
0
0
VERTEX
8
RASTER
10
96.5
20
21.2
30
0
0
VERTEX
8
RASTER
10
96.511
20
21.036
30
0
0
VERTEX
8
RASTER
10
96.544
20
20.894
30
0
0
VERTEX
8
RASTER
10
96.598
20
20.773
30
0
0
VERTEX
8
RASTER
10
96.675
20
20.675
30
0
0
VERTEX
8
RASTER
10
96.773
20
20.598
30
0
0
VERTEX
8
RASTER
10
96.894
20
20.544
30
0
0
VERTEX
8
RASTER
10
97.036
20
20.511
30
0
0
VERTEX
8
RASTER
10
97.2
20
20.5
30
0
0
VERTEX
8
RASTER
10
104.4
20
20.5
30
0
0
VERTEX
8
RASTER
10
104.564
20
20.511
30
0
0
VERTEX
8
RASTER
10
104.706
20
20.544
30
0
0
VERTEX
8
RASTER
10
104.827
20
20.598
30
0
0
VERTEX
8
RASTER
10
104.925
20
20.675
30
0
0
VERTEX
8
RASTER
10
105.002
20
20.773
30
0
0
VERTEX
8
RASTER
10
105.056
20
20.894
30
0
0
VERTEX
8
RASTER
10
105.089
20
21.036
30
0
0
VERTEX
8
RASTER
10
105.1
20
21.2
30
0
0
VERTEX
8
RASTER
10
105.1
20
28.4
30
0
0
VERTEX
8
RASTER
10
105.089
20
28.564
30
0
0
VERTEX
8
RASTER
10
105.056
20
28.706
30
0
0
VERTEX
8
RASTER
10
105.002
20
28.827
30
0
0
VERTEX
8
RASTER
10
104.925
20
28.925
30
0
0
VERTEX
8
RASTER
10
104.827
20
29.002
30
0
0
VERTEX
8
RASTER
10
104.706
20
29.056
30
0
0
VERTEX
8
RASTER
10
104.564
20
29.089
30
0
0
VERTEX
8
RASTER
10
104.4
20
29.1
30
0
0
VERTEX
8
RASTER
10
97.2
20
29.1
30
0
0
VERTEX
8
RASTER
10
97.036
20
29.089
30
0
0
VERTEX
8
RASTER
10
96.894
20
29.056
30
0
0
VERTEX
8
RASTER
10
96.773
20
29.002
30
0
0
VERTEX
8
RASTER
10
96.675
20
28.925
30
0
0
VERTEX
8
RASTER
10
96.598
20
28.827
30
0
0
VERTEX
8
RASTER
10
96.544
20
28.706
30
0
0
VERTEX
8
RASTER
10
96.511
20
28.564
30
0
0
VERTEX
8
RASTER
10
96.5
20
28.4
30
0
0
SEQEND
8
RASTER
0
POLYLINE
8
RASTER
66
1
70
1
0
VERTEX
8
RASTER
10
99.967
20
26.189
30
0
0
VERTEX
8
RASTER
10
101.633
20
26.189
30
0
0
VERTEX
8
RASTER
10
101.666
20
26.044
30
0
0
VERTEX
8
RASTER
10
101.753
20
25.915
30
0
0
VERTEX
8
RASTER
10
101.875
20
25.793
30
0
0
VERTEX
8
RASTER
10
102.015
20
25.668
30
0
0
VERTEX
8
RASTER
10
102.155
20
25.53
30
0
0
VERTEX
8
RASTER
10
102.278
20
25.369
30
0
0
VERTEX
8
RASTER
10
102.364
20
25.175
30
0
0
VERTEX
8
RASTER
10
102.397
20
24.939
30
0
0
VERTEX
8
RASTER
10
102.397
20
22.3
30
0
0
VERTEX
8
RASTER
10
102.374
20
22.111
30
0
0
VERTEX
8
RASTER
10
102.304
20
21.957
30
0
0
VERTEX
8
RASTER
10
102.185
20
21.836
30
0
0
VERTEX
8
RASTER
10
102.015
20
21.745
30
0
0
VERTEX
8
RASTER
10
101.794
20
21.679
30
0
0
VERTEX
8
RASTER
10
101.518
20
21.636
30
0
0
VERTEX
8
RASTER
10
101.188
20
21.613
30
0
0
VERTEX
8
RASTER
10
100.8
20
21.606
30
0
0
VERTEX
8
RASTER
10
100.412
20
21.613
30
0
0
VERTEX
8
RASTER
10
100.082
20
21.636
30
0
0
VERTEX
8
RASTER
10
99.806
20
21.679
30
0
0
VERTEX
8
RASTER
10
99.585
20
21.745
30
0
0
VERTEX
8
RASTER
10
99.415
20
21.836
30
0
0
VERTEX
8
RASTER
10
99.296
20
21.957
30
0
0
VERTEX
8
RASTER
10
99.226
20
22.111
30
0
0
VERTEX
8
RASTER
10
99.203
20
22.3
30
0
0
VERTEX
8
RASTER
10
99.203
20
24.939
30
0
0
VERTEX
8
RASTER
10
99.236
20
25.175
30
0
0
VERTEX
8
RASTER
10
99.322
20
25.369
30
0
0
VERTEX
8
RASTER
10
99.445
20
25.53
30
0
0
VERTEX
8
RASTER
10
99.585
20
25.668
30
0
0
VERTEX
8
RASTER
10
99.725
20
25.793
30
0
0
VERTEX
8
RASTER
10
99.847
20
25.915
30
0
0
VERTEX
8
RASTER
10
99.934
20
26.044
30
0
0
VERTEX
8
RASTER
10
99.967
20
26.189
30
0
0
SEQEND
8
RASTER
0
POLYLINE
8
RASTER
66
1
70
1
0
VERTEX
8
RASTER
10
99.481
20
24.383
30
0
0
VERTEX
8
RASTER
10
99.481
20
23.411
30
0
0
VERTEX
8
RASTER
10
102.119
20
23.411
30
0
0
VERTEX
8
RASTER
10
102.119
20
24.383
30
0
0
VERTEX
8
RASTER
10
99.481
20
24.383
30
0
0
SEQEND
8
RASTER
0
POLYLINE
8
RASTER
66
1
70
1
0
VERTEX
8
RASTER
10
99.828
20
27.3
30
0
0
VERTEX
8
RASTER
10
99.83
20
27.332
30
0
0
VERTEX
8
RASTER
10
99.837
20
27.361
30
0
0
VERTEX
8
RASTER
10
99.847
20
27.384
30
0
0
VERTEX
8
RASTER
10
99.863
20
27.404
30
0
0
VERTEX
8
RASTER
10
99.882
20
27.419
30
0
0
VERTEX
8
RASTER
10
99.906
20
27.43
30
0
0
VERTEX
8
RASTER
10
99.934
20
27.437
30
0
0
VERTEX
8
RASTER
10
99.967
20
27.439
30
0
0
VERTEX
8
RASTER
10
101.633
20
27.439
30
0
0
VERTEX
8
RASTER
10
101.666
20
27.437
30
0
0
VERTEX
8
RASTER
10
101.694
20
27.43
30
0
0
VERTEX
8
RASTER
10
101.718
20
27.419
30
0
0
VERTEX
8
RASTER
10
101.737
20
27.404
30
0
0
VERTEX
8
RASTER
10
101.753
20
27.384
30
0
0
VERTEX
8
RASTER
10
101.763
20
27.361
30
0
0
VERTEX
8
RASTER
10
101.77
20
27.332
30
0
0
VERTEX
8
RASTER
10
101.772
20
27.3
30
0
0
VERTEX
8
RASTER
10
101.772
20
27.022
30
0
0
VERTEX
8
RASTER
10
101.77
20
26.99
30
0
0
VERTEX
8
RASTER
10
101.763
20
26.961
30
0
0
VERTEX
8
RASTER
10
101.753
20
26.937
30
0
0
VERTEX
8
RASTER
10
101.737
20
26.918
30
0
0
VERTEX
8
RASTER
10
101.718
20
26.903
30
0
0
VERTEX
8
RASTER
10
101.694
20
26.892
30
0
0
VERTEX
8
RASTER
10
101.666
20
26.885
30
0
0
VERTEX
8
RASTER
10
101.633
20
26.883
30
0
0
VERTEX
8
RASTER
10
99.967
20
26.883
30
0
0
VERTEX
8
RASTER
10
99.934
20
26.885
30
0
0
VERTEX
8
RASTER
10
99.906
20
26.892
30
0
0
VERTEX
8
RASTER
10
99.882
20
26.903
30
0
0
VERTEX
8
RASTER
10
99.863
20
26.918
30
0
0
VERTEX
8
RASTER
10
99.847
20
26.937
30
0
0
VERTEX
8
RASTER
10
99.837
20
26.961
30
0
0
VERTEX
8
RASTER
10
99.83
20
26.99
30
0
0
VERTEX
8
RASTER
10
99.828
20
27.022
30
0
0
SEQEND
8
RASTER
0
POLYLINE
8
RASTER
66
1
70
1
0
VERTEX
8
RASTER
10
99.967
20
26.814
30
0
0
VERTEX
8
RASTER
10
101.633
20
26.814
30
0
0
VERTEX
8
RASTER
10
101.633
20
26.328
30
0
0
VERTEX
8
RASTER
10
99.967
20
26.328
30
0
0
SEQEND
8
RASTER
0
POLYLINE
8
CUT
66
1
70
1
0
VERTEX
8
CUT
10
110.4
20
28.9
30
0
0
VERTEX
8
CUT
10
110.423
20
29.252
30
0
0
VERTEX
8
CUT
10
110.494
20
29.556
30
0
0
VERTEX
8
CUT
10
110.611
20
29.814
30
0
0
VERTEX
8
CUT
10
110.775
20
30.025
30
0
0
VERTEX
8
CUT
10
110.986
20
30.189
30
0
0
VERTEX
8
CUT
10
111.244
20
30.306
30
0
0
VERTEX
8
CUT
10
111.548
20
30.377
30
0
0
VERTEX
8
CUT
10
111.9
20
30.4
30
0
0
VERTEX
8
CUT
10
120.1
20
30.4
30
0
0
VERTEX
8
CUT
10
120.452
20
30.377
30
0
0
VERTEX
8
CUT
10
120.756
20
30.306
30
0
0
VERTEX
8
CUT
10
121.014
20
30.189
30
0
0
VERTEX
8
CUT
10
121.225
20
30.025
30
0
0
VERTEX
8
CUT
10
121.389
20
29.814
30
0
0
VERTEX
8
CUT
10
121.506
20
29.556
30
0
0
VERTEX
8
CUT
10
121.577
20
29.252
30
0
0
VERTEX
8
CUT
10
121.6
20
28.9
30
0
0
VERTEX
8
CUT
10
121.6
20
20.7
30
0
0
VERTEX
8
CUT
10
121.577
20
20.348
30
0
0
VERTEX
8
CUT
10
121.506
20
20.044
30
0
0
VERTEX
8
CUT
10
121.389
20
19.786
30
0
0
VERTEX
8
CUT
10
121.225
20
19.575
30
0
0
VERTEX
8
CUT
10
121.014
20
19.411
30
0
0
VERTEX
8
CUT
10
120.756
20
19.294
30
0
0
VERTEX
8
CUT
10
120.452
20
19.223
30
0
0
VERTEX
8
CUT
10
120.1
20
19.2
30
0
0
VERTEX
8
CUT
10
111.9
20
19.2
30
0
0
VERTEX
8
CUT
10
111.548
20
19.223
30
0
0
VERTEX
8
CUT
10
111.244
20
19.294
30
0
0
VERTEX
8
CUT
10
110.986
20
19.411
30
0
0
VERTEX
8
CUT
10
110.775
20
19.575
30
0
0
VERTEX
8
CUT
10
110.611
20
19.786
30
0
0
VERTEX
8
CUT
10
110.494
20
20.044
30
0
0
VERTEX
8
CUT
10
110.423
20
20.348
30
0
0
VERTEX
8
CUT
10
110.4
20
20.7
30
0
0
SEQEND
8
CUT
0
POLYLINE
8
RASTER
66
1
70
1
0
VERTEX
8
RASTER
10
111.2
20
28.4
30
0
0
VERTEX
8
RASTER
10
111.219
20
28.681
30
0
0
VERTEX
8
RASTER
10
111.275
20
28.925
30
0
0
VERTEX
8
RASTER
10
111.369
20
29.131
30
0
0
VERTEX
8
RASTER
10
111.5
20
29.3
30
0
0
VERTEX
8
RASTER
10
111.669
20
29.431
30
0
0
VERTEX
8
RASTER
10
111.875
20
29.525
30
0
0
VERTEX
8
RASTER
10
112.119
20
29.581
30
0
0
VERTEX
8
RASTER
10
112.4
20
29.6
30
0
0
VERTEX
8
RASTER
10
119.6
20
29.6
30
0
0
VERTEX
8
RASTER
10
119.881
20
29.581
30
0
0
VERTEX
8
RASTER
10
120.125
20
29.525
30
0
0
VERTEX
8
RASTER
10
120.331
20
29.431
30
0
0
VERTEX
8
RASTER
10
120.5
20
29.3
30
0
0
VERTEX
8
RASTER
10
120.631
20
29.131
30
0
0
VERTEX
8
RASTER
10
120.725
20
28.925
30
0
0
VERTEX
8
RASTER
10
120.781
20
28.681
30
0
0
VERTEX
8
RASTER
10
120.8
20
28.4
30
0
0
VERTEX
8
RASTER
10
120.8
20
21.2
30
0
0
VERTEX
8
RASTER
10
120.781
20
20.919
30
0
0
VERTEX
8
RASTER
10
120.725
20
20.675
30
0
0
VERTEX
8
RASTER
10
120.631
20
20.469
30
0
0
VERTEX
8
RASTER
10
120.5
20
20.3
30
0
0
VERTEX
8
RASTER
10
120.331
20
20.169
30
0
0
VERTEX
8
RASTER
10
120.125
20
20.075
30
0
0
VERTEX
8
RASTER
10
119.881
20
20.019
30
0
0
VERTEX
8
RASTER
10
119.6
20
20
30
0
0
VERTEX
8
RASTER
10
112.4
20
20
30
0
0
VERTEX
8
RASTER
10
112.119
20
20.019
30
0
0
VERTEX
8
RASTER
10
111.875
20
20.075
30
0
0
VERTEX
8
RASTER
10
111.669
20
20.169
30
0
0
VERTEX
8
RASTER
10
111.5
20
20.3
30
0
0
VERTEX
8
RASTER
10
111.369
20
20.469
30
0
0
VERTEX
8
RASTER
10
111.275
20
20.675
30
0
0
VERTEX
8
RASTER
10
111.219
20
20.919
30
0
0
VERTEX
8
RASTER
10
111.2
20
21.2
30
0
0
SEQEND
8
RASTER
0
POLYLINE
8
RASTER
66
1
70
1
0
VERTEX
8
RASTER
10
111.7
20
28.4
30
0
0
VERTEX
8
RASTER
10
111.7
20
21.2
30
0
0
VERTEX
8
RASTER
10
111.711
20
21.036
30
0
0
VERTEX
8
RASTER
10
111.744
20
20.894
30
0
0
VERTEX
8
RASTER
10
111.798
20
20.773
30
0
0
VERTEX
8
RASTER
10
111.875
20
20.675
30
0
0
VERTEX
8
RASTER
10
111.973
20
20.598
30
0
0
VERTEX
8
RASTER
10
112.094
20
20.544
30
0
0
VERTEX
8
RASTER
10
112.236
20
20.511
30
0
0
VERTEX
8
RASTER
10
112.4
20
20.5
30
0
0
VERTEX
8
RASTER
10
119.6
20
20.5
30
0
0
VERTEX
8
RASTER
10
119.764
20
20.511
30
0
0
VERTEX
8
RASTER
10
119.906
20
20.544
30
0
0
VERTEX
8
RASTER
10
120.027
20
20.598
30
0
0
VERTEX
8
RASTER
10
120.125
20
20.675
30
0
0
VERTEX
8
RASTER
10
120.202
20
20.773
30
0
0
VERTEX
8
RASTER
10
120.256
20
20.894
30
0
0
VERTEX
8
RASTER
10
120.289
20
21.036
30
0
0
VERTEX
8
RASTER
10
120.3
20
21.2
30
0
0
VERTEX
8
RASTER
10
120.3
20
28.4
30
0
0
VERTEX
8
RASTER
10
120.289
20
28.564
30
0
0
VERTEX
8
RASTER
10
120.256
20
28.706
30
0
0
VERTEX
8
RASTER
10
120.202
20
28.827
30
0
0
VERTEX
8
RASTER
10
120.125
20
28.925
30
0
0
VERTEX
8
RASTER
10
120.027
20
29.002
30
0
0
VERTEX
8
RASTER
10
119.906
20
29.056
30
0
0
VERTEX
8
RASTER
10
119.764
20
29.089
30
0
0
VERTEX
8
RASTER
10
119.6
20
29.1
30
0
0
VERTEX
8
RASTER
10
112.4
20
29.1
30
0
0
VERTEX
8
RASTER
10
112.236
20
29.089
30
0
0
VERTEX
8
RASTER
10
112.094
20
29.056
30
0
0
VERTEX
8
RASTER
10
111.973
20
29.002
30
0
0
VERTEX
8
RASTER
10
111.875
20
28.925
30
0
0
VERTEX
8
RASTER
10
111.798
20
28.827
30
0
0
VERTEX
8
RASTER
10
111.744
20
28.706
30
0
0
VERTEX
8
RASTER
10
111.711
20
28.564
30
0
0
VERTEX
8
RASTER
10
111.7
20
28.4
30
0
0
SEQEND
8
RASTER
0
POLYLINE
8
RASTER
66
1
70
1
0
VERTEX
8
RASTER
10
115.167
20
26.189
30
0
0
VERTEX
8
RASTER
10
116.833
20
26.189
30
0
0
VERTEX
8
RASTER
10
116.866
20
26.044
30
0
0
VERTEX
8
RASTER
10
116.953
20
25.915
30
0
0
VERTEX
8
RASTER
10
117.075
20
25.793
30
0
0
VERTEX
8
RASTER
10
117.215
20
25.668
30
0
0
VERTEX
8
RASTER
10
117.355
20
25.53
30
0
0
VERTEX
8
RASTER
10
117.478
20
25.369
30
0
0
VERTEX
8
RASTER
10
117.564
20
25.175
30
0
0
VERTEX
8
RASTER
10
117.597
20
24.939
30
0
0
VERTEX
8
RASTER
10
117.597
20
22.3
30
0
0
VERTEX
8
RASTER
10
117.574
20
22.111
30
0
0
VERTEX
8
RASTER
10
117.504
20
21.957
30
0
0
VERTEX
8
RASTER
10
117.385
20
21.836
30
0
0
VERTEX
8
RASTER
10
117.215
20
21.745
30
0
0
VERTEX
8
RASTER
10
116.994
20
21.679
30
0
0
VERTEX
8
RASTER
10
116.718
20
21.636
30
0
0
VERTEX
8
RASTER
10
116.388
20
21.613
30
0
0
VERTEX
8
RASTER
10
116
20
21.606
30
0
0
VERTEX
8
RASTER
10
115.612
20
21.613
30
0
0
VERTEX
8
RASTER
10
115.282
20
21.636
30
0
0
VERTEX
8
RASTER
10
115.006
20
21.679
30
0
0
VERTEX
8
RASTER
10
114.785
20
21.745
30
0
0
VERTEX
8
RASTER
10
114.615
20
21.836
30
0
0
VERTEX
8
RASTER
10
114.496
20
21.957
30
0
0
VERTEX
8
RASTER
10
114.426
20
22.111
30
0
0
VERTEX
8
RASTER
10
114.403
20
22.3
30
0
0
VERTEX
8
RASTER
10
114.403
20
24.939
30
0
0
VERTEX
8
RASTER
10
114.436
20
25.175
30
0
0
VERTEX
8
RASTER
10
114.522
20
25.369
30
0
0
VERTEX
8
RASTER
10
114.645
20
25.53
30
0
0
VERTEX
8
RASTER
10
114.785
20
25.668
30
0
0
VERTEX
8
RASTER
10
114.925
20
25.793
30
0
0
VERTEX
8
RASTER
10
115.047
20
25.915
30
0
0
VERTEX
8
RASTER
10
115.134
20
26.044
30
0
0
VERTEX
8
RASTER
10
115.167
20
26.189
30
0
0
SEQEND
8
RASTER
0
POLYLINE
8
RASTER
66
1
70
1
0
VERTEX
8
RASTER
10
114.681
20
24.383
30
0
0
VERTEX
8
RASTER
10
114.681
20
23.411
30
0
0
VERTEX
8
RASTER
10
117.319
20
23.411
30
0
0
VERTEX
8
RASTER
10
117.319
20
24.383
30
0
0
VERTEX
8
RASTER
10
114.681
20
24.383
30
0
0
SEQEND
8
RASTER
0
POLYLINE
8
RASTER
66
1
70
1
0
VERTEX
8
RASTER
10
115.028
20
27.3
30
0
0
VERTEX
8
RASTER
10
115.03
20
27.332
30
0
0
VERTEX
8
RASTER
10
115.037
20
27.361
30
0
0
VERTEX
8
RASTER
10
115.047
20
27.384
30
0
0
VERTEX
8
RASTER
10
115.063
20
27.404
30
0
0
VERTEX
8
RASTER
10
115.082
20
27.419
30
0
0
VERTEX
8
RASTER
10
115.106
20
27.43
30
0
0
VERTEX
8
RASTER
10
115.134
20
27.437
30
0
0
VERTEX
8
RASTER
10
115.167
20
27.439
30
0
0
VERTEX
8
RASTER
10
116.833
20
27.439
30
0
0
VERTEX
8
RASTER
10
116.866
20
27.437
30
0
0
VERTEX
8
RASTER
10
116.894
20
27.43
30
0
0
VERTEX
8
RASTER
10
116.918
20
27.419
30
0
0
VERTEX
8
RASTER
10
116.937
20
27.404
30
0
0
VERTEX
8
RASTER
10
116.953
20
27.384
30
0
0
VERTEX
8
RASTER
10
116.963
20
27.361
30
0
0
VERTEX
8
RASTER
10
116.97
20
27.332
30
0
0
VERTEX
8
RASTER
10
116.972
20
27.3
30
0
0
VERTEX
8
RASTER
10
116.972
20
27.022
30
0
0
VERTEX
8
RASTER
10
116.97
20
26.99
30
0
0
VERTEX
8
RASTER
10
116.963
20
26.961
30
0
0
VERTEX
8
RASTER
10
116.953
20
26.937
30
0
0
VERTEX
8
RASTER
10
116.937
20
26.918
30
0
0
VERTEX
8
RASTER
10
116.918
20
26.903
30
0
0
VERTEX
8
RASTER
10
116.894
20
26.892
30
0
0
VERTEX
8
RASTER
10
116.866
20
26.885
30
0
0
VERTEX
8
RASTER
10
116.833
20
26.883
30
0
0
VERTEX
8
RASTER
10
115.167
20
26.883
30
0
0
VERTEX
8
RASTER
10
115.134
20
26.885
30
0
0
VERTEX
8
RASTER
10
115.106
20
26.892
30
0
0
VERTEX
8
RASTER
10
115.082
20
26.903
30
0
0
VERTEX
8
RASTER
10
115.063
20
26.918
30
0
0
VERTEX
8
RASTER
10
115.047
20
26.937
30
0
0
VERTEX
8
RASTER
10
115.037
20
26.961
30
0
0
VERTEX
8
RASTER
10
115.03
20
26.99
30
0
0
VERTEX
8
RASTER
10
115.028
20
27.022
30
0
0
SEQEND
8
RASTER
0
POLYLINE
8
RASTER
66
1
70
1
0
VERTEX
8
RASTER
10
115.167
20
26.814
30
0
0
VERTEX
8
RASTER
10
116.833
20
26.814
30
0
0
VERTEX
8
RASTER
10
116.833
20
26.328
30
0
0
VERTEX
8
RASTER
10
115.167
20
26.328
30
0
0
SEQEND
8
RASTER
0
POLYLINE
8
CUT
66
1
70
1
0
VERTEX
8
CUT
10
125.6
20
28.9
30
0
0
VERTEX
8
CUT
10
125.623
20
29.252
30
0
0
VERTEX
8
CUT
10
125.694
20
29.556
30
0
0
VERTEX
8
CUT
10
125.811
20
29.814
30
0
0
VERTEX
8
CUT
10
125.975
20
30.025
30
0
0
VERTEX
8
CUT
10
126.186
20
30.189
30
0
0
VERTEX
8
CUT
10
126.444
20
30.306
30
0
0
VERTEX
8
CUT
10
126.748
20
30.377
30
0
0
VERTEX
8
CUT
10
127.1
20
30.4
30
0
0
VERTEX
8
CUT
10
135.3
20
30.4
30
0
0
VERTEX
8
CUT
10
135.652
20
30.377
30
0
0
VERTEX
8
CUT
10
135.956
20
30.306
30
0
0
VERTEX
8
CUT
10
136.214
20
30.189
30
0
0
VERTEX
8
CUT
10
136.425
20
30.025
30
0
0
VERTEX
8
CUT
10
136.589
20
29.814
30
0
0
VERTEX
8
CUT
10
136.706
20
29.556
30
0
0
VERTEX
8
CUT
10
136.777
20
29.252
30
0
0
VERTEX
8
CUT
10
136.8
20
28.9
30
0
0
VERTEX
8
CUT
10
136.8
20
20.7
30
0
0
VERTEX
8
CUT
10
136.777
20
20.348
30
0
0
VERTEX
8
CUT
10
136.706
20
20.044
30
0
0
VERTEX
8
CUT
10
136.589
20
19.786
30
0
0
VERTEX
8
CUT
10
136.425
20
19.575
30
0
0
VERTEX
8
CUT
10
136.214
20
19.411
30
0
0
VERTEX
8
CUT
10
135.956
20
19.294
30
0
0
VERTEX
8
CUT
10
135.652
20
19.223
30
0
0
VERTEX
8
CUT
10
135.3
20
19.2
30
0
0
VERTEX
8
CUT
10
127.1
20
19.2
30
0
0
VERTEX
8
CUT
10
126.748
20
19.223
30
0
0
VERTEX
8
CUT
10
126.444
20
19.294
30
0
0
VERTEX
8
CUT
10
126.186
20
19.411
30
0
0
VERTEX
8
CUT
10
125.975
20
19.575
30
0
0
VERTEX
8
CUT
10
125.811
20
19.786
30
0
0
VERTEX
8
CUT
10
125.694
20
20.044
30
0
0
VERTEX
8
CUT
10
125.623
20
20.348
30
0
0
VERTEX
8
CUT
10
125.6
20
20.7
30
0
0
SEQEND
8
CUT
0
POLYLINE
8
RASTER
66
1
70
1
0
VERTEX
8
RASTER
10
126.4
20
28.4
30
0
0
VERTEX
8
RASTER
10
126.419
20
28.681
30
0
0
VERTEX
8
RASTER
10
126.475
20
28.925
30
0
0
VERTEX
8
RASTER
10
126.569
20
29.131
30
0
0
VERTEX
8
RASTER
10
126.7
20
29.3
30
0
0
VERTEX
8
RASTER
10
126.869
20
29.431
30
0
0
VERTEX
8
RASTER
10
127.075
20
29.525
30
0
0
VERTEX
8
RASTER
10
127.319
20
29.581
30
0
0
VERTEX
8
RASTER
10
127.6
20
29.6
30
0
0
VERTEX
8
RASTER
10
134.8
20
29.6
30
0
0
VERTEX
8
RASTER
10
135.081
20
29.581
30
0
0
VERTEX
8
RASTER
10
135.325
20
29.525
30
0
0
VERTEX
8
RASTER
10
135.531
20
29.431
30
0
0
VERTEX
8
RASTER
10
135.7
20
29.3
30
0
0
VERTEX
8
RASTER
10
135.831
20
29.131
30
0
0
VERTEX
8
RASTER
10
135.925
20
28.925
30
0
0
VERTEX
8
RASTER
10
135.981
20
28.681
30
0
0
VERTEX
8
RASTER
10
136
20
28.4
30
0
0
VERTEX
8
RASTER
10
136
20
21.2
30
0
0
VERTEX
8
RASTER
10
135.981
20
20.919
30
0
0
VERTEX
8
RASTER
10
135.925
20
20.675
30
0
0
VERTEX
8
RASTER
10
135.831
20
20.469
30
0
0
VERTEX
8
RASTER
10
135.7
20
20.3
30
0
0
VERTEX
8
RASTER
10
135.531
20
20.169
30
0
0
VERTEX
8
RASTER
10
135.325
20
20.075
30
0
0
VERTEX
8
RASTER
10
135.081
20
20.019
30
0
0
VERTEX
8
RASTER
10
134.8
20
20
30
0
0
VERTEX
8
RASTER
10
127.6
20
20
30
0
0
VERTEX
8
RASTER
10
127.319
20
20.019
30
0
0
VERTEX
8
RASTER
10
127.075
20
20.075
30
0
0
VERTEX
8
RASTER
10
126.869
20
20.169
30
0
0
VERTEX
8
RASTER
10
126.7
20
20.3
30
0
0
VERTEX
8
RASTER
10
126.569
20
20.469
30
0
0
VERTEX
8
RASTER
10
126.475
20
20.675
30
0
0
VERTEX
8
RASTER
10
126.419
20
20.919
30
0
0
VERTEX
8
RASTER
10
126.4
20
21.2
30
0
0
SEQEND
8
RASTER
0
POLYLINE
8
RASTER
66
1
70
1
0
VERTEX
8
RASTER
10
126.9
20
28.4
30
0
0
VERTEX
8
RASTER
10
126.9
20
21.2
30
0
0
VERTEX
8
RASTER
10
126.911
20
21.036
30
0
0
VERTEX
8
RASTER
10
126.944
20
20.894
30
0
0
VERTEX
8
RASTER
10
126.998
20
20.773
30
0
0
VERTEX
8
RASTER
10
127.075
20
20.675
30
0
0
VERTEX
8
RASTER
10
127.173
20
20.598
30
0
0
VERTEX
8
RASTER
10
127.294
20
20.544
30
0
0
VERTEX
8
RASTER
10
127.436
20
20.511
30
0
0
VERTEX
8
RASTER
10
127.6
20
20.5
30
0
0
VERTEX
8
RASTER
10
134.8
20
20.5
30
0
0
VERTEX
8
RASTER
10
134.964
20
20.511
30
0
0
VERTEX
8
RASTER
10
135.106
20
20.544
30
0
0
VERTEX
8
RASTER
10
135.227
20
20.598
30
0
0
VERTEX
8
RASTER
10
135.325
20
20.675
30
0
0
VERTEX
8
RASTER
10
135.402
20
20.773
30
0
0
VERTEX
8
RASTER
10
135.456
20
20.894
30
0
0
VERTEX
8
RASTER
10
135.489
20
21.036
30
0
0
VERTEX
8
RASTER
10
135.5
20
21.2
30
0
0
VERTEX
8
RASTER
10
135.5
20
28.4
30
0
0
VERTEX
8
RASTER
10
135.489
20
28.564
30
0
0
VERTEX
8
RASTER
10
135.456
20
28.706
30
0
0
VERTEX
8
RASTER
10
135.402
20
28.827
30
0
0
VERTEX
8
RASTER
10
135.325
20
28.925
30
0
0
VERTEX
8
RASTER
10
135.227
20
29.002
30
0
0
VERTEX
8
RASTER
10
135.106
20
29.056
30
0
0
VERTEX
8
RASTER
10
134.964
20
29.089
30
0
0
VERTEX
8
RASTER
10
134.8
20
29.1
30
0
0
VERTEX
8
RASTER
10
127.6
20
29.1
30
0
0
VERTEX
8
RASTER
10
127.436
20
29.089
30
0
0
VERTEX
8
RASTER
10
127.294
20
29.056
30
0
0
VERTEX
8
RASTER
10
127.173
20
29.002
30
0
0
VERTEX
8
RASTER
10
127.075
20
28.925
30
0
0
VERTEX
8
RASTER
10
126.998
20
28.827
30
0
0
VERTEX
8
RASTER
10
126.944
20
28.706
30
0
0
VERTEX
8
RASTER
10
126.911
20
28.564
30
0
0
VERTEX
8
RASTER
10
126.9
20
28.4
30
0
0
SEQEND
8
RASTER
0
POLYLINE
8
RASTER
66
1
70
1
0
VERTEX
8
RASTER
10
130.228
20
26.703
30
0
0
VERTEX
8
RASTER
10
131.436
20
26.008
30
0
0
VERTEX
8
RASTER
10
130.228
20
25.314
30
0
0
VERTEX
8
RASTER
10
129.02
20
26.008
30
0
0
SEQEND
8
RASTER
0
POLYLINE
8
RASTER
66
1
70
1
0
VERTEX
8
RASTER
10
128.935
20
25.862
30
0
0
VERTEX
8
RASTER
10
130.143
20
25.168
30
0
0
VERTEX
8
RASTER
10
130.143
20
23.779
30
0
0
VERTEX
8
RASTER
10
128.935
20
24.474
30
0
0
SEQEND
8
RASTER
0
POLYLINE
8
RASTER
66
1
70
1
0
VERTEX
8
RASTER
10
130.312
20
25.168
30
0
0
VERTEX
8
RASTER
10
131.521
20
25.862
30
0
0
VERTEX
8
RASTER
10
131.521
20
24.474
30
0
0
VERTEX
8
RASTER
10
130.312
20
23.779
30
0
0
SEQEND
8
RASTER
0
POLYLINE
8
RASTER
66
1
70
1
0
VERTEX
8
RASTER
10
132.311
20
24.967
30
0
0
VERTEX
8
RASTER
10
133.217
20
24.446
30
0
0
VERTEX
8
RASTER
10
132.311
20
23.925
30
0
0
VERTEX
8
RASTER
10
131.405
20
24.446
30
0
0
SEQEND
8
RASTER
0
POLYLINE
8
RASTER
66
1
70
1
0
VERTEX
8
RASTER
10
131.32
20
24.3
30
0
0
VERTEX
8
RASTER
10
132.226
20
23.779
30
0
0
VERTEX
8
RASTER
10
132.226
20
22.738
30
0
0
VERTEX
8
RASTER
10
131.32
20
23.258
30
0
0
SEQEND
8
RASTER
0
POLYLINE
8
RASTER
66
1
70
1
0
VERTEX
8
RASTER
10
132.396
20
23.779
30
0
0
VERTEX
8
RASTER
10
133.302
20
24.3
30
0
0
VERTEX
8
RASTER
10
133.302
20
23.258
30
0
0
VERTEX
8
RASTER
10
132.396
20
22.738
30
0
0
SEQEND
8
RASTER
0
POLYLINE
8
CUT
66
1
70
1
0
VERTEX
8
CUT
10
140.8
20
28.9
30
0
0
VERTEX
8
CUT
10
140.823
20
29.252
30
0
0
VERTEX
8
CUT
10
140.894
20
29.556
30
0
0
VERTEX
8
CUT
10
141.011
20
29.814
30
0
0
VERTEX
8
CUT
10
141.175
20
30.025
30
0
0
VERTEX
8
CUT
10
141.386
20
30.189
30
0
0
VERTEX
8
CUT
10
141.644
20
30.306
30
0
0
VERTEX
8
CUT
10
141.948
20
30.377
30
0
0
VERTEX
8
CUT
10
142.3
20
30.4
30
0
0
VERTEX
8
CUT
10
150.5
20
30.4
30
0
0
VERTEX
8
CUT
10
150.852
20
30.377
30
0
0
VERTEX
8
CUT
10
151.156
20
30.306
30
0
0
VERTEX
8
CUT
10
151.414
20
30.189
30
0
0
VERTEX
8
CUT
10
151.625
20
30.025
30
0
0
VERTEX
8
CUT
10
151.789
20
29.814
30
0
0
VERTEX
8
CUT
10
151.906
20
29.556
30
0
0
VERTEX
8
CUT
10
151.977
20
29.252
30
0
0
VERTEX
8
CUT
10
152
20
28.9
30
0
0
VERTEX
8
CUT
10
152
20
20.7
30
0
0
VERTEX
8
CUT
10
151.977
20
20.348
30
0
0
VERTEX
8
CUT
10
151.906
20
20.044
30
0
0
VERTEX
8
CUT
10
151.789
20
19.786
30
0
0
VERTEX
8
CUT
10
151.625
20
19.575
30
0
0
VERTEX
8
CUT
10
151.414
20
19.411
30
0
0
VERTEX
8
CUT
10
151.156
20
19.294
30
0
0
VERTEX
8
CUT
10
150.852
20
19.223
30
0
0
VERTEX
8
CUT
10
150.5
20
19.2
30
0
0
VERTEX
8
CUT
10
142.3
20
19.2
30
0
0
VERTEX
8
CUT
10
141.948
20
19.223
30
0
0
VERTEX
8
CUT
10
141.644
20
19.294
30
0
0
VERTEX
8
CUT
10
141.386
20
19.411
30
0
0
VERTEX
8
CUT
10
141.175
20
19.575
30
0
0
VERTEX
8
CUT
10
141.011
20
19.786
30
0
0
VERTEX
8
CUT
10
140.894
20
20.044
30
0
0
VERTEX
8
CUT
10
140.823
20
20.348
30
0
0
VERTEX
8
CUT
10
140.8
20
20.7
30
0
0
SEQEND
8
CUT
0
POLYLINE
8
RASTER
66
1
70
1
0
VERTEX
8
RASTER
10
141.6
20
28.4
30
0
0
VERTEX
8
RASTER
10
141.619
20
28.681
30
0
0
VERTEX
8
RASTER
10
141.675
20
28.925
30
0
0
VERTEX
8
RASTER
10
141.769
20
29.131
30
0
0
VERTEX
8
RASTER
10
141.9
20
29.3
30
0
0
VERTEX
8
RASTER
10
142.069
20
29.431
30
0
0
VERTEX
8
RASTER
10
142.275
20
29.525
30
0
0
VERTEX
8
RASTER
10
142.519
20
29.581
30
0
0
VERTEX
8
RASTER
10
142.8
20
29.6
30
0
0
VERTEX
8
RASTER
10
150
20
29.6
30
0
0
VERTEX
8
RASTER
10
150.281
20
29.581
30
0
0
VERTEX
8
RASTER
10
150.525
20
29.525
30
0
0
VERTEX
8
RASTER
10
150.731
20
29.431
30
0
0
VERTEX
8
RASTER
10
150.9
20
29.3
30
0
0
VERTEX
8
RASTER
10
151.031
20
29.131
30
0
0
VERTEX
8
RASTER
10
151.125
20
28.925
30
0
0
VERTEX
8
RASTER
10
151.181
20
28.681
30
0
0
VERTEX
8
RASTER
10
151.2
20
28.4
30
0
0
VERTEX
8
RASTER
10
151.2
20
21.2
30
0
0
VERTEX
8
RASTER
10
151.181
20
20.919
30
0
0
VERTEX
8
RASTER
10
151.125
20
20.675
30
0
0
VERTEX
8
RASTER
10
151.031
20
20.469
30
0
0
VERTEX
8
RASTER
10
150.9
20
20.3
30
0
0
VERTEX
8
RASTER
10
150.731
20
20.169
30
0
0
VERTEX
8
RASTER
10
150.525
20
20.075
30
0
0
VERTEX
8
RASTER
10
150.281
20
20.019
30
0
0
VERTEX
8
RASTER
10
150
20
20
30
0
0
VERTEX
8
RASTER
10
142.8
20
20
30
0
0
VERTEX
8
RASTER
10
142.519
20
20.019
30
0
0
VERTEX
8
RASTER
10
142.275
20
20.075
30
0
0
VERTEX
8
RASTER
10
142.069
20
20.169
30
0
0
VERTEX
8
RASTER
10
141.9
20
20.3
30
0
0
VERTEX
8
RASTER
10
141.769
20
20.469
30
0
0
VERTEX
8
RASTER
10
141.675
20
20.675
30
0
0
VERTEX
8
RASTER
10
141.619
20
20.919
30
0
0
VERTEX
8
RASTER
10
141.6
20
21.2
30
0
0
SEQEND
8
RASTER
0
POLYLINE
8
RASTER
66
1
70
1
0
VERTEX
8
RASTER
10
142.1
20
28.4
30
0
0
VERTEX
8
RASTER
10
142.1
20
21.2
30
0
0
VERTEX
8
RASTER
10
142.111
20
21.036
30
0
0
VERTEX
8
RASTER
10
142.144
20
20.894
30
0
0
VERTEX
8
RASTER
10
142.198
20
20.773
30
0
0
VERTEX
8
RASTER
10
142.275
20
20.675
30
0
0
VERTEX
8
RASTER
10
142.373
20
20.598
30
0
0
VERTEX
8
RASTER
10
142.494
20
20.544
30
0
0
VERTEX
8
RASTER
10
142.636
20
20.511
30
0
0
VERTEX
8
RASTER
10
142.8
20
20.5
30
0
0
VERTEX
8
RASTER
10
150
20
20.5
30
0
0
VERTEX
8
RASTER
10
150.164
20
20.511
30
0
0
VERTEX
8
RASTER
10
150.306
20
20.544
30
0
0
VERTEX
8
RASTER
10
150.427
20
20.598
30
0
0
VERTEX
8
RASTER
10
150.525
20
20.675
30
0
0
VERTEX
8
RASTER
10
150.602
20
20.773
30
0
0
VERTEX
8
RASTER
10
150.656
20
20.894
30
0
0
VERTEX
8
RASTER
10
150.689
20
21.036
30
0
0
VERTEX
8
RASTER
10
150.7
20
21.2
30
0
0
VERTEX
8
RASTER
10
150.7
20
28.4
30
0
0
VERTEX
8
RASTER
10
150.689
20
28.564
30
0
0
VERTEX
8
RASTER
10
150.656
20
28.706
30
0
0
VERTEX
8
RASTER
10
150.602
20
28.827
30
0
0
VERTEX
8
RASTER
10
150.525
20
28.925
30
0
0
VERTEX
8
RASTER
10
150.427
20
29.002
30
0
0
VERTEX
8
RASTER
10
150.306
20
29.056
30
0
0
VERTEX
8
RASTER
10
150.164
20
29.089
30
0
0
VERTEX
8
RASTER
10
150
20
29.1
30
0
0
VERTEX
8
RASTER
10
142.8
20
29.1
30
0
0
VERTEX
8
RASTER
10
142.636
20
29.089
30
0
0
VERTEX
8
RASTER
10
142.494
20
29.056
30
0
0
VERTEX
8
RASTER
10
142.373
20
29.002
30
0
0
VERTEX
8
RASTER
10
142.275
20
28.925
30
0
0
VERTEX
8
RASTER
10
142.198
20
28.827
30
0
0
VERTEX
8
RASTER
10
142.144
20
28.706
30
0
0
VERTEX
8
RASTER
10
142.111
20
28.564
30
0
0
VERTEX
8
RASTER
10
142.1
20
28.4
30
0
0
SEQEND
8
RASTER
0
POLYLINE
8
RASTER
66
1
70
1
0
VERTEX
8
RASTER
10
145.428
20
26.703
30
0
0
VERTEX
8
RASTER
10
146.636
20
26.008
30
0
0
VERTEX
8
RASTER
10
145.428
20
25.314
30
0
0
VERTEX
8
RASTER
10
144.22
20
26.008
30
0
0
SEQEND
8
RASTER
0
POLYLINE
8
RASTER
66
1
70
1
0
VERTEX
8
RASTER
10
144.135
20
25.862
30
0
0
VERTEX
8
RASTER
10
145.343
20
25.168
30
0
0
VERTEX
8
RASTER
10
145.343
20
23.779
30
0
0
VERTEX
8
RASTER
10
144.135
20
24.474
30
0
0
SEQEND
8
RASTER
0
POLYLINE
8
RASTER
66
1
70
1
0
VERTEX
8
RASTER
10
145.512
20
25.168
30
0
0
VERTEX
8
RASTER
10
146.721
20
25.862
30
0
0
VERTEX
8
RASTER
10
146.721
20
24.474
30
0
0
VERTEX
8
RASTER
10
145.512
20
23.779
30
0
0
SEQEND
8
RASTER
0
POLYLINE
8
RASTER
66
1
70
1
0
VERTEX
8
RASTER
10
147.511
20
24.967
30
0
0
VERTEX
8
RASTER
10
148.417
20
24.446
30
0
0
VERTEX
8
RASTER
10
147.511
20
23.925
30
0
0
VERTEX
8
RASTER
10
146.605
20
24.446
30
0
0
SEQEND
8
RASTER
0
POLYLINE
8
RASTER
66
1
70
1
0
VERTEX
8
RASTER
10
146.52
20
24.3
30
0
0
VERTEX
8
RASTER
10
147.426
20
23.779
30
0
0
VERTEX
8
RASTER
10
147.426
20
22.738
30
0
0
VERTEX
8
RASTER
10
146.52
20
23.258
30
0
0
SEQEND
8
RASTER
0
POLYLINE
8
RASTER
66
1
70
1
0
VERTEX
8
RASTER
10
147.596
20
23.779
30
0
0
VERTEX
8
RASTER
10
148.502
20
24.3
30
0
0
VERTEX
8
RASTER
10
148.502
20
23.258
30
0
0
VERTEX
8
RASTER
10
147.596
20
22.738
30
0
0
SEQEND
8
RASTER
0
POLYLINE
8
CUT
66
1
70
1
0
VERTEX
8
CUT
10
156
20
28.9
30
0
0
VERTEX
8
CUT
10
156.023
20
29.252
30
0
0
VERTEX
8
CUT
10
156.094
20
29.556
30
0
0
VERTEX
8
CUT
10
156.211
20
29.814
30
0
0
VERTEX
8
CUT
10
156.375
20
30.025
30
0
0
VERTEX
8
CUT
10
156.586
20
30.189
30
0
0
VERTEX
8
CUT
10
156.844
20
30.306
30
0
0
VERTEX
8
CUT
10
157.148
20
30.377
30
0
0
VERTEX
8
CUT
10
157.5
20
30.4
30
0
0
VERTEX
8
CUT
10
165.7
20
30.4
30
0
0
VERTEX
8
CUT
10
166.052
20
30.377
30
0
0
VERTEX
8
CUT
10
166.356
20
30.306
30
0
0
VERTEX
8
CUT
10
166.614
20
30.189
30
0
0
VERTEX
8
CUT
10
166.825
20
30.025
30
0
0
VERTEX
8
CUT
10
166.989
20
29.814
30
0
0
VERTEX
8
CUT
10
167.106
20
29.556
30
0
0
VERTEX
8
CUT
10
167.177
20
29.252
30
0
0
VERTEX
8
CUT
10
167.2
20
28.9
30
0
0
VERTEX
8
CUT
10
167.2
20
20.7
30
0
0
VERTEX
8
CUT
10
167.177
20
20.348
30
0
0
VERTEX
8
CUT
10
167.106
20
20.044
30
0
0
VERTEX
8
CUT
10
166.989
20
19.786
30
0
0
VERTEX
8
CUT
10
166.825
20
19.575
30
0
0
VERTEX
8
CUT
10
166.614
20
19.411
30
0
0
VERTEX
8
CUT
10
166.356
20
19.294
30
0
0
VERTEX
8
CUT
10
166.052
20
19.223
30
0
0
VERTEX
8
CUT
10
165.7
20
19.2
30
0
0
VERTEX
8
CUT
10
157.5
20
19.2
30
0
0
VERTEX
8
CUT
10
157.148
20
19.223
30
0
0
VERTEX
8
CUT
10
156.844
20
19.294
30
0
0
VERTEX
8
CUT
10
156.586
20
19.411
30
0
0
VERTEX
8
CUT
10
156.375
20
19.575
30
0
0
VERTEX
8
CUT
10
156.211
20
19.786
30
0
0
VERTEX
8
CUT
10
156.094
20
20.044
30
0
0
VERTEX
8
CUT
10
156.023
20
20.348
30
0
0
VERTEX
8
CUT
10
156
20
20.7
30
0
0
SEQEND
8
CUT
0
POLYLINE
8
RASTER
66
1
70
1
0
VERTEX
8
RASTER
10
156.8
20
28.4
30
0
0
VERTEX
8
RASTER
10
156.819
20
28.681
30
0
0
VERTEX
8
RASTER
10
156.875
20
28.925
30
0
0
VERTEX
8
RASTER
10
156.969
20
29.131
30
0
0
VERTEX
8
RASTER
10
157.1
20
29.3
30
0
0
VERTEX
8
RASTER
10
157.269
20
29.431
30
0
0
VERTEX
8
RASTER
10
157.475
20
29.525
30
0
0
VERTEX
8
RASTER
10
157.719
20
29.581
30
0
0
VERTEX
8
RASTER
10
158
20
29.6
30
0
0
VERTEX
8
RASTER
10
165.2
20
29.6
30
0
0
VERTEX
8
RASTER
10
165.481
20
29.581
30
0
0
VERTEX
8
RASTER
10
165.725
20
29.525
30
0
0
VERTEX
8
RASTER
10
165.931
20
29.431
30
0
0
VERTEX
8
RASTER
10
166.1
20
29.3
30
0
0
VERTEX
8
RASTER
10
166.231
20
29.131
30
0
0
VERTEX
8
RASTER
10
166.325
20
28.925
30
0
0
VERTEX
8
RASTER
10
166.381
20
28.681
30
0
0
VERTEX
8
RASTER
10
166.4
20
28.4
30
0
0
VERTEX
8
RASTER
10
166.4
20
21.2
30
0
0
VERTEX
8
RASTER
10
166.381
20
20.919
30
0
0
VERTEX
8
RASTER
10
166.325
20
20.675
30
0
0
VERTEX
8
RASTER
10
166.231
20
20.469
30
0
0
VERTEX
8
RASTER
10
166.1
20
20.3
30
0
0
VERTEX
8
RASTER
10
165.931
20
20.169
30
0
0
VERTEX
8
RASTER
10
165.725
20
20.075
30
0
0
VERTEX
8
RASTER
10
165.481
20
20.019
30
0
0
VERTEX
8
RASTER
10
165.2
20
20
30
0
0
VERTEX
8
RASTER
10
158
20
20
30
0
0
VERTEX
8
RASTER
10
157.719
20
20.019
30
0
0
VERTEX
8
RASTER
10
157.475
20
20.075
30
0
0
VERTEX
8
RASTER
10
157.269
20
20.169
30
0
0
VERTEX
8
RASTER
10
157.1
20
20.3
30
0
0
VERTEX
8
RASTER
10
156.969
20
20.469
30
0
0
VERTEX
8
RASTER
10
156.875
20
20.675
30
0
0
VERTEX
8
RASTER
10
156.819
20
20.919
30
0
0
VERTEX
8
RASTER
10
156.8
20
21.2
30
0
0
SEQEND
8
RASTER
0
POLYLINE
8
RASTER
66
1
70
1
0
VERTEX
8
RASTER
10
157.3
20
28.4
30
0
0
VERTEX
8
RASTER
10
157.3
20
21.2
30
0
0
VERTEX
8
RASTER
10
157.311
20
21.036
30
0
0
VERTEX
8
RASTER
10
157.344
20
20.894
30
0
0
VERTEX
8
RASTER
10
157.398
20
20.773
30
0
0
VERTEX
8
RASTER
10
157.475
20
20.675
30
0
0
VERTEX
8
RASTER
10
157.573
20
20.598
30
0
0
VERTEX
8
RASTER
10
157.694
20
20.544
30
0
0
VERTEX
8
RASTER
10
157.836
20
20.511
30
0
0
VERTEX
8
RASTER
10
158
20
20.5
30
0
0
VERTEX
8
RASTER
10
165.2
20
20.5
30
0
0
VERTEX
8
RASTER
10
165.364
20
20.511
30
0
0
VERTEX
8
RASTER
10
165.506
20
20.544
30
0
0
VERTEX
8
RASTER
10
165.627
20
20.598
30
0
0
VERTEX
8
RASTER
10
165.725
20
20.675
30
0
0
VERTEX
8
RASTER
10
165.802
20
20.773
30
0
0
VERTEX
8
RASTER
10
165.856
20
20.894
30
0
0
VERTEX
8
RASTER
10
165.889
20
21.036
30
0
0
VERTEX
8
RASTER
10
165.9
20
21.2
30
0
0
VERTEX
8
RASTER
10
165.9
20
28.4
30
0
0
VERTEX
8
RASTER
10
165.889
20
28.564
30
0
0
VERTEX
8
RASTER
10
165.856
20
28.706
30
0
0
VERTEX
8
RASTER
10
165.802
20
28.827
30
0
0
VERTEX
8
RASTER
10
165.725
20
28.925
30
0
0
VERTEX
8
RASTER
10
165.627
20
29.002
30
0
0
VERTEX
8
RASTER
10
165.506
20
29.056
30
0
0
VERTEX
8
RASTER
10
165.364
20
29.089
30
0
0
VERTEX
8
RASTER
10
165.2
20
29.1
30
0
0
VERTEX
8
RASTER
10
158
20
29.1
30
0
0
VERTEX
8
RASTER
10
157.836
20
29.089
30
0
0
VERTEX
8
RASTER
10
157.694
20
29.056
30
0
0
VERTEX
8
RASTER
10
157.573
20
29.002
30
0
0
VERTEX
8
RASTER
10
157.475
20
28.925
30
0
0
VERTEX
8
RASTER
10
157.398
20
28.827
30
0
0
VERTEX
8
RASTER
10
157.344
20
28.706
30
0
0
VERTEX
8
RASTER
10
157.311
20
28.564
30
0
0
VERTEX
8
RASTER
10
157.3
20
28.4
30
0
0
SEQEND
8
RASTER
0
POLYLINE
8
RASTER
66
1
70
1
0
VERTEX
8
RASTER
10
160.628
20
26.703
30
0
0
VERTEX
8
RASTER
10
161.836
20
26.008
30
0
0
VERTEX
8
RASTER
10
160.628
20
25.314
30
0
0
VERTEX
8
RASTER
10
159.42
20
26.008
30
0
0
SEQEND
8
RASTER
0
POLYLINE
8
RASTER
66
1
70
1
0
VERTEX
8
RASTER
10
159.335
20
25.862
30
0
0
VERTEX
8
RASTER
10
160.543
20
25.168
30
0
0
VERTEX
8
RASTER
10
160.543
20
23.779
30
0
0
VERTEX
8
RASTER
10
159.335
20
24.474
30
0
0
SEQEND
8
RASTER
0
POLYLINE
8
RASTER
66
1
70
1
0
VERTEX
8
RASTER
10
160.712
20
25.168
30
0
0
VERTEX
8
RASTER
10
161.921
20
25.862
30
0
0
VERTEX
8
RASTER
10
161.921
20
24.474
30
0
0
VERTEX
8
RASTER
10
160.712
20
23.779
30
0
0
SEQEND
8
RASTER
0
POLYLINE
8
RASTER
66
1
70
1
0
VERTEX
8
RASTER
10
162.711
20
24.967
30
0
0
VERTEX
8
RASTER
10
163.617
20
24.446
30
0
0
VERTEX
8
RASTER
10
162.711
20
23.925
30
0
0
VERTEX
8
RASTER
10
161.805
20
24.446
30
0
0
SEQEND
8
RASTER
0
POLYLINE
8
RASTER
66
1
70
1
0
VERTEX
8
RASTER
10
161.72
20
24.3
30
0
0
VERTEX
8
RASTER
10
162.626
20
23.779
30
0
0
VERTEX
8
RASTER
10
162.626
20
22.738
30
0
0
VERTEX
8
RASTER
10
161.72
20
23.258
30
0
0
SEQEND
8
RASTER
0
POLYLINE
8
RASTER
66
1
70
1
0
VERTEX
8
RASTER
10
162.796
20
23.779
30
0
0
VERTEX
8
RASTER
10
163.702
20
24.3
30
0
0
VERTEX
8
RASTER
10
163.702
20
23.258
30
0
0
VERTEX
8
RASTER
10
162.796
20
22.738
30
0
0
SEQEND
8
RASTER
0
POLYLINE
8
CUT
66
1
70
1
0
VERTEX
8
CUT
10
171.2
20
28.9
30
0
0
VERTEX
8
CUT
10
171.223
20
29.252
30
0
0
VERTEX
8
CUT
10
171.294
20
29.556
30
0
0
VERTEX
8
CUT
10
171.411
20
29.814
30
0
0
VERTEX
8
CUT
10
171.575
20
30.025
30
0
0
VERTEX
8
CUT
10
171.786
20
30.189
30
0
0
VERTEX
8
CUT
10
172.044
20
30.306
30
0
0
VERTEX
8
CUT
10
172.348
20
30.377
30
0
0
VERTEX
8
CUT
10
172.7
20
30.4
30
0
0
VERTEX
8
CUT
10
180.9
20
30.4
30
0
0
VERTEX
8
CUT
10
181.252
20
30.377
30
0
0
VERTEX
8
CUT
10
181.556
20
30.306
30
0
0
VERTEX
8
CUT
10
181.814
20
30.189
30
0
0
VERTEX
8
CUT
10
182.025
20
30.025
30
0
0
VERTEX
8
CUT
10
182.189
20
29.814
30
0
0
VERTEX
8
CUT
10
182.306
20
29.556
30
0
0
VERTEX
8
CUT
10
182.377
20
29.252
30
0
0
VERTEX
8
CUT
10
182.4
20
28.9
30
0
0
VERTEX
8
CUT
10
182.4
20
20.7
30
0
0
VERTEX
8
CUT
10
182.377
20
20.348
30
0
0
VERTEX
8
CUT
10
182.306
20
20.044
30
0
0
VERTEX
8
CUT
10
182.189
20
19.786
30
0
0
VERTEX
8
CUT
10
182.025
20
19.575
30
0
0
VERTEX
8
CUT
10
181.814
20
19.411
30
0
0
VERTEX
8
CUT
10
181.556
20
19.294
30
0
0
VERTEX
8
CUT
10
181.252
20
19.223
30
0
0
VERTEX
8
CUT
10
180.9
20
19.2
30
0
0
VERTEX
8
CUT
10
172.7
20
19.2
30
0
0
VERTEX
8
CUT
10
172.348
20
19.223
30
0
0
VERTEX
8
CUT
10
172.044
20
19.294
30
0
0
VERTEX
8
CUT
10
171.786
20
19.411
30
0
0
VERTEX
8
CUT
10
171.575
20
19.575
30
0
0
VERTEX
8
CUT
10
171.411
20
19.786
30
0
0
VERTEX
8
CUT
10
171.294
20
20.044
30
0
0
VERTEX
8
CUT
10
171.223
20
20.348
30
0
0
VERTEX
8
CUT
10
171.2
20
20.7
30
0
0
SEQEND
8
CUT
0
POLYLINE
8
RASTER
66
1
70
1
0
VERTEX
8
RASTER
10
172
20
28.4
30
0
0
VERTEX
8
RASTER
10
172.019
20
28.681
30
0
0
VERTEX
8
RASTER
10
172.075
20
28.925
30
0
0
VERTEX
8
RASTER
10
172.169
20
29.131
30
0
0
VERTEX
8
RASTER
10
172.3
20
29.3
30
0
0
VERTEX
8
RASTER
10
172.469
20
29.431
30
0
0
VERTEX
8
RASTER
10
172.675
20
29.525
30
0
0
VERTEX
8
RASTER
10
172.919
20
29.581
30
0
0
VERTEX
8
RASTER
10
173.2
20
29.6
30
0
0
VERTEX
8
RASTER
10
180.4
20
29.6
30
0
0
VERTEX
8
RASTER
10
180.681
20
29.581
30
0
0
VERTEX
8
RASTER
10
180.925
20
29.525
30
0
0
VERTEX
8
RASTER
10
181.131
20
29.431
30
0
0
VERTEX
8
RASTER
10
181.3
20
29.3
30
0
0
VERTEX
8
RASTER
10
181.431
20
29.131
30
0
0
VERTEX
8
RASTER
10
181.525
20
28.925
30
0
0
VERTEX
8
RASTER
10
181.581
20
28.681
30
0
0
VERTEX
8
RASTER
10
181.6
20
28.4
30
0
0
VERTEX
8
RASTER
10
181.6
20
21.2
30
0
0
VERTEX
8
RASTER
10
181.581
20
20.919
30
0
0
VERTEX
8
RASTER
10
181.525
20
20.675
30
0
0
VERTEX
8
RASTER
10
181.431
20
20.469
30
0
0
VERTEX
8
RASTER
10
181.3
20
20.3
30
0
0
VERTEX
8
RASTER
10
181.131
20
20.169
30
0
0
VERTEX
8
RASTER
10
180.925
20
20.075
30
0
0
VERTEX
8
RASTER
10
180.681
20
20.019
30
0
0
VERTEX
8
RASTER
10
180.4
20
20
30
0
0
VERTEX
8
RASTER
10
173.2
20
20
30
0
0
VERTEX
8
RASTER
10
172.919
20
20.019
30
0
0
VERTEX
8
RASTER
10
172.675
20
20.075
30
0
0
VERTEX
8
RASTER
10
172.469
20
20.169
30
0
0
VERTEX
8
RASTER
10
172.3
20
20.3
30
0
0
VERTEX
8
RASTER
10
172.169
20
20.469
30
0
0
VERTEX
8
RASTER
10
172.075
20
20.675
30
0
0
VERTEX
8
RASTER
10
172.019
20
20.919
30
0
0
VERTEX
8
RASTER
10
172
20
21.2
30
0
0
SEQEND
8
RASTER
0
POLYLINE
8
RASTER
66
1
70
1
0
VERTEX
8
RASTER
10
172.5
20
28.4
30
0
0
VERTEX
8
RASTER
10
172.5
20
21.2
30
0
0
VERTEX
8
RASTER
10
172.511
20
21.036
30
0
0
VERTEX
8
RASTER
10
172.544
20
20.894
30
0
0
VERTEX
8
RASTER
10
172.598
20
20.773
30
0
0
VERTEX
8
RASTER
10
172.675
20
20.675
30
0
0
VERTEX
8
RASTER
10
172.773
20
20.598
30
0
0
VERTEX
8
RASTER
10
172.894
20
20.544
30
0
0
VERTEX
8
RASTER
10
173.036
20
20.511
30
0
0
VERTEX
8
RASTER
10
173.2
20
20.5
30
0
0
VERTEX
8
RASTER
10
180.4
20
20.5
30
0
0
VERTEX
8
RASTER
10
180.564
20
20.511
30
0
0
VERTEX
8
RASTER
10
180.706
20
20.544
30
0
0
VERTEX
8
RASTER
10
180.827
20
20.598
30
0
0
VERTEX
8
RASTER
10
180.925
20
20.675
30
0
0
VERTEX
8
RASTER
10
181.002
20
20.773
30
0
0
VERTEX
8
RASTER
10
181.056
20
20.894
30
0
0
VERTEX
8
RASTER
10
181.089
20
21.036
30
0
0
VERTEX
8
RASTER
10
181.1
20
21.2
30
0
0
VERTEX
8
RASTER
10
181.1
20
28.4
30
0
0
VERTEX
8
RASTER
10
181.089
20
28.564
30
0
0
VERTEX
8
RASTER
10
181.056
20
28.706
30
0
0
VERTEX
8
RASTER
10
181.002
20
28.827
30
0
0
VERTEX
8
RASTER
10
180.925
20
28.925
30
0
0
VERTEX
8
RASTER
10
180.827
20
29.002
30
0
0
VERTEX
8
RASTER
10
180.706
20
29.056
30
0
0
VERTEX
8
RASTER
10
180.564
20
29.089
30
0
0
VERTEX
8
RASTER
10
180.4
20
29.1
30
0
0
VERTEX
8
RASTER
10
173.2
20
29.1
30
0
0
VERTEX
8
RASTER
10
173.036
20
29.089
30
0
0
VERTEX
8
RASTER
10
172.894
20
29.056
30
0
0
VERTEX
8
RASTER
10
172.773
20
29.002
30
0
0
VERTEX
8
RASTER
10
172.675
20
28.925
30
0
0
VERTEX
8
RASTER
10
172.598
20
28.827
30
0
0
VERTEX
8
RASTER
10
172.544
20
28.706
30
0
0
VERTEX
8
RASTER
10
172.511
20
28.564
30
0
0
VERTEX
8
RASTER
10
172.5
20
28.4
30
0
0
SEQEND
8
RASTER
0
POLYLINE
8
RASTER
66
1
70
1
0
VERTEX
8
RASTER
10
175.828
20
26.703
30
0
0
VERTEX
8
RASTER
10
177.036
20
26.008
30
0
0
VERTEX
8
RASTER
10
175.828
20
25.314
30
0
0
VERTEX
8
RASTER
10
174.62
20
26.008
30
0
0
SEQEND
8
RASTER
0
POLYLINE
8
RASTER
66
1
70
1
0
VERTEX
8
RASTER
10
174.535
20
25.862
30
0
0
VERTEX
8
RASTER
10
175.743
20
25.168
30
0
0
VERTEX
8
RASTER
10
175.743
20
23.779
30
0
0
VERTEX
8
RASTER
10
174.535
20
24.474
30
0
0
SEQEND
8
RASTER
0
POLYLINE
8
RASTER
66
1
70
1
0
VERTEX
8
RASTER
10
175.912
20
25.168
30
0
0
VERTEX
8
RASTER
10
177.121
20
25.862
30
0
0
VERTEX
8
RASTER
10
177.121
20
24.474
30
0
0
VERTEX
8
RASTER
10
175.912
20
23.779
30
0
0
SEQEND
8
RASTER
0
POLYLINE
8
RASTER
66
1
70
1
0
VERTEX
8
RASTER
10
177.911
20
24.967
30
0
0
VERTEX
8
RASTER
10
178.817
20
24.446
30
0
0
VERTEX
8
RASTER
10
177.911
20
23.925
30
0
0
VERTEX
8
RASTER
10
177.005
20
24.446
30
0
0
SEQEND
8
RASTER
0
POLYLINE
8
RASTER
66
1
70
1
0
VERTEX
8
RASTER
10
176.92
20
24.3
30
0
0
VERTEX
8
RASTER
10
177.826
20
23.779
30
0
0
VERTEX
8
RASTER
10
177.826
20
22.738
30
0
0
VERTEX
8
RASTER
10
176.92
20
23.258
30
0
0
SEQEND
8
RASTER
0
POLYLINE
8
RASTER
66
1
70
1
0
VERTEX
8
RASTER
10
177.996
20
23.779
30
0
0
VERTEX
8
RASTER
10
178.902
20
24.3
30
0
0
VERTEX
8
RASTER
10
178.902
20
23.258
30
0
0
VERTEX
8
RASTER
10
177.996
20
22.738
30
0
0
SEQEND
8
RASTER
0
POLYLINE
8
CUT
66
1
70
1
0
VERTEX
8
CUT
10
186.4
20
28.9
30
0
0
VERTEX
8
CUT
10
186.423
20
29.252
30
0
0
VERTEX
8
CUT
10
186.494
20
29.556
30
0
0
VERTEX
8
CUT
10
186.611
20
29.814
30
0
0
VERTEX
8
CUT
10
186.775
20
30.025
30
0
0
VERTEX
8
CUT
10
186.986
20
30.189
30
0
0
VERTEX
8
CUT
10
187.244
20
30.306
30
0
0
VERTEX
8
CUT
10
187.548
20
30.377
30
0
0
VERTEX
8
CUT
10
187.9
20
30.4
30
0
0
VERTEX
8
CUT
10
196.1
20
30.4
30
0
0
VERTEX
8
CUT
10
196.452
20
30.377
30
0
0
VERTEX
8
CUT
10
196.756
20
30.306
30
0
0
VERTEX
8
CUT
10
197.014
20
30.189
30
0
0
VERTEX
8
CUT
10
197.225
20
30.025
30
0
0
VERTEX
8
CUT
10
197.389
20
29.814
30
0
0
VERTEX
8
CUT
10
197.506
20
29.556
30
0
0
VERTEX
8
CUT
10
197.577
20
29.252
30
0
0
VERTEX
8
CUT
10
197.6
20
28.9
30
0
0
VERTEX
8
CUT
10
197.6
20
20.7
30
0
0
VERTEX
8
CUT
10
197.577
20
20.348
30
0
0
VERTEX
8
CUT
10
197.506
20
20.044
30
0
0
VERTEX
8
CUT
10
197.389
20
19.786
30
0
0
VERTEX
8
CUT
10
197.225
20
19.575
30
0
0
VERTEX
8
CUT
10
197.014
20
19.411
30
0
0
VERTEX
8
CUT
10
196.756
20
19.294
30
0
0
VERTEX
8
CUT
10
196.452
20
19.223
30
0
0
VERTEX
8
CUT
10
196.1
20
19.2
30
0
0
VERTEX
8
CUT
10
187.9
20
19.2
30
0
0
VERTEX
8
CUT
10
187.548
20
19.223
30
0
0
VERTEX
8
CUT
10
187.244
20
19.294
30
0
0
VERTEX
8
CUT
10
186.986
20
19.411
30
0
0
VERTEX
8
CUT
10
186.775
20
19.575
30
0
0
VERTEX
8
CUT
10
186.611
20
19.786
30
0
0
VERTEX
8
CUT
10
186.494
20
20.044
30
0
0
VERTEX
8
CUT
10
186.423
20
20.348
30
0
0
VERTEX
8
CUT
10
186.4
20
20.7
30
0
0
SEQEND
8
CUT
0
POLYLINE
8
RASTER
66
1
70
1
0
VERTEX
8
RASTER
10
187.2
20
28.4
30
0
0
VERTEX
8
RASTER
10
187.219
20
28.681
30
0
0
VERTEX
8
RASTER
10
187.275
20
28.925
30
0
0
VERTEX
8
RASTER
10
187.369
20
29.131
30
0
0
VERTEX
8
RASTER
10
187.5
20
29.3
30
0
0
VERTEX
8
RASTER
10
187.669
20
29.431
30
0
0
VERTEX
8
RASTER
10
187.875
20
29.525
30
0
0
VERTEX
8
RASTER
10
188.119
20
29.581
30
0
0
VERTEX
8
RASTER
10
188.4
20
29.6
30
0
0
VERTEX
8
RASTER
10
195.6
20
29.6
30
0
0
VERTEX
8
RASTER
10
195.881
20
29.581
30
0
0
VERTEX
8
RASTER
10
196.125
20
29.525
30
0
0
VERTEX
8
RASTER
10
196.331
20
29.431
30
0
0
VERTEX
8
RASTER
10
196.5
20
29.3
30
0
0
VERTEX
8
RASTER
10
196.631
20
29.131
30
0
0
VERTEX
8
RASTER
10
196.725
20
28.925
30
0
0
VERTEX
8
RASTER
10
196.781
20
28.681
30
0
0
VERTEX
8
RASTER
10
196.8
20
28.4
30
0
0
VERTEX
8
RASTER
10
196.8
20
21.2
30
0
0
VERTEX
8
RASTER
10
196.781
20
20.919
30
0
0
VERTEX
8
RASTER
10
196.725
20
20.675
30
0
0
VERTEX
8
RASTER
10
196.631
20
20.469
30
0
0
VERTEX
8
RASTER
10
196.5
20
20.3
30
0
0
VERTEX
8
RASTER
10
196.331
20
20.169
30
0
0
VERTEX
8
RASTER
10
196.125
20
20.075
30
0
0
VERTEX
8
RASTER
10
195.881
20
20.019
30
0
0
VERTEX
8
RASTER
10
195.6
20
20
30
0
0
VERTEX
8
RASTER
10
188.4
20
20
30
0
0
VERTEX
8
RASTER
10
188.119
20
20.019
30
0
0
VERTEX
8
RASTER
10
187.875
20
20.075
30
0
0
VERTEX
8
RASTER
10
187.669
20
20.169
30
0
0
VERTEX
8
RASTER
10
187.5
20
20.3
30
0
0
VERTEX
8
RASTER
10
187.369
20
20.469
30
0
0
VERTEX
8
RASTER
10
187.275
20
20.675
30
0
0
VERTEX
8
RASTER
10
187.219
20
20.919
30
0
0
VERTEX
8
RASTER
10
187.2
20
21.2
30
0
0
SEQEND
8
RASTER
0
POLYLINE
8
RASTER
66
1
70
1
0
VERTEX
8
RASTER
10
187.7
20
28.4
30
0
0
VERTEX
8
RASTER
10
187.7
20
21.2
30
0
0
VERTEX
8
RASTER
10
187.711
20
21.036
30
0
0
VERTEX
8
RASTER
10
187.744
20
20.894
30
0
0
VERTEX
8
RASTER
10
187.798
20
20.773
30
0
0
VERTEX
8
RASTER
10
187.875
20
20.675
30
0
0
VERTEX
8
RASTER
10
187.973
20
20.598
30
0
0
VERTEX
8
RASTER
10
188.094
20
20.544
30
0
0
VERTEX
8
RASTER
10
188.236
20
20.511
30
0
0
VERTEX
8
RASTER
10
188.4
20
20.5
30
0
0
VERTEX
8
RASTER
10
195.6
20
20.5
30
0
0
VERTEX
8
RASTER
10
195.764
20
20.511
30
0
0
VERTEX
8
RASTER
10
195.906
20
20.544
30
0
0
VERTEX
8
RASTER
10
196.027
20
20.598
30
0
0
VERTEX
8
RASTER
10
196.125
20
20.675
30
0
0
VERTEX
8
RASTER
10
196.202
20
20.773
30
0
0
VERTEX
8
RASTER
10
196.256
20
20.894
30
0
0
VERTEX
8
RASTER
10
196.289
20
21.036
30
0
0
VERTEX
8
RASTER
10
196.3
20
21.2
30
0
0
VERTEX
8
RASTER
10
196.3
20
28.4
30
0
0
VERTEX
8
RASTER
10
196.289
20
28.564
30
0
0
VERTEX
8
RASTER
10
196.256
20
28.706
30
0
0
VERTEX
8
RASTER
10
196.202
20
28.827
30
0
0
VERTEX
8
RASTER
10
196.125
20
28.925
30
0
0
VERTEX
8
RASTER
10
196.027
20
29.002
30
0
0
VERTEX
8
RASTER
10
195.906
20
29.056
30
0
0
VERTEX
8
RASTER
10
195.764
20
29.089
30
0
0
VERTEX
8
RASTER
10
195.6
20
29.1
30
0
0
VERTEX
8
RASTER
10
188.4
20
29.1
30
0
0
VERTEX
8
RASTER
10
188.236
20
29.089
30
0
0
VERTEX
8
RASTER
10
188.094
20
29.056
30
0
0
VERTEX
8
RASTER
10
187.973
20
29.002
30
0
0
VERTEX
8
RASTER
10
187.875
20
28.925
30
0
0
VERTEX
8
RASTER
10
187.798
20
28.827
30
0
0
VERTEX
8
RASTER
10
187.744
20
28.706
30
0
0
VERTEX
8
RASTER
10
187.711
20
28.564
30
0
0
VERTEX
8
RASTER
10
187.7
20
28.4
30
0
0
SEQEND
8
RASTER
0
POLYLINE
8
RASTER
66
1
70
1
0
VERTEX
8
RASTER
10
192
20
27.855
30
0
0
VERTEX
8
RASTER
10
192.454
20
27.763
30
0
0
VERTEX
8
RASTER
10
192.875
20
27.504
30
0
0
VERTEX
8
RASTER
10
193.252
20
27.108
30
0
0
VERTEX
8
RASTER
10
193.58
20
26.605
30
0
0
VERTEX
8
RASTER
10
193.849
20
26.024
30
0
0
VERTEX
8
RASTER
10
194.051
20
25.395
30
0
0
VERTEX
8
RASTER
10
194.178
20
24.745
30
0
0
VERTEX
8
RASTER
10
194.222
20
24.106
30
0
0
VERTEX
8
RASTER
10
194.178
20
23.602
30
0
0
VERTEX
8
RASTER
10
194.051
20
23.14
30
0
0
VERTEX
8
RASTER
10
193.849
20
22.726
30
0
0
VERTEX
8
RASTER
10
193.58
20
22.37
30
0
0
VERTEX
8
RASTER
10
193.252
20
22.078
30
0
0
VERTEX
8
RASTER
10
192.875
20
21.86
30
0
0
VERTEX
8
RASTER
10
192.454
20
21.723
30
0
0
VERTEX
8
RASTER
10
192
20
21.675
30
0
0
VERTEX
8
RASTER
10
191.546
20
21.723
30
0
0
VERTEX
8
RASTER
10
191.125
20
21.86
30
0
0
VERTEX
8
RASTER
10
190.748
20
22.078
30
0
0
VERTEX
8
RASTER
10
190.42
20
22.37
30
0
0
VERTEX
8
RASTER
10
190.151
20
22.726
30
0
0
VERTEX
8
RASTER
10
189.949
20
23.14
30
0
0
VERTEX
8
RASTER
10
189.822
20
23.602
30
0
0
VERTEX
8
RASTER
10
189.778
20
24.106
30
0
0
VERTEX
8
RASTER
10
189.822
20
24.745
30
0
0
VERTEX
8
RASTER
10
189.949
20
25.395
30
0
0
VERTEX
8
RASTER
10
190.151
20
26.024
30
0
0
VERTEX
8
RASTER
10
190.42
20
26.605
30
0
0
VERTEX
8
RASTER
10
190.748
20
27.108
30
0
0
VERTEX
8
RASTER
10
191.125
20
27.504
30
0
0
VERTEX
8
RASTER
10
191.546
20
27.763
30
0
0
VERTEX
8
RASTER
10
192
20
27.855
30
0
0
SEQEND
8
RASTER
0
CIRCLE
8
RASTER
10
191.306
20
26.05
30
0
40
0.222
0
CIRCLE
8
RASTER
10
192.556
20
25.217
30
0
40
0.278
0
CIRCLE
8
RASTER
10
191.028
20
24.106
30
0
40
0.243
0
CIRCLE
8
RASTER
10
192.694
20
23.272
30
0
40
0.208
0
CIRCLE
8
RASTER
10
191.722
20
22.578
30
0
40
0.174
0
CIRCLE
8
RASTER
10
192.972
20
26.605
30
0
40
0.153
0
POLYLINE
8
CUT
66
1
70
1
0
VERTEX
8
CUT
10
201.6
20
28.9
30
0
0
VERTEX
8
CUT
10
201.623
20
29.252
30
0
0
VERTEX
8
CUT
10
201.694
20
29.556
30
0
0
VERTEX
8
CUT
10
201.811
20
29.814
30
0
0
VERTEX
8
CUT
10
201.975
20
30.025
30
0
0
VERTEX
8
CUT
10
202.186
20
30.189
30
0
0
VERTEX
8
CUT
10
202.444
20
30.306
30
0
0
VERTEX
8
CUT
10
202.748
20
30.377
30
0
0
VERTEX
8
CUT
10
203.1
20
30.4
30
0
0
VERTEX
8
CUT
10
211.3
20
30.4
30
0
0
VERTEX
8
CUT
10
211.652
20
30.377
30
0
0
VERTEX
8
CUT
10
211.956
20
30.306
30
0
0
VERTEX
8
CUT
10
212.214
20
30.189
30
0
0
VERTEX
8
CUT
10
212.425
20
30.025
30
0
0
VERTEX
8
CUT
10
212.589
20
29.814
30
0
0
VERTEX
8
CUT
10
212.706
20
29.556
30
0
0
VERTEX
8
CUT
10
212.777
20
29.252
30
0
0
VERTEX
8
CUT
10
212.8
20
28.9
30
0
0
VERTEX
8
CUT
10
212.8
20
20.7
30
0
0
VERTEX
8
CUT
10
212.777
20
20.348
30
0
0
VERTEX
8
CUT
10
212.706
20
20.044
30
0
0
VERTEX
8
CUT
10
212.589
20
19.786
30
0
0
VERTEX
8
CUT
10
212.425
20
19.575
30
0
0
VERTEX
8
CUT
10
212.214
20
19.411
30
0
0
VERTEX
8
CUT
10
211.956
20
19.294
30
0
0
VERTEX
8
CUT
10
211.652
20
19.223
30
0
0
VERTEX
8
CUT
10
211.3
20
19.2
30
0
0
VERTEX
8
CUT
10
203.1
20
19.2
30
0
0
VERTEX
8
CUT
10
202.748
20
19.223
30
0
0
VERTEX
8
CUT
10
202.444
20
19.294
30
0
0
VERTEX
8
CUT
10
202.186
20
19.411
30
0
0
VERTEX
8
CUT
10
201.975
20
19.575
30
0
0
VERTEX
8
CUT
10
201.811
20
19.786
30
0
0
VERTEX
8
CUT
10
201.694
20
20.044
30
0
0
VERTEX
8
CUT
10
201.623
20
20.348
30
0
0
VERTEX
8
CUT
10
201.6
20
20.7
30
0
0
SEQEND
8
CUT
0
POLYLINE
8
RASTER
66
1
70
1
0
VERTEX
8
RASTER
10
202.4
20
28.4
30
0
0
VERTEX
8
RASTER
10
202.419
20
28.681
30
0
0
VERTEX
8
RASTER
10
202.475
20
28.925
30
0
0
VERTEX
8
RASTER
10
202.569
20
29.131
30
0
0
VERTEX
8
RASTER
10
202.7
20
29.3
30
0
0
VERTEX
8
RASTER
10
202.869
20
29.431
30
0
0
VERTEX
8
RASTER
10
203.075
20
29.525
30
0
0
VERTEX
8
RASTER
10
203.319
20
29.581
30
0
0
VERTEX
8
RASTER
10
203.6
20
29.6
30
0
0
VERTEX
8
RASTER
10
210.8
20
29.6
30
0
0
VERTEX
8
RASTER
10
211.081
20
29.581
30
0
0
VERTEX
8
RASTER
10
211.325
20
29.525
30
0
0
VERTEX
8
RASTER
10
211.531
20
29.431
30
0
0
VERTEX
8
RASTER
10
211.7
20
29.3
30
0
0
VERTEX
8
RASTER
10
211.831
20
29.131
30
0
0
VERTEX
8
RASTER
10
211.925
20
28.925
30
0
0
VERTEX
8
RASTER
10
211.981
20
28.681
30
0
0
VERTEX
8
RASTER
10
212
20
28.4
30
0
0
VERTEX
8
RASTER
10
212
20
21.2
30
0
0
VERTEX
8
RASTER
10
211.981
20
20.919
30
0
0
VERTEX
8
RASTER
10
211.925
20
20.675
30
0
0
VERTEX
8
RASTER
10
211.831
20
20.469
30
0
0
VERTEX
8
RASTER
10
211.7
20
20.3
30
0
0
VERTEX
8
RASTER
10
211.531
20
20.169
30
0
0
VERTEX
8
RASTER
10
211.325
20
20.075
30
0
0
VERTEX
8
RASTER
10
211.081
20
20.019
30
0
0
VERTEX
8
RASTER
10
210.8
20
20
30
0
0
VERTEX
8
RASTER
10
203.6
20
20
30
0
0
VERTEX
8
RASTER
10
203.319
20
20.019
30
0
0
VERTEX
8
RASTER
10
203.075
20
20.075
30
0
0
VERTEX
8
RASTER
10
202.869
20
20.169
30
0
0
VERTEX
8
RASTER
10
202.7
20
20.3
30
0
0
VERTEX
8
RASTER
10
202.569
20
20.469
30
0
0
VERTEX
8
RASTER
10
202.475
20
20.675
30
0
0
VERTEX
8
RASTER
10
202.419
20
20.919
30
0
0
VERTEX
8
RASTER
10
202.4
20
21.2
30
0
0
SEQEND
8
RASTER
0
POLYLINE
8
RASTER
66
1
70
1
0
VERTEX
8
RASTER
10
202.9
20
28.4
30
0
0
VERTEX
8
RASTER
10
202.9
20
21.2
30
0
0
VERTEX
8
RASTER
10
202.911
20
21.036
30
0
0
VERTEX
8
RASTER
10
202.944
20
20.894
30
0
0
VERTEX
8
RASTER
10
202.998
20
20.773
30
0
0
VERTEX
8
RASTER
10
203.075
20
20.675
30
0
0
VERTEX
8
RASTER
10
203.173
20
20.598
30
0
0
VERTEX
8
RASTER
10
203.294
20
20.544
30
0
0
VERTEX
8
RASTER
10
203.436
20
20.511
30
0
0
VERTEX
8
RASTER
10
203.6
20
20.5
30
0
0
VERTEX
8
RASTER
10
210.8
20
20.5
30
0
0
VERTEX
8
RASTER
10
210.964
20
20.511
30
0
0
VERTEX
8
RASTER
10
211.106
20
20.544
30
0
0
VERTEX
8
RASTER
10
211.227
20
20.598
30
0
0
VERTEX
8
RASTER
10
211.325
20
20.675
30
0
0
VERTEX
8
RASTER
10
211.402
20
20.773
30
0
0
VERTEX
8
RASTER
10
211.456
20
20.894
30
0
0
VERTEX
8
RASTER
10
211.489
20
21.036
30
0
0
VERTEX
8
RASTER
10
211.5
20
21.2
30
0
0
VERTEX
8
RASTER
10
211.5
20
28.4
30
0
0
VERTEX
8
RASTER
10
211.489
20
28.564
30
0
0
VERTEX
8
RASTER
10
211.456
20
28.706
30
0
0
VERTEX
8
RASTER
10
211.402
20
28.827
30
0
0
VERTEX
8
RASTER
10
211.325
20
28.925
30
0
0
VERTEX
8
RASTER
10
211.227
20
29.002
30
0
0
VERTEX
8
RASTER
10
211.106
20
29.056
30
0
0
VERTEX
8
RASTER
10
210.964
20
29.089
30
0
0
VERTEX
8
RASTER
10
210.8
20
29.1
30
0
0
VERTEX
8
RASTER
10
203.6
20
29.1
30
0
0
VERTEX
8
RASTER
10
203.436
20
29.089
30
0
0
VERTEX
8
RASTER
10
203.294
20
29.056
30
0
0
VERTEX
8
RASTER
10
203.173
20
29.002
30
0
0
VERTEX
8
RASTER
10
203.075
20
28.925
30
0
0
VERTEX
8
RASTER
10
202.998
20
28.827
30
0
0
VERTEX
8
RASTER
10
202.944
20
28.706
30
0
0
VERTEX
8
RASTER
10
202.911
20
28.564
30
0
0
VERTEX
8
RASTER
10
202.9
20
28.4
30
0
0
SEQEND
8
RASTER
0
POLYLINE
8
RASTER
66
1
70
1
0
VERTEX
8
RASTER
10
207.2
20
27.855
30
0
0
VERTEX
8
RASTER
10
207.654
20
27.763
30
0
0
VERTEX
8
RASTER
10
208.075
20
27.504
30
0
0
VERTEX
8
RASTER
10
208.452
20
27.108
30
0
0
VERTEX
8
RASTER
10
208.78
20
26.605
30
0
0
VERTEX
8
RASTER
10
209.049
20
26.024
30
0
0
VERTEX
8
RASTER
10
209.251
20
25.395
30
0
0
VERTEX
8
RASTER
10
209.378
20
24.745
30
0
0
VERTEX
8
RASTER
10
209.422
20
24.106
30
0
0
VERTEX
8
RASTER
10
209.378
20
23.602
30
0
0
VERTEX
8
RASTER
10
209.251
20
23.14
30
0
0
VERTEX
8
RASTER
10
209.049
20
22.726
30
0
0
VERTEX
8
RASTER
10
208.78
20
22.37
30
0
0
VERTEX
8
RASTER
10
208.452
20
22.078
30
0
0
VERTEX
8
RASTER
10
208.075
20
21.86
30
0
0
VERTEX
8
RASTER
10
207.654
20
21.723
30
0
0
VERTEX
8
RASTER
10
207.2
20
21.675
30
0
0
VERTEX
8
RASTER
10
206.746
20
21.723
30
0
0
VERTEX
8
RASTER
10
206.325
20
21.86
30
0
0
VERTEX
8
RASTER
10
205.948
20
22.078
30
0
0
VERTEX
8
RASTER
10
205.62
20
22.37
30
0
0
VERTEX
8
RASTER
10
205.351
20
22.726
30
0
0
VERTEX
8
RASTER
10
205.149
20
23.14
30
0
0
VERTEX
8
RASTER
10
205.022
20
23.602
30
0
0
VERTEX
8
RASTER
10
204.978
20
24.106
30
0
0
VERTEX
8
RASTER
10
205.022
20
24.745
30
0
0
VERTEX
8
RASTER
10
205.149
20
25.395
30
0
0
VERTEX
8
RASTER
10
205.351
20
26.024
30
0
0
VERTEX
8
RASTER
10
205.62
20
26.605
30
0
0
VERTEX
8
RASTER
10
205.948
20
27.108
30
0
0
VERTEX
8
RASTER
10
206.325
20
27.504
30
0
0
VERTEX
8
RASTER
10
206.746
20
27.763
30
0
0
VERTEX
8
RASTER
10
207.2
20
27.855
30
0
0
SEQEND
8
RASTER
0
CIRCLE
8
RASTER
10
206.506
20
26.05
30
0
40
0.222
0
CIRCLE
8
RASTER
10
207.756
20
25.217
30
0
40
0.278
0
CIRCLE
8
RASTER
10
206.228
20
24.106
30
0
40
0.243
0
CIRCLE
8
RASTER
10
207.894
20
23.272
30
0
40
0.208
0
CIRCLE
8
RASTER
10
206.922
20
22.578
30
0
40
0.174
0
CIRCLE
8
RASTER
10
208.172
20
26.605
30
0
40
0.153
0
POLYLINE
8
CUT
66
1
70
1
0
VERTEX
8
CUT
10
216.8
20
28.9
30
0
0
VERTEX
8
CUT
10
216.823
20
29.252
30
0
0
VERTEX
8
CUT
10
216.894
20
29.556
30
0
0
VERTEX
8
CUT
10
217.011
20
29.814
30
0
0
VERTEX
8
CUT
10
217.175
20
30.025
30
0
0
VERTEX
8
CUT
10
217.386
20
30.189
30
0
0
VERTEX
8
CUT
10
217.644
20
30.306
30
0
0
VERTEX
8
CUT
10
217.948
20
30.377
30
0
0
VERTEX
8
CUT
10
218.3
20
30.4
30
0
0
VERTEX
8
CUT
10
226.5
20
30.4
30
0
0
VERTEX
8
CUT
10
226.852
20
30.377
30
0
0
VERTEX
8
CUT
10
227.156
20
30.306
30
0
0
VERTEX
8
CUT
10
227.414
20
30.189
30
0
0
VERTEX
8
CUT
10
227.625
20
30.025
30
0
0
VERTEX
8
CUT
10
227.789
20
29.814
30
0
0
VERTEX
8
CUT
10
227.906
20
29.556
30
0
0
VERTEX
8
CUT
10
227.977
20
29.252
30
0
0
VERTEX
8
CUT
10
228
20
28.9
30
0
0
VERTEX
8
CUT
10
228
20
20.7
30
0
0
VERTEX
8
CUT
10
227.977
20
20.348
30
0
0
VERTEX
8
CUT
10
227.906
20
20.044
30
0
0
VERTEX
8
CUT
10
227.789
20
19.786
30
0
0
VERTEX
8
CUT
10
227.625
20
19.575
30
0
0
VERTEX
8
CUT
10
227.414
20
19.411
30
0
0
VERTEX
8
CUT
10
227.156
20
19.294
30
0
0
VERTEX
8
CUT
10
226.852
20
19.223
30
0
0
VERTEX
8
CUT
10
226.5
20
19.2
30
0
0
VERTEX
8
CUT
10
218.3
20
19.2
30
0
0
VERTEX
8
CUT
10
217.948
20
19.223
30
0
0
VERTEX
8
CUT
10
217.644
20
19.294
30
0
0
VERTEX
8
CUT
10
217.386
20
19.411
30
0
0
VERTEX
8
CUT
10
217.175
20
19.575
30
0
0
VERTEX
8
CUT
10
217.011
20
19.786
30
0
0
VERTEX
8
CUT
10
216.894
20
20.044
30
0
0
VERTEX
8
CUT
10
216.823
20
20.348
30
0
0
VERTEX
8
CUT
10
216.8
20
20.7
30
0
0
SEQEND
8
CUT
0
POLYLINE
8
RASTER
66
1
70
1
0
VERTEX
8
RASTER
10
217.6
20
28.4
30
0
0
VERTEX
8
RASTER
10
217.619
20
28.681
30
0
0
VERTEX
8
RASTER
10
217.675
20
28.925
30
0
0
VERTEX
8
RASTER
10
217.769
20
29.131
30
0
0
VERTEX
8
RASTER
10
217.9
20
29.3
30
0
0
VERTEX
8
RASTER
10
218.069
20
29.431
30
0
0
VERTEX
8
RASTER
10
218.275
20
29.525
30
0
0
VERTEX
8
RASTER
10
218.519
20
29.581
30
0
0
VERTEX
8
RASTER
10
218.8
20
29.6
30
0
0
VERTEX
8
RASTER
10
226
20
29.6
30
0
0
VERTEX
8
RASTER
10
226.281
20
29.581
30
0
0
VERTEX
8
RASTER
10
226.525
20
29.525
30
0
0
VERTEX
8
RASTER
10
226.731
20
29.431
30
0
0
VERTEX
8
RASTER
10
226.9
20
29.3
30
0
0
VERTEX
8
RASTER
10
227.031
20
29.131
30
0
0
VERTEX
8
RASTER
10
227.125
20
28.925
30
0
0
VERTEX
8
RASTER
10
227.181
20
28.681
30
0
0
VERTEX
8
RASTER
10
227.2
20
28.4
30
0
0
VERTEX
8
RASTER
10
227.2
20
21.2
30
0
0
VERTEX
8
RASTER
10
227.181
20
20.919
30
0
0
VERTEX
8
RASTER
10
227.125
20
20.675
30
0
0
VERTEX
8
RASTER
10
227.031
20
20.469
30
0
0
VERTEX
8
RASTER
10
226.9
20
20.3
30
0
0
VERTEX
8
RASTER
10
226.731
20
20.169
30
0
0
VERTEX
8
RASTER
10
226.525
20
20.075
30
0
0
VERTEX
8
RASTER
10
226.281
20
20.019
30
0
0
VERTEX
8
RASTER
10
226
20
20
30
0
0
VERTEX
8
RASTER
10
218.8
20
20
30
0
0
VERTEX
8
RASTER
10
218.519
20
20.019
30
0
0
VERTEX
8
RASTER
10
218.275
20
20.075
30
0
0
VERTEX
8
RASTER
10
218.069
20
20.169
30
0
0
VERTEX
8
RASTER
10
217.9
20
20.3
30
0
0
VERTEX
8
RASTER
10
217.769
20
20.469
30
0
0
VERTEX
8
RASTER
10
217.675
20
20.675
30
0
0
VERTEX
8
RASTER
10
217.619
20
20.919
30
0
0
VERTEX
8
RASTER
10
217.6
20
21.2
30
0
0
SEQEND
8
RASTER
0
POLYLINE
8
RASTER
66
1
70
1
0
VERTEX
8
RASTER
10
218.1
20
28.4
30
0
0
VERTEX
8
RASTER
10
218.1
20
21.2
30
0
0
VERTEX
8
RASTER
10
218.111
20
21.036
30
0
0
VERTEX
8
RASTER
10
218.144
20
20.894
30
0
0
VERTEX
8
RASTER
10
218.198
20
20.773
30
0
0
VERTEX
8
RASTER
10
218.275
20
20.675
30
0
0
VERTEX
8
RASTER
10
218.373
20
20.598
30
0
0
VERTEX
8
RASTER
10
218.494
20
20.544
30
0
0
VERTEX
8
RASTER
10
218.636
20
20.511
30
0
0
VERTEX
8
RASTER
10
218.8
20
20.5
30
0
0
VERTEX
8
RASTER
10
226
20
20.5
30
0
0
VERTEX
8
RASTER
10
226.164
20
20.511
30
0
0
VERTEX
8
RASTER
10
226.306
20
20.544
30
0
0
VERTEX
8
RASTER
10
226.427
20
20.598
30
0
0
VERTEX
8
RASTER
10
226.525
20
20.675
30
0
0
VERTEX
8
RASTER
10
226.602
20
20.773
30
0
0
VERTEX
8
RASTER
10
226.656
20
20.894
30
0
0
VERTEX
8
RASTER
10
226.689
20
21.036
30
0
0
VERTEX
8
RASTER
10
226.7
20
21.2
30
0
0
VERTEX
8
RASTER
10
226.7
20
28.4
30
0
0
VERTEX
8
RASTER
10
226.689
20
28.564
30
0
0
VERTEX
8
RASTER
10
226.656
20
28.706
30
0
0
VERTEX
8
RASTER
10
226.602
20
28.827
30
0
0
VERTEX
8
RASTER
10
226.525
20
28.925
30
0
0
VERTEX
8
RASTER
10
226.427
20
29.002
30
0
0
VERTEX
8
RASTER
10
226.306
20
29.056
30
0
0
VERTEX
8
RASTER
10
226.164
20
29.089
30
0
0
VERTEX
8
RASTER
10
226
20
29.1
30
0
0
VERTEX
8
RASTER
10
218.8
20
29.1
30
0
0
VERTEX
8
RASTER
10
218.636
20
29.089
30
0
0
VERTEX
8
RASTER
10
218.494
20
29.056
30
0
0
VERTEX
8
RASTER
10
218.373
20
29.002
30
0
0
VERTEX
8
RASTER
10
218.275
20
28.925
30
0
0
VERTEX
8
RASTER
10
218.198
20
28.827
30
0
0
VERTEX
8
RASTER
10
218.144
20
28.706
30
0
0
VERTEX
8
RASTER
10
218.111
20
28.564
30
0
0
VERTEX
8
RASTER
10
218.1
20
28.4
30
0
0
SEQEND
8
RASTER
0
POLYLINE
8
RASTER
66
1
70
1
0
VERTEX
8
RASTER
10
222.4
20
27.855
30
0
0
VERTEX
8
RASTER
10
222.854
20
27.763
30
0
0
VERTEX
8
RASTER
10
223.275
20
27.504
30
0
0
VERTEX
8
RASTER
10
223.652
20
27.108
30
0
0
VERTEX
8
RASTER
10
223.98
20
26.605
30
0
0
VERTEX
8
RASTER
10
224.249
20
26.024
30
0
0
VERTEX
8
RASTER
10
224.451
20
25.395
30
0
0
VERTEX
8
RASTER
10
224.578
20
24.745
30
0
0
VERTEX
8
RASTER
10
224.622
20
24.106
30
0
0
VERTEX
8
RASTER
10
224.578
20
23.602
30
0
0
VERTEX
8
RASTER
10
224.451
20
23.14
30
0
0
VERTEX
8
RASTER
10
224.249
20
22.726
30
0
0
VERTEX
8
RASTER
10
223.98
20
22.37
30
0
0
VERTEX
8
RASTER
10
223.652
20
22.078
30
0
0
VERTEX
8
RASTER
10
223.275
20
21.86
30
0
0
VERTEX
8
RASTER
10
222.854
20
21.723
30
0
0
VERTEX
8
RASTER
10
222.4
20
21.675
30
0
0
VERTEX
8
RASTER
10
221.946
20
21.723
30
0
0
VERTEX
8
RASTER
10
221.525
20
21.86
30
0
0
VERTEX
8
RASTER
10
221.148
20
22.078
30
0
0
VERTEX
8
RASTER
10
220.82
20
22.37
30
0
0
VERTEX
8
RASTER
10
220.551
20
22.726
30
0
0
VERTEX
8
RASTER
10
220.349
20
23.14
30
0
0
VERTEX
8
RASTER
10
220.222
20
23.602
30
0
0
VERTEX
8
RASTER
10
220.178
20
24.106
30
0
0
VERTEX
8
RASTER
10
220.222
20
24.745
30
0
0
VERTEX
8
RASTER
10
220.349
20
25.395
30
0
0
VERTEX
8
RASTER
10
220.551
20
26.024
30
0
0
VERTEX
8
RASTER
10
220.82
20
26.605
30
0
0
VERTEX
8
RASTER
10
221.148
20
27.108
30
0
0
VERTEX
8
RASTER
10
221.525
20
27.504
30
0
0
VERTEX
8
RASTER
10
221.946
20
27.763
30
0
0
VERTEX
8
RASTER
10
222.4
20
27.855
30
0
0
SEQEND
8
RASTER
0
CIRCLE
8
RASTER
10
221.706
20
26.05
30
0
40
0.222
0
CIRCLE
8
RASTER
10
222.956
20
25.217
30
0
40
0.278
0
CIRCLE
8
RASTER
10
221.428
20
24.106
30
0
40
0.243
0
CIRCLE
8
RASTER
10
223.094
20
23.272
30
0
40
0.208
0
CIRCLE
8
RASTER
10
222.122
20
22.578
30
0
40
0.174
0
CIRCLE
8
RASTER
10
223.372
20
26.605
30
0
40
0.153
0
POLYLINE
8
CUT
66
1
70
1
0
VERTEX
8
CUT
10
232
20
28.9
30
0
0
VERTEX
8
CUT
10
232.023
20
29.252
30
0
0
VERTEX
8
CUT
10
232.094
20
29.556
30
0
0
VERTEX
8
CUT
10
232.211
20
29.814
30
0
0
VERTEX
8
CUT
10
232.375
20
30.025
30
0
0
VERTEX
8
CUT
10
232.586
20
30.189
30
0
0
VERTEX
8
CUT
10
232.844
20
30.306
30
0
0
VERTEX
8
CUT
10
233.148
20
30.377
30
0
0
VERTEX
8
CUT
10
233.5
20
30.4
30
0
0
VERTEX
8
CUT
10
241.7
20
30.4
30
0
0
VERTEX
8
CUT
10
242.052
20
30.377
30
0
0
VERTEX
8
CUT
10
242.356
20
30.306
30
0
0
VERTEX
8
CUT
10
242.614
20
30.189
30
0
0
VERTEX
8
CUT
10
242.825
20
30.025
30
0
0
VERTEX
8
CUT
10
242.989
20
29.814
30
0
0
VERTEX
8
CUT
10
243.106
20
29.556
30
0
0
VERTEX
8
CUT
10
243.177
20
29.252
30
0
0
VERTEX
8
CUT
10
243.2
20
28.9
30
0
0
VERTEX
8
CUT
10
243.2
20
20.7
30
0
0
VERTEX
8
CUT
10
243.177
20
20.348
30
0
0
VERTEX
8
CUT
10
243.106
20
20.044
30
0
0
VERTEX
8
CUT
10
242.989
20
19.786
30
0
0
VERTEX
8
CUT
10
242.825
20
19.575
30
0
0
VERTEX
8
CUT
10
242.614
20
19.411
30
0
0
VERTEX
8
CUT
10
242.356
20
19.294
30
0
0
VERTEX
8
CUT
10
242.052
20
19.223
30
0
0
VERTEX
8
CUT
10
241.7
20
19.2
30
0
0
VERTEX
8
CUT
10
233.5
20
19.2
30
0
0
VERTEX
8
CUT
10
233.148
20
19.223
30
0
0
VERTEX
8
CUT
10
232.844
20
19.294
30
0
0
VERTEX
8
CUT
10
232.586
20
19.411
30
0
0
VERTEX
8
CUT
10
232.375
20
19.575
30
0
0
VERTEX
8
CUT
10
232.211
20
19.786
30
0
0
VERTEX
8
CUT
10
232.094
20
20.044
30
0
0
VERTEX
8
CUT
10
232.023
20
20.348
30
0
0
VERTEX
8
CUT
10
232
20
20.7
30
0
0
SEQEND
8
CUT
0
POLYLINE
8
RASTER
66
1
70
1
0
VERTEX
8
RASTER
10
232.8
20
28.4
30
0
0
VERTEX
8
RASTER
10
232.819
20
28.681
30
0
0
VERTEX
8
RASTER
10
232.875
20
28.925
30
0
0
VERTEX
8
RASTER
10
232.969
20
29.131
30
0
0
VERTEX
8
RASTER
10
233.1
20
29.3
30
0
0
VERTEX
8
RASTER
10
233.269
20
29.431
30
0
0
VERTEX
8
RASTER
10
233.475
20
29.525
30
0
0
VERTEX
8
RASTER
10
233.719
20
29.581
30
0
0
VERTEX
8
RASTER
10
234
20
29.6
30
0
0
VERTEX
8
RASTER
10
241.2
20
29.6
30
0
0
VERTEX
8
RASTER
10
241.481
20
29.581
30
0
0
VERTEX
8
RASTER
10
241.725
20
29.525
30
0
0
VERTEX
8
RASTER
10
241.931
20
29.431
30
0
0
VERTEX
8
RASTER
10
242.1
20
29.3
30
0
0
VERTEX
8
RASTER
10
242.231
20
29.131
30
0
0
VERTEX
8
RASTER
10
242.325
20
28.925
30
0
0
VERTEX
8
RASTER
10
242.381
20
28.681
30
0
0
VERTEX
8
RASTER
10
242.4
20
28.4
30
0
0
VERTEX
8
RASTER
10
242.4
20
21.2
30
0
0
VERTEX
8
RASTER
10
242.381
20
20.919
30
0
0
VERTEX
8
RASTER
10
242.325
20
20.675
30
0
0
VERTEX
8
RASTER
10
242.231
20
20.469
30
0
0
VERTEX
8
RASTER
10
242.1
20
20.3
30
0
0
VERTEX
8
RASTER
10
241.931
20
20.169
30
0
0
VERTEX
8
RASTER
10
241.725
20
20.075
30
0
0
VERTEX
8
RASTER
10
241.481
20
20.019
30
0
0
VERTEX
8
RASTER
10
241.2
20
20
30
0
0
VERTEX
8
RASTER
10
234
20
20
30
0
0
VERTEX
8
RASTER
10
233.719
20
20.019
30
0
0
VERTEX
8
RASTER
10
233.475
20
20.075
30
0
0
VERTEX
8
RASTER
10
233.269
20
20.169
30
0
0
VERTEX
8
RASTER
10
233.1
20
20.3
30
0
0
VERTEX
8
RASTER
10
232.969
20
20.469
30
0
0
VERTEX
8
RASTER
10
232.875
20
20.675
30
0
0
VERTEX
8
RASTER
10
232.819
20
20.919
30
0
0
VERTEX
8
RASTER
10
232.8
20
21.2
30
0
0
SEQEND
8
RASTER
0
POLYLINE
8
RASTER
66
1
70
1
0
VERTEX
8
RASTER
10
233.3
20
28.4
30
0
0
VERTEX
8
RASTER
10
233.3
20
21.2
30
0
0
VERTEX
8
RASTER
10
233.311
20
21.036
30
0
0
VERTEX
8
RASTER
10
233.344
20
20.894
30
0
0
VERTEX
8
RASTER
10
233.398
20
20.773
30
0
0
VERTEX
8
RASTER
10
233.475
20
20.675
30
0
0
VERTEX
8
RASTER
10
233.573
20
20.598
30
0
0
VERTEX
8
RASTER
10
233.694
20
20.544
30
0
0
VERTEX
8
RASTER
10
233.836
20
20.511
30
0
0
VERTEX
8
RASTER
10
234
20
20.5
30
0
0
VERTEX
8
RASTER
10
241.2
20
20.5
30
0
0
VERTEX
8
RASTER
10
241.364
20
20.511
30
0
0
VERTEX
8
RASTER
10
241.506
20
20.544
30
0
0
VERTEX
8
RASTER
10
241.627
20
20.598
30
0
0
VERTEX
8
RASTER
10
241.725
20
20.675
30
0
0
VERTEX
8
RASTER
10
241.802
20
20.773
30
0
0
VERTEX
8
RASTER
10
241.856
20
20.894
30
0
0
VERTEX
8
RASTER
10
241.889
20
21.036
30
0
0
VERTEX
8
RASTER
10
241.9
20
21.2
30
0
0
VERTEX
8
RASTER
10
241.9
20
28.4
30
0
0
VERTEX
8
RASTER
10
241.889
20
28.564
30
0
0
VERTEX
8
RASTER
10
241.856
20
28.706
30
0
0
VERTEX
8
RASTER
10
241.802
20
28.827
30
0
0
VERTEX
8
RASTER
10
241.725
20
28.925
30
0
0
VERTEX
8
RASTER
10
241.627
20
29.002
30
0
0
VERTEX
8
RASTER
10
241.506
20
29.056
30
0
0
VERTEX
8
RASTER
10
241.364
20
29.089
30
0
0
VERTEX
8
RASTER
10
241.2
20
29.1
30
0
0
VERTEX
8
RASTER
10
234
20
29.1
30
0
0
VERTEX
8
RASTER
10
233.836
20
29.089
30
0
0
VERTEX
8
RASTER
10
233.694
20
29.056
30
0
0
VERTEX
8
RASTER
10
233.573
20
29.002
30
0
0
VERTEX
8
RASTER
10
233.475
20
28.925
30
0
0
VERTEX
8
RASTER
10
233.398
20
28.827
30
0
0
VERTEX
8
RASTER
10
233.344
20
28.706
30
0
0
VERTEX
8
RASTER
10
233.311
20
28.564
30
0
0
VERTEX
8
RASTER
10
233.3
20
28.4
30
0
0
SEQEND
8
RASTER
0
POLYLINE
8
RASTER
66
1
70
1
0
VERTEX
8
RASTER
10
237.6
20
27.855
30
0
0
VERTEX
8
RASTER
10
238.054
20
27.763
30
0
0
VERTEX
8
RASTER
10
238.475
20
27.504
30
0
0
VERTEX
8
RASTER
10
238.852
20
27.108
30
0
0
VERTEX
8
RASTER
10
239.18
20
26.605
30
0
0
VERTEX
8
RASTER
10
239.449
20
26.024
30
0
0
VERTEX
8
RASTER
10
239.651
20
25.395
30
0
0
VERTEX
8
RASTER
10
239.778
20
24.745
30
0
0
VERTEX
8
RASTER
10
239.822
20
24.106
30
0
0
VERTEX
8
RASTER
10
239.778
20
23.602
30
0
0
VERTEX
8
RASTER
10
239.651
20
23.14
30
0
0
VERTEX
8
RASTER
10
239.449
20
22.726
30
0
0
VERTEX
8
RASTER
10
239.18
20
22.37
30
0
0
VERTEX
8
RASTER
10
238.852
20
22.078
30
0
0
VERTEX
8
RASTER
10
238.475
20
21.86
30
0
0
VERTEX
8
RASTER
10
238.054
20
21.723
30
0
0
VERTEX
8
RASTER
10
237.6
20
21.675
30
0
0
VERTEX
8
RASTER
10
237.146
20
21.723
30
0
0
VERTEX
8
RASTER
10
236.725
20
21.86
30
0
0
VERTEX
8
RASTER
10
236.348
20
22.078
30
0
0
VERTEX
8
RASTER
10
236.02
20
22.37
30
0
0
VERTEX
8
RASTER
10
235.751
20
22.726
30
0
0
VERTEX
8
RASTER
10
235.549
20
23.14
30
0
0
VERTEX
8
RASTER
10
235.422
20
23.602
30
0
0
VERTEX
8
RASTER
10
235.378
20
24.106
30
0
0
VERTEX
8
RASTER
10
235.422
20
24.745
30
0
0
VERTEX
8
RASTER
10
235.549
20
25.395
30
0
0
VERTEX
8
RASTER
10
235.751
20
26.024
30
0
0
VERTEX
8
RASTER
10
236.02
20
26.605
30
0
0
VERTEX
8
RASTER
10
236.348
20
27.108
30
0
0
VERTEX
8
RASTER
10
236.725
20
27.504
30
0
0
VERTEX
8
RASTER
10
237.146
20
27.763
30
0
0
VERTEX
8
RASTER
10
237.6
20
27.855
30
0
0
SEQEND
8
RASTER
0
CIRCLE
8
RASTER
10
236.906
20
26.05
30
0
40
0.222
0
CIRCLE
8
RASTER
10
238.156
20
25.217
30
0
40
0.278
0
CIRCLE
8
RASTER
10
236.628
20
24.106
30
0
40
0.243
0
CIRCLE
8
RASTER
10
238.294
20
23.272
30
0
40
0.208
0
CIRCLE
8
RASTER
10
237.322
20
22.578
30
0
40
0.174
0
CIRCLE
8
RASTER
10
238.572
20
26.605
30
0
40
0.153
0
POLYLINE
8
CUT
66
1
70
1
0
VERTEX
8
CUT
10
247.2
20
28.9
30
0
0
VERTEX
8
CUT
10
247.223
20
29.252
30
0
0
VERTEX
8
CUT
10
247.294
20
29.556
30
0
0
VERTEX
8
CUT
10
247.411
20
29.814
30
0
0
VERTEX
8
CUT
10
247.575
20
30.025
30
0
0
VERTEX
8
CUT
10
247.786
20
30.189
30
0
0
VERTEX
8
CUT
10
248.044
20
30.306
30
0
0
VERTEX
8
CUT
10
248.348
20
30.377
30
0
0
VERTEX
8
CUT
10
248.7
20
30.4
30
0
0
VERTEX
8
CUT
10
256.9
20
30.4
30
0
0
VERTEX
8
CUT
10
257.252
20
30.377
30
0
0
VERTEX
8
CUT
10
257.556
20
30.306
30
0
0
VERTEX
8
CUT
10
257.814
20
30.189
30
0
0
VERTEX
8
CUT
10
258.025
20
30.025
30
0
0
VERTEX
8
CUT
10
258.189
20
29.814
30
0
0
VERTEX
8
CUT
10
258.306
20
29.556
30
0
0
VERTEX
8
CUT
10
258.377
20
29.252
30
0
0
VERTEX
8
CUT
10
258.4
20
28.9
30
0
0
VERTEX
8
CUT
10
258.4
20
20.7
30
0
0
VERTEX
8
CUT
10
258.377
20
20.348
30
0
0
VERTEX
8
CUT
10
258.306
20
20.044
30
0
0
VERTEX
8
CUT
10
258.189
20
19.786
30
0
0
VERTEX
8
CUT
10
258.025
20
19.575
30
0
0
VERTEX
8
CUT
10
257.814
20
19.411
30
0
0
VERTEX
8
CUT
10
257.556
20
19.294
30
0
0
VERTEX
8
CUT
10
257.252
20
19.223
30
0
0
VERTEX
8
CUT
10
256.9
20
19.2
30
0
0
VERTEX
8
CUT
10
248.7
20
19.2
30
0
0
VERTEX
8
CUT
10
248.348
20
19.223
30
0
0
VERTEX
8
CUT
10
248.044
20
19.294
30
0
0
VERTEX
8
CUT
10
247.786
20
19.411
30
0
0
VERTEX
8
CUT
10
247.575
20
19.575
30
0
0
VERTEX
8
CUT
10
247.411
20
19.786
30
0
0
VERTEX
8
CUT
10
247.294
20
20.044
30
0
0
VERTEX
8
CUT
10
247.223
20
20.348
30
0
0
VERTEX
8
CUT
10
247.2
20
20.7
30
0
0
SEQEND
8
CUT
0
POLYLINE
8
RASTER
66
1
70
1
0
VERTEX
8
RASTER
10
248
20
28.4
30
0
0
VERTEX
8
RASTER
10
248.019
20
28.681
30
0
0
VERTEX
8
RASTER
10
248.075
20
28.925
30
0
0
VERTEX
8
RASTER
10
248.169
20
29.131
30
0
0
VERTEX
8
RASTER
10
248.3
20
29.3
30
0
0
VERTEX
8
RASTER
10
248.469
20
29.431
30
0
0
VERTEX
8
RASTER
10
248.675
20
29.525
30
0
0
VERTEX
8
RASTER
10
248.919
20
29.581
30
0
0
VERTEX
8
RASTER
10
249.2
20
29.6
30
0
0
VERTEX
8
RASTER
10
256.4
20
29.6
30
0
0
VERTEX
8
RASTER
10
256.681
20
29.581
30
0
0
VERTEX
8
RASTER
10
256.925
20
29.525
30
0
0
VERTEX
8
RASTER
10
257.131
20
29.431
30
0
0
VERTEX
8
RASTER
10
257.3
20
29.3
30
0
0
VERTEX
8
RASTER
10
257.431
20
29.131
30
0
0
VERTEX
8
RASTER
10
257.525
20
28.925
30
0
0
VERTEX
8
RASTER
10
257.581
20
28.681
30
0
0
VERTEX
8
RASTER
10
257.6
20
28.4
30
0
0
VERTEX
8
RASTER
10
257.6
20
21.2
30
0
0
VERTEX
8
RASTER
10
257.581
20
20.919
30
0
0
VERTEX
8
RASTER
10
257.525
20
20.675
30
0
0
VERTEX
8
RASTER
10
257.431
20
20.469
30
0
0
VERTEX
8
RASTER
10
257.3
20
20.3
30
0
0
VERTEX
8
RASTER
10
257.131
20
20.169
30
0
0
VERTEX
8
RASTER
10
256.925
20
20.075
30
0
0
VERTEX
8
RASTER
10
256.681
20
20.019
30
0
0
VERTEX
8
RASTER
10
256.4
20
20
30
0
0
VERTEX
8
RASTER
10
249.2
20
20
30
0
0
VERTEX
8
RASTER
10
248.919
20
20.019
30
0
0
VERTEX
8
RASTER
10
248.675
20
20.075
30
0
0
VERTEX
8
RASTER
10
248.469
20
20.169
30
0
0
VERTEX
8
RASTER
10
248.3
20
20.3
30
0
0
VERTEX
8
RASTER
10
248.169
20
20.469
30
0
0
VERTEX
8
RASTER
10
248.075
20
20.675
30
0
0
VERTEX
8
RASTER
10
248.019
20
20.919
30
0
0
VERTEX
8
RASTER
10
248
20
21.2
30
0
0
SEQEND
8
RASTER
0
POLYLINE
8
RASTER
66
1
70
1
0
VERTEX
8
RASTER
10
248.5
20
28.4
30
0
0
VERTEX
8
RASTER
10
248.5
20
21.2
30
0
0
VERTEX
8
RASTER
10
248.511
20
21.036
30
0
0
VERTEX
8
RASTER
10
248.544
20
20.894
30
0
0
VERTEX
8
RASTER
10
248.598
20
20.773
30
0
0
VERTEX
8
RASTER
10
248.675
20
20.675
30
0
0
VERTEX
8
RASTER
10
248.773
20
20.598
30
0
0
VERTEX
8
RASTER
10
248.894
20
20.544
30
0
0
VERTEX
8
RASTER
10
249.036
20
20.511
30
0
0
VERTEX
8
RASTER
10
249.2
20
20.5
30
0
0
VERTEX
8
RASTER
10
256.4
20
20.5
30
0
0
VERTEX
8
RASTER
10
256.564
20
20.511
30
0
0
VERTEX
8
RASTER
10
256.706
20
20.544
30
0
0
VERTEX
8
RASTER
10
256.827
20
20.598
30
0
0
VERTEX
8
RASTER
10
256.925
20
20.675
30
0
0
VERTEX
8
RASTER
10
257.002
20
20.773
30
0
0
VERTEX
8
RASTER
10
257.056
20
20.894
30
0
0
VERTEX
8
RASTER
10
257.089
20
21.036
30
0
0
VERTEX
8
RASTER
10
257.1
20
21.2
30
0
0
VERTEX
8
RASTER
10
257.1
20
28.4
30
0
0
VERTEX
8
RASTER
10
257.089
20
28.564
30
0
0
VERTEX
8
RASTER
10
257.056
20
28.706
30
0
0
VERTEX
8
RASTER
10
257.002
20
28.827
30
0
0
VERTEX
8
RASTER
10
256.925
20
28.925
30
0
0
VERTEX
8
RASTER
10
256.827
20
29.002
30
0
0
VERTEX
8
RASTER
10
256.706
20
29.056
30
0
0
VERTEX
8
RASTER
10
256.564
20
29.089
30
0
0
VERTEX
8
RASTER
10
256.4
20
29.1
30
0
0
VERTEX
8
RASTER
10
249.2
20
29.1
30
0
0
VERTEX
8
RASTER
10
249.036
20
29.089
30
0
0
VERTEX
8
RASTER
10
248.894
20
29.056
30
0
0
VERTEX
8
RASTER
10
248.773
20
29.002
30
0
0
VERTEX
8
RASTER
10
248.675
20
28.925
30
0
0
VERTEX
8
RASTER
10
248.598
20
28.827
30
0
0
VERTEX
8
RASTER
10
248.544
20
28.706
30
0
0
VERTEX
8
RASTER
10
248.511
20
28.564
30
0
0
VERTEX
8
RASTER
10
248.5
20
28.4
30
0
0
SEQEND
8
RASTER
0
POLYLINE
8
RASTER
66
1
70
1
0
VERTEX
8
RASTER
10
250.995
20
27.369
30
0
0
VERTEX
8
RASTER
10
250.998
20
27.418
30
0
0
VERTEX
8
RASTER
10
251.008
20
27.46
30
0
0
VERTEX
8
RASTER
10
251.024
20
27.496
30
0
0
VERTEX
8
RASTER
10
251.047
20
27.526
30
0
0
VERTEX
8
RASTER
10
251.076
20
27.548
30
0
0
VERTEX
8
RASTER
10
251.112
20
27.565
30
0
0
VERTEX
8
RASTER
10
251.154
20
27.574
30
0
0
VERTEX
8
RASTER
10
251.203
20
27.578
30
0
0
VERTEX
8
RASTER
10
252.453
20
27.578
30
0
0
VERTEX
8
RASTER
10
252.502
20
27.574
30
0
0
VERTEX
8
RASTER
10
252.544
20
27.565
30
0
0
VERTEX
8
RASTER
10
252.58
20
27.548
30
0
0
VERTEX
8
RASTER
10
252.609
20
27.526
30
0
0
VERTEX
8
RASTER
10
252.632
20
27.496
30
0
0
VERTEX
8
RASTER
10
252.648
20
27.46
30
0
0
VERTEX
8
RASTER
10
252.658
20
27.418
30
0
0
VERTEX
8
RASTER
10
252.661
20
27.369
30
0
0
VERTEX
8
RASTER
10
252.661
20
26.119
30
0
0
VERTEX
8
RASTER
10
252.658
20
26.071
30
0
0
VERTEX
8
RASTER
10
252.648
20
26.028
30
0
0
VERTEX
8
RASTER
10
252.632
20
25.992
30
0
0
VERTEX
8
RASTER
10
252.609
20
25.963
30
0
0
VERTEX
8
RASTER
10
252.58
20
25.94
30
0
0
VERTEX
8
RASTER
10
252.544
20
25.924
30
0
0
VERTEX
8
RASTER
10
252.502
20
25.914
30
0
0
VERTEX
8
RASTER
10
252.453
20
25.911
30
0
0
VERTEX
8
RASTER
10
251.203
20
25.911
30
0
0
VERTEX
8
RASTER
10
251.154
20
25.914
30
0
0
VERTEX
8
RASTER
10
251.112
20
25.924
30
0
0
VERTEX
8
RASTER
10
251.076
20
25.94
30
0
0
VERTEX
8
RASTER
10
251.047
20
25.963
30
0
0
VERTEX
8
RASTER
10
251.024
20
25.992
30
0
0
VERTEX
8
RASTER
10
251.008
20
26.028
30
0
0
VERTEX
8
RASTER
10
250.998
20
26.071
30
0
0
VERTEX
8
RASTER
10
250.995
20
26.119
30
0
0
SEQEND
8
RASTER
0
POLYLINE
8
RASTER
66
1
70
1
0
VERTEX
8
RASTER
10
252.939
20
27.369
30
0
0
VERTEX
8
RASTER
10
252.942
20
27.418
30
0
0
VERTEX
8
RASTER
10
252.952
20
27.46
30
0
0
VERTEX
8
RASTER
10
252.968
20
27.496
30
0
0
VERTEX
8
RASTER
10
252.991
20
27.526
30
0
0
VERTEX
8
RASTER
10
253.02
20
27.548
30
0
0
VERTEX
8
RASTER
10
253.056
20
27.565
30
0
0
VERTEX
8
RASTER
10
253.098
20
27.574
30
0
0
VERTEX
8
RASTER
10
253.147
20
27.578
30
0
0
VERTEX
8
RASTER
10
254.397
20
27.578
30
0
0
VERTEX
8
RASTER
10
254.446
20
27.574
30
0
0
VERTEX
8
RASTER
10
254.488
20
27.565
30
0
0
VERTEX
8
RASTER
10
254.524
20
27.548
30
0
0
VERTEX
8
RASTER
10
254.553
20
27.526
30
0
0
VERTEX
8
RASTER
10
254.576
20
27.496
30
0
0
VERTEX
8
RASTER
10
254.592
20
27.46
30
0
0
VERTEX
8
RASTER
10
254.602
20
27.418
30
0
0
VERTEX
8
RASTER
10
254.605
20
27.369
30
0
0
VERTEX
8
RASTER
10
254.605
20
26.119
30
0
0
VERTEX
8
RASTER
10
254.602
20
26.071
30
0
0
VERTEX
8
RASTER
10
254.592
20
26.028
30
0
0
VERTEX
8
RASTER
10
254.576
20
25.992
30
0
0
VERTEX
8
RASTER
10
254.553
20
25.963
30
0
0
VERTEX
8
RASTER
10
254.524
20
25.94
30
0
0
VERTEX
8
RASTER
10
254.488
20
25.924
30
0
0
VERTEX
8
RASTER
10
254.446
20
25.914
30
0
0
VERTEX
8
RASTER
10
254.397
20
25.911
30
0
0
VERTEX
8
RASTER
10
253.147
20
25.911
30
0
0
VERTEX
8
RASTER
10
253.098
20
25.914
30
0
0
VERTEX
8
RASTER
10
253.056
20
25.924
30
0
0
VERTEX
8
RASTER
10
253.02
20
25.94
30
0
0
VERTEX
8
RASTER
10
252.991
20
25.963
30
0
0
VERTEX
8
RASTER
10
252.968
20
25.992
30
0
0
VERTEX
8
RASTER
10
252.952
20
26.028
30
0
0
VERTEX
8
RASTER
10
252.942
20
26.071
30
0
0
VERTEX
8
RASTER
10
252.939
20
26.119
30
0
0
SEQEND
8
RASTER
0
POLYLINE
8
RASTER
66
1
70
1
0
VERTEX
8
RASTER
10
250.995
20
25.425
30
0
0
VERTEX
8
RASTER
10
250.998
20
25.474
30
0
0
VERTEX
8
RASTER
10
251.008
20
25.516
30
0
0
VERTEX
8
RASTER
10
251.024
20
25.552
30
0
0
VERTEX
8
RASTER
10
251.047
20
25.581
30
0
0
VERTEX
8
RASTER
10
251.076
20
25.604
30
0
0
VERTEX
8
RASTER
10
251.112
20
25.62
30
0
0
VERTEX
8
RASTER
10
251.154
20
25.63
30
0
0
VERTEX
8
RASTER
10
251.203
20
25.633
30
0
0
VERTEX
8
RASTER
10
252.453
20
25.633
30
0
0
VERTEX
8
RASTER
10
252.502
20
25.63
30
0
0
VERTEX
8
RASTER
10
252.544
20
25.62
30
0
0
VERTEX
8
RASTER
10
252.58
20
25.604
30
0
0
VERTEX
8
RASTER
10
252.609
20
25.581
30
0
0
VERTEX
8
RASTER
10
252.632
20
25.552
30
0
0
VERTEX
8
RASTER
10
252.648
20
25.516
30
0
0
VERTEX
8
RASTER
10
252.658
20
25.474
30
0
0
VERTEX
8
RASTER
10
252.661
20
25.425
30
0
0
VERTEX
8
RASTER
10
252.661
20
24.175
30
0
0
VERTEX
8
RASTER
10
252.658
20
24.126
30
0
0
VERTEX
8
RASTER
10
252.648
20
24.084
30
0
0
VERTEX
8
RASTER
10
252.632
20
24.048
30
0
0
VERTEX
8
RASTER
10
252.609
20
24.019
30
0
0
VERTEX
8
RASTER
10
252.58
20
23.996
30
0
0
VERTEX
8
RASTER
10
252.544
20
23.98
30
0
0
VERTEX
8
RASTER
10
252.502
20
23.97
30
0
0
VERTEX
8
RASTER
10
252.453
20
23.967
30
0
0
VERTEX
8
RASTER
10
251.203
20
23.967
30
0
0
VERTEX
8
RASTER
10
251.154
20
23.97
30
0
0
VERTEX
8
RASTER
10
251.112
20
23.98
30
0
0
VERTEX
8
RASTER
10
251.076
20
23.996
30
0
0
VERTEX
8
RASTER
10
251.047
20
24.019
30
0
0
VERTEX
8
RASTER
10
251.024
20
24.048
30
0
0
VERTEX
8
RASTER
10
251.008
20
24.084
30
0
0
VERTEX
8
RASTER
10
250.998
20
24.126
30
0
0
VERTEX
8
RASTER
10
250.995
20
24.175
30
0
0
SEQEND
8
RASTER
0
POLYLINE
8
RASTER
66
1
70
1
0
VERTEX
8
RASTER
10
252.939
20
25.425
30
0
0
VERTEX
8
RASTER
10
252.942
20
25.474
30
0
0
VERTEX
8
RASTER
10
252.952
20
25.516
30
0
0
VERTEX
8
RASTER
10
252.968
20
25.552
30
0
0
VERTEX
8
RASTER
10
252.991
20
25.581
30
0
0
VERTEX
8
RASTER
10
253.02
20
25.604
30
0
0
VERTEX
8
RASTER
10
253.056
20
25.62
30
0
0
VERTEX
8
RASTER
10
253.098
20
25.63
30
0
0
VERTEX
8
RASTER
10
253.147
20
25.633
30
0
0
VERTEX
8
RASTER
10
254.397
20
25.633
30
0
0
VERTEX
8
RASTER
10
254.446
20
25.63
30
0
0
VERTEX
8
RASTER
10
254.488
20
25.62
30
0
0
VERTEX
8
RASTER
10
254.524
20
25.604
30
0
0
VERTEX
8
RASTER
10
254.553
20
25.581
30
0
0
VERTEX
8
RASTER
10
254.576
20
25.552
30
0
0
VERTEX
8
RASTER
10
254.592
20
25.516
30
0
0
VERTEX
8
RASTER
10
254.602
20
25.474
30
0
0
VERTEX
8
RASTER
10
254.605
20
25.425
30
0
0
VERTEX
8
RASTER
10
254.605
20
24.175
30
0
0
VERTEX
8
RASTER
10
254.602
20
24.126
30
0
0
VERTEX
8
RASTER
10
254.592
20
24.084
30
0
0
VERTEX
8
RASTER
10
254.576
20
24.048
30
0
0
VERTEX
8
RASTER
10
254.553
20
24.019
30
0
0
VERTEX
8
RASTER
10
254.524
20
23.996
30
0
0
VERTEX
8
RASTER
10
254.488
20
23.98
30
0
0
VERTEX
8
RASTER
10
254.446
20
23.97
30
0
0
VERTEX
8
RASTER
10
254.397
20
23.967
30
0
0
VERTEX
8
RASTER
10
253.147
20
23.967
30
0
0
VERTEX
8
RASTER
10
253.098
20
23.97
30
0
0
VERTEX
8
RASTER
10
253.056
20
23.98
30
0
0
VERTEX
8
RASTER
10
253.02
20
23.996
30
0
0
VERTEX
8
RASTER
10
252.991
20
24.019
30
0
0
VERTEX
8
RASTER
10
252.968
20
24.048
30
0
0
VERTEX
8
RASTER
10
252.952
20
24.084
30
0
0
VERTEX
8
RASTER
10
252.942
20
24.126
30
0
0
VERTEX
8
RASTER
10
252.939
20
24.175
30
0
0
SEQEND
8
RASTER
0
POLYLINE
8
RASTER
66
1
70
1
0
VERTEX
8
RASTER
10
250.995
20
23.481
30
0
0
VERTEX
8
RASTER
10
250.998
20
23.529
30
0
0
VERTEX
8
RASTER
10
251.008
20
23.572
30
0
0
VERTEX
8
RASTER
10
251.024
20
23.608
30
0
0
VERTEX
8
RASTER
10
251.047
20
23.637
30
0
0
VERTEX
8
RASTER
10
251.076
20
23.66
30
0
0
VERTEX
8
RASTER
10
251.112
20
23.676
30
0
0
VERTEX
8
RASTER
10
251.154
20
23.686
30
0
0
VERTEX
8
RASTER
10
251.203
20
23.689
30
0
0
VERTEX
8
RASTER
10
252.453
20
23.689
30
0
0
VERTEX
8
RASTER
10
252.502
20
23.686
30
0
0
VERTEX
8
RASTER
10
252.544
20
23.676
30
0
0
VERTEX
8
RASTER
10
252.58
20
23.66
30
0
0
VERTEX
8
RASTER
10
252.609
20
23.637
30
0
0
VERTEX
8
RASTER
10
252.632
20
23.608
30
0
0
VERTEX
8
RASTER
10
252.648
20
23.572
30
0
0
VERTEX
8
RASTER
10
252.658
20
23.529
30
0
0
VERTEX
8
RASTER
10
252.661
20
23.481
30
0
0
VERTEX
8
RASTER
10
252.661
20
22.231
30
0
0
VERTEX
8
RASTER
10
252.658
20
22.182
30
0
0
VERTEX
8
RASTER
10
252.648
20
22.14
30
0
0
VERTEX
8
RASTER
10
252.632
20
22.104
30
0
0
VERTEX
8
RASTER
10
252.609
20
22.074
30
0
0
VERTEX
8
RASTER
10
252.58
20
22.052
30
0
0
VERTEX
8
RASTER
10
252.544
20
22.035
30
0
0
VERTEX
8
RASTER
10
252.502
20
22.026
30
0
0
VERTEX
8
RASTER
10
252.453
20
22.022
30
0
0
VERTEX
8
RASTER
10
251.203
20
22.022
30
0
0
VERTEX
8
RASTER
10
251.154
20
22.026
30
0
0
VERTEX
8
RASTER
10
251.112
20
22.035
30
0
0
VERTEX
8
RASTER
10
251.076
20
22.052
30
0
0
VERTEX
8
RASTER
10
251.047
20
22.074
30
0
0
VERTEX
8
RASTER
10
251.024
20
22.104
30
0
0
VERTEX
8
RASTER
10
251.008
20
22.14
30
0
0
VERTEX
8
RASTER
10
250.998
20
22.182
30
0
0
VERTEX
8
RASTER
10
250.995
20
22.231
30
0
0
SEQEND
8
RASTER
0
POLYLINE
8
RASTER
66
1
70
1
0
VERTEX
8
RASTER
10
252.939
20
23.481
30
0
0
VERTEX
8
RASTER
10
252.942
20
23.529
30
0
0
VERTEX
8
RASTER
10
252.952
20
23.572
30
0
0
VERTEX
8
RASTER
10
252.968
20
23.608
30
0
0
VERTEX
8
RASTER
10
252.991
20
23.637
30
0
0
VERTEX
8
RASTER
10
253.02
20
23.66
30
0
0
VERTEX
8
RASTER
10
253.056
20
23.676
30
0
0
VERTEX
8
RASTER
10
253.098
20
23.686
30
0
0
VERTEX
8
RASTER
10
253.147
20
23.689
30
0
0
VERTEX
8
RASTER
10
254.397
20
23.689
30
0
0
VERTEX
8
RASTER
10
254.446
20
23.686
30
0
0
VERTEX
8
RASTER
10
254.488
20
23.676
30
0
0
VERTEX
8
RASTER
10
254.524
20
23.66
30
0
0
VERTEX
8
RASTER
10
254.553
20
23.637
30
0
0
VERTEX
8
RASTER
10
254.576
20
23.608
30
0
0
VERTEX
8
RASTER
10
254.592
20
23.572
30
0
0
VERTEX
8
RASTER
10
254.602
20
23.529
30
0
0
VERTEX
8
RASTER
10
254.605
20
23.481
30
0
0
VERTEX
8
RASTER
10
254.605
20
22.231
30
0
0
VERTEX
8
RASTER
10
254.602
20
22.182
30
0
0
VERTEX
8
RASTER
10
254.592
20
22.14
30
0
0
VERTEX
8
RASTER
10
254.576
20
22.104
30
0
0
VERTEX
8
RASTER
10
254.553
20
22.074
30
0
0
VERTEX
8
RASTER
10
254.524
20
22.052
30
0
0
VERTEX
8
RASTER
10
254.488
20
22.035
30
0
0
VERTEX
8
RASTER
10
254.446
20
22.026
30
0
0
VERTEX
8
RASTER
10
254.397
20
22.022
30
0
0
VERTEX
8
RASTER
10
253.147
20
22.022
30
0
0
VERTEX
8
RASTER
10
253.098
20
22.026
30
0
0
VERTEX
8
RASTER
10
253.056
20
22.035
30
0
0
VERTEX
8
RASTER
10
253.02
20
22.052
30
0
0
VERTEX
8
RASTER
10
252.991
20
22.074
30
0
0
VERTEX
8
RASTER
10
252.968
20
22.104
30
0
0
VERTEX
8
RASTER
10
252.952
20
22.14
30
0
0
VERTEX
8
RASTER
10
252.942
20
22.182
30
0
0
VERTEX
8
RASTER
10
252.939
20
22.231
30
0
0
SEQEND
8
RASTER
0
POLYLINE
8
CUT
66
1
70
1
0
VERTEX
8
CUT
10
262.4
20
28.9
30
0
0
VERTEX
8
CUT
10
262.423
20
29.252
30
0
0
VERTEX
8
CUT
10
262.494
20
29.556
30
0
0
VERTEX
8
CUT
10
262.611
20
29.814
30
0
0
VERTEX
8
CUT
10
262.775
20
30.025
30
0
0
VERTEX
8
CUT
10
262.986
20
30.189
30
0
0
VERTEX
8
CUT
10
263.244
20
30.306
30
0
0
VERTEX
8
CUT
10
263.548
20
30.377
30
0
0
VERTEX
8
CUT
10
263.9
20
30.4
30
0
0
VERTEX
8
CUT
10
272.1
20
30.4
30
0
0
VERTEX
8
CUT
10
272.452
20
30.377
30
0
0
VERTEX
8
CUT
10
272.756
20
30.306
30
0
0
VERTEX
8
CUT
10
273.014
20
30.189
30
0
0
VERTEX
8
CUT
10
273.225
20
30.025
30
0
0
VERTEX
8
CUT
10
273.389
20
29.814
30
0
0
VERTEX
8
CUT
10
273.506
20
29.556
30
0
0
VERTEX
8
CUT
10
273.577
20
29.252
30
0
0
VERTEX
8
CUT
10
273.6
20
28.9
30
0
0
VERTEX
8
CUT
10
273.6
20
20.7
30
0
0
VERTEX
8
CUT
10
273.577
20
20.348
30
0
0
VERTEX
8
CUT
10
273.506
20
20.044
30
0
0
VERTEX
8
CUT
10
273.389
20
19.786
30
0
0
VERTEX
8
CUT
10
273.225
20
19.575
30
0
0
VERTEX
8
CUT
10
273.014
20
19.411
30
0
0
VERTEX
8
CUT
10
272.756
20
19.294
30
0
0
VERTEX
8
CUT
10
272.452
20
19.223
30
0
0
VERTEX
8
CUT
10
272.1
20
19.2
30
0
0
VERTEX
8
CUT
10
263.9
20
19.2
30
0
0
VERTEX
8
CUT
10
263.548
20
19.223
30
0
0
VERTEX
8
CUT
10
263.244
20
19.294
30
0
0
VERTEX
8
CUT
10
262.986
20
19.411
30
0
0
VERTEX
8
CUT
10
262.775
20
19.575
30
0
0
VERTEX
8
CUT
10
262.611
20
19.786
30
0
0
VERTEX
8
CUT
10
262.494
20
20.044
30
0
0
VERTEX
8
CUT
10
262.423
20
20.348
30
0
0
VERTEX
8
CUT
10
262.4
20
20.7
30
0
0
SEQEND
8
CUT
0
POLYLINE
8
RASTER
66
1
70
1
0
VERTEX
8
RASTER
10
263.2
20
28.4
30
0
0
VERTEX
8
RASTER
10
263.219
20
28.681
30
0
0
VERTEX
8
RASTER
10
263.275
20
28.925
30
0
0
VERTEX
8
RASTER
10
263.369
20
29.131
30
0
0
VERTEX
8
RASTER
10
263.5
20
29.3
30
0
0
VERTEX
8
RASTER
10
263.669
20
29.431
30
0
0
VERTEX
8
RASTER
10
263.875
20
29.525
30
0
0
VERTEX
8
RASTER
10
264.119
20
29.581
30
0
0
VERTEX
8
RASTER
10
264.4
20
29.6
30
0
0
VERTEX
8
RASTER
10
271.6
20
29.6
30
0
0
VERTEX
8
RASTER
10
271.881
20
29.581
30
0
0
VERTEX
8
RASTER
10
272.125
20
29.525
30
0
0
VERTEX
8
RASTER
10
272.331
20
29.431
30
0
0
VERTEX
8
RASTER
10
272.5
20
29.3
30
0
0
VERTEX
8
RASTER
10
272.631
20
29.131
30
0
0
VERTEX
8
RASTER
10
272.725
20
28.925
30
0
0
VERTEX
8
RASTER
10
272.781
20
28.681
30
0
0
VERTEX
8
RASTER
10
272.8
20
28.4
30
0
0
VERTEX
8
RASTER
10
272.8
20
21.2
30
0
0
VERTEX
8
RASTER
10
272.781
20
20.919
30
0
0
VERTEX
8
RASTER
10
272.725
20
20.675
30
0
0
VERTEX
8
RASTER
10
272.631
20
20.469
30
0
0
VERTEX
8
RASTER
10
272.5
20
20.3
30
0
0
VERTEX
8
RASTER
10
272.331
20
20.169
30
0
0
VERTEX
8
RASTER
10
272.125
20
20.075
30
0
0
VERTEX
8
RASTER
10
271.881
20
20.019
30
0
0
VERTEX
8
RASTER
10
271.6
20
20
30
0
0
VERTEX
8
RASTER
10
264.4
20
20
30
0
0
VERTEX
8
RASTER
10
264.119
20
20.019
30
0
0
VERTEX
8
RASTER
10
263.875
20
20.075
30
0
0
VERTEX
8
RASTER
10
263.669
20
20.169
30
0
0
VERTEX
8
RASTER
10
263.5
20
20.3
30
0
0
VERTEX
8
RASTER
10
263.369
20
20.469
30
0
0
VERTEX
8
RASTER
10
263.275
20
20.675
30
0
0
VERTEX
8
RASTER
10
263.219
20
20.919
30
0
0
VERTEX
8
RASTER
10
263.2
20
21.2
30
0
0
SEQEND
8
RASTER
0
POLYLINE
8
RASTER
66
1
70
1
0
VERTEX
8
RASTER
10
263.7
20
28.4
30
0
0
VERTEX
8
RASTER
10
263.7
20
21.2
30
0
0
VERTEX
8
RASTER
10
263.711
20
21.036
30
0
0
VERTEX
8
RASTER
10
263.744
20
20.894
30
0
0
VERTEX
8
RASTER
10
263.798
20
20.773
30
0
0
VERTEX
8
RASTER
10
263.875
20
20.675
30
0
0
VERTEX
8
RASTER
10
263.973
20
20.598
30
0
0
VERTEX
8
RASTER
10
264.094
20
20.544
30
0
0
VERTEX
8
RASTER
10
264.236
20
20.511
30
0
0
VERTEX
8
RASTER
10
264.4
20
20.5
30
0
0
VERTEX
8
RASTER
10
271.6
20
20.5
30
0
0
VERTEX
8
RASTER
10
271.764
20
20.511
30
0
0
VERTEX
8
RASTER
10
271.906
20
20.544
30
0
0
VERTEX
8
RASTER
10
272.027
20
20.598
30
0
0
VERTEX
8
RASTER
10
272.125
20
20.675
30
0
0
VERTEX
8
RASTER
10
272.202
20
20.773
30
0
0
VERTEX
8
RASTER
10
272.256
20
20.894
30
0
0
VERTEX
8
RASTER
10
272.289
20
21.036
30
0
0
VERTEX
8
RASTER
10
272.3
20
21.2
30
0
0
VERTEX
8
RASTER
10
272.3
20
28.4
30
0
0
VERTEX
8
RASTER
10
272.289
20
28.564
30
0
0
VERTEX
8
RASTER
10
272.256
20
28.706
30
0
0
VERTEX
8
RASTER
10
272.202
20
28.827
30
0
0
VERTEX
8
RASTER
10
272.125
20
28.925
30
0
0
VERTEX
8
RASTER
10
272.027
20
29.002
30
0
0
VERTEX
8
RASTER
10
271.906
20
29.056
30
0
0
VERTEX
8
RASTER
10
271.764
20
29.089
30
0
0
VERTEX
8
RASTER
10
271.6
20
29.1
30
0
0
VERTEX
8
RASTER
10
264.4
20
29.1
30
0
0
VERTEX
8
RASTER
10
264.236
20
29.089
30
0
0
VERTEX
8
RASTER
10
264.094
20
29.056
30
0
0
VERTEX
8
RASTER
10
263.973
20
29.002
30
0
0
VERTEX
8
RASTER
10
263.875
20
28.925
30
0
0
VERTEX
8
RASTER
10
263.798
20
28.827
30
0
0
VERTEX
8
RASTER
10
263.744
20
28.706
30
0
0
VERTEX
8
RASTER
10
263.711
20
28.564
30
0
0
VERTEX
8
RASTER
10
263.7
20
28.4
30
0
0
SEQEND
8
RASTER
0
POLYLINE
8
RASTER
66
1
70
1
0
VERTEX
8
RASTER
10
266.195
20
27.369
30
0
0
VERTEX
8
RASTER
10
266.198
20
27.418
30
0
0
VERTEX
8
RASTER
10
266.208
20
27.46
30
0
0
VERTEX
8
RASTER
10
266.224
20
27.496
30
0
0
VERTEX
8
RASTER
10
266.247
20
27.526
30
0
0
VERTEX
8
RASTER
10
266.276
20
27.548
30
0
0
VERTEX
8
RASTER
10
266.312
20
27.565
30
0
0
VERTEX
8
RASTER
10
266.354
20
27.574
30
0
0
VERTEX
8
RASTER
10
266.403
20
27.578
30
0
0
VERTEX
8
RASTER
10
267.653
20
27.578
30
0
0
VERTEX
8
RASTER
10
267.702
20
27.574
30
0
0
VERTEX
8
RASTER
10
267.744
20
27.565
30
0
0
VERTEX
8
RASTER
10
267.78
20
27.548
30
0
0
VERTEX
8
RASTER
10
267.809
20
27.526
30
0
0
VERTEX
8
RASTER
10
267.832
20
27.496
30
0
0
VERTEX
8
RASTER
10
267.848
20
27.46
30
0
0
VERTEX
8
RASTER
10
267.858
20
27.418
30
0
0
VERTEX
8
RASTER
10
267.861
20
27.369
30
0
0
VERTEX
8
RASTER
10
267.861
20
26.119
30
0
0
VERTEX
8
RASTER
10
267.858
20
26.071
30
0
0
VERTEX
8
RASTER
10
267.848
20
26.028
30
0
0
VERTEX
8
RASTER
10
267.832
20
25.992
30
0
0
VERTEX
8
RASTER
10
267.809
20
25.963
30
0
0
VERTEX
8
RASTER
10
267.78
20
25.94
30
0
0
VERTEX
8
RASTER
10
267.744
20
25.924
30
0
0
VERTEX
8
RASTER
10
267.702
20
25.914
30
0
0
VERTEX
8
RASTER
10
267.653
20
25.911
30
0
0
VERTEX
8
RASTER
10
266.403
20
25.911
30
0
0
VERTEX
8
RASTER
10
266.354
20
25.914
30
0
0
VERTEX
8
RASTER
10
266.312
20
25.924
30
0
0
VERTEX
8
RASTER
10
266.276
20
25.94
30
0
0
VERTEX
8
RASTER
10
266.247
20
25.963
30
0
0
VERTEX
8
RASTER
10
266.224
20
25.992
30
0
0
VERTEX
8
RASTER
10
266.208
20
26.028
30
0
0
VERTEX
8
RASTER
10
266.198
20
26.071
30
0
0
VERTEX
8
RASTER
10
266.195
20
26.119
30
0
0
SEQEND
8
RASTER
0
POLYLINE
8
RASTER
66
1
70
1
0
VERTEX
8
RASTER
10
268.139
20
27.369
30
0
0
VERTEX
8
RASTER
10
268.142
20
27.418
30
0
0
VERTEX
8
RASTER
10
268.152
20
27.46
30
0
0
VERTEX
8
RASTER
10
268.168
20
27.496
30
0
0
VERTEX
8
RASTER
10
268.191
20
27.526
30
0
0
VERTEX
8
RASTER
10
268.22
20
27.548
30
0
0
VERTEX
8
RASTER
10
268.256
20
27.565
30
0
0
VERTEX
8
RASTER
10
268.298
20
27.574
30
0
0
VERTEX
8
RASTER
10
268.347
20
27.578
30
0
0
VERTEX
8
RASTER
10
269.597
20
27.578
30
0
0
VERTEX
8
RASTER
10
269.646
20
27.574
30
0
0
VERTEX
8
RASTER
10
269.688
20
27.565
30
0
0
VERTEX
8
RASTER
10
269.724
20
27.548
30
0
0
VERTEX
8
RASTER
10
269.753
20
27.526
30
0
0
VERTEX
8
RASTER
10
269.776
20
27.496
30
0
0
VERTEX
8
RASTER
10
269.792
20
27.46
30
0
0
VERTEX
8
RASTER
10
269.802
20
27.418
30
0
0
VERTEX
8
RASTER
10
269.805
20
27.369
30
0
0
VERTEX
8
RASTER
10
269.805
20
26.119
30
0
0
VERTEX
8
RASTER
10
269.802
20
26.071
30
0
0
VERTEX
8
RASTER
10
269.792
20
26.028
30
0
0
VERTEX
8
RASTER
10
269.776
20
25.992
30
0
0
VERTEX
8
RASTER
10
269.753
20
25.963
30
0
0
VERTEX
8
RASTER
10
269.724
20
25.94
30
0
0
VERTEX
8
RASTER
10
269.688
20
25.924
30
0
0
VERTEX
8
RASTER
10
269.646
20
25.914
30
0
0
VERTEX
8
RASTER
10
269.597
20
25.911
30
0
0
VERTEX
8
RASTER
10
268.347
20
25.911
30
0
0
VERTEX
8
RASTER
10
268.298
20
25.914
30
0
0
VERTEX
8
RASTER
10
268.256
20
25.924
30
0
0
VERTEX
8
RASTER
10
268.22
20
25.94
30
0
0
VERTEX
8
RASTER
10
268.191
20
25.963
30
0
0
VERTEX
8
RASTER
10
268.168
20
25.992
30
0
0
VERTEX
8
RASTER
10
268.152
20
26.028
30
0
0
VERTEX
8
RASTER
10
268.142
20
26.071
30
0
0
VERTEX
8
RASTER
10
268.139
20
26.119
30
0
0
SEQEND
8
RASTER
0
POLYLINE
8
RASTER
66
1
70
1
0
VERTEX
8
RASTER
10
266.195
20
25.425
30
0
0
VERTEX
8
RASTER
10
266.198
20
25.474
30
0
0
VERTEX
8
RASTER
10
266.208
20
25.516
30
0
0
VERTEX
8
RASTER
10
266.224
20
25.552
30
0
0
VERTEX
8
RASTER
10
266.247
20
25.581
30
0
0
VERTEX
8
RASTER
10
266.276
20
25.604
30
0
0
VERTEX
8
RASTER
10
266.312
20
25.62
30
0
0
VERTEX
8
RASTER
10
266.354
20
25.63
30
0
0
VERTEX
8
RASTER
10
266.403
20
25.633
30
0
0
VERTEX
8
RASTER
10
267.653
20
25.633
30
0
0
VERTEX
8
RASTER
10
267.702
20
25.63
30
0
0
VERTEX
8
RASTER
10
267.744
20
25.62
30
0
0
VERTEX
8
RASTER
10
267.78
20
25.604
30
0
0
VERTEX
8
RASTER
10
267.809
20
25.581
30
0
0
VERTEX
8
RASTER
10
267.832
20
25.552
30
0
0
VERTEX
8
RASTER
10
267.848
20
25.516
30
0
0
VERTEX
8
RASTER
10
267.858
20
25.474
30
0
0
VERTEX
8
RASTER
10
267.861
20
25.425
30
0
0
VERTEX
8
RASTER
10
267.861
20
24.175
30
0
0
VERTEX
8
RASTER
10
267.858
20
24.126
30
0
0
VERTEX
8
RASTER
10
267.848
20
24.084
30
0
0
VERTEX
8
RASTER
10
267.832
20
24.048
30
0
0
VERTEX
8
RASTER
10
267.809
20
24.019
30
0
0
VERTEX
8
RASTER
10
267.78
20
23.996
30
0
0
VERTEX
8
RASTER
10
267.744
20
23.98
30
0
0
VERTEX
8
RASTER
10
267.702
20
23.97
30
0
0
VERTEX
8
RASTER
10
267.653
20
23.967
30
0
0
VERTEX
8
RASTER
10
266.403
20
23.967
30
0
0
VERTEX
8
RASTER
10
266.354
20
23.97
30
0
0
VERTEX
8
RASTER
10
266.312
20
23.98
30
0
0
VERTEX
8
RASTER
10
266.276
20
23.996
30
0
0
VERTEX
8
RASTER
10
266.247
20
24.019
30
0
0
VERTEX
8
RASTER
10
266.224
20
24.048
30
0
0
VERTEX
8
RASTER
10
266.208
20
24.084
30
0
0
VERTEX
8
RASTER
10
266.198
20
24.126
30
0
0
VERTEX
8
RASTER
10
266.195
20
24.175
30
0
0
SEQEND
8
RASTER
0
POLYLINE
8
RASTER
66
1
70
1
0
VERTEX
8
RASTER
10
268.139
20
25.425
30
0
0
VERTEX
8
RASTER
10
268.142
20
25.474
30
0
0
VERTEX
8
RASTER
10
268.152
20
25.516
30
0
0
VERTEX
8
RASTER
10
268.168
20
25.552
30
0
0
VERTEX
8
RASTER
10
268.191
20
25.581
30
0
0
VERTEX
8
RASTER
10
268.22
20
25.604
30
0
0
VERTEX
8
RASTER
10
268.256
20
25.62
30
0
0
VERTEX
8
RASTER
10
268.298
20
25.63
30
0
0
VERTEX
8
RASTER
10
268.347
20
25.633
30
0
0
VERTEX
8
RASTER
10
269.597
20
25.633
30
0
0
VERTEX
8
RASTER
10
269.646
20
25.63
30
0
0
VERTEX
8
RASTER
10
269.688
20
25.62
30
0
0
VERTEX
8
RASTER
10
269.724
20
25.604
30
0
0
VERTEX
8
RASTER
10
269.753
20
25.581
30
0
0
VERTEX
8
RASTER
10
269.776
20
25.552
30
0
0
VERTEX
8
RASTER
10
269.792
20
25.516
30
0
0
VERTEX
8
RASTER
10
269.802
20
25.474
30
0
0
VERTEX
8
RASTER
10
269.805
20
25.425
30
0
0
VERTEX
8
RASTER
10
269.805
20
24.175
30
0
0
VERTEX
8
RASTER
10
269.802
20
24.126
30
0
0
VERTEX
8
RASTER
10
269.792
20
24.084
30
0
0
VERTEX
8
RASTER
10
269.776
20
24.048
30
0
0
VERTEX
8
RASTER
10
269.753
20
24.019
30
0
0
VERTEX
8
RASTER
10
269.724
20
23.996
30
0
0
VERTEX
8
RASTER
10
269.688
20
23.98
30
0
0
VERTEX
8
RASTER
10
269.646
20
23.97
30
0
0
VERTEX
8
RASTER
10
269.597
20
23.967
30
0
0
VERTEX
8
RASTER
10
268.347
20
23.967
30
0
0
VERTEX
8
RASTER
10
268.298
20
23.97
30
0
0
VERTEX
8
RASTER
10
268.256
20
23.98
30
0
0
VERTEX
8
RASTER
10
268.22
20
23.996
30
0
0
VERTEX
8
RASTER
10
268.191
20
24.019
30
0
0
VERTEX
8
RASTER
10
268.168
20
24.048
30
0
0
VERTEX
8
RASTER
10
268.152
20
24.084
30
0
0
VERTEX
8
RASTER
10
268.142
20
24.126
30
0
0
VERTEX
8
RASTER
10
268.139
20
24.175
30
0
0
SEQEND
8
RASTER
0
POLYLINE
8
RASTER
66
1
70
1
0
VERTEX
8
RASTER
10
266.195
20
23.481
30
0
0
VERTEX
8
RASTER
10
266.198
20
23.529
30
0
0
VERTEX
8
RASTER
10
266.208
20
23.572
30
0
0
VERTEX
8
RASTER
10
266.224
20
23.608
30
0
0
VERTEX
8
RASTER
10
266.247
20
23.637
30
0
0
VERTEX
8
RASTER
10
266.276
20
23.66
30
0
0
VERTEX
8
RASTER
10
266.312
20
23.676
30
0
0
VERTEX
8
RASTER
10
266.354
20
23.686
30
0
0
VERTEX
8
RASTER
10
266.403
20
23.689
30
0
0
VERTEX
8
RASTER
10
267.653
20
23.689
30
0
0
VERTEX
8
RASTER
10
267.702
20
23.686
30
0
0
VERTEX
8
RASTER
10
267.744
20
23.676
30
0
0
VERTEX
8
RASTER
10
267.78
20
23.66
30
0
0
VERTEX
8
RASTER
10
267.809
20
23.637
30
0
0
VERTEX
8
RASTER
10
267.832
20
23.608
30
0
0
VERTEX
8
RASTER
10
267.848
20
23.572
30
0
0
VERTEX
8
RASTER
10
267.858
20
23.529
30
0
0
VERTEX
8
RASTER
10
267.861
20
23.481
30
0
0
VERTEX
8
RASTER
10
267.861
20
22.231
30
0
0
VERTEX
8
RASTER
10
267.858
20
22.182
30
0
0
VERTEX
8
RASTER
10
267.848
20
22.14
30
0
0
VERTEX
8
RASTER
10
267.832
20
22.104
30
0
0
VERTEX
8
RASTER
10
267.809
20
22.074
30
0
0
VERTEX
8
RASTER
10
267.78
20
22.052
30
0
0
VERTEX
8
RASTER
10
267.744
20
22.035
30
0
0
VERTEX
8
RASTER
10
267.702
20
22.026
30
0
0
VERTEX
8
RASTER
10
267.653
20
22.022
30
0
0
VERTEX
8
RASTER
10
266.403
20
22.022
30
0
0
VERTEX
8
RASTER
10
266.354
20
22.026
30
0
0
VERTEX
8
RASTER
10
266.312
20
22.035
30
0
0
VERTEX
8
RASTER
10
266.276
20
22.052
30
0
0
VERTEX
8
RASTER
10
266.247
20
22.074
30
0
0
VERTEX
8
RASTER
10
266.224
20
22.104
30
0
0
VERTEX
8
RASTER
10
266.208
20
22.14
30
0
0
VERTEX
8
RASTER
10
266.198
20
22.182
30
0
0
VERTEX
8
RASTER
10
266.195
20
22.231
30
0
0
SEQEND
8
RASTER
0
POLYLINE
8
RASTER
66
1
70
1
0
VERTEX
8
RASTER
10
268.139
20
23.481
30
0
0
VERTEX
8
RASTER
10
268.142
20
23.529
30
0
0
VERTEX
8
RASTER
10
268.152
20
23.572
30
0
0
VERTEX
8
RASTER
10
268.168
20
23.608
30
0
0
VERTEX
8
RASTER
10
268.191
20
23.637
30
0
0
VERTEX
8
RASTER
10
268.22
20
23.66
30
0
0
VERTEX
8
RASTER
10
268.256
20
23.676
30
0
0
VERTEX
8
RASTER
10
268.298
20
23.686
30
0
0
VERTEX
8
RASTER
10
268.347
20
23.689
30
0
0
VERTEX
8
RASTER
10
269.597
20
23.689
30
0
0
VERTEX
8
RASTER
10
269.646
20
23.686
30
0
0
VERTEX
8
RASTER
10
269.688
20
23.676
30
0
0
VERTEX
8
RASTER
10
269.724
20
23.66
30
0
0
VERTEX
8
RASTER
10
269.753
20
23.637
30
0
0
VERTEX
8
RASTER
10
269.776
20
23.608
30
0
0
VERTEX
8
RASTER
10
269.792
20
23.572
30
0
0
VERTEX
8
RASTER
10
269.802
20
23.529
30
0
0
VERTEX
8
RASTER
10
269.805
20
23.481
30
0
0
VERTEX
8
RASTER
10
269.805
20
22.231
30
0
0
VERTEX
8
RASTER
10
269.802
20
22.182
30
0
0
VERTEX
8
RASTER
10
269.792
20
22.14
30
0
0
VERTEX
8
RASTER
10
269.776
20
22.104
30
0
0
VERTEX
8
RASTER
10
269.753
20
22.074
30
0
0
VERTEX
8
RASTER
10
269.724
20
22.052
30
0
0
VERTEX
8
RASTER
10
269.688
20
22.035
30
0
0
VERTEX
8
RASTER
10
269.646
20
22.026
30
0
0
VERTEX
8
RASTER
10
269.597
20
22.022
30
0
0
VERTEX
8
RASTER
10
268.347
20
22.022
30
0
0
VERTEX
8
RASTER
10
268.298
20
22.026
30
0
0
VERTEX
8
RASTER
10
268.256
20
22.035
30
0
0
VERTEX
8
RASTER
10
268.22
20
22.052
30
0
0
VERTEX
8
RASTER
10
268.191
20
22.074
30
0
0
VERTEX
8
RASTER
10
268.168
20
22.104
30
0
0
VERTEX
8
RASTER
10
268.152
20
22.14
30
0
0
VERTEX
8
RASTER
10
268.142
20
22.182
30
0
0
VERTEX
8
RASTER
10
268.139
20
22.231
30
0
0
SEQEND
8
RASTER
0
POLYLINE
8
CUT
66
1
70
1
0
VERTEX
8
CUT
10
277.6
20
28.9
30
0
0
VERTEX
8
CUT
10
277.623
20
29.252
30
0
0
VERTEX
8
CUT
10
277.694
20
29.556
30
0
0
VERTEX
8
CUT
10
277.811
20
29.814
30
0
0
VERTEX
8
CUT
10
277.975
20
30.025
30
0
0
VERTEX
8
CUT
10
278.186
20
30.189
30
0
0
VERTEX
8
CUT
10
278.444
20
30.306
30
0
0
VERTEX
8
CUT
10
278.748
20
30.377
30
0
0
VERTEX
8
CUT
10
279.1
20
30.4
30
0
0
VERTEX
8
CUT
10
287.3
20
30.4
30
0
0
VERTEX
8
CUT
10
287.652
20
30.377
30
0
0
VERTEX
8
CUT
10
287.956
20
30.306
30
0
0
VERTEX
8
CUT
10
288.214
20
30.189
30
0
0
VERTEX
8
CUT
10
288.425
20
30.025
30
0
0
VERTEX
8
CUT
10
288.589
20
29.814
30
0
0
VERTEX
8
CUT
10
288.706
20
29.556
30
0
0
VERTEX
8
CUT
10
288.777
20
29.252
30
0
0
VERTEX
8
CUT
10
288.8
20
28.9
30
0
0
VERTEX
8
CUT
10
288.8
20
20.7
30
0
0
VERTEX
8
CUT
10
288.777
20
20.348
30
0
0
VERTEX
8
CUT
10
288.706
20
20.044
30
0
0
VERTEX
8
CUT
10
288.589
20
19.786
30
0
0
VERTEX
8
CUT
10
288.425
20
19.575
30
0
0
VERTEX
8
CUT
10
288.214
20
19.411
30
0
0
VERTEX
8
CUT
10
287.956
20
19.294
30
0
0
VERTEX
8
CUT
10
287.652
20
19.223
30
0
0
VERTEX
8
CUT
10
287.3
20
19.2
30
0
0
VERTEX
8
CUT
10
279.1
20
19.2
30
0
0
VERTEX
8
CUT
10
278.748
20
19.223
30
0
0
VERTEX
8
CUT
10
278.444
20
19.294
30
0
0
VERTEX
8
CUT
10
278.186
20
19.411
30
0
0
VERTEX
8
CUT
10
277.975
20
19.575
30
0
0
VERTEX
8
CUT
10
277.811
20
19.786
30
0
0
VERTEX
8
CUT
10
277.694
20
20.044
30
0
0
VERTEX
8
CUT
10
277.623
20
20.348
30
0
0
VERTEX
8
CUT
10
277.6
20
20.7
30
0
0
SEQEND
8
CUT
0
POLYLINE
8
RASTER
66
1
70
1
0
VERTEX
8
RASTER
10
278.4
20
28.4
30
0
0
VERTEX
8
RASTER
10
278.419
20
28.681
30
0
0
VERTEX
8
RASTER
10
278.475
20
28.925
30
0
0
VERTEX
8
RASTER
10
278.569
20
29.131
30
0
0
VERTEX
8
RASTER
10
278.7
20
29.3
30
0
0
VERTEX
8
RASTER
10
278.869
20
29.431
30
0
0
VERTEX
8
RASTER
10
279.075
20
29.525
30
0
0
VERTEX
8
RASTER
10
279.319
20
29.581
30
0
0
VERTEX
8
RASTER
10
279.6
20
29.6
30
0
0
VERTEX
8
RASTER
10
286.8
20
29.6
30
0
0
VERTEX
8
RASTER
10
287.081
20
29.581
30
0
0
VERTEX
8
RASTER
10
287.325
20
29.525
30
0
0
VERTEX
8
RASTER
10
287.531
20
29.431
30
0
0
VERTEX
8
RASTER
10
287.7
20
29.3
30
0
0
VERTEX
8
RASTER
10
287.831
20
29.131
30
0
0
VERTEX
8
RASTER
10
287.925
20
28.925
30
0
0
VERTEX
8
RASTER
10
287.981
20
28.681
30
0
0
VERTEX
8
RASTER
10
288
20
28.4
30
0
0
VERTEX
8
RASTER
10
288
20
21.2
30
0
0
VERTEX
8
RASTER
10
287.981
20
20.919
30
0
0
VERTEX
8
RASTER
10
287.925
20
20.675
30
0
0
VERTEX
8
RASTER
10
287.831
20
20.469
30
0
0
VERTEX
8
RASTER
10
287.7
20
20.3
30
0
0
VERTEX
8
RASTER
10
287.531
20
20.169
30
0
0
VERTEX
8
RASTER
10
287.325
20
20.075
30
0
0
VERTEX
8
RASTER
10
287.081
20
20.019
30
0
0
VERTEX
8
RASTER
10
286.8
20
20
30
0
0
VERTEX
8
RASTER
10
279.6
20
20
30
0
0
VERTEX
8
RASTER
10
279.319
20
20.019
30
0
0
VERTEX
8
RASTER
10
279.075
20
20.075
30
0
0
VERTEX
8
RASTER
10
278.869
20
20.169
30
0
0
VERTEX
8
RASTER
10
278.7
20
20.3
30
0
0
VERTEX
8
RASTER
10
278.569
20
20.469
30
0
0
VERTEX
8
RASTER
10
278.475
20
20.675
30
0
0
VERTEX
8
RASTER
10
278.419
20
20.919
30
0
0
VERTEX
8
RASTER
10
278.4
20
21.2
30
0
0
SEQEND
8
RASTER
0
POLYLINE
8
RASTER
66
1
70
1
0
VERTEX
8
RASTER
10
278.9
20
28.4
30
0
0
VERTEX
8
RASTER
10
278.9
20
21.2
30
0
0
VERTEX
8
RASTER
10
278.911
20
21.036
30
0
0
VERTEX
8
RASTER
10
278.944
20
20.894
30
0
0
VERTEX
8
RASTER
10
278.998
20
20.773
30
0
0
VERTEX
8
RASTER
10
279.075
20
20.675
30
0
0
VERTEX
8
RASTER
10
279.173
20
20.598
30
0
0
VERTEX
8
RASTER
10
279.294
20
20.544
30
0
0
VERTEX
8
RASTER
10
279.436
20
20.511
30
0
0
VERTEX
8
RASTER
10
279.6
20
20.5
30
0
0
VERTEX
8
RASTER
10
286.8
20
20.5
30
0
0
VERTEX
8
RASTER
10
286.964
20
20.511
30
0
0
VERTEX
8
RASTER
10
287.106
20
20.544
30
0
0
VERTEX
8
RASTER
10
287.227
20
20.598
30
0
0
VERTEX
8
RASTER
10
287.325
20
20.675
30
0
0
VERTEX
8
RASTER
10
287.402
20
20.773
30
0
0
VERTEX
8
RASTER
10
287.456
20
20.894
30
0
0
VERTEX
8
RASTER
10
287.489
20
21.036
30
0
0
VERTEX
8
RASTER
10
287.5
20
21.2
30
0
0
VERTEX
8
RASTER
10
287.5
20
28.4
30
0
0
VERTEX
8
RASTER
10
287.489
20
28.564
30
0
0
VERTEX
8
RASTER
10
287.456
20
28.706
30
0
0
VERTEX
8
RASTER
10
287.402
20
28.827
30
0
0
VERTEX
8
RASTER
10
287.325
20
28.925
30
0
0
VERTEX
8
RASTER
10
287.227
20
29.002
30
0
0
VERTEX
8
RASTER
10
287.106
20
29.056
30
0
0
VERTEX
8
RASTER
10
286.964
20
29.089
30
0
0
VERTEX
8
RASTER
10
286.8
20
29.1
30
0
0
VERTEX
8
RASTER
10
279.6
20
29.1
30
0
0
VERTEX
8
RASTER
10
279.436
20
29.089
30
0
0
VERTEX
8
RASTER
10
279.294
20
29.056
30
0
0
VERTEX
8
RASTER
10
279.173
20
29.002
30
0
0
VERTEX
8
RASTER
10
279.075
20
28.925
30
0
0
VERTEX
8
RASTER
10
278.998
20
28.827
30
0
0
VERTEX
8
RASTER
10
278.944
20
28.706
30
0
0
VERTEX
8
RASTER
10
278.911
20
28.564
30
0
0
VERTEX
8
RASTER
10
278.9
20
28.4
30
0
0
SEQEND
8
RASTER
0
POLYLINE
8
RASTER
66
1
70
1
0
VERTEX
8
RASTER
10
281.395
20
27.369
30
0
0
VERTEX
8
RASTER
10
281.398
20
27.418
30
0
0
VERTEX
8
RASTER
10
281.408
20
27.46
30
0
0
VERTEX
8
RASTER
10
281.424
20
27.496
30
0
0
VERTEX
8
RASTER
10
281.447
20
27.526
30
0
0
VERTEX
8
RASTER
10
281.476
20
27.548
30
0
0
VERTEX
8
RASTER
10
281.512
20
27.565
30
0
0
VERTEX
8
RASTER
10
281.554
20
27.574
30
0
0
VERTEX
8
RASTER
10
281.603
20
27.578
30
0
0
VERTEX
8
RASTER
10
282.853
20
27.578
30
0
0
VERTEX
8
RASTER
10
282.902
20
27.574
30
0
0
VERTEX
8
RASTER
10
282.944
20
27.565
30
0
0
VERTEX
8
RASTER
10
282.98
20
27.548
30
0
0
VERTEX
8
RASTER
10
283.009
20
27.526
30
0
0
VERTEX
8
RASTER
10
283.032
20
27.496
30
0
0
VERTEX
8
RASTER
10
283.048
20
27.46
30
0
0
VERTEX
8
RASTER
10
283.058
20
27.418
30
0
0
VERTEX
8
RASTER
10
283.061
20
27.369
30
0
0
VERTEX
8
RASTER
10
283.061
20
26.119
30
0
0
VERTEX
8
RASTER
10
283.058
20
26.071
30
0
0
VERTEX
8
RASTER
10
283.048
20
26.028
30
0
0
VERTEX
8
RASTER
10
283.032
20
25.992
30
0
0
VERTEX
8
RASTER
10
283.009
20
25.963
30
0
0
VERTEX
8
RASTER
10
282.98
20
25.94
30
0
0
VERTEX
8
RASTER
10
282.944
20
25.924
30
0
0
VERTEX
8
RASTER
10
282.902
20
25.914
30
0
0
VERTEX
8
RASTER
10
282.853
20
25.911
30
0
0
VERTEX
8
RASTER
10
281.603
20
25.911
30
0
0
VERTEX
8
RASTER
10
281.554
20
25.914
30
0
0
VERTEX
8
RASTER
10
281.512
20
25.924
30
0
0
VERTEX
8
RASTER
10
281.476
20
25.94
30
0
0
VERTEX
8
RASTER
10
281.447
20
25.963
30
0
0
VERTEX
8
RASTER
10
281.424
20
25.992
30
0
0
VERTEX
8
RASTER
10
281.408
20
26.028
30
0
0
VERTEX
8
RASTER
10
281.398
20
26.071
30
0
0
VERTEX
8
RASTER
10
281.395
20
26.119
30
0
0
SEQEND
8
RASTER
0
POLYLINE
8
RASTER
66
1
70
1
0
VERTEX
8
RASTER
10
283.339
20
27.369
30
0
0
VERTEX
8
RASTER
10
283.342
20
27.418
30
0
0
VERTEX
8
RASTER
10
283.352
20
27.46
30
0
0
VERTEX
8
RASTER
10
283.368
20
27.496
30
0
0
VERTEX
8
RASTER
10
283.391
20
27.526
30
0
0
VERTEX
8
RASTER
10
283.42
20
27.548
30
0
0
VERTEX
8
RASTER
10
283.456
20
27.565
30
0
0
VERTEX
8
RASTER
10
283.498
20
27.574
30
0
0
VERTEX
8
RASTER
10
283.547
20
27.578
30
0
0
VERTEX
8
RASTER
10
284.797
20
27.578
30
0
0
VERTEX
8
RASTER
10
284.846
20
27.574
30
0
0
VERTEX
8
RASTER
10
284.888
20
27.565
30
0
0
VERTEX
8
RASTER
10
284.924
20
27.548
30
0
0
VERTEX
8
RASTER
10
284.953
20
27.526
30
0
0
VERTEX
8
RASTER
10
284.976
20
27.496
30
0
0
VERTEX
8
RASTER
10
284.992
20
27.46
30
0
0
VERTEX
8
RASTER
10
285.002
20
27.418
30
0
0
VERTEX
8
RASTER
10
285.005
20
27.369
30
0
0
VERTEX
8
RASTER
10
285.005
20
26.119
30
0
0
VERTEX
8
RASTER
10
285.002
20
26.071
30
0
0
VERTEX
8
RASTER
10
284.992
20
26.028
30
0
0
VERTEX
8
RASTER
10
284.976
20
25.992
30
0
0
VERTEX
8
RASTER
10
284.953
20
25.963
30
0
0
VERTEX
8
RASTER
10
284.924
20
25.94
30
0
0
VERTEX
8
RASTER
10
284.888
20
25.924
30
0
0
VERTEX
8
RASTER
10
284.846
20
25.914
30
0
0
VERTEX
8
RASTER
10
284.797
20
25.911
30
0
0
VERTEX
8
RASTER
10
283.547
20
25.911
30
0
0
VERTEX
8
RASTER
10
283.498
20
25.914
30
0
0
VERTEX
8
RASTER
10
283.456
20
25.924
30
0
0
VERTEX
8
RASTER
10
283.42
20
25.94
30
0
0
VERTEX
8
RASTER
10
283.391
20
25.963
30
0
0
VERTEX
8
RASTER
10
283.368
20
25.992
30
0
0
VERTEX
8
RASTER
10
283.352
20
26.028
30
0
0
VERTEX
8
RASTER
10
283.342
20
26.071
30
0
0
VERTEX
8
RASTER
10
283.339
20
26.119
30
0
0
SEQEND
8
RASTER
0
POLYLINE
8
RASTER
66
1
70
1
0
VERTEX
8
RASTER
10
281.395
20
25.425
30
0
0
VERTEX
8
RASTER
10
281.398
20
25.474
30
0
0
VERTEX
8
RASTER
10
281.408
20
25.516
30
0
0
VERTEX
8
RASTER
10
281.424
20
25.552
30
0
0
VERTEX
8
RASTER
10
281.447
20
25.581
30
0
0
VERTEX
8
RASTER
10
281.476
20
25.604
30
0
0
VERTEX
8
RASTER
10
281.512
20
25.62
30
0
0
VERTEX
8
RASTER
10
281.554
20
25.63
30
0
0
VERTEX
8
RASTER
10
281.603
20
25.633
30
0
0
VERTEX
8
RASTER
10
282.853
20
25.633
30
0
0
VERTEX
8
RASTER
10
282.902
20
25.63
30
0
0
VERTEX
8
RASTER
10
282.944
20
25.62
30
0
0
VERTEX
8
RASTER
10
282.98
20
25.604
30
0
0
VERTEX
8
RASTER
10
283.009
20
25.581
30
0
0
VERTEX
8
RASTER
10
283.032
20
25.552
30
0
0
VERTEX
8
RASTER
10
283.048
20
25.516
30
0
0
VERTEX
8
RASTER
10
283.058
20
25.474
30
0
0
VERTEX
8
RASTER
10
283.061
20
25.425
30
0
0
VERTEX
8
RASTER
10
283.061
20
24.175
30
0
0
VERTEX
8
RASTER
10
283.058
20
24.126
30
0
0
VERTEX
8
RASTER
10
283.048
20
24.084
30
0
0
VERTEX
8
RASTER
10
283.032
20
24.048
30
0
0
VERTEX
8
RASTER
10
283.009
20
24.019
30
0
0
VERTEX
8
RASTER
10
282.98
20
23.996
30
0
0
VERTEX
8
RASTER
10
282.944
20
23.98
30
0
0
VERTEX
8
RASTER
10
282.902
20
23.97
30
0
0
VERTEX
8
RASTER
10
282.853
20
23.967
30
0
0
VERTEX
8
RASTER
10
281.603
20
23.967
30
0
0
VERTEX
8
RASTER
10
281.554
20
23.97
30
0
0
VERTEX
8
RASTER
10
281.512
20
23.98
30
0
0
VERTEX
8
RASTER
10
281.476
20
23.996
30
0
0
VERTEX
8
RASTER
10
281.447
20
24.019
30
0
0
VERTEX
8
RASTER
10
281.424
20
24.048
30
0
0
VERTEX
8
RASTER
10
281.408
20
24.084
30
0
0
VERTEX
8
RASTER
10
281.398
20
24.126
30
0
0
VERTEX
8
RASTER
10
281.395
20
24.175
30
0
0
SEQEND
8
RASTER
0
POLYLINE
8
RASTER
66
1
70
1
0
VERTEX
8
RASTER
10
283.339
20
25.425
30
0
0
VERTEX
8
RASTER
10
283.342
20
25.474
30
0
0
VERTEX
8
RASTER
10
283.352
20
25.516
30
0
0
VERTEX
8
RASTER
10
283.368
20
25.552
30
0
0
VERTEX
8
RASTER
10
283.391
20
25.581
30
0
0
VERTEX
8
RASTER
10
283.42
20
25.604
30
0
0
VERTEX
8
RASTER
10
283.456
20
25.62
30
0
0
VERTEX
8
RASTER
10
283.498
20
25.63
30
0
0
VERTEX
8
RASTER
10
283.547
20
25.633
30
0
0
VERTEX
8
RASTER
10
284.797
20
25.633
30
0
0
VERTEX
8
RASTER
10
284.846
20
25.63
30
0
0
VERTEX
8
RASTER
10
284.888
20
25.62
30
0
0
VERTEX
8
RASTER
10
284.924
20
25.604
30
0
0
VERTEX
8
RASTER
10
284.953
20
25.581
30
0
0
VERTEX
8
RASTER
10
284.976
20
25.552
30
0
0
VERTEX
8
RASTER
10
284.992
20
25.516
30
0
0
VERTEX
8
RASTER
10
285.002
20
25.474
30
0
0
VERTEX
8
RASTER
10
285.005
20
25.425
30
0
0
VERTEX
8
RASTER
10
285.005
20
24.175
30
0
0
VERTEX
8
RASTER
10
285.002
20
24.126
30
0
0
VERTEX
8
RASTER
10
284.992
20
24.084
30
0
0
VERTEX
8
RASTER
10
284.976
20
24.048
30
0
0
VERTEX
8
RASTER
10
284.953
20
24.019
30
0
0
VERTEX
8
RASTER
10
284.924
20
23.996
30
0
0
VERTEX
8
RASTER
10
284.888
20
23.98
30
0
0
VERTEX
8
RASTER
10
284.846
20
23.97
30
0
0
VERTEX
8
RASTER
10
284.797
20
23.967
30
0
0
VERTEX
8
RASTER
10
283.547
20
23.967
30
0
0
VERTEX
8
RASTER
10
283.498
20
23.97
30
0
0
VERTEX
8
RASTER
10
283.456
20
23.98
30
0
0
VERTEX
8
RASTER
10
283.42
20
23.996
30
0
0
VERTEX
8
RASTER
10
283.391
20
24.019
30
0
0
VERTEX
8
RASTER
10
283.368
20
24.048
30
0
0
VERTEX
8
RASTER
10
283.352
20
24.084
30
0
0
VERTEX
8
RASTER
10
283.342
20
24.126
30
0
0
VERTEX
8
RASTER
10
283.339
20
24.175
30
0
0
SEQEND
8
RASTER
0
POLYLINE
8
RASTER
66
1
70
1
0
VERTEX
8
RASTER
10
281.395
20
23.481
30
0
0
VERTEX
8
RASTER
10
281.398
20
23.529
30
0
0
VERTEX
8
RASTER
10
281.408
20
23.572
30
0
0
VERTEX
8
RASTER
10
281.424
20
23.608
30
0
0
VERTEX
8
RASTER
10
281.447
20
23.637
30
0
0
VERTEX
8
RASTER
10
281.476
20
23.66
30
0
0
VERTEX
8
RASTER
10
281.512
20
23.676
30
0
0
VERTEX
8
RASTER
10
281.554
20
23.686
30
0
0
VERTEX
8
RASTER
10
281.603
20
23.689
30
0
0
VERTEX
8
RASTER
10
282.853
20
23.689
30
0
0
VERTEX
8
RASTER
10
282.902
20
23.686
30
0
0
VERTEX
8
RASTER
10
282.944
20
23.676
30
0
0
VERTEX
8
RASTER
10
282.98
20
23.66
30
0
0
VERTEX
8
RASTER
10
283.009
20
23.637
30
0
0
VERTEX
8
RASTER
10
283.032
20
23.608
30
0
0
VERTEX
8
RASTER
10
283.048
20
23.572
30
0
0
VERTEX
8
RASTER
10
283.058
20
23.529
30
0
0
VERTEX
8
RASTER
10
283.061
20
23.481
30
0
0
VERTEX
8
RASTER
10
283.061
20
22.231
30
0
0
VERTEX
8
RASTER
10
283.058
20
22.182
30
0
0
VERTEX
8
RASTER
10
283.048
20
22.14
30
0
0
VERTEX
8
RASTER
10
283.032
20
22.104
30
0
0
VERTEX
8
RASTER
10
283.009
20
22.074
30
0
0
VERTEX
8
RASTER
10
282.98
20
22.052
30
0
0
VERTEX
8
RASTER
10
282.944
20
22.035
30
0
0
VERTEX
8
RASTER
10
282.902
20
22.026
30
0
0
VERTEX
8
RASTER
10
282.853
20
22.022
30
0
0
VERTEX
8
RASTER
10
281.603
20
22.022
30
0
0
VERTEX
8
RASTER
10
281.554
20
22.026
30
0
0
VERTEX
8
RASTER
10
281.512
20
22.035
30
0
0
VERTEX
8
RASTER
10
281.476
20
22.052
30
0
0
VERTEX
8
RASTER
10
281.447
20
22.074
30
0
0
VERTEX
8
RASTER
10
281.424
20
22.104
30
0
0
VERTEX
8
RASTER
10
281.408
20
22.14
30
0
0
VERTEX
8
RASTER
10
281.398
20
22.182
30
0
0
VERTEX
8
RASTER
10
281.395
20
22.231
30
0
0
SEQEND
8
RASTER
0
POLYLINE
8
RASTER
66
1
70
1
0
VERTEX
8
RASTER
10
283.339
20
23.481
30
0
0
VERTEX
8
RASTER
10
283.342
20
23.529
30
0
0
VERTEX
8
RASTER
10
283.352
20
23.572
30
0
0
VERTEX
8
RASTER
10
283.368
20
23.608
30
0
0
VERTEX
8
RASTER
10
283.391
20
23.637
30
0
0
VERTEX
8
RASTER
10
283.42
20
23.66
30
0
0
VERTEX
8
RASTER
10
283.456
20
23.676
30
0
0
VERTEX
8
RASTER
10
283.498
20
23.686
30
0
0
VERTEX
8
RASTER
10
283.547
20
23.689
30
0
0
VERTEX
8
RASTER
10
284.797
20
23.689
30
0
0
VERTEX
8
RASTER
10
284.846
20
23.686
30
0
0
VERTEX
8
RASTER
10
284.888
20
23.676
30
0
0
VERTEX
8
RASTER
10
284.924
20
23.66
30
0
0
VERTEX
8
RASTER
10
284.953
20
23.637
30
0
0
VERTEX
8
RASTER
10
284.976
20
23.608
30
0
0
VERTEX
8
RASTER
10
284.992
20
23.572
30
0
0
VERTEX
8
RASTER
10
285.002
20
23.529
30
0
0
VERTEX
8
RASTER
10
285.005
20
23.481
30
0
0
VERTEX
8
RASTER
10
285.005
20
22.231
30
0
0
VERTEX
8
RASTER
10
285.002
20
22.182
30
0
0
VERTEX
8
RASTER
10
284.992
20
22.14
30
0
0
VERTEX
8
RASTER
10
284.976
20
22.104
30
0
0
VERTEX
8
RASTER
10
284.953
20
22.074
30
0
0
VERTEX
8
RASTER
10
284.924
20
22.052
30
0
0
VERTEX
8
RASTER
10
284.888
20
22.035
30
0
0
VERTEX
8
RASTER
10
284.846
20
22.026
30
0
0
VERTEX
8
RASTER
10
284.797
20
22.022
30
0
0
VERTEX
8
RASTER
10
283.547
20
22.022
30
0
0
VERTEX
8
RASTER
10
283.498
20
22.026
30
0
0
VERTEX
8
RASTER
10
283.456
20
22.035
30
0
0
VERTEX
8
RASTER
10
283.42
20
22.052
30
0
0
VERTEX
8
RASTER
10
283.391
20
22.074
30
0
0
VERTEX
8
RASTER
10
283.368
20
22.104
30
0
0
VERTEX
8
RASTER
10
283.352
20
22.14
30
0
0
VERTEX
8
RASTER
10
283.342
20
22.182
30
0
0
VERTEX
8
RASTER
10
283.339
20
22.231
30
0
0
SEQEND
8
RASTER
0
POLYLINE
8
CUT
66
1
70
1
0
VERTEX
8
CUT
10
4
20
13.7
30
0
0
VERTEX
8
CUT
10
4.023
20
14.052
30
0
0
VERTEX
8
CUT
10
4.094
20
14.356
30
0
0
VERTEX
8
CUT
10
4.211
20
14.614
30
0
0
VERTEX
8
CUT
10
4.375
20
14.825
30
0
0
VERTEX
8
CUT
10
4.586
20
14.989
30
0
0
VERTEX
8
CUT
10
4.844
20
15.106
30
0
0
VERTEX
8
CUT
10
5.148
20
15.177
30
0
0
VERTEX
8
CUT
10
5.5
20
15.2
30
0
0
VERTEX
8
CUT
10
13.7
20
15.2
30
0
0
VERTEX
8
CUT
10
14.052
20
15.177
30
0
0
VERTEX
8
CUT
10
14.356
20
15.106
30
0
0
VERTEX
8
CUT
10
14.614
20
14.989
30
0
0
VERTEX
8
CUT
10
14.825
20
14.825
30
0
0
VERTEX
8
CUT
10
14.989
20
14.614
30
0
0
VERTEX
8
CUT
10
15.106
20
14.356
30
0
0
VERTEX
8
CUT
10
15.177
20
14.052
30
0
0
VERTEX
8
CUT
10
15.2
20
13.7
30
0
0
VERTEX
8
CUT
10
15.2
20
5.5
30
0
0
VERTEX
8
CUT
10
15.177
20
5.148
30
0
0
VERTEX
8
CUT
10
15.106
20
4.844
30
0
0
VERTEX
8
CUT
10
14.989
20
4.586
30
0
0
VERTEX
8
CUT
10
14.825
20
4.375
30
0
0
VERTEX
8
CUT
10
14.614
20
4.211
30
0
0
VERTEX
8
CUT
10
14.356
20
4.094
30
0
0
VERTEX
8
CUT
10
14.052
20
4.023
30
0
0
VERTEX
8
CUT
10
13.7
20
4
30
0
0
VERTEX
8
CUT
10
5.5
20
4
30
0
0
VERTEX
8
CUT
10
5.148
20
4.023
30
0
0
VERTEX
8
CUT
10
4.844
20
4.094
30
0
0
VERTEX
8
CUT
10
4.586
20
4.211
30
0
0
VERTEX
8
CUT
10
4.375
20
4.375
30
0
0
VERTEX
8
CUT
10
4.211
20
4.586
30
0
0
VERTEX
8
CUT
10
4.094
20
4.844
30
0
0
VERTEX
8
CUT
10
4.023
20
5.148
30
0
0
VERTEX
8
CUT
10
4
20
5.5
30
0
0
SEQEND
8
CUT
0
POLYLINE
8
RASTER
66
1
70
1
0
VERTEX
8
RASTER
10
4.8
20
13.2
30
0
0
VERTEX
8
RASTER
10
4.819
20
13.481
30
0
0
VERTEX
8
RASTER
10
4.875
20
13.725
30
0
0
VERTEX
8
RASTER
10
4.969
20
13.931
30
0
0
VERTEX
8
RASTER
10
5.1
20
14.1
30
0
0
VERTEX
8
RASTER
10
5.269
20
14.231
30
0
0
VERTEX
8
RASTER
10
5.475
20
14.325
30
0
0
VERTEX
8
RASTER
10
5.719
20
14.381
30
0
0
VERTEX
8
RASTER
10
6
20
14.4
30
0
0
VERTEX
8
RASTER
10
13.2
20
14.4
30
0
0
VERTEX
8
RASTER
10
13.481
20
14.381
30
0
0
VERTEX
8
RASTER
10
13.725
20
14.325
30
0
0
VERTEX
8
RASTER
10
13.931
20
14.231
30
0
0
VERTEX
8
RASTER
10
14.1
20
14.1
30
0
0
VERTEX
8
RASTER
10
14.231
20
13.931
30
0
0
VERTEX
8
RASTER
10
14.325
20
13.725
30
0
0
VERTEX
8
RASTER
10
14.381
20
13.481
30
0
0
VERTEX
8
RASTER
10
14.4
20
13.2
30
0
0
VERTEX
8
RASTER
10
14.4
20
6
30
0
0
VERTEX
8
RASTER
10
14.381
20
5.719
30
0
0
VERTEX
8
RASTER
10
14.325
20
5.475
30
0
0
VERTEX
8
RASTER
10
14.231
20
5.269
30
0
0
VERTEX
8
RASTER
10
14.1
20
5.1
30
0
0
VERTEX
8
RASTER
10
13.931
20
4.969
30
0
0
VERTEX
8
RASTER
10
13.725
20
4.875
30
0
0
VERTEX
8
RASTER
10
13.481
20
4.819
30
0
0
VERTEX
8
RASTER
10
13.2
20
4.8
30
0
0
VERTEX
8
RASTER
10
6
20
4.8
30
0
0
VERTEX
8
RASTER
10
5.719
20
4.819
30
0
0
VERTEX
8
RASTER
10
5.475
20
4.875
30
0
0
VERTEX
8
RASTER
10
5.269
20
4.969
30
0
0
VERTEX
8
RASTER
10
5.1
20
5.1
30
0
0
VERTEX
8
RASTER
10
4.969
20
5.269
30
0
0
VERTEX
8
RASTER
10
4.875
20
5.475
30
0
0
VERTEX
8
RASTER
10
4.819
20
5.719
30
0
0
VERTEX
8
RASTER
10
4.8
20
6
30
0
0
SEQEND
8
RASTER
0
POLYLINE
8
RASTER
66
1
70
1
0
VERTEX
8
RASTER
10
5.3
20
13.2
30
0
0
VERTEX
8
RASTER
10
5.3
20
6
30
0
0
VERTEX
8
RASTER
10
5.311
20
5.836
30
0
0
VERTEX
8
RASTER
10
5.344
20
5.694
30
0
0
VERTEX
8
RASTER
10
5.398
20
5.573
30
0
0
VERTEX
8
RASTER
10
5.475
20
5.475
30
0
0
VERTEX
8
RASTER
10
5.573
20
5.398
30
0
0
VERTEX
8
RASTER
10
5.694
20
5.344
30
0
0
VERTEX
8
RASTER
10
5.836
20
5.311
30
0
0
VERTEX
8
RASTER
10
6
20
5.3
30
0
0
VERTEX
8
RASTER
10
13.2
20
5.3
30
0
0
VERTEX
8
RASTER
10
13.364
20
5.311
30
0
0
VERTEX
8
RASTER
10
13.506
20
5.344
30
0
0
VERTEX
8
RASTER
10
13.627
20
5.398
30
0
0
VERTEX
8
RASTER
10
13.725
20
5.475
30
0
0
VERTEX
8
RASTER
10
13.802
20
5.573
30
0
0
VERTEX
8
RASTER
10
13.856
20
5.694
30
0
0
VERTEX
8
RASTER
10
13.889
20
5.836
30
0
0
VERTEX
8
RASTER
10
13.9
20
6
30
0
0
VERTEX
8
RASTER
10
13.9
20
13.2
30
0
0
VERTEX
8
RASTER
10
13.889
20
13.364
30
0
0
VERTEX
8
RASTER
10
13.856
20
13.506
30
0
0
VERTEX
8
RASTER
10
13.802
20
13.627
30
0
0
VERTEX
8
RASTER
10
13.725
20
13.725
30
0
0
VERTEX
8
RASTER
10
13.627
20
13.802
30
0
0
VERTEX
8
RASTER
10
13.506
20
13.856
30
0
0
VERTEX
8
RASTER
10
13.364
20
13.889
30
0
0
VERTEX
8
RASTER
10
13.2
20
13.9
30
0
0
VERTEX
8
RASTER
10
6
20
13.9
30
0
0
VERTEX
8
RASTER
10
5.836
20
13.889
30
0
0
VERTEX
8
RASTER
10
5.694
20
13.856
30
0
0
VERTEX
8
RASTER
10
5.573
20
13.802
30
0
0
VERTEX
8
RASTER
10
5.475
20
13.725
30
0
0
VERTEX
8
RASTER
10
5.398
20
13.627
30
0
0
VERTEX
8
RASTER
10
5.344
20
13.506
30
0
0
VERTEX
8
RASTER
10
5.311
20
13.364
30
0
0
VERTEX
8
RASTER
10
5.3
20
13.2
30
0
0
SEQEND
8
RASTER
0
POLYLINE
8
RASTER
66
1
70
1
0
VERTEX
8
RASTER
10
7.795
20
12.169
30
0
0
VERTEX
8
RASTER
10
7.798
20
12.218
30
0
0
VERTEX
8
RASTER
10
7.808
20
12.26
30
0
0
VERTEX
8
RASTER
10
7.824
20
12.296
30
0
0
VERTEX
8
RASTER
10
7.847
20
12.326
30
0
0
VERTEX
8
RASTER
10
7.876
20
12.348
30
0
0
VERTEX
8
RASTER
10
7.912
20
12.365
30
0
0
VERTEX
8
RASTER
10
7.954
20
12.374
30
0
0
VERTEX
8
RASTER
10
8.003
20
12.378
30
0
0
VERTEX
8
RASTER
10
9.253
20
12.378
30
0
0
VERTEX
8
RASTER
10
9.302
20
12.374
30
0
0
VERTEX
8
RASTER
10
9.344
20
12.365
30
0
0
VERTEX
8
RASTER
10
9.38
20
12.348
30
0
0
VERTEX
8
RASTER
10
9.409
20
12.326
30
0
0
VERTEX
8
RASTER
10
9.432
20
12.296
30
0
0
VERTEX
8
RASTER
10
9.448
20
12.26
30
0
0
VERTEX
8
RASTER
10
9.458
20
12.218
30
0
0
VERTEX
8
RASTER
10
9.461
20
12.169
30
0
0
VERTEX
8
RASTER
10
9.461
20
10.919
30
0
0
VERTEX
8
RASTER
10
9.458
20
10.871
30
0
0
VERTEX
8
RASTER
10
9.448
20
10.828
30
0
0
VERTEX
8
RASTER
10
9.432
20
10.792
30
0
0
VERTEX
8
RASTER
10
9.409
20
10.763
30
0
0
VERTEX
8
RASTER
10
9.38
20
10.74
30
0
0
VERTEX
8
RASTER
10
9.344
20
10.724
30
0
0
VERTEX
8
RASTER
10
9.302
20
10.714
30
0
0
VERTEX
8
RASTER
10
9.253
20
10.711
30
0
0
VERTEX
8
RASTER
10
8.003
20
10.711
30
0
0
VERTEX
8
RASTER
10
7.954
20
10.714
30
0
0
VERTEX
8
RASTER
10
7.912
20
10.724
30
0
0
VERTEX
8
RASTER
10
7.876
20
10.74
30
0
0
VERTEX
8
RASTER
10
7.847
20
10.763
30
0
0
VERTEX
8
RASTER
10
7.824
20
10.792
30
0
0
VERTEX
8
RASTER
10
7.808
20
10.828
30
0
0
VERTEX
8
RASTER
10
7.798
20
10.871
30
0
0
VERTEX
8
RASTER
10
7.795
20
10.919
30
0
0
SEQEND
8
RASTER
0
POLYLINE
8
RASTER
66
1
70
1
0
VERTEX
8
RASTER
10
9.739
20
12.169
30
0
0
VERTEX
8
RASTER
10
9.742
20
12.218
30
0
0
VERTEX
8
RASTER
10
9.752
20
12.26
30
0
0
VERTEX
8
RASTER
10
9.768
20
12.296
30
0
0
VERTEX
8
RASTER
10
9.791
20
12.326
30
0
0
VERTEX
8
RASTER
10
9.82
20
12.348
30
0
0
VERTEX
8
RASTER
10
9.856
20
12.365
30
0
0
VERTEX
8
RASTER
10
9.898
20
12.374
30
0
0
VERTEX
8
RASTER
10
9.947
20
12.378
30
0
0
VERTEX
8
RASTER
10
11.197
20
12.378
30
0
0
VERTEX
8
RASTER
10
11.246
20
12.374
30
0
0
VERTEX
8
RASTER
10
11.288
20
12.365
30
0
0
VERTEX
8
RASTER
10
11.324
20
12.348
30
0
0
VERTEX
8
RASTER
10
11.353
20
12.326
30
0
0
VERTEX
8
RASTER
10
11.376
20
12.296
30
0
0
VERTEX
8
RASTER
10
11.392
20
12.26
30
0
0
VERTEX
8
RASTER
10
11.402
20
12.218
30
0
0
VERTEX
8
RASTER
10
11.405
20
12.169
30
0
0
VERTEX
8
RASTER
10
11.405
20
10.919
30
0
0
VERTEX
8
RASTER
10
11.402
20
10.871
30
0
0
VERTEX
8
RASTER
10
11.392
20
10.828
30
0
0
VERTEX
8
RASTER
10
11.376
20
10.792
30
0
0
VERTEX
8
RASTER
10
11.353
20
10.763
30
0
0
VERTEX
8
RASTER
10
11.324
20
10.74
30
0
0
VERTEX
8
RASTER
10
11.288
20
10.724
30
0
0
VERTEX
8
RASTER
10
11.246
20
10.714
30
0
0
VERTEX
8
RASTER
10
11.197
20
10.711
30
0
0
VERTEX
8
RASTER
10
9.947
20
10.711
30
0
0
VERTEX
8
RASTER
10
9.898
20
10.714
30
0
0
VERTEX
8
RASTER
10
9.856
20
10.724
30
0
0
VERTEX
8
RASTER
10
9.82
20
10.74
30
0
0
VERTEX
8
RASTER
10
9.791
20
10.763
30
0
0
VERTEX
8
RASTER
10
9.768
20
10.792
30
0
0
VERTEX
8
RASTER
10
9.752
20
10.828
30
0
0
VERTEX
8
RASTER
10
9.742
20
10.871
30
0
0
VERTEX
8
RASTER
10
9.739
20
10.919
30
0
0
SEQEND
8
RASTER
0
POLYLINE
8
RASTER
66
1
70
1
0
VERTEX
8
RASTER
10
7.795
20
10.225
30
0
0
VERTEX
8
RASTER
10
7.798
20
10.274
30
0
0
VERTEX
8
RASTER
10
7.808
20
10.316
30
0
0
VERTEX
8
RASTER
10
7.824
20
10.352
30
0
0
VERTEX
8
RASTER
10
7.847
20
10.381
30
0
0
VERTEX
8
RASTER
10
7.876
20
10.404
30
0
0
VERTEX
8
RASTER
10
7.912
20
10.42
30
0
0
VERTEX
8
RASTER
10
7.954
20
10.43
30
0
0
VERTEX
8
RASTER
10
8.003
20
10.433
30
0
0
VERTEX
8
RASTER
10
9.253
20
10.433
30
0
0
VERTEX
8
RASTER
10
9.302
20
10.43
30
0
0
VERTEX
8
RASTER
10
9.344
20
10.42
30
0
0
VERTEX
8
RASTER
10
9.38
20
10.404
30
0
0
VERTEX
8
RASTER
10
9.409
20
10.381
30
0
0
VERTEX
8
RASTER
10
9.432
20
10.352
30
0
0
VERTEX
8
RASTER
10
9.448
20
10.316
30
0
0
VERTEX
8
RASTER
10
9.458
20
10.274
30
0
0
VERTEX
8
RASTER
10
9.461
20
10.225
30
0
0
VERTEX
8
RASTER
10
9.461
20
8.975
30
0
0
VERTEX
8
RASTER
10
9.458
20
8.926
30
0
0
VERTEX
8
RASTER
10
9.448
20
8.884
30
0
0
VERTEX
8
RASTER
10
9.432
20
8.848
30
0
0
VERTEX
8
RASTER
10
9.409
20
8.819
30
0
0
VERTEX
8
RASTER
10
9.38
20
8.796
30
0
0
VERTEX
8
RASTER
10
9.344
20
8.78
30
0
0
VERTEX
8
RASTER
10
9.302
20
8.77
30
0
0
VERTEX
8
RASTER
10
9.253
20
8.767
30
0
0
VERTEX
8
RASTER
10
8.003
20
8.767
30
0
0
VERTEX
8
RASTER
10
7.954
20
8.77
30
0
0
VERTEX
8
RASTER
10
7.912
20
8.78
30
0
0
VERTEX
8
RASTER
10
7.876
20
8.796
30
0
0
VERTEX
8
RASTER
10
7.847
20
8.819
30
0
0
VERTEX
8
RASTER
10
7.824
20
8.848
30
0
0
VERTEX
8
RASTER
10
7.808
20
8.884
30
0
0
VERTEX
8
RASTER
10
7.798
20
8.926
30
0
0
VERTEX
8
RASTER
10
7.795
20
8.975
30
0
0
SEQEND
8
RASTER
0
POLYLINE
8
RASTER
66
1
70
1
0
VERTEX
8
RASTER
10
9.739
20
10.225
30
0
0
VERTEX
8
RASTER
10
9.742
20
10.274
30
0
0
VERTEX
8
RASTER
10
9.752
20
10.316
30
0
0
VERTEX
8
RASTER
10
9.768
20
10.352
30
0
0
VERTEX
8
RASTER
10
9.791
20
10.381
30
0
0
VERTEX
8
RASTER
10
9.82
20
10.404
30
0
0
VERTEX
8
RASTER
10
9.856
20
10.42
30
0
0
VERTEX
8
RASTER
10
9.898
20
10.43
30
0
0
VERTEX
8
RASTER
10
9.947
20
10.433
30
0
0
VERTEX
8
RASTER
10
11.197
20
10.433
30
0
0
VERTEX
8
RASTER
10
11.246
20
10.43
30
0
0
VERTEX
8
RASTER
10
11.288
20
10.42
30
0
0
VERTEX
8
RASTER
10
11.324
20
10.404
30
0
0
VERTEX
8
RASTER
10
11.353
20
10.381
30
0
0
VERTEX
8
RASTER
10
11.376
20
10.352
30
0
0
VERTEX
8
RASTER
10
11.392
20
10.316
30
0
0
VERTEX
8
RASTER
10
11.402
20
10.274
30
0
0
VERTEX
8
RASTER
10
11.405
20
10.225
30
0
0
VERTEX
8
RASTER
10
11.405
20
8.975
30
0
0
VERTEX
8
RASTER
10
11.402
20
8.926
30
0
0
VERTEX
8
RASTER
10
11.392
20
8.884
30
0
0
VERTEX
8
RASTER
10
11.376
20
8.848
30
0
0
VERTEX
8
RASTER
10
11.353
20
8.819
30
0
0
VERTEX
8
RASTER
10
11.324
20
8.796
30
0
0
VERTEX
8
RASTER
10
11.288
20
8.78
30
0
0
VERTEX
8
RASTER
10
11.246
20
8.77
30
0
0
VERTEX
8
RASTER
10
11.197
20
8.767
30
0
0
VERTEX
8
RASTER
10
9.947
20
8.767
30
0
0
VERTEX
8
RASTER
10
9.898
20
8.77
30
0
0
VERTEX
8
RASTER
10
9.856
20
8.78
30
0
0
VERTEX
8
RASTER
10
9.82
20
8.796
30
0
0
VERTEX
8
RASTER
10
9.791
20
8.819
30
0
0
VERTEX
8
RASTER
10
9.768
20
8.848
30
0
0
VERTEX
8
RASTER
10
9.752
20
8.884
30
0
0
VERTEX
8
RASTER
10
9.742
20
8.926
30
0
0
VERTEX
8
RASTER
10
9.739
20
8.975
30
0
0
SEQEND
8
RASTER
0
POLYLINE
8
RASTER
66
1
70
1
0
VERTEX
8
RASTER
10
7.795
20
8.281
30
0
0
VERTEX
8
RASTER
10
7.798
20
8.329
30
0
0
VERTEX
8
RASTER
10
7.808
20
8.372
30
0
0
VERTEX
8
RASTER
10
7.824
20
8.408
30
0
0
VERTEX
8
RASTER
10
7.847
20
8.437
30
0
0
VERTEX
8
RASTER
10
7.876
20
8.46
30
0
0
VERTEX
8
RASTER
10
7.912
20
8.476
30
0
0
VERTEX
8
RASTER
10
7.954
20
8.486
30
0
0
VERTEX
8
RASTER
10
8.003
20
8.489
30
0
0
VERTEX
8
RASTER
10
9.253
20
8.489
30
0
0
VERTEX
8
RASTER
10
9.302
20
8.486
30
0
0
VERTEX
8
RASTER
10
9.344
20
8.476
30
0
0
VERTEX
8
RASTER
10
9.38
20
8.46
30
0
0
VERTEX
8
RASTER
10
9.409
20
8.437
30
0
0
VERTEX
8
RASTER
10
9.432
20
8.408
30
0
0
VERTEX
8
RASTER
10
9.448
20
8.372
30
0
0
VERTEX
8
RASTER
10
9.458
20
8.329
30
0
0
VERTEX
8
RASTER
10
9.461
20
8.281
30
0
0
VERTEX
8
RASTER
10
9.461
20
7.031
30
0
0
VERTEX
8
RASTER
10
9.458
20
6.982
30
0
0
VERTEX
8
RASTER
10
9.448
20
6.94
30
0
0
VERTEX
8
RASTER
10
9.432
20
6.904
30
0
0
VERTEX
8
RASTER
10
9.409
20
6.874
30
0
0
VERTEX
8
RASTER
10
9.38
20
6.852
30
0
0
VERTEX
8
RASTER
10
9.344
20
6.835
30
0
0
VERTEX
8
RASTER
10
9.302
20
6.826
30
0
0
VERTEX
8
RASTER
10
9.253
20
6.822
30
0
0
VERTEX
8
RASTER
10
8.003
20
6.822
30
0
0
VERTEX
8
RASTER
10
7.954
20
6.826
30
0
0
VERTEX
8
RASTER
10
7.912
20
6.835
30
0
0
VERTEX
8
RASTER
10
7.876
20
6.852
30
0
0
VERTEX
8
RASTER
10
7.847
20
6.874
30
0
0
VERTEX
8
RASTER
10
7.824
20
6.904
30
0
0
VERTEX
8
RASTER
10
7.808
20
6.94
30
0
0
VERTEX
8
RASTER
10
7.798
20
6.982
30
0
0
VERTEX
8
RASTER
10
7.795
20
7.031
30
0
0
SEQEND
8
RASTER
0
POLYLINE
8
RASTER
66
1
70
1
0
VERTEX
8
RASTER
10
9.739
20
8.281
30
0
0
VERTEX
8
RASTER
10
9.742
20
8.329
30
0
0
VERTEX
8
RASTER
10
9.752
20
8.372
30
0
0
VERTEX
8
RASTER
10
9.768
20
8.408
30
0
0
VERTEX
8
RASTER
10
9.791
20
8.437
30
0
0
VERTEX
8
RASTER
10
9.82
20
8.46
30
0
0
VERTEX
8
RASTER
10
9.856
20
8.476
30
0
0
VERTEX
8
RASTER
10
9.898
20
8.486
30
0
0
VERTEX
8
RASTER
10
9.947
20
8.489
30
0
0
VERTEX
8
RASTER
10
11.197
20
8.489
30
0
0
VERTEX
8
RASTER
10
11.246
20
8.486
30
0
0
VERTEX
8
RASTER
10
11.288
20
8.476
30
0
0
VERTEX
8
RASTER
10
11.324
20
8.46
30
0
0
VERTEX
8
RASTER
10
11.353
20
8.437
30
0
0
VERTEX
8
RASTER
10
11.376
20
8.408
30
0
0
VERTEX
8
RASTER
10
11.392
20
8.372
30
0
0
VERTEX
8
RASTER
10
11.402
20
8.329
30
0
0
VERTEX
8
RASTER
10
11.405
20
8.281
30
0
0
VERTEX
8
RASTER
10
11.405
20
7.031
30
0
0
VERTEX
8
RASTER
10
11.402
20
6.982
30
0
0
VERTEX
8
RASTER
10
11.392
20
6.94
30
0
0
VERTEX
8
RASTER
10
11.376
20
6.904
30
0
0
VERTEX
8
RASTER
10
11.353
20
6.874
30
0
0
VERTEX
8
RASTER
10
11.324
20
6.852
30
0
0
VERTEX
8
RASTER
10
11.288
20
6.835
30
0
0
VERTEX
8
RASTER
10
11.246
20
6.826
30
0
0
VERTEX
8
RASTER
10
11.197
20
6.822
30
0
0
VERTEX
8
RASTER
10
9.947
20
6.822
30
0
0
VERTEX
8
RASTER
10
9.898
20
6.826
30
0
0
VERTEX
8
RASTER
10
9.856
20
6.835
30
0
0
VERTEX
8
RASTER
10
9.82
20
6.852
30
0
0
VERTEX
8
RASTER
10
9.791
20
6.874
30
0
0
VERTEX
8
RASTER
10
9.768
20
6.904
30
0
0
VERTEX
8
RASTER
10
9.752
20
6.94
30
0
0
VERTEX
8
RASTER
10
9.742
20
6.982
30
0
0
VERTEX
8
RASTER
10
9.739
20
7.031
30
0
0
SEQEND
8
RASTER
0
POLYLINE
8
CUT
66
1
70
1
0
VERTEX
8
CUT
10
19.2
20
13.7
30
0
0
VERTEX
8
CUT
10
19.223
20
14.052
30
0
0
VERTEX
8
CUT
10
19.294
20
14.356
30
0
0
VERTEX
8
CUT
10
19.411
20
14.614
30
0
0
VERTEX
8
CUT
10
19.575
20
14.825
30
0
0
VERTEX
8
CUT
10
19.786
20
14.989
30
0
0
VERTEX
8
CUT
10
20.044
20
15.106
30
0
0
VERTEX
8
CUT
10
20.348
20
15.177
30
0
0
VERTEX
8
CUT
10
20.7
20
15.2
30
0
0
VERTEX
8
CUT
10
28.9
20
15.2
30
0
0
VERTEX
8
CUT
10
29.252
20
15.177
30
0
0
VERTEX
8
CUT
10
29.556
20
15.106
30
0
0
VERTEX
8
CUT
10
29.814
20
14.989
30
0
0
VERTEX
8
CUT
10
30.025
20
14.825
30
0
0
VERTEX
8
CUT
10
30.189
20
14.614
30
0
0
VERTEX
8
CUT
10
30.306
20
14.356
30
0
0
VERTEX
8
CUT
10
30.377
20
14.052
30
0
0
VERTEX
8
CUT
10
30.4
20
13.7
30
0
0
VERTEX
8
CUT
10
30.4
20
5.5
30
0
0
VERTEX
8
CUT
10
30.377
20
5.148
30
0
0
VERTEX
8
CUT
10
30.306
20
4.844
30
0
0
VERTEX
8
CUT
10
30.189
20
4.586
30
0
0
VERTEX
8
CUT
10
30.025
20
4.375
30
0
0
VERTEX
8
CUT
10
29.814
20
4.211
30
0
0
VERTEX
8
CUT
10
29.556
20
4.094
30
0
0
VERTEX
8
CUT
10
29.252
20
4.023
30
0
0
VERTEX
8
CUT
10
28.9
20
4
30
0
0
VERTEX
8
CUT
10
20.7
20
4
30
0
0
VERTEX
8
CUT
10
20.348
20
4.023
30
0
0
VERTEX
8
CUT
10
20.044
20
4.094
30
0
0
VERTEX
8
CUT
10
19.786
20
4.211
30
0
0
VERTEX
8
CUT
10
19.575
20
4.375
30
0
0
VERTEX
8
CUT
10
19.411
20
4.586
30
0
0
VERTEX
8
CUT
10
19.294
20
4.844
30
0
0
VERTEX
8
CUT
10
19.223
20
5.148
30
0
0
VERTEX
8
CUT
10
19.2
20
5.5
30
0
0
SEQEND
8
CUT
0
POLYLINE
8
RASTER
66
1
70
1
0
VERTEX
8
RASTER
10
20
20
13.2
30
0
0
VERTEX
8
RASTER
10
20.019
20
13.481
30
0
0
VERTEX
8
RASTER
10
20.075
20
13.725
30
0
0
VERTEX
8
RASTER
10
20.169
20
13.931
30
0
0
VERTEX
8
RASTER
10
20.3
20
14.1
30
0
0
VERTEX
8
RASTER
10
20.469
20
14.231
30
0
0
VERTEX
8
RASTER
10
20.675
20
14.325
30
0
0
VERTEX
8
RASTER
10
20.919
20
14.381
30
0
0
VERTEX
8
RASTER
10
21.2
20
14.4
30
0
0
VERTEX
8
RASTER
10
28.4
20
14.4
30
0
0
VERTEX
8
RASTER
10
28.681
20
14.381
30
0
0
VERTEX
8
RASTER
10
28.925
20
14.325
30
0
0
VERTEX
8
RASTER
10
29.131
20
14.231
30
0
0
VERTEX
8
RASTER
10
29.3
20
14.1
30
0
0
VERTEX
8
RASTER
10
29.431
20
13.931
30
0
0
VERTEX
8
RASTER
10
29.525
20
13.725
30
0
0
VERTEX
8
RASTER
10
29.581
20
13.481
30
0
0
VERTEX
8
RASTER
10
29.6
20
13.2
30
0
0
VERTEX
8
RASTER
10
29.6
20
6
30
0
0
VERTEX
8
RASTER
10
29.581
20
5.719
30
0
0
VERTEX
8
RASTER
10
29.525
20
5.475
30
0
0
VERTEX
8
RASTER
10
29.431
20
5.269
30
0
0
VERTEX
8
RASTER
10
29.3
20
5.1
30
0
0
VERTEX
8
RASTER
10
29.131
20
4.969
30
0
0
VERTEX
8
RASTER
10
28.925
20
4.875
30
0
0
VERTEX
8
RASTER
10
28.681
20
4.819
30
0
0
VERTEX
8
RASTER
10
28.4
20
4.8
30
0
0
VERTEX
8
RASTER
10
21.2
20
4.8
30
0
0
VERTEX
8
RASTER
10
20.919
20
4.819
30
0
0
VERTEX
8
RASTER
10
20.675
20
4.875
30
0
0
VERTEX
8
RASTER
10
20.469
20
4.969
30
0
0
VERTEX
8
RASTER
10
20.3
20
5.1
30
0
0
VERTEX
8
RASTER
10
20.169
20
5.269
30
0
0
VERTEX
8
RASTER
10
20.075
20
5.475
30
0
0
VERTEX
8
RASTER
10
20.019
20
5.719
30
0
0
VERTEX
8
RASTER
10
20
20
6
30
0
0
SEQEND
8
RASTER
0
POLYLINE
8
RASTER
66
1
70
1
0
VERTEX
8
RASTER
10
20.5
20
13.2
30
0
0
VERTEX
8
RASTER
10
20.5
20
6
30
0
0
VERTEX
8
RASTER
10
20.511
20
5.836
30
0
0
VERTEX
8
RASTER
10
20.544
20
5.694
30
0
0
VERTEX
8
RASTER
10
20.598
20
5.573
30
0
0
VERTEX
8
RASTER
10
20.675
20
5.475
30
0
0
VERTEX
8
RASTER
10
20.773
20
5.398
30
0
0
VERTEX
8
RASTER
10
20.894
20
5.344
30
0
0
VERTEX
8
RASTER
10
21.036
20
5.311
30
0
0
VERTEX
8
RASTER
10
21.2
20
5.3
30
0
0
VERTEX
8
RASTER
10
28.4
20
5.3
30
0
0
VERTEX
8
RASTER
10
28.564
20
5.311
30
0
0
VERTEX
8
RASTER
10
28.706
20
5.344
30
0
0
VERTEX
8
RASTER
10
28.827
20
5.398
30
0
0
VERTEX
8
RASTER
10
28.925
20
5.475
30
0
0
VERTEX
8
RASTER
10
29.002
20
5.573
30
0
0
VERTEX
8
RASTER
10
29.056
20
5.694
30
0
0
VERTEX
8
RASTER
10
29.089
20
5.836
30
0
0
VERTEX
8
RASTER
10
29.1
20
6
30
0
0
VERTEX
8
RASTER
10
29.1
20
13.2
30
0
0
VERTEX
8
RASTER
10
29.089
20
13.364
30
0
0
VERTEX
8
RASTER
10
29.056
20
13.506
30
0
0
VERTEX
8
RASTER
10
29.002
20
13.627
30
0
0
VERTEX
8
RASTER
10
28.925
20
13.725
30
0
0
VERTEX
8
RASTER
10
28.827
20
13.802
30
0
0
VERTEX
8
RASTER
10
28.706
20
13.856
30
0
0
VERTEX
8
RASTER
10
28.564
20
13.889
30
0
0
VERTEX
8
RASTER
10
28.4
20
13.9
30
0
0
VERTEX
8
RASTER
10
21.2
20
13.9
30
0
0
VERTEX
8
RASTER
10
21.036
20
13.889
30
0
0
VERTEX
8
RASTER
10
20.894
20
13.856
30
0
0
VERTEX
8
RASTER
10
20.773
20
13.802
30
0
0
VERTEX
8
RASTER
10
20.675
20
13.725
30
0
0
VERTEX
8
RASTER
10
20.598
20
13.627
30
0
0
VERTEX
8
RASTER
10
20.544
20
13.506
30
0
0
VERTEX
8
RASTER
10
20.511
20
13.364
30
0
0
VERTEX
8
RASTER
10
20.5
20
13.2
30
0
0
SEQEND
8
RASTER
0
POLYLINE
8
RASTER
66
1
70
1
0
VERTEX
8
RASTER
10
22.047
20
10.897
30
0
0
VERTEX
8
RASTER
10
22.018
20
10.955
30
0
0
VERTEX
8
RASTER
10
22.001
20
11.011
30
0
0
VERTEX
8
RASTER
10
21.996
20
11.063
30
0
0
VERTEX
8
RASTER
10
22.003
20
11.112
30
0
0
VERTEX
8
RASTER
10
22.021
20
11.158
30
0
0
VERTEX
8
RASTER
10
22.052
20
11.201
30
0
0
VERTEX
8
RASTER
10
22.094
20
11.24
30
0
0
VERTEX
8
RASTER
10
22.148
20
11.276
30
0
0
VERTEX
8
RASTER
10
22.509
20
11.485
30
0
0
VERTEX
8
RASTER
10
22.568
20
11.513
30
0
0
VERTEX
8
RASTER
10
22.623
20
11.53
30
0
0
VERTEX
8
RASTER
10
22.675
20
11.535
30
0
0
VERTEX
8
RASTER
10
22.724
20
11.529
30
0
0
VERTEX
8
RASTER
10
22.77
20
11.51
30
0
0
VERTEX
8
RASTER
10
22.813
20
11.48
30
0
0
VERTEX
8
RASTER
10
22.852
20
11.437
30
0
0
VERTEX
8
RASTER
10
22.889
20
11.383
30
0
0
VERTEX
8
RASTER
10
25.388
20
7.053
30
0
0
VERTEX
8
RASTER
10
25.417
20
6.995
30
0
0
VERTEX
8
RASTER
10
25.434
20
6.939
30
0
0
VERTEX
8
RASTER
10
25.439
20
6.887
30
0
0
VERTEX
8
RASTER
10
25.432
20
6.838
30
0
0
VERTEX
8
RASTER
10
25.414
20
6.792
30
0
0
VERTEX
8
RASTER
10
25.383
20
6.75
30
0
0
VERTEX
8
RASTER
10
25.341
20
6.71
30
0
0
VERTEX
8
RASTER
10
25.287
20
6.674
30
0
0
VERTEX
8
RASTER
10
24.926
20
6.465
30
0
0
VERTEX
8
RASTER
10
24.867
20
6.437
30
0
0
VERTEX
8
RASTER
10
24.812
20
6.42
30
0
0
VERTEX
8
RASTER
10
24.76
20
6.415
30
0
0
VERTEX
8
RASTER
10
24.711
20
6.421
30
0
0
VERTEX
8
RASTER
10
24.665
20
6.44
30
0
0
VERTEX
8
RASTER
10
24.622
20
6.471
30
0
0
VERTEX
8
RASTER
10
24.583
20
6.513
30
0
0
VERTEX
8
RASTER
10
24.546
20
6.567
30
0
0
SEQEND
8
RASTER
0
POLYLINE
8
RASTER
66
1
70
1
0
VERTEX
8
RASTER
10
22.287
20
11.036
30
0
0
VERTEX
8
RASTER
10
22.426
20
10.795
30
0
0
VERTEX
8
RASTER
10
22.787
20
11.004
30
0
0
VERTEX
8
RASTER
10
22.648
20
11.244
30
0
0
VERTEX
8
RASTER
10
22.287
20
11.036
30
0
0
SEQEND
8
RASTER
0
POLYLINE
8
RASTER
66
1
70
1
0
VERTEX
8
RASTER
10
24.648
20
6.947
30
0
0
VERTEX
8
RASTER
10
24.787
20
6.706
30
0
0
VERTEX
8
RASTER
10
25.148
20
6.914
30
0
0
VERTEX
8
RASTER
10
25.009
20
7.155
30
0
0
VERTEX
8
RASTER
10
24.648
20
6.947
30
0
0
SEQEND
8
RASTER
0
POLYLINE
8
RASTER
66
1
70
1
0
VERTEX
8
RASTER
10
23.129
20
11.522
30
0
0
VERTEX
8
RASTER
10
23.1
20
11.58
30
0
0
VERTEX
8
RASTER
10
23.083
20
11.636
30
0
0
VERTEX
8
RASTER
10
23.078
20
11.688
30
0
0
VERTEX
8
RASTER
10
23.085
20
11.737
30
0
0
VERTEX
8
RASTER
10
23.104
20
11.783
30
0
0
VERTEX
8
RASTER
10
23.134
20
11.826
30
0
0
VERTEX
8
RASTER
10
23.177
20
11.865
30
0
0
VERTEX
8
RASTER
10
23.231
20
11.901
30
0
0
VERTEX
8
RASTER
10
23.592
20
12.11
30
0
0
VERTEX
8
RASTER
10
23.65
20
12.138
30
0
0
VERTEX
8
RASTER
10
23.706
20
12.155
30
0
0
VERTEX
8
RASTER
10
23.758
20
12.16
30
0
0
VERTEX
8
RASTER
10
23.807
20
12.154
30
0
0
VERTEX
8
RASTER
10
23.853
20
12.135
30
0
0
VERTEX
8
RASTER
10
23.895
20
12.105
30
0
0
VERTEX
8
RASTER
10
23.935
20
12.062
30
0
0
VERTEX
8
RASTER
10
23.971
20
12.008
30
0
0
VERTEX
8
RASTER
10
26.471
20
7.678
30
0
0
VERTEX
8
RASTER
10
26.5
20
7.62
30
0
0
VERTEX
8
RASTER
10
26.517
20
7.564
30
0
0
VERTEX
8
RASTER
10
26.522
20
7.512
30
0
0
VERTEX
8
RASTER
10
26.515
20
7.463
30
0
0
VERTEX
8
RASTER
10
26.496
20
7.417
30
0
0
VERTEX
8
RASTER
10
26.466
20
7.374
30
0
0
VERTEX
8
RASTER
10
26.423
20
7.335
30
0
0
VERTEX
8
RASTER
10
26.369
20
7.299
30
0
0
VERTEX
8
RASTER
10
26.008
20
7.09
30
0
0
VERTEX
8
RASTER
10
25.95
20
7.062
30
0
0
VERTEX
8
RASTER
10
25.894
20
7.045
30
0
0
VERTEX
8
RASTER
10
25.842
20
7.04
30
0
0
VERTEX
8
RASTER
10
25.793
20
7.046
30
0
0
VERTEX
8
RASTER
10
25.747
20
7.065
30
0
0
VERTEX
8
RASTER
10
25.705
20
7.095
30
0
0
VERTEX
8
RASTER
10
25.665
20
7.138
30
0
0
VERTEX
8
RASTER
10
25.629
20
7.192
30
0
0
SEQEND
8
RASTER
0
POLYLINE
8
RASTER
66
1
70
1
0
VERTEX
8
RASTER
10
23.37
20
11.661
30
0
0
VERTEX
8
RASTER
10
23.509
20
11.42
30
0
0
VERTEX
8
RASTER
10
23.869
20
11.629
30
0
0
VERTEX
8
RASTER
10
23.73
20
11.869
30
0
0
VERTEX
8
RASTER
10
23.37
20
11.661
30
0
0
SEQEND
8
RASTER
0
POLYLINE
8
RASTER
66
1
70
1
0
VERTEX
8
RASTER
10
25.731
20
7.571
30
0
0
VERTEX
8
RASTER
10
25.87
20
7.331
30
0
0
VERTEX
8
RASTER
10
26.23
20
7.539
30
0
0
VERTEX
8
RASTER
10
26.091
20
7.78
30
0
0
VERTEX
8
RASTER
10
25.731
20
7.571
30
0
0
SEQEND
8
RASTER
0
POLYLINE
8
RASTER
66
1
70
1
0
VERTEX
8
RASTER
10
24.212
20
12.147
30
0
0
VERTEX
8
RASTER
10
24.183
20
12.205
30
0
0
VERTEX
8
RASTER
10
24.166
20
12.261
30
0
0
VERTEX
8
RASTER
10
24.161
20
12.313
30
0
0
VERTEX
8
RASTER
10
24.168
20
12.362
30
0
0
VERTEX
8
RASTER
10
24.186
20
12.408
30
0
0
VERTEX
8
RASTER
10
24.217
20
12.45
30
0
0
VERTEX
8
RASTER
10
24.259
20
12.49
30
0
0
VERTEX
8
RASTER
10
24.313
20
12.526
30
0
0
VERTEX
8
RASTER
10
24.674
20
12.735
30
0
0
VERTEX
8
RASTER
10
24.733
20
12.763
30
0
0
VERTEX
8
RASTER
10
24.788
20
12.78
30
0
0
VERTEX
8
RASTER
10
24.84
20
12.785
30
0
0
VERTEX
8
RASTER
10
24.889
20
12.779
30
0
0
VERTEX
8
RASTER
10
24.935
20
12.76
30
0
0
VERTEX
8
RASTER
10
24.978
20
12.729
30
0
0
VERTEX
8
RASTER
10
25.017
20
12.687
30
0
0
VERTEX
8
RASTER
10
25.054
20
12.633
30
0
0
VERTEX
8
RASTER
10
27.553
20
8.303
30
0
0
VERTEX
8
RASTER
10
27.582
20
8.245
30
0
0
VERTEX
8
RASTER
10
27.599
20
8.189
30
0
0
VERTEX
8
RASTER
10
27.604
20
8.137
30
0
0
VERTEX
8
RASTER
10
27.597
20
8.088
30
0
0
VERTEX
8
RASTER
10
27.579
20
8.042
30
0
0
VERTEX
8
RASTER
10
27.548
20
7.999
30
0
0
VERTEX
8
RASTER
10
27.506
20
7.96
30
0
0
VERTEX
8
RASTER
10
27.452
20
7.924
30
0
0
VERTEX
8
RASTER
10
27.091
20
7.715
30
0
0
VERTEX
8
RASTER
10
27.032
20
7.687
30
0
0
VERTEX
8
RASTER
10
26.977
20
7.67
30
0
0
VERTEX
8
RASTER
10
26.925
20
7.665
30
0
0
VERTEX
8
RASTER
10
26.876
20
7.671
30
0
0
VERTEX
8
RASTER
10
26.83
20
7.69
30
0
0
VERTEX
8
RASTER
10
26.787
20
7.72
30
0
0
VERTEX
8
RASTER
10
26.748
20
7.763
30
0
0
VERTEX
8
RASTER
10
26.711
20
7.817
30
0
0
SEQEND
8
RASTER
0
POLYLINE
8
RASTER
66
1
70
1
0
VERTEX
8
RASTER
10
24.452
20
12.286
30
0
0
VERTEX
8
RASTER
10
24.591
20
12.045
30
0
0
VERTEX
8
RASTER
10
24.952
20
12.253
30
0
0
VERTEX
8
RASTER
10
24.813
20
12.494
30
0
0
VERTEX
8
RASTER
10
24.452
20
12.286
30
0
0
SEQEND
8
RASTER
0
POLYLINE
8
RASTER
66
1
70
1
0
VERTEX
8
RASTER
10
26.813
20
8.196
30
0
0
VERTEX
8
RASTER
10
26.952
20
7.956
30
0
0
VERTEX
8
RASTER
10
27.313
20
8.164
30
0
0
VERTEX
8
RASTER
10
27.174
20
8.405
30
0
0
VERTEX
8
RASTER
10
26.813
20
8.196
30
0
0
SEQEND
8
RASTER
0
POLYLINE
8
CUT
66
1
70
1
0
VERTEX
8
CUT
10
34.4
20
13.7
30
0
0
VERTEX
8
CUT
10
34.423
20
14.052
30
0
0
VERTEX
8
CUT
10
34.494
20
14.356
30
0
0
VERTEX
8
CUT
10
34.611
20
14.614
30
0
0
VERTEX
8
CUT
10
34.775
20
14.825
30
0
0
VERTEX
8
CUT
10
34.986
20
14.989
30
0
0
VERTEX
8
CUT
10
35.244
20
15.106
30
0
0
VERTEX
8
CUT
10
35.548
20
15.177
30
0
0
VERTEX
8
CUT
10
35.9
20
15.2
30
0
0
VERTEX
8
CUT
10
44.1
20
15.2
30
0
0
VERTEX
8
CUT
10
44.452
20
15.177
30
0
0
VERTEX
8
CUT
10
44.756
20
15.106
30
0
0
VERTEX
8
CUT
10
45.014
20
14.989
30
0
0
VERTEX
8
CUT
10
45.225
20
14.825
30
0
0
VERTEX
8
CUT
10
45.389
20
14.614
30
0
0
VERTEX
8
CUT
10
45.506
20
14.356
30
0
0
VERTEX
8
CUT
10
45.577
20
14.052
30
0
0
VERTEX
8
CUT
10
45.6
20
13.7
30
0
0
VERTEX
8
CUT
10
45.6
20
5.5
30
0
0
VERTEX
8
CUT
10
45.577
20
5.148
30
0
0
VERTEX
8
CUT
10
45.506
20
4.844
30
0
0
VERTEX
8
CUT
10
45.389
20
4.586
30
0
0
VERTEX
8
CUT
10
45.225
20
4.375
30
0
0
VERTEX
8
CUT
10
45.014
20
4.211
30
0
0
VERTEX
8
CUT
10
44.756
20
4.094
30
0
0
VERTEX
8
CUT
10
44.452
20
4.023
30
0
0
VERTEX
8
CUT
10
44.1
20
4
30
0
0
VERTEX
8
CUT
10
35.9
20
4
30
0
0
VERTEX
8
CUT
10
35.548
20
4.023
30
0
0
VERTEX
8
CUT
10
35.244
20
4.094
30
0
0
VERTEX
8
CUT
10
34.986
20
4.211
30
0
0
VERTEX
8
CUT
10
34.775
20
4.375
30
0
0
VERTEX
8
CUT
10
34.611
20
4.586
30
0
0
VERTEX
8
CUT
10
34.494
20
4.844
30
0
0
VERTEX
8
CUT
10
34.423
20
5.148
30
0
0
VERTEX
8
CUT
10
34.4
20
5.5
30
0
0
SEQEND
8
CUT
0
POLYLINE
8
RASTER
66
1
70
1
0
VERTEX
8
RASTER
10
35.2
20
13.2
30
0
0
VERTEX
8
RASTER
10
35.219
20
13.481
30
0
0
VERTEX
8
RASTER
10
35.275
20
13.725
30
0
0
VERTEX
8
RASTER
10
35.369
20
13.931
30
0
0
VERTEX
8
RASTER
10
35.5
20
14.1
30
0
0
VERTEX
8
RASTER
10
35.669
20
14.231
30
0
0
VERTEX
8
RASTER
10
35.875
20
14.325
30
0
0
VERTEX
8
RASTER
10
36.119
20
14.381
30
0
0
VERTEX
8
RASTER
10
36.4
20
14.4
30
0
0
VERTEX
8
RASTER
10
43.6
20
14.4
30
0
0
VERTEX
8
RASTER
10
43.881
20
14.381
30
0
0
VERTEX
8
RASTER
10
44.125
20
14.325
30
0
0
VERTEX
8
RASTER
10
44.331
20
14.231
30
0
0
VERTEX
8
RASTER
10
44.5
20
14.1
30
0
0
VERTEX
8
RASTER
10
44.631
20
13.931
30
0
0
VERTEX
8
RASTER
10
44.725
20
13.725
30
0
0
VERTEX
8
RASTER
10
44.781
20
13.481
30
0
0
VERTEX
8
RASTER
10
44.8
20
13.2
30
0
0
VERTEX
8
RASTER
10
44.8
20
6
30
0
0
VERTEX
8
RASTER
10
44.781
20
5.719
30
0
0
VERTEX
8
RASTER
10
44.725
20
5.475
30
0
0
VERTEX
8
RASTER
10
44.631
20
5.269
30
0
0
VERTEX
8
RASTER
10
44.5
20
5.1
30
0
0
VERTEX
8
RASTER
10
44.331
20
4.969
30
0
0
VERTEX
8
RASTER
10
44.125
20
4.875
30
0
0
VERTEX
8
RASTER
10
43.881
20
4.819
30
0
0
VERTEX
8
RASTER
10
43.6
20
4.8
30
0
0
VERTEX
8
RASTER
10
36.4
20
4.8
30
0
0
VERTEX
8
RASTER
10
36.119
20
4.819
30
0
0
VERTEX
8
RASTER
10
35.875
20
4.875
30
0
0
VERTEX
8
RASTER
10
35.669
20
4.969
30
0
0
VERTEX
8
RASTER
10
35.5
20
5.1
30
0
0
VERTEX
8
RASTER
10
35.369
20
5.269
30
0
0
VERTEX
8
RASTER
10
35.275
20
5.475
30
0
0
VERTEX
8
RASTER
10
35.219
20
5.719
30
0
0
VERTEX
8
RASTER
10
35.2
20
6
30
0
0
SEQEND
8
RASTER
0
POLYLINE
8
RASTER
66
1
70
1
0
VERTEX
8
RASTER
10
35.7
20
13.2
30
0
0
VERTEX
8
RASTER
10
35.7
20
6
30
0
0
VERTEX
8
RASTER
10
35.711
20
5.836
30
0
0
VERTEX
8
RASTER
10
35.744
20
5.694
30
0
0
VERTEX
8
RASTER
10
35.798
20
5.573
30
0
0
VERTEX
8
RASTER
10
35.875
20
5.475
30
0
0
VERTEX
8
RASTER
10
35.973
20
5.398
30
0
0
VERTEX
8
RASTER
10
36.094
20
5.344
30
0
0
VERTEX
8
RASTER
10
36.236
20
5.311
30
0
0
VERTEX
8
RASTER
10
36.4
20
5.3
30
0
0
VERTEX
8
RASTER
10
43.6
20
5.3
30
0
0
VERTEX
8
RASTER
10
43.764
20
5.311
30
0
0
VERTEX
8
RASTER
10
43.906
20
5.344
30
0
0
VERTEX
8
RASTER
10
44.027
20
5.398
30
0
0
VERTEX
8
RASTER
10
44.125
20
5.475
30
0
0
VERTEX
8
RASTER
10
44.202
20
5.573
30
0
0
VERTEX
8
RASTER
10
44.256
20
5.694
30
0
0
VERTEX
8
RASTER
10
44.289
20
5.836
30
0
0
VERTEX
8
RASTER
10
44.3
20
6
30
0
0
VERTEX
8
RASTER
10
44.3
20
13.2
30
0
0
VERTEX
8
RASTER
10
44.289
20
13.364
30
0
0
VERTEX
8
RASTER
10
44.256
20
13.506
30
0
0
VERTEX
8
RASTER
10
44.202
20
13.627
30
0
0
VERTEX
8
RASTER
10
44.125
20
13.725
30
0
0
VERTEX
8
RASTER
10
44.027
20
13.802
30
0
0
VERTEX
8
RASTER
10
43.906
20
13.856
30
0
0
VERTEX
8
RASTER
10
43.764
20
13.889
30
0
0
VERTEX
8
RASTER
10
43.6
20
13.9
30
0
0
VERTEX
8
RASTER
10
36.4
20
13.9
30
0
0
VERTEX
8
RASTER
10
36.236
20
13.889
30
0
0
VERTEX
8
RASTER
10
36.094
20
13.856
30
0
0
VERTEX
8
RASTER
10
35.973
20
13.802
30
0
0
VERTEX
8
RASTER
10
35.875
20
13.725
30
0
0
VERTEX
8
RASTER
10
35.798
20
13.627
30
0
0
VERTEX
8
RASTER
10
35.744
20
13.506
30
0
0
VERTEX
8
RASTER
10
35.711
20
13.364
30
0
0
VERTEX
8
RASTER
10
35.7
20
13.2
30
0
0
SEQEND
8
RASTER
0
POLYLINE
8
RASTER
66
1
70
1
0
VERTEX
8
RASTER
10
37.247
20
10.897
30
0
0
VERTEX
8
RASTER
10
37.218
20
10.955
30
0
0
VERTEX
8
RASTER
10
37.201
20
11.011
30
0
0
VERTEX
8
RASTER
10
37.196
20
11.063
30
0
0
VERTEX
8
RASTER
10
37.203
20
11.112
30
0
0
VERTEX
8
RASTER
10
37.221
20
11.158
30
0
0
VERTEX
8
RASTER
10
37.252
20
11.201
30
0
0
VERTEX
8
RASTER
10
37.294
20
11.24
30
0
0
VERTEX
8
RASTER
10
37.348
20
11.276
30
0
0
VERTEX
8
RASTER
10
37.709
20
11.485
30
0
0
VERTEX
8
RASTER
10
37.768
20
11.513
30
0
0
VERTEX
8
RASTER
10
37.823
20
11.53
30
0
0
VERTEX
8
RASTER
10
37.875
20
11.535
30
0
0
VERTEX
8
RASTER
10
37.924
20
11.529
30
0
0
VERTEX
8
RASTER
10
37.97
20
11.51
30
0
0
VERTEX
8
RASTER
10
38.013
20
11.48
30
0
0
VERTEX
8
RASTER
10
38.052
20
11.437
30
0
0
VERTEX
8
RASTER
10
38.089
20
11.383
30
0
0
VERTEX
8
RASTER
10
40.588
20
7.053
30
0
0
VERTEX
8
RASTER
10
40.617
20
6.995
30
0
0
VERTEX
8
RASTER
10
40.634
20
6.939
30
0
0
VERTEX
8
RASTER
10
40.639
20
6.887
30
0
0
VERTEX
8
RASTER
10
40.632
20
6.838
30
0
0
VERTEX
8
RASTER
10
40.614
20
6.792
30
0
0
VERTEX
8
RASTER
10
40.583
20
6.75
30
0
0
VERTEX
8
RASTER
10
40.541
20
6.71
30
0
0
VERTEX
8
RASTER
10
40.487
20
6.674
30
0
0
VERTEX
8
RASTER
10
40.126
20
6.465
30
0
0
VERTEX
8
RASTER
10
40.067
20
6.437
30
0
0
VERTEX
8
RASTER
10
40.012
20
6.42
30
0
0
VERTEX
8
RASTER
10
39.96
20
6.415
30
0
0
VERTEX
8
RASTER
10
39.911
20
6.421
30
0
0
VERTEX
8
RASTER
10
39.865
20
6.44
30
0
0
VERTEX
8
RASTER
10
39.822
20
6.471
30
0
0
VERTEX
8
RASTER
10
39.783
20
6.513
30
0
0
VERTEX
8
RASTER
10
39.746
20
6.567
30
0
0
SEQEND
8
RASTER
0
POLYLINE
8
RASTER
66
1
70
1
0
VERTEX
8
RASTER
10
37.487
20
11.036
30
0
0
VERTEX
8
RASTER
10
37.626
20
10.795
30
0
0
VERTEX
8
RASTER
10
37.987
20
11.004
30
0
0
VERTEX
8
RASTER
10
37.848
20
11.244
30
0
0
VERTEX
8
RASTER
10
37.487
20
11.036
30
0
0
SEQEND
8
RASTER
0
POLYLINE
8
RASTER
66
1
70
1
0
VERTEX
8
RASTER
10
39.848
20
6.947
30
0
0
VERTEX
8
RASTER
10
39.987
20
6.706
30
0
0
VERTEX
8
RASTER
10
40.348
20
6.914
30
0
0
VERTEX
8
RASTER
10
40.209
20
7.155
30
0
0
VERTEX
8
RASTER
10
39.848
20
6.947
30
0
0
SEQEND
8
RASTER
0
POLYLINE
8
RASTER
66
1
70
1
0
VERTEX
8
RASTER
10
38.329
20
11.522
30
0
0
VERTEX
8
RASTER
10
38.3
20
11.58
30
0
0
VERTEX
8
RASTER
10
38.283
20
11.636
30
0
0
VERTEX
8
RASTER
10
38.278
20
11.688
30
0
0
VERTEX
8
RASTER
10
38.285
20
11.737
30
0
0
VERTEX
8
RASTER
10
38.304
20
11.783
30
0
0
VERTEX
8
RASTER
10
38.334
20
11.826
30
0
0
VERTEX
8
RASTER
10
38.377
20
11.865
30
0
0
VERTEX
8
RASTER
10
38.431
20
11.901
30
0
0
VERTEX
8
RASTER
10
38.792
20
12.11
30
0
0
VERTEX
8
RASTER
10
38.85
20
12.138
30
0
0
VERTEX
8
RASTER
10
38.906
20
12.155
30
0
0
VERTEX
8
RASTER
10
38.958
20
12.16
30
0
0
VERTEX
8
RASTER
10
39.007
20
12.154
30
0
0
VERTEX
8
RASTER
10
39.053
20
12.135
30
0
0
VERTEX
8
RASTER
10
39.095
20
12.105
30
0
0
VERTEX
8
RASTER
10
39.135
20
12.062
30
0
0
VERTEX
8
RASTER
10
39.171
20
12.008
30
0
0
VERTEX
8
RASTER
10
41.671
20
7.678
30
0
0
VERTEX
8
RASTER
10
41.7
20
7.62
30
0
0
VERTEX
8
RASTER
10
41.717
20
7.564
30
0
0
VERTEX
8
RASTER
10
41.722
20
7.512
30
0
0
VERTEX
8
RASTER
10
41.715
20
7.463
30
0
0
VERTEX
8
RASTER
10
41.696
20
7.417
30
0
0
VERTEX
8
RASTER
10
41.666
20
7.374
30
0
0
VERTEX
8
RASTER
10
41.623
20
7.335
30
0
0
VERTEX
8
RASTER
10
41.569
20
7.299
30
0
0
VERTEX
8
RASTER
10
41.208
20
7.09
30
0
0
VERTEX
8
RASTER
10
41.15
20
7.062
30
0
0
VERTEX
8
RASTER
10
41.094
20
7.045
30
0
0
VERTEX
8
RASTER
10
41.042
20
7.04
30
0
0
VERTEX
8
RASTER
10
40.993
20
7.046
30
0
0
VERTEX
8
RASTER
10
40.947
20
7.065
30
0
0
VERTEX
8
RASTER
10
40.905
20
7.095
30
0
0
VERTEX
8
RASTER
10
40.865
20
7.138
30
0
0
VERTEX
8
RASTER
10
40.829
20
7.192
30
0
0
SEQEND
8
RASTER
0
POLYLINE
8
RASTER
66
1
70
1
0
VERTEX
8
RASTER
10
38.57
20
11.661
30
0
0
VERTEX
8
RASTER
10
38.709
20
11.42
30
0
0
VERTEX
8
RASTER
10
39.069
20
11.629
30
0
0
VERTEX
8
RASTER
10
38.93
20
11.869
30
0
0
VERTEX
8
RASTER
10
38.57
20
11.661
30
0
0
SEQEND
8
RASTER
0
POLYLINE
8
RASTER
66
1
70
1
0
VERTEX
8
RASTER
10
40.931
20
7.571
30
0
0
VERTEX
8
RASTER
10
41.07
20
7.331
30
0
0
VERTEX
8
RASTER
10
41.43
20
7.539
30
0
0
VERTEX
8
RASTER
10
41.291
20
7.78
30
0
0
VERTEX
8
RASTER
10
40.931
20
7.571
30
0
0
SEQEND
8
RASTER
0
POLYLINE
8
RASTER
66
1
70
1
0
VERTEX
8
RASTER
10
39.412
20
12.147
30
0
0
VERTEX
8
RASTER
10
39.383
20
12.205
30
0
0
VERTEX
8
RASTER
10
39.366
20
12.261
30
0
0
VERTEX
8
RASTER
10
39.361
20
12.313
30
0
0
VERTEX
8
RASTER
10
39.368
20
12.362
30
0
0
VERTEX
8
RASTER
10
39.386
20
12.408
30
0
0
VERTEX
8
RASTER
10
39.417
20
12.45
30
0
0
VERTEX
8
RASTER
10
39.459
20
12.49
30
0
0
VERTEX
8
RASTER
10
39.513
20
12.526
30
0
0
VERTEX
8
RASTER
10
39.874
20
12.735
30
0
0
VERTEX
8
RASTER
10
39.933
20
12.763
30
0
0
VERTEX
8
RASTER
10
39.988
20
12.78
30
0
0
VERTEX
8
RASTER
10
40.04
20
12.785
30
0
0
VERTEX
8
RASTER
10
40.089
20
12.779
30
0
0
VERTEX
8
RASTER
10
40.135
20
12.76
30
0
0
VERTEX
8
RASTER
10
40.178
20
12.729
30
0
0
VERTEX
8
RASTER
10
40.217
20
12.687
30
0
0
VERTEX
8
RASTER
10
40.254
20
12.633
30
0
0
VERTEX
8
RASTER
10
42.753
20
8.303
30
0
0
VERTEX
8
RASTER
10
42.782
20
8.245
30
0
0
VERTEX
8
RASTER
10
42.799
20
8.189
30
0
0
VERTEX
8
RASTER
10
42.804
20
8.137
30
0
0
VERTEX
8
RASTER
10
42.797
20
8.088
30
0
0
VERTEX
8
RASTER
10
42.779
20
8.042
30
0
0
VERTEX
8
RASTER
10
42.748
20
7.999
30
0
0
VERTEX
8
RASTER
10
42.706
20
7.96
30
0
0
VERTEX
8
RASTER
10
42.652
20
7.924
30
0
0
VERTEX
8
RASTER
10
42.291
20
7.715
30
0
0
VERTEX
8
RASTER
10
42.232
20
7.687
30
0
0
VERTEX
8
RASTER
10
42.177
20
7.67
30
0
0
VERTEX
8
RASTER
10
42.125
20
7.665
30
0
0
VERTEX
8
RASTER
10
42.076
20
7.671
30
0
0
VERTEX
8
RASTER
10
42.03
20
7.69
30
0
0
VERTEX
8
RASTER
10
41.987
20
7.72
30
0
0
VERTEX
8
RASTER
10
41.948
20
7.763
30
0
0
VERTEX
8
RASTER
10
41.911
20
7.817
30
0
0
SEQEND
8
RASTER
0
POLYLINE
8
RASTER
66
1
70
1
0
VERTEX
8
RASTER
10
39.652
20
12.286
30
0
0
VERTEX
8
RASTER
10
39.791
20
12.045
30
0
0
VERTEX
8
RASTER
10
40.152
20
12.253
30
0
0
VERTEX
8
RASTER
10
40.013
20
12.494
30
0
0
VERTEX
8
RASTER
10
39.652
20
12.286
30
0
0
SEQEND
8
RASTER
0
POLYLINE
8
RASTER
66
1
70
1
0
VERTEX
8
RASTER
10
42.013
20
8.196
30
0
0
VERTEX
8
RASTER
10
42.152
20
7.956
30
0
0
VERTEX
8
RASTER
10
42.513
20
8.164
30
0
0
VERTEX
8
RASTER
10
42.374
20
8.405
30
0
0
VERTEX
8
RASTER
10
42.013
20
8.196
30
0
0
SEQEND
8
RASTER
0
POLYLINE
8
CUT
66
1
70
1
0
VERTEX
8
CUT
10
49.6
20
13.7
30
0
0
VERTEX
8
CUT
10
49.623
20
14.052
30
0
0
VERTEX
8
CUT
10
49.694
20
14.356
30
0
0
VERTEX
8
CUT
10
49.811
20
14.614
30
0
0
VERTEX
8
CUT
10
49.975
20
14.825
30
0
0
VERTEX
8
CUT
10
50.186
20
14.989
30
0
0
VERTEX
8
CUT
10
50.444
20
15.106
30
0
0
VERTEX
8
CUT
10
50.748
20
15.177
30
0
0
VERTEX
8
CUT
10
51.1
20
15.2
30
0
0
VERTEX
8
CUT
10
59.3
20
15.2
30
0
0
VERTEX
8
CUT
10
59.652
20
15.177
30
0
0
VERTEX
8
CUT
10
59.956
20
15.106
30
0
0
VERTEX
8
CUT
10
60.214
20
14.989
30
0
0
VERTEX
8
CUT
10
60.425
20
14.825
30
0
0
VERTEX
8
CUT
10
60.589
20
14.614
30
0
0
VERTEX
8
CUT
10
60.706
20
14.356
30
0
0
VERTEX
8
CUT
10
60.777
20
14.052
30
0
0
VERTEX
8
CUT
10
60.8
20
13.7
30
0
0
VERTEX
8
CUT
10
60.8
20
5.5
30
0
0
VERTEX
8
CUT
10
60.777
20
5.148
30
0
0
VERTEX
8
CUT
10
60.706
20
4.844
30
0
0
VERTEX
8
CUT
10
60.589
20
4.586
30
0
0
VERTEX
8
CUT
10
60.425
20
4.375
30
0
0
VERTEX
8
CUT
10
60.214
20
4.211
30
0
0
VERTEX
8
CUT
10
59.956
20
4.094
30
0
0
VERTEX
8
CUT
10
59.652
20
4.023
30
0
0
VERTEX
8
CUT
10
59.3
20
4
30
0
0
VERTEX
8
CUT
10
51.1
20
4
30
0
0
VERTEX
8
CUT
10
50.748
20
4.023
30
0
0
VERTEX
8
CUT
10
50.444
20
4.094
30
0
0
VERTEX
8
CUT
10
50.186
20
4.211
30
0
0
VERTEX
8
CUT
10
49.975
20
4.375
30
0
0
VERTEX
8
CUT
10
49.811
20
4.586
30
0
0
VERTEX
8
CUT
10
49.694
20
4.844
30
0
0
VERTEX
8
CUT
10
49.623
20
5.148
30
0
0
VERTEX
8
CUT
10
49.6
20
5.5
30
0
0
SEQEND
8
CUT
0
POLYLINE
8
RASTER
66
1
70
1
0
VERTEX
8
RASTER
10
50.4
20
13.2
30
0
0
VERTEX
8
RASTER
10
50.419
20
13.481
30
0
0
VERTEX
8
RASTER
10
50.475
20
13.725
30
0
0
VERTEX
8
RASTER
10
50.569
20
13.931
30
0
0
VERTEX
8
RASTER
10
50.7
20
14.1
30
0
0
VERTEX
8
RASTER
10
50.869
20
14.231
30
0
0
VERTEX
8
RASTER
10
51.075
20
14.325
30
0
0
VERTEX
8
RASTER
10
51.319
20
14.381
30
0
0
VERTEX
8
RASTER
10
51.6
20
14.4
30
0
0
VERTEX
8
RASTER
10
58.8
20
14.4
30
0
0
VERTEX
8
RASTER
10
59.081
20
14.381
30
0
0
VERTEX
8
RASTER
10
59.325
20
14.325
30
0
0
VERTEX
8
RASTER
10
59.531
20
14.231
30
0
0
VERTEX
8
RASTER
10
59.7
20
14.1
30
0
0
VERTEX
8
RASTER
10
59.831
20
13.931
30
0
0
VERTEX
8
RASTER
10
59.925
20
13.725
30
0
0
VERTEX
8
RASTER
10
59.981
20
13.481
30
0
0
VERTEX
8
RASTER
10
60
20
13.2
30
0
0
VERTEX
8
RASTER
10
60
20
6
30
0
0
VERTEX
8
RASTER
10
59.981
20
5.719
30
0
0
VERTEX
8
RASTER
10
59.925
20
5.475
30
0
0
VERTEX
8
RASTER
10
59.831
20
5.269
30
0
0
VERTEX
8
RASTER
10
59.7
20
5.1
30
0
0
VERTEX
8
RASTER
10
59.531
20
4.969
30
0
0
VERTEX
8
RASTER
10
59.325
20
4.875
30
0
0
VERTEX
8
RASTER
10
59.081
20
4.819
30
0
0
VERTEX
8
RASTER
10
58.8
20
4.8
30
0
0
VERTEX
8
RASTER
10
51.6
20
4.8
30
0
0
VERTEX
8
RASTER
10
51.319
20
4.819
30
0
0
VERTEX
8
RASTER
10
51.075
20
4.875
30
0
0
VERTEX
8
RASTER
10
50.869
20
4.969
30
0
0
VERTEX
8
RASTER
10
50.7
20
5.1
30
0
0
VERTEX
8
RASTER
10
50.569
20
5.269
30
0
0
VERTEX
8
RASTER
10
50.475
20
5.475
30
0
0
VERTEX
8
RASTER
10
50.419
20
5.719
30
0
0
VERTEX
8
RASTER
10
50.4
20
6
30
0
0
SEQEND
8
RASTER
0
POLYLINE
8
RASTER
66
1
70
1
0
VERTEX
8
RASTER
10
50.9
20
13.2
30
0
0
VERTEX
8
RASTER
10
50.9
20
6
30
0
0
VERTEX
8
RASTER
10
50.911
20
5.836
30
0
0
VERTEX
8
RASTER
10
50.944
20
5.694
30
0
0
VERTEX
8
RASTER
10
50.998
20
5.573
30
0
0
VERTEX
8
RASTER
10
51.075
20
5.475
30
0
0
VERTEX
8
RASTER
10
51.173
20
5.398
30
0
0
VERTEX
8
RASTER
10
51.294
20
5.344
30
0
0
VERTEX
8
RASTER
10
51.436
20
5.311
30
0
0
VERTEX
8
RASTER
10
51.6
20
5.3
30
0
0
VERTEX
8
RASTER
10
58.8
20
5.3
30
0
0
VERTEX
8
RASTER
10
58.964
20
5.311
30
0
0
VERTEX
8
RASTER
10
59.106
20
5.344
30
0
0
VERTEX
8
RASTER
10
59.227
20
5.398
30
0
0
VERTEX
8
RASTER
10
59.325
20
5.475
30
0
0
VERTEX
8
RASTER
10
59.402
20
5.573
30
0
0
VERTEX
8
RASTER
10
59.456
20
5.694
30
0
0
VERTEX
8
RASTER
10
59.489
20
5.836
30
0
0
VERTEX
8
RASTER
10
59.5
20
6
30
0
0
VERTEX
8
RASTER
10
59.5
20
13.2
30
0
0
VERTEX
8
RASTER
10
59.489
20
13.364
30
0
0
VERTEX
8
RASTER
10
59.456
20
13.506
30
0
0
VERTEX
8
RASTER
10
59.402
20
13.627
30
0
0
VERTEX
8
RASTER
10
59.325
20
13.725
30
0
0
VERTEX
8
RASTER
10
59.227
20
13.802
30
0
0
VERTEX
8
RASTER
10
59.106
20
13.856
30
0
0
VERTEX
8
RASTER
10
58.964
20
13.889
30
0
0
VERTEX
8
RASTER
10
58.8
20
13.9
30
0
0
VERTEX
8
RASTER
10
51.6
20
13.9
30
0
0
VERTEX
8
RASTER
10
51.436
20
13.889
30
0
0
VERTEX
8
RASTER
10
51.294
20
13.856
30
0
0
VERTEX
8
RASTER
10
51.173
20
13.802
30
0
0
VERTEX
8
RASTER
10
51.075
20
13.725
30
0
0
VERTEX
8
RASTER
10
50.998
20
13.627
30
0
0
VERTEX
8
RASTER
10
50.944
20
13.506
30
0
0
VERTEX
8
RASTER
10
50.911
20
13.364
30
0
0
VERTEX
8
RASTER
10
50.9
20
13.2
30
0
0
SEQEND
8
RASTER
0
POLYLINE
8
RASTER
66
1
70
1
0
VERTEX
8
RASTER
10
52.447
20
10.897
30
0
0
VERTEX
8
RASTER
10
52.418
20
10.955
30
0
0
VERTEX
8
RASTER
10
52.401
20
11.011
30
0
0
VERTEX
8
RASTER
10
52.396
20
11.063
30
0
0
VERTEX
8
RASTER
10
52.403
20
11.112
30
0
0
VERTEX
8
RASTER
10
52.421
20
11.158
30
0
0
VERTEX
8
RASTER
10
52.452
20
11.201
30
0
0
VERTEX
8
RASTER
10
52.494
20
11.24
30
0
0
VERTEX
8
RASTER
10
52.548
20
11.276
30
0
0
VERTEX
8
RASTER
10
52.909
20
11.485
30
0
0
VERTEX
8
RASTER
10
52.968
20
11.513
30
0
0
VERTEX
8
RASTER
10
53.023
20
11.53
30
0
0
VERTEX
8
RASTER
10
53.075
20
11.535
30
0
0
VERTEX
8
RASTER
10
53.124
20
11.529
30
0
0
VERTEX
8
RASTER
10
53.17
20
11.51
30
0
0
VERTEX
8
RASTER
10
53.213
20
11.48
30
0
0
VERTEX
8
RASTER
10
53.252
20
11.437
30
0
0
VERTEX
8
RASTER
10
53.289
20
11.383
30
0
0
VERTEX
8
RASTER
10
55.788
20
7.053
30
0
0
VERTEX
8
RASTER
10
55.817
20
6.995
30
0
0
VERTEX
8
RASTER
10
55.834
20
6.939
30
0
0
VERTEX
8
RASTER
10
55.839
20
6.887
30
0
0
VERTEX
8
RASTER
10
55.832
20
6.838
30
0
0
VERTEX
8
RASTER
10
55.814
20
6.792
30
0
0
VERTEX
8
RASTER
10
55.783
20
6.75
30
0
0
VERTEX
8
RASTER
10
55.741
20
6.71
30
0
0
VERTEX
8
RASTER
10
55.687
20
6.674
30
0
0
VERTEX
8
RASTER
10
55.326
20
6.465
30
0
0
VERTEX
8
RASTER
10
55.267
20
6.437
30
0
0
VERTEX
8
RASTER
10
55.212
20
6.42
30
0
0
VERTEX
8
RASTER
10
55.16
20
6.415
30
0
0
VERTEX
8
RASTER
10
55.111
20
6.421
30
0
0
VERTEX
8
RASTER
10
55.065
20
6.44
30
0
0
VERTEX
8
RASTER
10
55.022
20
6.471
30
0
0
VERTEX
8
RASTER
10
54.983
20
6.513
30
0
0
VERTEX
8
RASTER
10
54.946
20
6.567
30
0
0
SEQEND
8
RASTER
0
POLYLINE
8
RASTER
66
1
70
1
0
VERTEX
8
RASTER
10
52.687
20
11.036
30
0
0
VERTEX
8
RASTER
10
52.826
20
10.795
30
0
0
VERTEX
8
RASTER
10
53.187
20
11.004
30
0
0
VERTEX
8
RASTER
10
53.048
20
11.244
30
0
0
VERTEX
8
RASTER
10
52.687
20
11.036
30
0
0
SEQEND
8
RASTER
0
POLYLINE
8
RASTER
66
1
70
1
0
VERTEX
8
RASTER
10
55.048
20
6.947
30
0
0
VERTEX
8
RASTER
10
55.187
20
6.706
30
0
0
VERTEX
8
RASTER
10
55.548
20
6.914
30
0
0
VERTEX
8
RASTER
10
55.409
20
7.155
30
0
0
VERTEX
8
RASTER
10
55.048
20
6.947
30
0
0
SEQEND
8
RASTER
0
POLYLINE
8
RASTER
66
1
70
1
0
VERTEX
8
RASTER
10
53.529
20
11.522
30
0
0
VERTEX
8
RASTER
10
53.5
20
11.58
30
0
0
VERTEX
8
RASTER
10
53.483
20
11.636
30
0
0
VERTEX
8
RASTER
10
53.478
20
11.688
30
0
0
VERTEX
8
RASTER
10
53.485
20
11.737
30
0
0
VERTEX
8
RASTER
10
53.504
20
11.783
30
0
0
VERTEX
8
RASTER
10
53.534
20
11.826
30
0
0
VERTEX
8
RASTER
10
53.577
20
11.865
30
0
0
VERTEX
8
RASTER
10
53.631
20
11.901
30
0
0
VERTEX
8
RASTER
10
53.992
20
12.11
30
0
0
VERTEX
8
RASTER
10
54.05
20
12.138
30
0
0
VERTEX
8
RASTER
10
54.106
20
12.155
30
0
0
VERTEX
8
RASTER
10
54.158
20
12.16
30
0
0
VERTEX
8
RASTER
10
54.207
20
12.154
30
0
0
VERTEX
8
RASTER
10
54.253
20
12.135
30
0
0
VERTEX
8
RASTER
10
54.295
20
12.105
30
0
0
VERTEX
8
RASTER
10
54.335
20
12.062
30
0
0
VERTEX
8
RASTER
10
54.371
20
12.008
30
0
0
VERTEX
8
RASTER
10
56.871
20
7.678
30
0
0
VERTEX
8
RASTER
10
56.9
20
7.62
30
0
0
VERTEX
8
RASTER
10
56.917
20
7.564
30
0
0
VERTEX
8
RASTER
10
56.922
20
7.512
30
0
0
VERTEX
8
RASTER
10
56.915
20
7.463
30
0
0
VERTEX
8
RASTER
10
56.896
20
7.417
30
0
0
VERTEX
8
RASTER
10
56.866
20
7.374
30
0
0
VERTEX
8
RASTER
10
56.823
20
7.335
30
0
0
VERTEX
8
RASTER
10
56.769
20
7.299
30
0
0
VERTEX
8
RASTER
10
56.408
20
7.09
30
0
0
VERTEX
8
RASTER
10
56.35
20
7.062
30
0
0
VERTEX
8
RASTER
10
56.294
20
7.045
30
0
0
VERTEX
8
RASTER
10
56.242
20
7.04
30
0
0
VERTEX
8
RASTER
10
56.193
20
7.046
30
0
0
VERTEX
8
RASTER
10
56.147
20
7.065
30
0
0
VERTEX
8
RASTER
10
56.105
20
7.095
30
0
0
VERTEX
8
RASTER
10
56.065
20
7.138
30
0
0
VERTEX
8
RASTER
10
56.029
20
7.192
30
0
0
SEQEND
8
RASTER
0
POLYLINE
8
RASTER
66
1
70
1
0
VERTEX
8
RASTER
10
53.77
20
11.661
30
0
0
VERTEX
8
RASTER
10
53.909
20
11.42
30
0
0
VERTEX
8
RASTER
10
54.269
20
11.629
30
0
0
VERTEX
8
RASTER
10
54.13
20
11.869
30
0
0
VERTEX
8
RASTER
10
53.77
20
11.661
30
0
0
SEQEND
8
RASTER
0
POLYLINE
8
RASTER
66
1
70
1
0
VERTEX
8
RASTER
10
56.131
20
7.571
30
0
0
VERTEX
8
RASTER
10
56.27
20
7.331
30
0
0
VERTEX
8
RASTER
10
56.63
20
7.539
30
0
0
VERTEX
8
RASTER
10
56.491
20
7.78
30
0
0
VERTEX
8
RASTER
10
56.131
20
7.571
30
0
0
SEQEND
8
RASTER
0
POLYLINE
8
RASTER
66
1
70
1
0
VERTEX
8
RASTER
10
54.612
20
12.147
30
0
0
VERTEX
8
RASTER
10
54.583
20
12.205
30
0
0
VERTEX
8
RASTER
10
54.566
20
12.261
30
0
0
VERTEX
8
RASTER
10
54.561
20
12.313
30
0
0
VERTEX
8
RASTER
10
54.568
20
12.362
30
0
0
VERTEX
8
RASTER
10
54.586
20
12.408
30
0
0
VERTEX
8
RASTER
10
54.617
20
12.45
30
0
0
VERTEX
8
RASTER
10
54.659
20
12.49
30
0
0
VERTEX
8
RASTER
10
54.713
20
12.526
30
0
0
VERTEX
8
RASTER
10
55.074
20
12.735
30
0
0
VERTEX
8
RASTER
10
55.133
20
12.763
30
0
0
VERTEX
8
RASTER
10
55.188
20
12.78
30
0
0
VERTEX
8
RASTER
10
55.24
20
12.785
30
0
0
VERTEX
8
RASTER
10
55.289
20
12.779
30
0
0
VERTEX
8
RASTER
10
55.335
20
12.76
30
0
0
VERTEX
8
RASTER
10
55.378
20
12.729
30
0
0
VERTEX
8
RASTER
10
55.417
20
12.687
30
0
0
VERTEX
8
RASTER
10
55.454
20
12.633
30
0
0
VERTEX
8
RASTER
10
57.953
20
8.303
30
0
0
VERTEX
8
RASTER
10
57.982
20
8.245
30
0
0
VERTEX
8
RASTER
10
57.999
20
8.189
30
0
0
VERTEX
8
RASTER
10
58.004
20
8.137
30
0
0
VERTEX
8
RASTER
10
57.997
20
8.088
30
0
0
VERTEX
8
RASTER
10
57.979
20
8.042
30
0
0
VERTEX
8
RASTER
10
57.948
20
7.999
30
0
0
VERTEX
8
RASTER
10
57.906
20
7.96
30
0
0
VERTEX
8
RASTER
10
57.852
20
7.924
30
0
0
VERTEX
8
RASTER
10
57.491
20
7.715
30
0
0
VERTEX
8
RASTER
10
57.432
20
7.687
30
0
0
VERTEX
8
RASTER
10
57.377
20
7.67
30
0
0
VERTEX
8
RASTER
10
57.325
20
7.665
30
0
0
VERTEX
8
RASTER
10
57.276
20
7.671
30
0
0
VERTEX
8
RASTER
10
57.23
20
7.69
30
0
0
VERTEX
8
RASTER
10
57.187
20
7.72
30
0
0
VERTEX
8
RASTER
10
57.148
20
7.763
30
0
0
VERTEX
8
RASTER
10
57.111
20
7.817
30
0
0
SEQEND
8
RASTER
0
POLYLINE
8
RASTER
66
1
70
1
0
VERTEX
8
RASTER
10
54.852
20
12.286
30
0
0
VERTEX
8
RASTER
10
54.991
20
12.045
30
0
0
VERTEX
8
RASTER
10
55.352
20
12.253
30
0
0
VERTEX
8
RASTER
10
55.213
20
12.494
30
0
0
VERTEX
8
RASTER
10
54.852
20
12.286
30
0
0
SEQEND
8
RASTER
0
POLYLINE
8
RASTER
66
1
70
1
0
VERTEX
8
RASTER
10
57.213
20
8.196
30
0
0
VERTEX
8
RASTER
10
57.352
20
7.956
30
0
0
VERTEX
8
RASTER
10
57.713
20
8.164
30
0
0
VERTEX
8
RASTER
10
57.574
20
8.405
30
0
0
VERTEX
8
RASTER
10
57.213
20
8.196
30
0
0
SEQEND
8
RASTER
0
POLYLINE
8
CUT
66
1
70
1
0
VERTEX
8
CUT
10
64.8
20
13.7
30
0
0
VERTEX
8
CUT
10
64.823
20
14.052
30
0
0
VERTEX
8
CUT
10
64.894
20
14.356
30
0
0
VERTEX
8
CUT
10
65.011
20
14.614
30
0
0
VERTEX
8
CUT
10
65.175
20
14.825
30
0
0
VERTEX
8
CUT
10
65.386
20
14.989
30
0
0
VERTEX
8
CUT
10
65.644
20
15.106
30
0
0
VERTEX
8
CUT
10
65.948
20
15.177
30
0
0
VERTEX
8
CUT
10
66.3
20
15.2
30
0
0
VERTEX
8
CUT
10
74.5
20
15.2
30
0
0
VERTEX
8
CUT
10
74.852
20
15.177
30
0
0
VERTEX
8
CUT
10
75.156
20
15.106
30
0
0
VERTEX
8
CUT
10
75.414
20
14.989
30
0
0
VERTEX
8
CUT
10
75.625
20
14.825
30
0
0
VERTEX
8
CUT
10
75.789
20
14.614
30
0
0
VERTEX
8
CUT
10
75.906
20
14.356
30
0
0
VERTEX
8
CUT
10
75.977
20
14.052
30
0
0
VERTEX
8
CUT
10
76
20
13.7
30
0
0
VERTEX
8
CUT
10
76
20
5.5
30
0
0
VERTEX
8
CUT
10
75.977
20
5.148
30
0
0
VERTEX
8
CUT
10
75.906
20
4.844
30
0
0
VERTEX
8
CUT
10
75.789
20
4.586
30
0
0
VERTEX
8
CUT
10
75.625
20
4.375
30
0
0
VERTEX
8
CUT
10
75.414
20
4.211
30
0
0
VERTEX
8
CUT
10
75.156
20
4.094
30
0
0
VERTEX
8
CUT
10
74.852
20
4.023
30
0
0
VERTEX
8
CUT
10
74.5
20
4
30
0
0
VERTEX
8
CUT
10
66.3
20
4
30
0
0
VERTEX
8
CUT
10
65.948
20
4.023
30
0
0
VERTEX
8
CUT
10
65.644
20
4.094
30
0
0
VERTEX
8
CUT
10
65.386
20
4.211
30
0
0
VERTEX
8
CUT
10
65.175
20
4.375
30
0
0
VERTEX
8
CUT
10
65.011
20
4.586
30
0
0
VERTEX
8
CUT
10
64.894
20
4.844
30
0
0
VERTEX
8
CUT
10
64.823
20
5.148
30
0
0
VERTEX
8
CUT
10
64.8
20
5.5
30
0
0
SEQEND
8
CUT
0
POLYLINE
8
RASTER
66
1
70
1
0
VERTEX
8
RASTER
10
65.6
20
13.2
30
0
0
VERTEX
8
RASTER
10
65.619
20
13.481
30
0
0
VERTEX
8
RASTER
10
65.675
20
13.725
30
0
0
VERTEX
8
RASTER
10
65.769
20
13.931
30
0
0
VERTEX
8
RASTER
10
65.9
20
14.1
30
0
0
VERTEX
8
RASTER
10
66.069
20
14.231
30
0
0
VERTEX
8
RASTER
10
66.275
20
14.325
30
0
0
VERTEX
8
RASTER
10
66.519
20
14.381
30
0
0
VERTEX
8
RASTER
10
66.8
20
14.4
30
0
0
VERTEX
8
RASTER
10
74
20
14.4
30
0
0
VERTEX
8
RASTER
10
74.281
20
14.381
30
0
0
VERTEX
8
RASTER
10
74.525
20
14.325
30
0
0
VERTEX
8
RASTER
10
74.731
20
14.231
30
0
0
VERTEX
8
RASTER
10
74.9
20
14.1
30
0
0
VERTEX
8
RASTER
10
75.031
20
13.931
30
0
0
VERTEX
8
RASTER
10
75.125
20
13.725
30
0
0
VERTEX
8
RASTER
10
75.181
20
13.481
30
0
0
VERTEX
8
RASTER
10
75.2
20
13.2
30
0
0
VERTEX
8
RASTER
10
75.2
20
6
30
0
0
VERTEX
8
RASTER
10
75.181
20
5.719
30
0
0
VERTEX
8
RASTER
10
75.125
20
5.475
30
0
0
VERTEX
8
RASTER
10
75.031
20
5.269
30
0
0
VERTEX
8
RASTER
10
74.9
20
5.1
30
0
0
VERTEX
8
RASTER
10
74.731
20
4.969
30
0
0
VERTEX
8
RASTER
10
74.525
20
4.875
30
0
0
VERTEX
8
RASTER
10
74.281
20
4.819
30
0
0
VERTEX
8
RASTER
10
74
20
4.8
30
0
0
VERTEX
8
RASTER
10
66.8
20
4.8
30
0
0
VERTEX
8
RASTER
10
66.519
20
4.819
30
0
0
VERTEX
8
RASTER
10
66.275
20
4.875
30
0
0
VERTEX
8
RASTER
10
66.069
20
4.969
30
0
0
VERTEX
8
RASTER
10
65.9
20
5.1
30
0
0
VERTEX
8
RASTER
10
65.769
20
5.269
30
0
0
VERTEX
8
RASTER
10
65.675
20
5.475
30
0
0
VERTEX
8
RASTER
10
65.619
20
5.719
30
0
0
VERTEX
8
RASTER
10
65.6
20
6
30
0
0
SEQEND
8
RASTER
0
POLYLINE
8
RASTER
66
1
70
1
0
VERTEX
8
RASTER
10
66.1
20
13.2
30
0
0
VERTEX
8
RASTER
10
66.1
20
6
30
0
0
VERTEX
8
RASTER
10
66.111
20
5.836
30
0
0
VERTEX
8
RASTER
10
66.144
20
5.694
30
0
0
VERTEX
8
RASTER
10
66.198
20
5.573
30
0
0
VERTEX
8
RASTER
10
66.275
20
5.475
30
0
0
VERTEX
8
RASTER
10
66.373
20
5.398
30
0
0
VERTEX
8
RASTER
10
66.494
20
5.344
30
0
0
VERTEX
8
RASTER
10
66.636
20
5.311
30
0
0
VERTEX
8
RASTER
10
66.8
20
5.3
30
0
0
VERTEX
8
RASTER
10
74
20
5.3
30
0
0
VERTEX
8
RASTER
10
74.164
20
5.311
30
0
0
VERTEX
8
RASTER
10
74.306
20
5.344
30
0
0
VERTEX
8
RASTER
10
74.427
20
5.398
30
0
0
VERTEX
8
RASTER
10
74.525
20
5.475
30
0
0
VERTEX
8
RASTER
10
74.602
20
5.573
30
0
0
VERTEX
8
RASTER
10
74.656
20
5.694
30
0
0
VERTEX
8
RASTER
10
74.689
20
5.836
30
0
0
VERTEX
8
RASTER
10
74.7
20
6
30
0
0
VERTEX
8
RASTER
10
74.7
20
13.2
30
0
0
VERTEX
8
RASTER
10
74.689
20
13.364
30
0
0
VERTEX
8
RASTER
10
74.656
20
13.506
30
0
0
VERTEX
8
RASTER
10
74.602
20
13.627
30
0
0
VERTEX
8
RASTER
10
74.525
20
13.725
30
0
0
VERTEX
8
RASTER
10
74.427
20
13.802
30
0
0
VERTEX
8
RASTER
10
74.306
20
13.856
30
0
0
VERTEX
8
RASTER
10
74.164
20
13.889
30
0
0
VERTEX
8
RASTER
10
74
20
13.9
30
0
0
VERTEX
8
RASTER
10
66.8
20
13.9
30
0
0
VERTEX
8
RASTER
10
66.636
20
13.889
30
0
0
VERTEX
8
RASTER
10
66.494
20
13.856
30
0
0
VERTEX
8
RASTER
10
66.373
20
13.802
30
0
0
VERTEX
8
RASTER
10
66.275
20
13.725
30
0
0
VERTEX
8
RASTER
10
66.198
20
13.627
30
0
0
VERTEX
8
RASTER
10
66.144
20
13.506
30
0
0
VERTEX
8
RASTER
10
66.111
20
13.364
30
0
0
VERTEX
8
RASTER
10
66.1
20
13.2
30
0
0
SEQEND
8
RASTER
0
POLYLINE
8
RASTER
66
1
70
1
0
VERTEX
8
RASTER
10
67.647
20
10.897
30
0
0
VERTEX
8
RASTER
10
67.618
20
10.955
30
0
0
VERTEX
8
RASTER
10
67.601
20
11.011
30
0
0
VERTEX
8
RASTER
10
67.596
20
11.063
30
0
0
VERTEX
8
RASTER
10
67.603
20
11.112
30
0
0
VERTEX
8
RASTER
10
67.621
20
11.158
30
0
0
VERTEX
8
RASTER
10
67.652
20
11.201
30
0
0
VERTEX
8
RASTER
10
67.694
20
11.24
30
0
0
VERTEX
8
RASTER
10
67.748
20
11.276
30
0
0
VERTEX
8
RASTER
10
68.109
20
11.485
30
0
0
VERTEX
8
RASTER
10
68.168
20
11.513
30
0
0
VERTEX
8
RASTER
10
68.223
20
11.53
30
0
0
VERTEX
8
RASTER
10
68.275
20
11.535
30
0
0
VERTEX
8
RASTER
10
68.324
20
11.529
30
0
0
VERTEX
8
RASTER
10
68.37
20
11.51
30
0
0
VERTEX
8
RASTER
10
68.413
20
11.48
30
0
0
VERTEX
8
RASTER
10
68.452
20
11.437
30
0
0
VERTEX
8
RASTER
10
68.489
20
11.383
30
0
0
VERTEX
8
RASTER
10
70.988
20
7.053
30
0
0
VERTEX
8
RASTER
10
71.017
20
6.995
30
0
0
VERTEX
8
RASTER
10
71.034
20
6.939
30
0
0
VERTEX
8
RASTER
10
71.039
20
6.887
30
0
0
VERTEX
8
RASTER
10
71.032
20
6.838
30
0
0
VERTEX
8
RASTER
10
71.014
20
6.792
30
0
0
VERTEX
8
RASTER
10
70.983
20
6.75
30
0
0
VERTEX
8
RASTER
10
70.941
20
6.71
30
0
0
VERTEX
8
RASTER
10
70.887
20
6.674
30
0
0
VERTEX
8
RASTER
10
70.526
20
6.465
30
0
0
VERTEX
8
RASTER
10
70.467
20
6.437
30
0
0
VERTEX
8
RASTER
10
70.412
20
6.42
30
0
0
VERTEX
8
RASTER
10
70.36
20
6.415
30
0
0
VERTEX
8
RASTER
10
70.311
20
6.421
30
0
0
VERTEX
8
RASTER
10
70.265
20
6.44
30
0
0
VERTEX
8
RASTER
10
70.222
20
6.471
30
0
0
VERTEX
8
RASTER
10
70.183
20
6.513
30
0
0
VERTEX
8
RASTER
10
70.146
20
6.567
30
0
0
SEQEND
8
RASTER
0
POLYLINE
8
RASTER
66
1
70
1
0
VERTEX
8
RASTER
10
67.887
20
11.036
30
0
0
VERTEX
8
RASTER
10
68.026
20
10.795
30
0
0
VERTEX
8
RASTER
10
68.387
20
11.004
30
0
0
VERTEX
8
RASTER
10
68.248
20
11.244
30
0
0
VERTEX
8
RASTER
10
67.887
20
11.036
30
0
0
SEQEND
8
RASTER
0
POLYLINE
8
RASTER
66
1
70
1
0
VERTEX
8
RASTER
10
70.248
20
6.947
30
0
0
VERTEX
8
RASTER
10
70.387
20
6.706
30
0
0
VERTEX
8
RASTER
10
70.748
20
6.914
30
0
0
VERTEX
8
RASTER
10
70.609
20
7.155
30
0
0
VERTEX
8
RASTER
10
70.248
20
6.947
30
0
0
SEQEND
8
RASTER
0
POLYLINE
8
RASTER
66
1
70
1
0
VERTEX
8
RASTER
10
68.729
20
11.522
30
0
0
VERTEX
8
RASTER
10
68.7
20
11.58
30
0
0
VERTEX
8
RASTER
10
68.683
20
11.636
30
0
0
VERTEX
8
RASTER
10
68.678
20
11.688
30
0
0
VERTEX
8
RASTER
10
68.685
20
11.737
30
0
0
VERTEX
8
RASTER
10
68.704
20
11.783
30
0
0
VERTEX
8
RASTER
10
68.734
20
11.826
30
0
0
VERTEX
8
RASTER
10
68.777
20
11.865
30
0
0
VERTEX
8
RASTER
10
68.831
20
11.901
30
0
0
VERTEX
8
RASTER
10
69.192
20
12.11
30
0
0
VERTEX
8
RASTER
10
69.25
20
12.138
30
0
0
VERTEX
8
RASTER
10
69.306
20
12.155
30
0
0
VERTEX
8
RASTER
10
69.358
20
12.16
30
0
0
VERTEX
8
RASTER
10
69.407
20
12.154
30
0
0
VERTEX
8
RASTER
10
69.453
20
12.135
30
0
0
VERTEX
8
RASTER
10
69.495
20
12.105
30
0
0
VERTEX
8
RASTER
10
69.535
20
12.062
30
0
0
VERTEX
8
RASTER
10
69.571
20
12.008
30
0
0
VERTEX
8
RASTER
10
72.071
20
7.678
30
0
0
VERTEX
8
RASTER
10
72.1
20
7.62
30
0
0
VERTEX
8
RASTER
10
72.117
20
7.564
30
0
0
VERTEX
8
RASTER
10
72.122
20
7.512
30
0
0
VERTEX
8
RASTER
10
72.115
20
7.463
30
0
0
VERTEX
8
RASTER
10
72.096
20
7.417
30
0
0
VERTEX
8
RASTER
10
72.066
20
7.374
30
0
0
VERTEX
8
RASTER
10
72.023
20
7.335
30
0
0
VERTEX
8
RASTER
10
71.969
20
7.299
30
0
0
VERTEX
8
RASTER
10
71.608
20
7.09
30
0
0
VERTEX
8
RASTER
10
71.55
20
7.062
30
0
0
VERTEX
8
RASTER
10
71.494
20
7.045
30
0
0
VERTEX
8
RASTER
10
71.442
20
7.04
30
0
0
VERTEX
8
RASTER
10
71.393
20
7.046
30
0
0
VERTEX
8
RASTER
10
71.347
20
7.065
30
0
0
VERTEX
8
RASTER
10
71.305
20
7.095
30
0
0
VERTEX
8
RASTER
10
71.265
20
7.138
30
0
0
VERTEX
8
RASTER
10
71.229
20
7.192
30
0
0
SEQEND
8
RASTER
0
POLYLINE
8
RASTER
66
1
70
1
0
VERTEX
8
RASTER
10
68.97
20
11.661
30
0
0
VERTEX
8
RASTER
10
69.109
20
11.42
30
0
0
VERTEX
8
RASTER
10
69.469
20
11.629
30
0
0
VERTEX
8
RASTER
10
69.33
20
11.869
30
0
0
VERTEX
8
RASTER
10
68.97
20
11.661
30
0
0
SEQEND
8
RASTER
0
POLYLINE
8
RASTER
66
1
70
1
0
VERTEX
8
RASTER
10
71.331
20
7.571
30
0
0
VERTEX
8
RASTER
10
71.47
20
7.331
30
0
0
VERTEX
8
RASTER
10
71.83
20
7.539
30
0
0
VERTEX
8
RASTER
10
71.691
20
7.78
30
0
0
VERTEX
8
RASTER
10
71.331
20
7.571
30
0
0
SEQEND
8
RASTER
0
POLYLINE
8
RASTER
66
1
70
1
0
VERTEX
8
RASTER
10
69.812
20
12.147
30
0
0
VERTEX
8
RASTER
10
69.783
20
12.205
30
0
0
VERTEX
8
RASTER
10
69.766
20
12.261
30
0
0
VERTEX
8
RASTER
10
69.761
20
12.313
30
0
0
VERTEX
8
RASTER
10
69.768
20
12.362
30
0
0
VERTEX
8
RASTER
10
69.786
20
12.408
30
0
0
VERTEX
8
RASTER
10
69.817
20
12.45
30
0
0
VERTEX
8
RASTER
10
69.859
20
12.49
30
0
0
VERTEX
8
RASTER
10
69.913
20
12.526
30
0
0
VERTEX
8
RASTER
10
70.274
20
12.735
30
0
0
VERTEX
8
RASTER
10
70.333
20
12.763
30
0
0
VERTEX
8
RASTER
10
70.388
20
12.78
30
0
0
VERTEX
8
RASTER
10
70.44
20
12.785
30
0
0
VERTEX
8
RASTER
10
70.489
20
12.779
30
0
0
VERTEX
8
RASTER
10
70.535
20
12.76
30
0
0
VERTEX
8
RASTER
10
70.578
20
12.729
30
0
0
VERTEX
8
RASTER
10
70.617
20
12.687
30
0
0
VERTEX
8
RASTER
10
70.654
20
12.633
30
0
0
VERTEX
8
RASTER
10
73.153
20
8.303
30
0
0
VERTEX
8
RASTER
10
73.182
20
8.245
30
0
0
VERTEX
8
RASTER
10
73.199
20
8.189
30
0
0
VERTEX
8
RASTER
10
73.204
20
8.137
30
0
0
VERTEX
8
RASTER
10
73.197
20
8.088
30
0
0
VERTEX
8
RASTER
10
73.179
20
8.042
30
0
0
VERTEX
8
RASTER
10
73.148
20
7.999
30
0
0
VERTEX
8
RASTER
10
73.106
20
7.96
30
0
0
VERTEX
8
RASTER
10
73.052
20
7.924
30
0
0
VERTEX
8
RASTER
10
72.691
20
7.715
30
0
0
VERTEX
8
RASTER
10
72.632
20
7.687
30
0
0
VERTEX
8
RASTER
10
72.577
20
7.67
30
0
0
VERTEX
8
RASTER
10
72.525
20
7.665
30
0
0
VERTEX
8
RASTER
10
72.476
20
7.671
30
0
0
VERTEX
8
RASTER
10
72.43
20
7.69
30
0
0
VERTEX
8
RASTER
10
72.387
20
7.72
30
0
0
VERTEX
8
RASTER
10
72.348
20
7.763
30
0
0
VERTEX
8
RASTER
10
72.311
20
7.817
30
0
0
SEQEND
8
RASTER
0
POLYLINE
8
RASTER
66
1
70
1
0
VERTEX
8
RASTER
10
70.052
20
12.286
30
0
0
VERTEX
8
RASTER
10
70.191
20
12.045
30
0
0
VERTEX
8
RASTER
10
70.552
20
12.253
30
0
0
VERTEX
8
RASTER
10
70.413
20
12.494
30
0
0
VERTEX
8
RASTER
10
70.052
20
12.286
30
0
0
SEQEND
8
RASTER
0
POLYLINE
8
RASTER
66
1
70
1
0
VERTEX
8
RASTER
10
72.413
20
8.196
30
0
0
VERTEX
8
RASTER
10
72.552
20
7.956
30
0
0
VERTEX
8
RASTER
10
72.913
20
8.164
30
0
0
VERTEX
8
RASTER
10
72.774
20
8.405
30
0
0
VERTEX
8
RASTER
10
72.413
20
8.196
30
0
0
SEQEND
8
RASTER
0
POLYLINE
8
CUT
66
1
70
1
0
VERTEX
8
CUT
10
80
20
13.7
30
0
0
VERTEX
8
CUT
10
80.023
20
14.052
30
0
0
VERTEX
8
CUT
10
80.094
20
14.356
30
0
0
VERTEX
8
CUT
10
80.211
20
14.614
30
0
0
VERTEX
8
CUT
10
80.375
20
14.825
30
0
0
VERTEX
8
CUT
10
80.586
20
14.989
30
0
0
VERTEX
8
CUT
10
80.844
20
15.106
30
0
0
VERTEX
8
CUT
10
81.148
20
15.177
30
0
0
VERTEX
8
CUT
10
81.5
20
15.2
30
0
0
VERTEX
8
CUT
10
89.7
20
15.2
30
0
0
VERTEX
8
CUT
10
90.052
20
15.177
30
0
0
VERTEX
8
CUT
10
90.356
20
15.106
30
0
0
VERTEX
8
CUT
10
90.614
20
14.989
30
0
0
VERTEX
8
CUT
10
90.825
20
14.825
30
0
0
VERTEX
8
CUT
10
90.989
20
14.614
30
0
0
VERTEX
8
CUT
10
91.106
20
14.356
30
0
0
VERTEX
8
CUT
10
91.177
20
14.052
30
0
0
VERTEX
8
CUT
10
91.2
20
13.7
30
0
0
VERTEX
8
CUT
10
91.2
20
5.5
30
0
0
VERTEX
8
CUT
10
91.177
20
5.148
30
0
0
VERTEX
8
CUT
10
91.106
20
4.844
30
0
0
VERTEX
8
CUT
10
90.989
20
4.586
30
0
0
VERTEX
8
CUT
10
90.825
20
4.375
30
0
0
VERTEX
8
CUT
10
90.614
20
4.211
30
0
0
VERTEX
8
CUT
10
90.356
20
4.094
30
0
0
VERTEX
8
CUT
10
90.052
20
4.023
30
0
0
VERTEX
8
CUT
10
89.7
20
4
30
0
0
VERTEX
8
CUT
10
81.5
20
4
30
0
0
VERTEX
8
CUT
10
81.148
20
4.023
30
0
0
VERTEX
8
CUT
10
80.844
20
4.094
30
0
0
VERTEX
8
CUT
10
80.586
20
4.211
30
0
0
VERTEX
8
CUT
10
80.375
20
4.375
30
0
0
VERTEX
8
CUT
10
80.211
20
4.586
30
0
0
VERTEX
8
CUT
10
80.094
20
4.844
30
0
0
VERTEX
8
CUT
10
80.023
20
5.148
30
0
0
VERTEX
8
CUT
10
80
20
5.5
30
0
0
SEQEND
8
CUT
0
POLYLINE
8
RASTER
66
1
70
1
0
VERTEX
8
RASTER
10
80.8
20
13.2
30
0
0
VERTEX
8
RASTER
10
80.819
20
13.481
30
0
0
VERTEX
8
RASTER
10
80.875
20
13.725
30
0
0
VERTEX
8
RASTER
10
80.969
20
13.931
30
0
0
VERTEX
8
RASTER
10
81.1
20
14.1
30
0
0
VERTEX
8
RASTER
10
81.269
20
14.231
30
0
0
VERTEX
8
RASTER
10
81.475
20
14.325
30
0
0
VERTEX
8
RASTER
10
81.719
20
14.381
30
0
0
VERTEX
8
RASTER
10
82
20
14.4
30
0
0
VERTEX
8
RASTER
10
89.2
20
14.4
30
0
0
VERTEX
8
RASTER
10
89.481
20
14.381
30
0
0
VERTEX
8
RASTER
10
89.725
20
14.325
30
0
0
VERTEX
8
RASTER
10
89.931
20
14.231
30
0
0
VERTEX
8
RASTER
10
90.1
20
14.1
30
0
0
VERTEX
8
RASTER
10
90.231
20
13.931
30
0
0
VERTEX
8
RASTER
10
90.325
20
13.725
30
0
0
VERTEX
8
RASTER
10
90.381
20
13.481
30
0
0
VERTEX
8
RASTER
10
90.4
20
13.2
30
0
0
VERTEX
8
RASTER
10
90.4
20
6
30
0
0
VERTEX
8
RASTER
10
90.381
20
5.719
30
0
0
VERTEX
8
RASTER
10
90.325
20
5.475
30
0
0
VERTEX
8
RASTER
10
90.231
20
5.269
30
0
0
VERTEX
8
RASTER
10
90.1
20
5.1
30
0
0
VERTEX
8
RASTER
10
89.931
20
4.969
30
0
0
VERTEX
8
RASTER
10
89.725
20
4.875
30
0
0
VERTEX
8
RASTER
10
89.481
20
4.819
30
0
0
VERTEX
8
RASTER
10
89.2
20
4.8
30
0
0
VERTEX
8
RASTER
10
82
20
4.8
30
0
0
VERTEX
8
RASTER
10
81.719
20
4.819
30
0
0
VERTEX
8
RASTER
10
81.475
20
4.875
30
0
0
VERTEX
8
RASTER
10
81.269
20
4.969
30
0
0
VERTEX
8
RASTER
10
81.1
20
5.1
30
0
0
VERTEX
8
RASTER
10
80.969
20
5.269
30
0
0
VERTEX
8
RASTER
10
80.875
20
5.475
30
0
0
VERTEX
8
RASTER
10
80.819
20
5.719
30
0
0
VERTEX
8
RASTER
10
80.8
20
6
30
0
0
SEQEND
8
RASTER
0
POLYLINE
8
RASTER
66
1
70
1
0
VERTEX
8
RASTER
10
81.3
20
13.2
30
0
0
VERTEX
8
RASTER
10
81.3
20
6
30
0
0
VERTEX
8
RASTER
10
81.311
20
5.836
30
0
0
VERTEX
8
RASTER
10
81.344
20
5.694
30
0
0
VERTEX
8
RASTER
10
81.398
20
5.573
30
0
0
VERTEX
8
RASTER
10
81.475
20
5.475
30
0
0
VERTEX
8
RASTER
10
81.573
20
5.398
30
0
0
VERTEX
8
RASTER
10
81.694
20
5.344
30
0
0
VERTEX
8
RASTER
10
81.836
20
5.311
30
0
0
VERTEX
8
RASTER
10
82
20
5.3
30
0
0
VERTEX
8
RASTER
10
89.2
20
5.3
30
0
0
VERTEX
8
RASTER
10
89.364
20
5.311
30
0
0
VERTEX
8
RASTER
10
89.506
20
5.344
30
0
0
VERTEX
8
RASTER
10
89.627
20
5.398
30
0
0
VERTEX
8
RASTER
10
89.725
20
5.475
30
0
0
VERTEX
8
RASTER
10
89.802
20
5.573
30
0
0
VERTEX
8
RASTER
10
89.856
20
5.694
30
0
0
VERTEX
8
RASTER
10
89.889
20
5.836
30
0
0
VERTEX
8
RASTER
10
89.9
20
6
30
0
0
VERTEX
8
RASTER
10
89.9
20
13.2
30
0
0
VERTEX
8
RASTER
10
89.889
20
13.364
30
0
0
VERTEX
8
RASTER
10
89.856
20
13.506
30
0
0
VERTEX
8
RASTER
10
89.802
20
13.627
30
0
0
VERTEX
8
RASTER
10
89.725
20
13.725
30
0
0
VERTEX
8
RASTER
10
89.627
20
13.802
30
0
0
VERTEX
8
RASTER
10
89.506
20
13.856
30
0
0
VERTEX
8
RASTER
10
89.364
20
13.889
30
0
0
VERTEX
8
RASTER
10
89.2
20
13.9
30
0
0
VERTEX
8
RASTER
10
82
20
13.9
30
0
0
VERTEX
8
RASTER
10
81.836
20
13.889
30
0
0
VERTEX
8
RASTER
10
81.694
20
13.856
30
0
0
VERTEX
8
RASTER
10
81.573
20
13.802
30
0
0
VERTEX
8
RASTER
10
81.475
20
13.725
30
0
0
VERTEX
8
RASTER
10
81.398
20
13.627
30
0
0
VERTEX
8
RASTER
10
81.344
20
13.506
30
0
0
VERTEX
8
RASTER
10
81.311
20
13.364
30
0
0
VERTEX
8
RASTER
10
81.3
20
13.2
30
0
0
SEQEND
8
RASTER
0
POLYLINE
8
RASTER
66
1
70
1
0
VERTEX
8
RASTER
10
86.433
20
11.683
30
0
0
VERTEX
8
RASTER
10
86.416
20
11.417
30
0
0
VERTEX
8
RASTER
10
86.368
20
11.17
30
0
0
VERTEX
8
RASTER
10
86.291
20
10.946
30
0
0
VERTEX
8
RASTER
10
86.189
20
10.75
30
0
0
VERTEX
8
RASTER
10
86.066
20
10.589
30
0
0
VERTEX
8
RASTER
10
85.924
20
10.468
30
0
0
VERTEX
8
RASTER
10
85.768
20
10.391
30
0
0
VERTEX
8
RASTER
10
85.6
20
10.364
30
0
0
VERTEX
8
RASTER
10
85.432
20
10.391
30
0
0
VERTEX
8
RASTER
10
85.276
20
10.468
30
0
0
VERTEX
8
RASTER
10
85.134
20
10.589
30
0
0
VERTEX
8
RASTER
10
85.011
20
10.75
30
0
0
VERTEX
8
RASTER
10
84.909
20
10.946
30
0
0
VERTEX
8
RASTER
10
84.832
20
11.17
30
0
0
VERTEX
8
RASTER
10
84.784
20
11.417
30
0
0
VERTEX
8
RASTER
10
84.767
20
11.683
30
0
0
VERTEX
8
RASTER
10
84.784
20
11.949
30
0
0
VERTEX
8
RASTER
10
84.832
20
12.197
30
0
0
VERTEX
8
RASTER
10
84.909
20
12.421
30
0
0
VERTEX
8
RASTER
10
85.011
20
12.616
30
0
0
VERTEX
8
RASTER
10
85.134
20
12.777
30
0
0
VERTEX
8
RASTER
10
85.276
20
12.899
30
0
0
VERTEX
8
RASTER
10
85.432
20
12.976
30
0
0
VERTEX
8
RASTER
10
85.6
20
13.003
30
0
0
VERTEX
8
RASTER
10
85.768
20
12.976
30
0
0
VERTEX
8
RASTER
10
85.924
20
12.899
30
0
0
VERTEX
8
RASTER
10
86.066
20
12.777
30
0
0
VERTEX
8
RASTER
10
86.189
20
12.616
30
0
0
VERTEX
8
RASTER
10
86.291
20
12.421
30
0
0
VERTEX
8
RASTER
10
86.368
20
12.197
30
0
0
VERTEX
8
RASTER
10
86.416
20
11.949
30
0
0
VERTEX
8
RASTER
10
86.433
20
11.683
30
0
0
SEQEND
8
RASTER
0
POLYLINE
8
RASTER
66
1
70
1
0
VERTEX
8
RASTER
10
87.839
20
9.451
30
0
0
VERTEX
8
RASTER
10
87.581
20
9.385
30
0
0
VERTEX
8
RASTER
10
87.33
20
9.355
30
0
0
VERTEX
8
RASTER
10
87.093
20
9.359
30
0
0
VERTEX
8
RASTER
10
86.876
20
9.395
30
0
0
VERTEX
8
RASTER
10
86.685
20
9.463
30
0
0
VERTEX
8
RASTER
10
86.525
20
9.56
30
0
0
VERTEX
8
RASTER
10
86.404
20
9.685
30
0
0
VERTEX
8
RASTER
10
86.326
20
9.836
30
0
0
VERTEX
8
RASTER
10
86.3
20
10.004
30
0
0
VERTEX
8
RASTER
10
86.325
20
10.177
30
0
0
VERTEX
8
RASTER
10
86.397
20
10.349
30
0
0
VERTEX
8
RASTER
10
86.512
20
10.516
30
0
0
VERTEX
8
RASTER
10
86.666
20
10.673
30
0
0
VERTEX
8
RASTER
10
86.856
20
10.815
30
0
0
VERTEX
8
RASTER
10
87.076
20
10.938
30
0
0
VERTEX
8
RASTER
10
87.324
20
11.036
30
0
0
VERTEX
8
RASTER
10
87.582
20
11.102
30
0
0
VERTEX
8
RASTER
10
87.832
20
11.133
30
0
0
VERTEX
8
RASTER
10
88.069
20
11.129
30
0
0
VERTEX
8
RASTER
10
88.286
20
11.092
30
0
0
VERTEX
8
RASTER
10
88.478
20
11.025
30
0
0
VERTEX
8
RASTER
10
88.637
20
10.928
30
0
0
VERTEX
8
RASTER
10
88.759
20
10.803
30
0
0
VERTEX
8
RASTER
10
88.836
20
10.651
30
0
0
VERTEX
8
RASTER
10
88.862
20
10.483
30
0
0
VERTEX
8
RASTER
10
88.838
20
10.311
30
0
0
VERTEX
8
RASTER
10
88.766
20
10.139
30
0
0
VERTEX
8
RASTER
10
88.651
20
9.972
30
0
0
VERTEX
8
RASTER
10
88.496
20
9.815
30
0
0
VERTEX
8
RASTER
10
88.307
20
9.672
30
0
0
VERTEX
8
RASTER
10
88.086
20
9.55
30
0
0
VERTEX
8
RASTER
10
87.839
20
9.451
30
0
0
SEQEND
8
RASTER
0
POLYLINE
8
RASTER
66
1
70
1
0
VERTEX
8
RASTER
10
86.15
20
7.425
30
0
0
VERTEX
8
RASTER
10
86.008
20
7.65
30
0
0
VERTEX
8
RASTER
10
85.901
20
7.879
30
0
0
VERTEX
8
RASTER
10
85.832
20
8.105
30
0
0
VERTEX
8
RASTER
10
85.799
20
8.323
30
0
0
VERTEX
8
RASTER
10
85.805
20
8.526
30
0
0
VERTEX
8
RASTER
10
85.848
20
8.708
30
0
0
VERTEX
8
RASTER
10
85.929
20
8.862
30
0
0
VERTEX
8
RASTER
10
86.049
20
8.982
30
0
0
VERTEX
8
RASTER
10
86.201
20
9.059
30
0
0
VERTEX
8
RASTER
10
86.372
20
9.089
30
0
0
VERTEX
8
RASTER
10
86.558
20
9.074
30
0
0
VERTEX
8
RASTER
10
86.753
20
9.016
30
0
0
VERTEX
8
RASTER
10
86.95
20
8.918
30
0
0
VERTEX
8
RASTER
10
87.144
20
8.781
30
0
0
VERTEX
8
RASTER
10
87.329
20
8.61
30
0
0
VERTEX
8
RASTER
10
87.499
20
8.404
30
0
0
VERTEX
8
RASTER
10
87.641
20
8.179
30
0
0
VERTEX
8
RASTER
10
87.747
20
7.95
30
0
0
VERTEX
8
RASTER
10
87.817
20
7.724
30
0
0
VERTEX
8
RASTER
10
87.85
20
7.506
30
0
0
VERTEX
8
RASTER
10
87.844
20
7.303
30
0
0
VERTEX
8
RASTER
10
87.801
20
7.122
30
0
0
VERTEX
8
RASTER
10
87.72
20
6.968
30
0
0
VERTEX
8
RASTER
10
87.6
20
6.847
30
0
0
VERTEX
8
RASTER
10
87.448
20
6.77
30
0
0
VERTEX
8
RASTER
10
87.277
20
6.741
30
0
0
VERTEX
8
RASTER
10
87.091
20
6.756
30
0
0
VERTEX
8
RASTER
10
86.896
20
6.814
30
0
0
VERTEX
8
RASTER
10
86.699
20
6.912
30
0
0
VERTEX
8
RASTER
10
86.505
20
7.048
30
0
0
VERTEX
8
RASTER
10
86.32
20
7.22
30
0
0
VERTEX
8
RASTER
10
86.15
20
7.425
30
0
0
SEQEND
8
RASTER
0
POLYLINE
8
RASTER
66
1
70
1
0
VERTEX
8
RASTER
10
83.701
20
8.404
30
0
0
VERTEX
8
RASTER
10
83.871
20
8.61
30
0
0
VERTEX
8
RASTER
10
84.056
20
8.781
30
0
0
VERTEX
8
RASTER
10
84.25
20
8.918
30
0
0
VERTEX
8
RASTER
10
84.447
20
9.016
30
0
0
VERTEX
8
RASTER
10
84.642
20
9.074
30
0
0
VERTEX
8
RASTER
10
84.828
20
9.089
30
0
0
VERTEX
8
RASTER
10
84.999
20
9.059
30
0
0
VERTEX
8
RASTER
10
85.151
20
8.982
30
0
0
VERTEX
8
RASTER
10
85.271
20
8.862
30
0
0
VERTEX
8
RASTER
10
85.352
20
8.708
30
0
0
VERTEX
8
RASTER
10
85.395
20
8.526
30
0
0
VERTEX
8
RASTER
10
85.401
20
8.323
30
0
0
VERTEX
8
RASTER
10
85.368
20
8.105
30
0
0
VERTEX
8
RASTER
10
85.299
20
7.879
30
0
0
VERTEX
8
RASTER
10
85.192
20
7.65
30
0
0
VERTEX
8
RASTER
10
85.05
20
7.425
30
0
0
VERTEX
8
RASTER
10
84.88
20
7.22
30
0
0
VERTEX
8
RASTER
10
84.695
20
7.048
30
0
0
VERTEX
8
RASTER
10
84.501
20
6.912
30
0
0
VERTEX
8
RASTER
10
84.304
20
6.814
30
0
0
VERTEX
8
RASTER
10
84.109
20
6.756
30
0
0
VERTEX
8
RASTER
10
83.923
20
6.741
30
0
0
VERTEX
8
RASTER
10
83.752
20
6.77
30
0
0
VERTEX
8
RASTER
10
83.6
20
6.847
30
0
0
VERTEX
8
RASTER
10
83.48
20
6.968
30
0
0
VERTEX
8
RASTER
10
83.399
20
7.122
30
0
0
VERTEX
8
RASTER
10
83.356
20
7.303
30
0
0
VERTEX
8
RASTER
10
83.35
20
7.506
30
0
0
VERTEX
8
RASTER
10
83.383
20
7.724
30
0
0
VERTEX
8
RASTER
10
83.453
20
7.95
30
0
0
VERTEX
8
RASTER
10
83.559
20
8.179
30
0
0
VERTEX
8
RASTER
10
83.701
20
8.404
30
0
0
SEQEND
8
RASTER
0
POLYLINE
8
RASTER
66
1
70
1
0
VERTEX
8
RASTER
10
83.876
20
11.036
30
0
0
VERTEX
8
RASTER
10
84.124
20
10.938
30
0
0
VERTEX
8
RASTER
10
84.344
20
10.815
30
0
0
VERTEX
8
RASTER
10
84.534
20
10.673
30
0
0
VERTEX
8
RASTER
10
84.688
20
10.516
30
0
0
VERTEX
8
RASTER
10
84.803
20
10.349
30
0
0
VERTEX
8
RASTER
10
84.875
20
10.177
30
0
0
VERTEX
8
RASTER
10
84.9
20
10.004
30
0
0
VERTEX
8
RASTER
10
84.874
20
9.836
30
0
0
VERTEX
8
RASTER
10
84.796
20
9.685
30
0
0
VERTEX
8
RASTER
10
84.675
20
9.56
30
0
0
VERTEX
8
RASTER
10
84.515
20
9.463
30
0
0
VERTEX
8
RASTER
10
84.324
20
9.395
30
0
0
VERTEX
8
RASTER
10
84.107
20
9.359
30
0
0
VERTEX
8
RASTER
10
83.87
20
9.355
30
0
0
VERTEX
8
RASTER
10
83.619
20
9.385
30
0
0
VERTEX
8
RASTER
10
83.361
20
9.451
30
0
0
VERTEX
8
RASTER
10
83.114
20
9.55
30
0
0
VERTEX
8
RASTER
10
82.893
20
9.672
30
0
0
VERTEX
8
RASTER
10
82.704
20
9.815
30
0
0
VERTEX
8
RASTER
10
82.549
20
9.972
30
0
0
VERTEX
8
RASTER
10
82.434
20
10.139
30
0
0
VERTEX
8
RASTER
10
82.362
20
10.311
30
0
0
VERTEX
8
RASTER
10
82.338
20
10.483
30
0
0
VERTEX
8
RASTER
10
82.364
20
10.651
30
0
0
VERTEX
8
RASTER
10
82.441
20
10.803
30
0
0
VERTEX
8
RASTER
10
82.563
20
10.928
30
0
0
VERTEX
8
RASTER
10
82.722
20
11.025
30
0
0
VERTEX
8
RASTER
10
82.914
20
11.092
30
0
0
VERTEX
8
RASTER
10
83.131
20
11.129
30
0
0
VERTEX
8
RASTER
10
83.368
20
11.133
30
0
0
VERTEX
8
RASTER
10
83.618
20
11.102
30
0
0
VERTEX
8
RASTER
10
83.876
20
11.036
30
0
0
SEQEND
8
RASTER
0
CIRCLE
8
RASTER
10
85.6
20
9.6
30
0
40
0.625
0
POLYLINE
8
CUT
66
1
70
1
0
VERTEX
8
CUT
10
95.2
20
13.7
30
0
0
VERTEX
8
CUT
10
95.223
20
14.052
30
0
0
VERTEX
8
CUT
10
95.294
20
14.356
30
0
0
VERTEX
8
CUT
10
95.411
20
14.614
30
0
0
VERTEX
8
CUT
10
95.575
20
14.825
30
0
0
VERTEX
8
CUT
10
95.786
20
14.989
30
0
0
VERTEX
8
CUT
10
96.044
20
15.106
30
0
0
VERTEX
8
CUT
10
96.348
20
15.177
30
0
0
VERTEX
8
CUT
10
96.7
20
15.2
30
0
0
VERTEX
8
CUT
10
104.9
20
15.2
30
0
0
VERTEX
8
CUT
10
105.252
20
15.177
30
0
0
VERTEX
8
CUT
10
105.556
20
15.106
30
0
0
VERTEX
8
CUT
10
105.814
20
14.989
30
0
0
VERTEX
8
CUT
10
106.025
20
14.825
30
0
0
VERTEX
8
CUT
10
106.189
20
14.614
30
0
0
VERTEX
8
CUT
10
106.306
20
14.356
30
0
0
VERTEX
8
CUT
10
106.377
20
14.052
30
0
0
VERTEX
8
CUT
10
106.4
20
13.7
30
0
0
VERTEX
8
CUT
10
106.4
20
5.5
30
0
0
VERTEX
8
CUT
10
106.377
20
5.148
30
0
0
VERTEX
8
CUT
10
106.306
20
4.844
30
0
0
VERTEX
8
CUT
10
106.189
20
4.586
30
0
0
VERTEX
8
CUT
10
106.025
20
4.375
30
0
0
VERTEX
8
CUT
10
105.814
20
4.211
30
0
0
VERTEX
8
CUT
10
105.556
20
4.094
30
0
0
VERTEX
8
CUT
10
105.252
20
4.023
30
0
0
VERTEX
8
CUT
10
104.9
20
4
30
0
0
VERTEX
8
CUT
10
96.7
20
4
30
0
0
VERTEX
8
CUT
10
96.348
20
4.023
30
0
0
VERTEX
8
CUT
10
96.044
20
4.094
30
0
0
VERTEX
8
CUT
10
95.786
20
4.211
30
0
0
VERTEX
8
CUT
10
95.575
20
4.375
30
0
0
VERTEX
8
CUT
10
95.411
20
4.586
30
0
0
VERTEX
8
CUT
10
95.294
20
4.844
30
0
0
VERTEX
8
CUT
10
95.223
20
5.148
30
0
0
VERTEX
8
CUT
10
95.2
20
5.5
30
0
0
SEQEND
8
CUT
0
POLYLINE
8
RASTER
66
1
70
1
0
VERTEX
8
RASTER
10
96
20
13.2
30
0
0
VERTEX
8
RASTER
10
96.019
20
13.481
30
0
0
VERTEX
8
RASTER
10
96.075
20
13.725
30
0
0
VERTEX
8
RASTER
10
96.169
20
13.931
30
0
0
VERTEX
8
RASTER
10
96.3
20
14.1
30
0
0
VERTEX
8
RASTER
10
96.469
20
14.231
30
0
0
VERTEX
8
RASTER
10
96.675
20
14.325
30
0
0
VERTEX
8
RASTER
10
96.919
20
14.381
30
0
0
VERTEX
8
RASTER
10
97.2
20
14.4
30
0
0
VERTEX
8
RASTER
10
104.4
20
14.4
30
0
0
VERTEX
8
RASTER
10
104.681
20
14.381
30
0
0
VERTEX
8
RASTER
10
104.925
20
14.325
30
0
0
VERTEX
8
RASTER
10
105.131
20
14.231
30
0
0
VERTEX
8
RASTER
10
105.3
20
14.1
30
0
0
VERTEX
8
RASTER
10
105.431
20
13.931
30
0
0
VERTEX
8
RASTER
10
105.525
20
13.725
30
0
0
VERTEX
8
RASTER
10
105.581
20
13.481
30
0
0
VERTEX
8
RASTER
10
105.6
20
13.2
30
0
0
VERTEX
8
RASTER
10
105.6
20
6
30
0
0
VERTEX
8
RASTER
10
105.581
20
5.719
30
0
0
VERTEX
8
RASTER
10
105.525
20
5.475
30
0
0
VERTEX
8
RASTER
10
105.431
20
5.269
30
0
0
VERTEX
8
RASTER
10
105.3
20
5.1
30
0
0
VERTEX
8
RASTER
10
105.131
20
4.969
30
0
0
VERTEX
8
RASTER
10
104.925
20
4.875
30
0
0
VERTEX
8
RASTER
10
104.681
20
4.819
30
0
0
VERTEX
8
RASTER
10
104.4
20
4.8
30
0
0
VERTEX
8
RASTER
10
97.2
20
4.8
30
0
0
VERTEX
8
RASTER
10
96.919
20
4.819
30
0
0
VERTEX
8
RASTER
10
96.675
20
4.875
30
0
0
VERTEX
8
RASTER
10
96.469
20
4.969
30
0
0
VERTEX
8
RASTER
10
96.3
20
5.1
30
0
0
VERTEX
8
RASTER
10
96.169
20
5.269
30
0
0
VERTEX
8
RASTER
10
96.075
20
5.475
30
0
0
VERTEX
8
RASTER
10
96.019
20
5.719
30
0
0
VERTEX
8
RASTER
10
96
20
6
30
0
0
SEQEND
8
RASTER
0
POLYLINE
8
RASTER
66
1
70
1
0
VERTEX
8
RASTER
10
96.5
20
13.2
30
0
0
VERTEX
8
RASTER
10
96.5
20
6
30
0
0
VERTEX
8
RASTER
10
96.511
20
5.836
30
0
0
VERTEX
8
RASTER
10
96.544
20
5.694
30
0
0
VERTEX
8
RASTER
10
96.598
20
5.573
30
0
0
VERTEX
8
RASTER
10
96.675
20
5.475
30
0
0
VERTEX
8
RASTER
10
96.773
20
5.398
30
0
0
VERTEX
8
RASTER
10
96.894
20
5.344
30
0
0
VERTEX
8
RASTER
10
97.036
20
5.311
30
0
0
VERTEX
8
RASTER
10
97.2
20
5.3
30
0
0
VERTEX
8
RASTER
10
104.4
20
5.3
30
0
0
VERTEX
8
RASTER
10
104.564
20
5.311
30
0
0
VERTEX
8
RASTER
10
104.706
20
5.344
30
0
0
VERTEX
8
RASTER
10
104.827
20
5.398
30
0
0
VERTEX
8
RASTER
10
104.925
20
5.475
30
0
0
VERTEX
8
RASTER
10
105.002
20
5.573
30
0
0
VERTEX
8
RASTER
10
105.056
20
5.694
30
0
0
VERTEX
8
RASTER
10
105.089
20
5.836
30
0
0
VERTEX
8
RASTER
10
105.1
20
6
30
0
0
VERTEX
8
RASTER
10
105.1
20
13.2
30
0
0
VERTEX
8
RASTER
10
105.089
20
13.364
30
0
0
VERTEX
8
RASTER
10
105.056
20
13.506
30
0
0
VERTEX
8
RASTER
10
105.002
20
13.627
30
0
0
VERTEX
8
RASTER
10
104.925
20
13.725
30
0
0
VERTEX
8
RASTER
10
104.827
20
13.802
30
0
0
VERTEX
8
RASTER
10
104.706
20
13.856
30
0
0
VERTEX
8
RASTER
10
104.564
20
13.889
30
0
0
VERTEX
8
RASTER
10
104.4
20
13.9
30
0
0
VERTEX
8
RASTER
10
97.2
20
13.9
30
0
0
VERTEX
8
RASTER
10
97.036
20
13.889
30
0
0
VERTEX
8
RASTER
10
96.894
20
13.856
30
0
0
VERTEX
8
RASTER
10
96.773
20
13.802
30
0
0
VERTEX
8
RASTER
10
96.675
20
13.725
30
0
0
VERTEX
8
RASTER
10
96.598
20
13.627
30
0
0
VERTEX
8
RASTER
10
96.544
20
13.506
30
0
0
VERTEX
8
RASTER
10
96.511
20
13.364
30
0
0
VERTEX
8
RASTER
10
96.5
20
13.2
30
0
0
SEQEND
8
RASTER
0
POLYLINE
8
RASTER
66
1
70
1
0
VERTEX
8
RASTER
10
101.633
20
11.683
30
0
0
VERTEX
8
RASTER
10
101.616
20
11.417
30
0
0
VERTEX
8
RASTER
10
101.568
20
11.17
30
0
0
VERTEX
8
RASTER
10
101.491
20
10.946
30
0
0
VERTEX
8
RASTER
10
101.389
20
10.75
30
0
0
VERTEX
8
RASTER
10
101.266
20
10.589
30
0
0
VERTEX
8
RASTER
10
101.124
20
10.468
30
0
0
VERTEX
8
RASTER
10
100.968
20
10.391
30
0
0
VERTEX
8
RASTER
10
100.8
20
10.364
30
0
0
VERTEX
8
RASTER
10
100.632
20
10.391
30
0
0
VERTEX
8
RASTER
10
100.476
20
10.468
30
0
0
VERTEX
8
RASTER
10
100.334
20
10.589
30
0
0
VERTEX
8
RASTER
10
100.211
20
10.75
30
0
0
VERTEX
8
RASTER
10
100.109
20
10.946
30
0
0
VERTEX
8
RASTER
10
100.032
20
11.17
30
0
0
VERTEX
8
RASTER
10
99.984
20
11.417
30
0
0
VERTEX
8
RASTER
10
99.967
20
11.683
30
0
0
VERTEX
8
RASTER
10
99.984
20
11.949
30
0
0
VERTEX
8
RASTER
10
100.032
20
12.197
30
0
0
VERTEX
8
RASTER
10
100.109
20
12.421
30
0
0
VERTEX
8
RASTER
10
100.211
20
12.616
30
0
0
VERTEX
8
RASTER
10
100.334
20
12.777
30
0
0
VERTEX
8
RASTER
10
100.476
20
12.899
30
0
0
VERTEX
8
RASTER
10
100.632
20
12.976
30
0
0
VERTEX
8
RASTER
10
100.8
20
13.003
30
0
0
VERTEX
8
RASTER
10
100.968
20
12.976
30
0
0
VERTEX
8
RASTER
10
101.124
20
12.899
30
0
0
VERTEX
8
RASTER
10
101.266
20
12.777
30
0
0
VERTEX
8
RASTER
10
101.389
20
12.616
30
0
0
VERTEX
8
RASTER
10
101.491
20
12.421
30
0
0
VERTEX
8
RASTER
10
101.568
20
12.197
30
0
0
VERTEX
8
RASTER
10
101.616
20
11.949
30
0
0
VERTEX
8
RASTER
10
101.633
20
11.683
30
0
0
SEQEND
8
RASTER
0
POLYLINE
8
RASTER
66
1
70
1
0
VERTEX
8
RASTER
10
103.039
20
9.451
30
0
0
VERTEX
8
RASTER
10
102.781
20
9.385
30
0
0
VERTEX
8
RASTER
10
102.53
20
9.355
30
0
0
VERTEX
8
RASTER
10
102.293
20
9.359
30
0
0
VERTEX
8
RASTER
10
102.076
20
9.395
30
0
0
VERTEX
8
RASTER
10
101.885
20
9.463
30
0
0
VERTEX
8
RASTER
10
101.725
20
9.56
30
0
0
VERTEX
8
RASTER
10
101.604
20
9.685
30
0
0
VERTEX
8
RASTER
10
101.526
20
9.836
30
0
0
VERTEX
8
RASTER
10
101.5
20
10.004
30
0
0
VERTEX
8
RASTER
10
101.525
20
10.177
30
0
0
VERTEX
8
RASTER
10
101.597
20
10.349
30
0
0
VERTEX
8
RASTER
10
101.712
20
10.516
30
0
0
VERTEX
8
RASTER
10
101.866
20
10.673
30
0
0
VERTEX
8
RASTER
10
102.056
20
10.815
30
0
0
VERTEX
8
RASTER
10
102.276
20
10.938
30
0
0
VERTEX
8
RASTER
10
102.524
20
11.036
30
0
0
VERTEX
8
RASTER
10
102.782
20
11.102
30
0
0
VERTEX
8
RASTER
10
103.032
20
11.133
30
0
0
VERTEX
8
RASTER
10
103.269
20
11.129
30
0
0
VERTEX
8
RASTER
10
103.486
20
11.092
30
0
0
VERTEX
8
RASTER
10
103.678
20
11.025
30
0
0
VERTEX
8
RASTER
10
103.837
20
10.928
30
0
0
VERTEX
8
RASTER
10
103.959
20
10.803
30
0
0
VERTEX
8
RASTER
10
104.036
20
10.651
30
0
0
VERTEX
8
RASTER
10
104.062
20
10.483
30
0
0
VERTEX
8
RASTER
10
104.038
20
10.311
30
0
0
VERTEX
8
RASTER
10
103.966
20
10.139
30
0
0
VERTEX
8
RASTER
10
103.851
20
9.972
30
0
0
VERTEX
8
RASTER
10
103.696
20
9.815
30
0
0
VERTEX
8
RASTER
10
103.507
20
9.672
30
0
0
VERTEX
8
RASTER
10
103.286
20
9.55
30
0
0
VERTEX
8
RASTER
10
103.039
20
9.451
30
0
0
SEQEND
8
RASTER
0
POLYLINE
8
RASTER
66
1
70
1
0
VERTEX
8
RASTER
10
101.35
20
7.425
30
0
0
VERTEX
8
RASTER
10
101.208
20
7.65
30
0
0
VERTEX
8
RASTER
10
101.101
20
7.879
30
0
0
VERTEX
8
RASTER
10
101.032
20
8.105
30
0
0
VERTEX
8
RASTER
10
100.999
20
8.323
30
0
0
VERTEX
8
RASTER
10
101.005
20
8.526
30
0
0
VERTEX
8
RASTER
10
101.048
20
8.708
30
0
0
VERTEX
8
RASTER
10
101.129
20
8.862
30
0
0
VERTEX
8
RASTER
10
101.249
20
8.982
30
0
0
VERTEX
8
RASTER
10
101.401
20
9.059
30
0
0
VERTEX
8
RASTER
10
101.572
20
9.089
30
0
0
VERTEX
8
RASTER
10
101.758
20
9.074
30
0
0
VERTEX
8
RASTER
10
101.953
20
9.016
30
0
0
VERTEX
8
RASTER
10
102.15
20
8.918
30
0
0
VERTEX
8
RASTER
10
102.344
20
8.781
30
0
0
VERTEX
8
RASTER
10
102.529
20
8.61
30
0
0
VERTEX
8
RASTER
10
102.699
20
8.404
30
0
0
VERTEX
8
RASTER
10
102.841
20
8.179
30
0
0
VERTEX
8
RASTER
10
102.947
20
7.95
30
0
0
VERTEX
8
RASTER
10
103.017
20
7.724
30
0
0
VERTEX
8
RASTER
10
103.05
20
7.506
30
0
0
VERTEX
8
RASTER
10
103.044
20
7.303
30
0
0
VERTEX
8
RASTER
10
103.001
20
7.122
30
0
0
VERTEX
8
RASTER
10
102.92
20
6.968
30
0
0
VERTEX
8
RASTER
10
102.8
20
6.847
30
0
0
VERTEX
8
RASTER
10
102.648
20
6.77
30
0
0
VERTEX
8
RASTER
10
102.477
20
6.741
30
0
0
VERTEX
8
RASTER
10
102.291
20
6.756
30
0
0
VERTEX
8
RASTER
10
102.096
20
6.814
30
0
0
VERTEX
8
RASTER
10
101.899
20
6.912
30
0
0
VERTEX
8
RASTER
10
101.705
20
7.048
30
0
0
VERTEX
8
RASTER
10
101.52
20
7.22
30
0
0
VERTEX
8
RASTER
10
101.35
20
7.425
30
0
0
SEQEND
8
RASTER
0
POLYLINE
8
RASTER
66
1
70
1
0
VERTEX
8
RASTER
10
98.901
20
8.404
30
0
0
VERTEX
8
RASTER
10
99.071
20
8.61
30
0
0
VERTEX
8
RASTER
10
99.256
20
8.781
30
0
0
VERTEX
8
RASTER
10
99.45
20
8.918
30
0
0
VERTEX
8
RASTER
10
99.647
20
9.016
30
0
0
VERTEX
8
RASTER
10
99.842
20
9.074
30
0
0
VERTEX
8
RASTER
10
100.028
20
9.089
30
0
0
VERTEX
8
RASTER
10
100.199
20
9.059
30
0
0
VERTEX
8
RASTER
10
100.351
20
8.982
30
0
0
VERTEX
8
RASTER
10
100.471
20
8.862
30
0
0
VERTEX
8
RASTER
10
100.552
20
8.708
30
0
0
VERTEX
8
RASTER
10
100.595
20
8.526
30
0
0
VERTEX
8
RASTER
10
100.601
20
8.323
30
0
0
VERTEX
8
RASTER
10
100.568
20
8.105
30
0
0
VERTEX
8
RASTER
10
100.499
20
7.879
30
0
0
VERTEX
8
RASTER
10
100.392
20
7.65
30
0
0
VERTEX
8
RASTER
10
100.25
20
7.425
30
0
0
VERTEX
8
RASTER
10
100.08
20
7.22
30
0
0
VERTEX
8
RASTER
10
99.895
20
7.048
30
0
0
VERTEX
8
RASTER
10
99.701
20
6.912
30
0
0
VERTEX
8
RASTER
10
99.504
20
6.814
30
0
0
VERTEX
8
RASTER
10
99.309
20
6.756
30
0
0
VERTEX
8
RASTER
10
99.123
20
6.741
30
0
0
VERTEX
8
RASTER
10
98.952
20
6.77
30
0
0
VERTEX
8
RASTER
10
98.8
20
6.847
30
0
0
VERTEX
8
RASTER
10
98.68
20
6.968
30
0
0
VERTEX
8
RASTER
10
98.599
20
7.122
30
0
0
VERTEX
8
RASTER
10
98.556
20
7.303
30
0
0
VERTEX
8
RASTER
10
98.55
20
7.506
30
0
0
VERTEX
8
RASTER
10
98.583
20
7.724
30
0
0
VERTEX
8
RASTER
10
98.653
20
7.95
30
0
0
VERTEX
8
RASTER
10
98.759
20
8.179
30
0
0
VERTEX
8
RASTER
10
98.901
20
8.404
30
0
0
SEQEND
8
RASTER
0
POLYLINE
8
RASTER
66
1
70
1
0
VERTEX
8
RASTER
10
99.076
20
11.036
30
0
0
VERTEX
8
RASTER
10
99.324
20
10.938
30
0
0
VERTEX
8
RASTER
10
99.544
20
10.815
30
0
0
VERTEX
8
RASTER
10
99.734
20
10.673
30
0
0
VERTEX
8
RASTER
10
99.888
20
10.516
30
0
0
VERTEX
8
RASTER
10
100.003
20
10.349
30
0
0
VERTEX
8
RASTER
10
100.075
20
10.177
30
0
0
VERTEX
8
RASTER
10
100.1
20
10.004
30
0
0
VERTEX
8
RASTER
10
100.074
20
9.836
30
0
0
VERTEX
8
RASTER
10
99.996
20
9.685
30
0
0
VERTEX
8
RASTER
10
99.875
20
9.56
30
0
0
VERTEX
8
RASTER
10
99.715
20
9.463
30
0
0
VERTEX
8
RASTER
10
99.524
20
9.395
30
0
0
VERTEX
8
RASTER
10
99.307
20
9.359
30
0
0
VERTEX
8
RASTER
10
99.07
20
9.355
30
0
0
VERTEX
8
RASTER
10
98.819
20
9.385
30
0
0
VERTEX
8
RASTER
10
98.561
20
9.451
30
0
0
VERTEX
8
RASTER
10
98.314
20
9.55
30
0
0
VERTEX
8
RASTER
10
98.093
20
9.672
30
0
0
VERTEX
8
RASTER
10
97.904
20
9.815
30
0
0
VERTEX
8
RASTER
10
97.749
20
9.972
30
0
0
VERTEX
8
RASTER
10
97.634
20
10.139
30
0
0
VERTEX
8
RASTER
10
97.562
20
10.311
30
0
0
VERTEX
8
RASTER
10
97.538
20
10.483
30
0
0
VERTEX
8
RASTER
10
97.564
20
10.651
30
0
0
VERTEX
8
RASTER
10
97.641
20
10.803
30
0
0
VERTEX
8
RASTER
10
97.763
20
10.928
30
0
0
VERTEX
8
RASTER
10
97.922
20
11.025
30
0
0
VERTEX
8
RASTER
10
98.114
20
11.092
30
0
0
VERTEX
8
RASTER
10
98.331
20
11.129
30
0
0
VERTEX
8
RASTER
10
98.568
20
11.133
30
0
0
VERTEX
8
RASTER
10
98.818
20
11.102
30
0
0
VERTEX
8
RASTER
10
99.076
20
11.036
30
0
0
SEQEND
8
RASTER
0
CIRCLE
8
RASTER
10
100.8
20
9.6
30
0
40
0.625
0
POLYLINE
8
CUT
66
1
70
1
0
VERTEX
8
CUT
10
110.4
20
13.7
30
0
0
VERTEX
8
CUT
10
110.423
20
14.052
30
0
0
VERTEX
8
CUT
10
110.494
20
14.356
30
0
0
VERTEX
8
CUT
10
110.611
20
14.614
30
0
0
VERTEX
8
CUT
10
110.775
20
14.825
30
0
0
VERTEX
8
CUT
10
110.986
20
14.989
30
0
0
VERTEX
8
CUT
10
111.244
20
15.106
30
0
0
VERTEX
8
CUT
10
111.548
20
15.177
30
0
0
VERTEX
8
CUT
10
111.9
20
15.2
30
0
0
VERTEX
8
CUT
10
120.1
20
15.2
30
0
0
VERTEX
8
CUT
10
120.452
20
15.177
30
0
0
VERTEX
8
CUT
10
120.756
20
15.106
30
0
0
VERTEX
8
CUT
10
121.014
20
14.989
30
0
0
VERTEX
8
CUT
10
121.225
20
14.825
30
0
0
VERTEX
8
CUT
10
121.389
20
14.614
30
0
0
VERTEX
8
CUT
10
121.506
20
14.356
30
0
0
VERTEX
8
CUT
10
121.577
20
14.052
30
0
0
VERTEX
8
CUT
10
121.6
20
13.7
30
0
0
VERTEX
8
CUT
10
121.6
20
5.5
30
0
0
VERTEX
8
CUT
10
121.577
20
5.148
30
0
0
VERTEX
8
CUT
10
121.506
20
4.844
30
0
0
VERTEX
8
CUT
10
121.389
20
4.586
30
0
0
VERTEX
8
CUT
10
121.225
20
4.375
30
0
0
VERTEX
8
CUT
10
121.014
20
4.211
30
0
0
VERTEX
8
CUT
10
120.756
20
4.094
30
0
0
VERTEX
8
CUT
10
120.452
20
4.023
30
0
0
VERTEX
8
CUT
10
120.1
20
4
30
0
0
VERTEX
8
CUT
10
111.9
20
4
30
0
0
VERTEX
8
CUT
10
111.548
20
4.023
30
0
0
VERTEX
8
CUT
10
111.244
20
4.094
30
0
0
VERTEX
8
CUT
10
110.986
20
4.211
30
0
0
VERTEX
8
CUT
10
110.775
20
4.375
30
0
0
VERTEX
8
CUT
10
110.611
20
4.586
30
0
0
VERTEX
8
CUT
10
110.494
20
4.844
30
0
0
VERTEX
8
CUT
10
110.423
20
5.148
30
0
0
VERTEX
8
CUT
10
110.4
20
5.5
30
0
0
SEQEND
8
CUT
0
POLYLINE
8
RASTER
66
1
70
1
0
VERTEX
8
RASTER
10
111.2
20
13.2
30
0
0
VERTEX
8
RASTER
10
111.219
20
13.481
30
0
0
VERTEX
8
RASTER
10
111.275
20
13.725
30
0
0
VERTEX
8
RASTER
10
111.369
20
13.931
30
0
0
VERTEX
8
RASTER
10
111.5
20
14.1
30
0
0
VERTEX
8
RASTER
10
111.669
20
14.231
30
0
0
VERTEX
8
RASTER
10
111.875
20
14.325
30
0
0
VERTEX
8
RASTER
10
112.119
20
14.381
30
0
0
VERTEX
8
RASTER
10
112.4
20
14.4
30
0
0
VERTEX
8
RASTER
10
119.6
20
14.4
30
0
0
VERTEX
8
RASTER
10
119.881
20
14.381
30
0
0
VERTEX
8
RASTER
10
120.125
20
14.325
30
0
0
VERTEX
8
RASTER
10
120.331
20
14.231
30
0
0
VERTEX
8
RASTER
10
120.5
20
14.1
30
0
0
VERTEX
8
RASTER
10
120.631
20
13.931
30
0
0
VERTEX
8
RASTER
10
120.725
20
13.725
30
0
0
VERTEX
8
RASTER
10
120.781
20
13.481
30
0
0
VERTEX
8
RASTER
10
120.8
20
13.2
30
0
0
VERTEX
8
RASTER
10
120.8
20
6
30
0
0
VERTEX
8
RASTER
10
120.781
20
5.719
30
0
0
VERTEX
8
RASTER
10
120.725
20
5.475
30
0
0
VERTEX
8
RASTER
10
120.631
20
5.269
30
0
0
VERTEX
8
RASTER
10
120.5
20
5.1
30
0
0
VERTEX
8
RASTER
10
120.331
20
4.969
30
0
0
VERTEX
8
RASTER
10
120.125
20
4.875
30
0
0
VERTEX
8
RASTER
10
119.881
20
4.819
30
0
0
VERTEX
8
RASTER
10
119.6
20
4.8
30
0
0
VERTEX
8
RASTER
10
112.4
20
4.8
30
0
0
VERTEX
8
RASTER
10
112.119
20
4.819
30
0
0
VERTEX
8
RASTER
10
111.875
20
4.875
30
0
0
VERTEX
8
RASTER
10
111.669
20
4.969
30
0
0
VERTEX
8
RASTER
10
111.5
20
5.1
30
0
0
VERTEX
8
RASTER
10
111.369
20
5.269
30
0
0
VERTEX
8
RASTER
10
111.275
20
5.475
30
0
0
VERTEX
8
RASTER
10
111.219
20
5.719
30
0
0
VERTEX
8
RASTER
10
111.2
20
6
30
0
0
SEQEND
8
RASTER
0
POLYLINE
8
RASTER
66
1
70
1
0
VERTEX
8
RASTER
10
111.7
20
13.2
30
0
0
VERTEX
8
RASTER
10
111.7
20
6
30
0
0
VERTEX
8
RASTER
10
111.711
20
5.836
30
0
0
VERTEX
8
RASTER
10
111.744
20
5.694
30
0
0
VERTEX
8
RASTER
10
111.798
20
5.573
30
0
0
VERTEX
8
RASTER
10
111.875
20
5.475
30
0
0
VERTEX
8
RASTER
10
111.973
20
5.398
30
0
0
VERTEX
8
RASTER
10
112.094
20
5.344
30
0
0
VERTEX
8
RASTER
10
112.236
20
5.311
30
0
0
VERTEX
8
RASTER
10
112.4
20
5.3
30
0
0
VERTEX
8
RASTER
10
119.6
20
5.3
30
0
0
VERTEX
8
RASTER
10
119.764
20
5.311
30
0
0
VERTEX
8
RASTER
10
119.906
20
5.344
30
0
0
VERTEX
8
RASTER
10
120.027
20
5.398
30
0
0
VERTEX
8
RASTER
10
120.125
20
5.475
30
0
0
VERTEX
8
RASTER
10
120.202
20
5.573
30
0
0
VERTEX
8
RASTER
10
120.256
20
5.694
30
0
0
VERTEX
8
RASTER
10
120.289
20
5.836
30
0
0
VERTEX
8
RASTER
10
120.3
20
6
30
0
0
VERTEX
8
RASTER
10
120.3
20
13.2
30
0
0
VERTEX
8
RASTER
10
120.289
20
13.364
30
0
0
VERTEX
8
RASTER
10
120.256
20
13.506
30
0
0
VERTEX
8
RASTER
10
120.202
20
13.627
30
0
0
VERTEX
8
RASTER
10
120.125
20
13.725
30
0
0
VERTEX
8
RASTER
10
120.027
20
13.802
30
0
0
VERTEX
8
RASTER
10
119.906
20
13.856
30
0
0
VERTEX
8
RASTER
10
119.764
20
13.889
30
0
0
VERTEX
8
RASTER
10
119.6
20
13.9
30
0
0
VERTEX
8
RASTER
10
112.4
20
13.9
30
0
0
VERTEX
8
RASTER
10
112.236
20
13.889
30
0
0
VERTEX
8
RASTER
10
112.094
20
13.856
30
0
0
VERTEX
8
RASTER
10
111.973
20
13.802
30
0
0
VERTEX
8
RASTER
10
111.875
20
13.725
30
0
0
VERTEX
8
RASTER
10
111.798
20
13.627
30
0
0
VERTEX
8
RASTER
10
111.744
20
13.506
30
0
0
VERTEX
8
RASTER
10
111.711
20
13.364
30
0
0
VERTEX
8
RASTER
10
111.7
20
13.2
30
0
0
SEQEND
8
RASTER
0
POLYLINE
8
RASTER
66
1
70
1
0
VERTEX
8
RASTER
10
116.833
20
11.683
30
0
0
VERTEX
8
RASTER
10
116.816
20
11.417
30
0
0
VERTEX
8
RASTER
10
116.768
20
11.17
30
0
0
VERTEX
8
RASTER
10
116.691
20
10.946
30
0
0
VERTEX
8
RASTER
10
116.589
20
10.75
30
0
0
VERTEX
8
RASTER
10
116.466
20
10.589
30
0
0
VERTEX
8
RASTER
10
116.324
20
10.468
30
0
0
VERTEX
8
RASTER
10
116.168
20
10.391
30
0
0
VERTEX
8
RASTER
10
116
20
10.364
30
0
0
VERTEX
8
RASTER
10
115.832
20
10.391
30
0
0
VERTEX
8
RASTER
10
115.676
20
10.468
30
0
0
VERTEX
8
RASTER
10
115.534
20
10.589
30
0
0
VERTEX
8
RASTER
10
115.411
20
10.75
30
0
0
VERTEX
8
RASTER
10
115.309
20
10.946
30
0
0
VERTEX
8
RASTER
10
115.232
20
11.17
30
0
0
VERTEX
8
RASTER
10
115.184
20
11.417
30
0
0
VERTEX
8
RASTER
10
115.167
20
11.683
30
0
0
VERTEX
8
RASTER
10
115.184
20
11.949
30
0
0
VERTEX
8
RASTER
10
115.232
20
12.197
30
0
0
VERTEX
8
RASTER
10
115.309
20
12.421
30
0
0
VERTEX
8
RASTER
10
115.411
20
12.616
30
0
0
VERTEX
8
RASTER
10
115.534
20
12.777
30
0
0
VERTEX
8
RASTER
10
115.676
20
12.899
30
0
0
VERTEX
8
RASTER
10
115.832
20
12.976
30
0
0
VERTEX
8
RASTER
10
116
20
13.003
30
0
0
VERTEX
8
RASTER
10
116.168
20
12.976
30
0
0
VERTEX
8
RASTER
10
116.324
20
12.899
30
0
0
VERTEX
8
RASTER
10
116.466
20
12.777
30
0
0
VERTEX
8
RASTER
10
116.589
20
12.616
30
0
0
VERTEX
8
RASTER
10
116.691
20
12.421
30
0
0
VERTEX
8
RASTER
10
116.768
20
12.197
30
0
0
VERTEX
8
RASTER
10
116.816
20
11.949
30
0
0
VERTEX
8
RASTER
10
116.833
20
11.683
30
0
0
SEQEND
8
RASTER
0
POLYLINE
8
RASTER
66
1
70
1
0
VERTEX
8
RASTER
10
118.239
20
9.451
30
0
0
VERTEX
8
RASTER
10
117.981
20
9.385
30
0
0
VERTEX
8
RASTER
10
117.73
20
9.355
30
0
0
VERTEX
8
RASTER
10
117.493
20
9.359
30
0
0
VERTEX
8
RASTER
10
117.276
20
9.395
30
0
0
VERTEX
8
RASTER
10
117.085
20
9.463
30
0
0
VERTEX
8
RASTER
10
116.925
20
9.56
30
0
0
VERTEX
8
RASTER
10
116.804
20
9.685
30
0
0
VERTEX
8
RASTER
10
116.726
20
9.836
30
0
0
VERTEX
8
RASTER
10
116.7
20
10.004
30
0
0
VERTEX
8
RASTER
10
116.725
20
10.177
30
0
0
VERTEX
8
RASTER
10
116.797
20
10.349
30
0
0
VERTEX
8
RASTER
10
116.912
20
10.516
30
0
0
VERTEX
8
RASTER
10
117.066
20
10.673
30
0
0
VERTEX
8
RASTER
10
117.256
20
10.815
30
0
0
VERTEX
8
RASTER
10
117.476
20
10.938
30
0
0
VERTEX
8
RASTER
10
117.724
20
11.036
30
0
0
VERTEX
8
RASTER
10
117.982
20
11.102
30
0
0
VERTEX
8
RASTER
10
118.232
20
11.133
30
0
0
VERTEX
8
RASTER
10
118.469
20
11.129
30
0
0
VERTEX
8
RASTER
10
118.686
20
11.092
30
0
0
VERTEX
8
RASTER
10
118.878
20
11.025
30
0
0
VERTEX
8
RASTER
10
119.037
20
10.928
30
0
0
VERTEX
8
RASTER
10
119.159
20
10.803
30
0
0
VERTEX
8
RASTER
10
119.236
20
10.651
30
0
0
VERTEX
8
RASTER
10
119.262
20
10.483
30
0
0
VERTEX
8
RASTER
10
119.238
20
10.311
30
0
0
VERTEX
8
RASTER
10
119.166
20
10.139
30
0
0
VERTEX
8
RASTER
10
119.051
20
9.972
30
0
0
VERTEX
8
RASTER
10
118.896
20
9.815
30
0
0
VERTEX
8
RASTER
10
118.707
20
9.672
30
0
0
VERTEX
8
RASTER
10
118.486
20
9.55
30
0
0
VERTEX
8
RASTER
10
118.239
20
9.451
30
0
0
SEQEND
8
RASTER
0
POLYLINE
8
RASTER
66
1
70
1
0
VERTEX
8
RASTER
10
116.55
20
7.425
30
0
0
VERTEX
8
RASTER
10
116.408
20
7.65
30
0
0
VERTEX
8
RASTER
10
116.301
20
7.879
30
0
0
VERTEX
8
RASTER
10
116.232
20
8.105
30
0
0
VERTEX
8
RASTER
10
116.199
20
8.323
30
0
0
VERTEX
8
RASTER
10
116.205
20
8.526
30
0
0
VERTEX
8
RASTER
10
116.248
20
8.708
30
0
0
VERTEX
8
RASTER
10
116.329
20
8.862
30
0
0
VERTEX
8
RASTER
10
116.449
20
8.982
30
0
0
VERTEX
8
RASTER
10
116.601
20
9.059
30
0
0
VERTEX
8
RASTER
10
116.772
20
9.089
30
0
0
VERTEX
8
RASTER
10
116.958
20
9.074
30
0
0
VERTEX
8
RASTER
10
117.153
20
9.016
30
0
0
VERTEX
8
RASTER
10
117.35
20
8.918
30
0
0
VERTEX
8
RASTER
10
117.544
20
8.781
30
0
0
VERTEX
8
RASTER
10
117.729
20
8.61
30
0
0
VERTEX
8
RASTER
10
117.899
20
8.404
30
0
0
VERTEX
8
RASTER
10
118.041
20
8.179
30
0
0
VERTEX
8
RASTER
10
118.147
20
7.95
30
0
0
VERTEX
8
RASTER
10
118.217
20
7.724
30
0
0
VERTEX
8
RASTER
10
118.25
20
7.506
30
0
0
VERTEX
8
RASTER
10
118.244
20
7.303
30
0
0
VERTEX
8
RASTER
10
118.201
20
7.122
30
0
0
VERTEX
8
RASTER
10
118.12
20
6.968
30
0
0
VERTEX
8
RASTER
10
118
20
6.847
30
0
0
VERTEX
8
RASTER
10
117.848
20
6.77
30
0
0
VERTEX
8
RASTER
10
117.677
20
6.741
30
0
0
VERTEX
8
RASTER
10
117.491
20
6.756
30
0
0
VERTEX
8
RASTER
10
117.296
20
6.814
30
0
0
VERTEX
8
RASTER
10
117.099
20
6.912
30
0
0
VERTEX
8
RASTER
10
116.905
20
7.048
30
0
0
VERTEX
8
RASTER
10
116.72
20
7.22
30
0
0
VERTEX
8
RASTER
10
116.55
20
7.425
30
0
0
SEQEND
8
RASTER
0
POLYLINE
8
RASTER
66
1
70
1
0
VERTEX
8
RASTER
10
114.101
20
8.404
30
0
0
VERTEX
8
RASTER
10
114.271
20
8.61
30
0
0
VERTEX
8
RASTER
10
114.456
20
8.781
30
0
0
VERTEX
8
RASTER
10
114.65
20
8.918
30
0
0
VERTEX
8
RASTER
10
114.847
20
9.016
30
0
0
VERTEX
8
RASTER
10
115.042
20
9.074
30
0
0
VERTEX
8
RASTER
10
115.228
20
9.089
30
0
0
VERTEX
8
RASTER
10
115.399
20
9.059
30
0
0
VERTEX
8
RASTER
10
115.551
20
8.982
30
0
0
VERTEX
8
RASTER
10
115.671
20
8.862
30
0
0
VERTEX
8
RASTER
10
115.752
20
8.708
30
0
0
VERTEX
8
RASTER
10
115.795
20
8.526
30
0
0
VERTEX
8
RASTER
10
115.801
20
8.323
30
0
0
VERTEX
8
RASTER
10
115.768
20
8.105
30
0
0
VERTEX
8
RASTER
10
115.699
20
7.879
30
0
0
VERTEX
8
RASTER
10
115.592
20
7.65
30
0
0
VERTEX
8
RASTER
10
115.45
20
7.425
30
0
0
VERTEX
8
RASTER
10
115.28
20
7.22
30
0
0
VERTEX
8
RASTER
10
115.095
20
7.048
30
0
0
VERTEX
8
RASTER
10
114.901
20
6.912
30
0
0
VERTEX
8
RASTER
10
114.704
20
6.814
30
0
0
VERTEX
8
RASTER
10
114.509
20
6.756
30
0
0
VERTEX
8
RASTER
10
114.323
20
6.741
30
0
0
VERTEX
8
RASTER
10
114.152
20
6.77
30
0
0
VERTEX
8
RASTER
10
114
20
6.847
30
0
0
VERTEX
8
RASTER
10
113.88
20
6.968
30
0
0
VERTEX
8
RASTER
10
113.799
20
7.122
30
0
0
VERTEX
8
RASTER
10
113.756
20
7.303
30
0
0
VERTEX
8
RASTER
10
113.75
20
7.506
30
0
0
VERTEX
8
RASTER
10
113.783
20
7.724
30
0
0
VERTEX
8
RASTER
10
113.853
20
7.95
30
0
0
VERTEX
8
RASTER
10
113.959
20
8.179
30
0
0
VERTEX
8
RASTER
10
114.101
20
8.404
30
0
0
SEQEND
8
RASTER
0
POLYLINE
8
RASTER
66
1
70
1
0
VERTEX
8
RASTER
10
114.276
20
11.036
30
0
0
VERTEX
8
RASTER
10
114.524
20
10.938
30
0
0
VERTEX
8
RASTER
10
114.744
20
10.815
30
0
0
VERTEX
8
RASTER
10
114.934
20
10.673
30
0
0
VERTEX
8
RASTER
10
115.088
20
10.516
30
0
0
VERTEX
8
RASTER
10
115.203
20
10.349
30
0
0
VERTEX
8
RASTER
10
115.275
20
10.177
30
0
0
VERTEX
8
RASTER
10
115.3
20
10.004
30
0
0
VERTEX
8
RASTER
10
115.274
20
9.836
30
0
0
VERTEX
8
RASTER
10
115.196
20
9.685
30
0
0
VERTEX
8
RASTER
10
115.075
20
9.56
30
0
0
VERTEX
8
RASTER
10
114.915
20
9.463
30
0
0
VERTEX
8
RASTER
10
114.724
20
9.395
30
0
0
VERTEX
8
RASTER
10
114.507
20
9.359
30
0
0
VERTEX
8
RASTER
10
114.27
20
9.355
30
0
0
VERTEX
8
RASTER
10
114.019
20
9.385
30
0
0
VERTEX
8
RASTER
10
113.761
20
9.451
30
0
0
VERTEX
8
RASTER
10
113.514
20
9.55
30
0
0
VERTEX
8
RASTER
10
113.293
20
9.672
30
0
0
VERTEX
8
RASTER
10
113.104
20
9.815
30
0
0
VERTEX
8
RASTER
10
112.949
20
9.972
30
0
0
VERTEX
8
RASTER
10
112.834
20
10.139
30
0
0
VERTEX
8
RASTER
10
112.762
20
10.311
30
0
0
VERTEX
8
RASTER
10
112.738
20
10.483
30
0
0
VERTEX
8
RASTER
10
112.764
20
10.651
30
0
0
VERTEX
8
RASTER
10
112.841
20
10.803
30
0
0
VERTEX
8
RASTER
10
112.963
20
10.928
30
0
0
VERTEX
8
RASTER
10
113.122
20
11.025
30
0
0
VERTEX
8
RASTER
10
113.314
20
11.092
30
0
0
VERTEX
8
RASTER
10
113.531
20
11.129
30
0
0
VERTEX
8
RASTER
10
113.768
20
11.133
30
0
0
VERTEX
8
RASTER
10
114.018
20
11.102
30
0
0
VERTEX
8
RASTER
10
114.276
20
11.036
30
0
0
SEQEND
8
RASTER
0
CIRCLE
8
RASTER
10
116
20
9.6
30
0
40
0.625
0
POLYLINE
8
CUT
66
1
70
1
0
VERTEX
8
CUT
10
125.6
20
13.7
30
0
0
VERTEX
8
CUT
10
125.623
20
14.052
30
0
0
VERTEX
8
CUT
10
125.694
20
14.356
30
0
0
VERTEX
8
CUT
10
125.811
20
14.614
30
0
0
VERTEX
8
CUT
10
125.975
20
14.825
30
0
0
VERTEX
8
CUT
10
126.186
20
14.989
30
0
0
VERTEX
8
CUT
10
126.444
20
15.106
30
0
0
VERTEX
8
CUT
10
126.748
20
15.177
30
0
0
VERTEX
8
CUT
10
127.1
20
15.2
30
0
0
VERTEX
8
CUT
10
135.3
20
15.2
30
0
0
VERTEX
8
CUT
10
135.652
20
15.177
30
0
0
VERTEX
8
CUT
10
135.956
20
15.106
30
0
0
VERTEX
8
CUT
10
136.214
20
14.989
30
0
0
VERTEX
8
CUT
10
136.425
20
14.825
30
0
0
VERTEX
8
CUT
10
136.589
20
14.614
30
0
0
VERTEX
8
CUT
10
136.706
20
14.356
30
0
0
VERTEX
8
CUT
10
136.777
20
14.052
30
0
0
VERTEX
8
CUT
10
136.8
20
13.7
30
0
0
VERTEX
8
CUT
10
136.8
20
5.5
30
0
0
VERTEX
8
CUT
10
136.777
20
5.148
30
0
0
VERTEX
8
CUT
10
136.706
20
4.844
30
0
0
VERTEX
8
CUT
10
136.589
20
4.586
30
0
0
VERTEX
8
CUT
10
136.425
20
4.375
30
0
0
VERTEX
8
CUT
10
136.214
20
4.211
30
0
0
VERTEX
8
CUT
10
135.956
20
4.094
30
0
0
VERTEX
8
CUT
10
135.652
20
4.023
30
0
0
VERTEX
8
CUT
10
135.3
20
4
30
0
0
VERTEX
8
CUT
10
127.1
20
4
30
0
0
VERTEX
8
CUT
10
126.748
20
4.023
30
0
0
VERTEX
8
CUT
10
126.444
20
4.094
30
0
0
VERTEX
8
CUT
10
126.186
20
4.211
30
0
0
VERTEX
8
CUT
10
125.975
20
4.375
30
0
0
VERTEX
8
CUT
10
125.811
20
4.586
30
0
0
VERTEX
8
CUT
10
125.694
20
4.844
30
0
0
VERTEX
8
CUT
10
125.623
20
5.148
30
0
0
VERTEX
8
CUT
10
125.6
20
5.5
30
0
0
SEQEND
8
CUT
0
POLYLINE
8
RASTER
66
1
70
1
0
VERTEX
8
RASTER
10
126.4
20
13.2
30
0
0
VERTEX
8
RASTER
10
126.419
20
13.481
30
0
0
VERTEX
8
RASTER
10
126.475
20
13.725
30
0
0
VERTEX
8
RASTER
10
126.569
20
13.931
30
0
0
VERTEX
8
RASTER
10
126.7
20
14.1
30
0
0
VERTEX
8
RASTER
10
126.869
20
14.231
30
0
0
VERTEX
8
RASTER
10
127.075
20
14.325
30
0
0
VERTEX
8
RASTER
10
127.319
20
14.381
30
0
0
VERTEX
8
RASTER
10
127.6
20
14.4
30
0
0
VERTEX
8
RASTER
10
134.8
20
14.4
30
0
0
VERTEX
8
RASTER
10
135.081
20
14.381
30
0
0
VERTEX
8
RASTER
10
135.325
20
14.325
30
0
0
VERTEX
8
RASTER
10
135.531
20
14.231
30
0
0
VERTEX
8
RASTER
10
135.7
20
14.1
30
0
0
VERTEX
8
RASTER
10
135.831
20
13.931
30
0
0
VERTEX
8
RASTER
10
135.925
20
13.725
30
0
0
VERTEX
8
RASTER
10
135.981
20
13.481
30
0
0
VERTEX
8
RASTER
10
136
20
13.2
30
0
0
VERTEX
8
RASTER
10
136
20
6
30
0
0
VERTEX
8
RASTER
10
135.981
20
5.719
30
0
0
VERTEX
8
RASTER
10
135.925
20
5.475
30
0
0
VERTEX
8
RASTER
10
135.831
20
5.269
30
0
0
VERTEX
8
RASTER
10
135.7
20
5.1
30
0
0
VERTEX
8
RASTER
10
135.531
20
4.969
30
0
0
VERTEX
8
RASTER
10
135.325
20
4.875
30
0
0
VERTEX
8
RASTER
10
135.081
20
4.819
30
0
0
VERTEX
8
RASTER
10
134.8
20
4.8
30
0
0
VERTEX
8
RASTER
10
127.6
20
4.8
30
0
0
VERTEX
8
RASTER
10
127.319
20
4.819
30
0
0
VERTEX
8
RASTER
10
127.075
20
4.875
30
0
0
VERTEX
8
RASTER
10
126.869
20
4.969
30
0
0
VERTEX
8
RASTER
10
126.7
20
5.1
30
0
0
VERTEX
8
RASTER
10
126.569
20
5.269
30
0
0
VERTEX
8
RASTER
10
126.475
20
5.475
30
0
0
VERTEX
8
RASTER
10
126.419
20
5.719
30
0
0
VERTEX
8
RASTER
10
126.4
20
6
30
0
0
SEQEND
8
RASTER
0
POLYLINE
8
RASTER
66
1
70
1
0
VERTEX
8
RASTER
10
126.9
20
13.2
30
0
0
VERTEX
8
RASTER
10
126.9
20
6
30
0
0
VERTEX
8
RASTER
10
126.911
20
5.836
30
0
0
VERTEX
8
RASTER
10
126.944
20
5.694
30
0
0
VERTEX
8
RASTER
10
126.998
20
5.573
30
0
0
VERTEX
8
RASTER
10
127.075
20
5.475
30
0
0
VERTEX
8
RASTER
10
127.173
20
5.398
30
0
0
VERTEX
8
RASTER
10
127.294
20
5.344
30
0
0
VERTEX
8
RASTER
10
127.436
20
5.311
30
0
0
VERTEX
8
RASTER
10
127.6
20
5.3
30
0
0
VERTEX
8
RASTER
10
134.8
20
5.3
30
0
0
VERTEX
8
RASTER
10
134.964
20
5.311
30
0
0
VERTEX
8
RASTER
10
135.106
20
5.344
30
0
0
VERTEX
8
RASTER
10
135.227
20
5.398
30
0
0
VERTEX
8
RASTER
10
135.325
20
5.475
30
0
0
VERTEX
8
RASTER
10
135.402
20
5.573
30
0
0
VERTEX
8
RASTER
10
135.456
20
5.694
30
0
0
VERTEX
8
RASTER
10
135.489
20
5.836
30
0
0
VERTEX
8
RASTER
10
135.5
20
6
30
0
0
VERTEX
8
RASTER
10
135.5
20
13.2
30
0
0
VERTEX
8
RASTER
10
135.489
20
13.364
30
0
0
VERTEX
8
RASTER
10
135.456
20
13.506
30
0
0
VERTEX
8
RASTER
10
135.402
20
13.627
30
0
0
VERTEX
8
RASTER
10
135.325
20
13.725
30
0
0
VERTEX
8
RASTER
10
135.227
20
13.802
30
0
0
VERTEX
8
RASTER
10
135.106
20
13.856
30
0
0
VERTEX
8
RASTER
10
134.964
20
13.889
30
0
0
VERTEX
8
RASTER
10
134.8
20
13.9
30
0
0
VERTEX
8
RASTER
10
127.6
20
13.9
30
0
0
VERTEX
8
RASTER
10
127.436
20
13.889
30
0
0
VERTEX
8
RASTER
10
127.294
20
13.856
30
0
0
VERTEX
8
RASTER
10
127.173
20
13.802
30
0
0
VERTEX
8
RASTER
10
127.075
20
13.725
30
0
0
VERTEX
8
RASTER
10
126.998
20
13.627
30
0
0
VERTEX
8
RASTER
10
126.944
20
13.506
30
0
0
VERTEX
8
RASTER
10
126.911
20
13.364
30
0
0
VERTEX
8
RASTER
10
126.9
20
13.2
30
0
0
SEQEND
8
RASTER
0
POLYLINE
8
RASTER
66
1
70
1
0
VERTEX
8
RASTER
10
132.033
20
11.683
30
0
0
VERTEX
8
RASTER
10
132.016
20
11.417
30
0
0
VERTEX
8
RASTER
10
131.968
20
11.17
30
0
0
VERTEX
8
RASTER
10
131.891
20
10.946
30
0
0
VERTEX
8
RASTER
10
131.789
20
10.75
30
0
0
VERTEX
8
RASTER
10
131.666
20
10.589
30
0
0
VERTEX
8
RASTER
10
131.524
20
10.468
30
0
0
VERTEX
8
RASTER
10
131.368
20
10.391
30
0
0
VERTEX
8
RASTER
10
131.2
20
10.364
30
0
0
VERTEX
8
RASTER
10
131.032
20
10.391
30
0
0
VERTEX
8
RASTER
10
130.876
20
10.468
30
0
0
VERTEX
8
RASTER
10
130.734
20
10.589
30
0
0
VERTEX
8
RASTER
10
130.611
20
10.75
30
0
0
VERTEX
8
RASTER
10
130.509
20
10.946
30
0
0
VERTEX
8
RASTER
10
130.432
20
11.17
30
0
0
VERTEX
8
RASTER
10
130.384
20
11.417
30
0
0
VERTEX
8
RASTER
10
130.367
20
11.683
30
0
0
VERTEX
8
RASTER
10
130.384
20
11.949
30
0
0
VERTEX
8
RASTER
10
130.432
20
12.197
30
0
0
VERTEX
8
RASTER
10
130.509
20
12.421
30
0
0
VERTEX
8
RASTER
10
130.611
20
12.616
30
0
0
VERTEX
8
RASTER
10
130.734
20
12.777
30
0
0
VERTEX
8
RASTER
10
130.876
20
12.899
30
0
0
VERTEX
8
RASTER
10
131.032
20
12.976
30
0
0
VERTEX
8
RASTER
10
131.2
20
13.003
30
0
0
VERTEX
8
RASTER
10
131.368
20
12.976
30
0
0
VERTEX
8
RASTER
10
131.524
20
12.899
30
0
0
VERTEX
8
RASTER
10
131.666
20
12.777
30
0
0
VERTEX
8
RASTER
10
131.789
20
12.616
30
0
0
VERTEX
8
RASTER
10
131.891
20
12.421
30
0
0
VERTEX
8
RASTER
10
131.968
20
12.197
30
0
0
VERTEX
8
RASTER
10
132.016
20
11.949
30
0
0
VERTEX
8
RASTER
10
132.033
20
11.683
30
0
0
SEQEND
8
RASTER
0
POLYLINE
8
RASTER
66
1
70
1
0
VERTEX
8
RASTER
10
133.439
20
9.451
30
0
0
VERTEX
8
RASTER
10
133.181
20
9.385
30
0
0
VERTEX
8
RASTER
10
132.93
20
9.355
30
0
0
VERTEX
8
RASTER
10
132.693
20
9.359
30
0
0
VERTEX
8
RASTER
10
132.476
20
9.395
30
0
0
VERTEX
8
RASTER
10
132.285
20
9.463
30
0
0
VERTEX
8
RASTER
10
132.125
20
9.56
30
0
0
VERTEX
8
RASTER
10
132.004
20
9.685
30
0
0
VERTEX
8
RASTER
10
131.926
20
9.836
30
0
0
VERTEX
8
RASTER
10
131.9
20
10.004
30
0
0
VERTEX
8
RASTER
10
131.925
20
10.177
30
0
0
VERTEX
8
RASTER
10
131.997
20
10.349
30
0
0
VERTEX
8
RASTER
10
132.112
20
10.516
30
0
0
VERTEX
8
RASTER
10
132.266
20
10.673
30
0
0
VERTEX
8
RASTER
10
132.456
20
10.815
30
0
0
VERTEX
8
RASTER
10
132.676
20
10.938
30
0
0
VERTEX
8
RASTER
10
132.924
20
11.036
30
0
0
VERTEX
8
RASTER
10
133.182
20
11.102
30
0
0
VERTEX
8
RASTER
10
133.432
20
11.133
30
0
0
VERTEX
8
RASTER
10
133.669
20
11.129
30
0
0
VERTEX
8
RASTER
10
133.886
20
11.092
30
0
0
VERTEX
8
RASTER
10
134.078
20
11.025
30
0
0
VERTEX
8
RASTER
10
134.237
20
10.928
30
0
0
VERTEX
8
RASTER
10
134.359
20
10.803
30
0
0
VERTEX
8
RASTER
10
134.436
20
10.651
30
0
0
VERTEX
8
RASTER
10
134.462
20
10.483
30
0
0
VERTEX
8
RASTER
10
134.438
20
10.311
30
0
0
VERTEX
8
RASTER
10
134.366
20
10.139
30
0
0
VERTEX
8
RASTER
10
134.251
20
9.972
30
0
0
VERTEX
8
RASTER
10
134.096
20
9.815
30
0
0
VERTEX
8
RASTER
10
133.907
20
9.672
30
0
0
VERTEX
8
RASTER
10
133.686
20
9.55
30
0
0
VERTEX
8
RASTER
10
133.439
20
9.451
30
0
0
SEQEND
8
RASTER
0
POLYLINE
8
RASTER
66
1
70
1
0
VERTEX
8
RASTER
10
131.75
20
7.425
30
0
0
VERTEX
8
RASTER
10
131.608
20
7.65
30
0
0
VERTEX
8
RASTER
10
131.501
20
7.879
30
0
0
VERTEX
8
RASTER
10
131.432
20
8.105
30
0
0
VERTEX
8
RASTER
10
131.399
20
8.323
30
0
0
VERTEX
8
RASTER
10
131.405
20
8.526
30
0
0
VERTEX
8
RASTER
10
131.448
20
8.708
30
0
0
VERTEX
8
RASTER
10
131.529
20
8.862
30
0
0
VERTEX
8
RASTER
10
131.649
20
8.982
30
0
0
VERTEX
8
RASTER
10
131.801
20
9.059
30
0
0
VERTEX
8
RASTER
10
131.972
20
9.089
30
0
0
VERTEX
8
RASTER
10
132.158
20
9.074
30
0
0
VERTEX
8
RASTER
10
132.353
20
9.016
30
0
0
VERTEX
8
RASTER
10
132.55
20
8.918
30
0
0
VERTEX
8
RASTER
10
132.744
20
8.781
30
0
0
VERTEX
8
RASTER
10
132.929
20
8.61
30
0
0
VERTEX
8
RASTER
10
133.099
20
8.404
30
0
0
VERTEX
8
RASTER
10
133.241
20
8.179
30
0
0
VERTEX
8
RASTER
10
133.347
20
7.95
30
0
0
VERTEX
8
RASTER
10
133.417
20
7.724
30
0
0
VERTEX
8
RASTER
10
133.45
20
7.506
30
0
0
VERTEX
8
RASTER
10
133.444
20
7.303
30
0
0
VERTEX
8
RASTER
10
133.401
20
7.122
30
0
0
VERTEX
8
RASTER
10
133.32
20
6.968
30
0
0
VERTEX
8
RASTER
10
133.2
20
6.847
30
0
0
VERTEX
8
RASTER
10
133.048
20
6.77
30
0
0
VERTEX
8
RASTER
10
132.877
20
6.741
30
0
0
VERTEX
8
RASTER
10
132.691
20
6.756
30
0
0
VERTEX
8
RASTER
10
132.496
20
6.814
30
0
0
VERTEX
8
RASTER
10
132.299
20
6.912
30
0
0
VERTEX
8
RASTER
10
132.105
20
7.048
30
0
0
VERTEX
8
RASTER
10
131.92
20
7.22
30
0
0
VERTEX
8
RASTER
10
131.75
20
7.425
30
0
0
SEQEND
8
RASTER
0
POLYLINE
8
RASTER
66
1
70
1
0
VERTEX
8
RASTER
10
129.301
20
8.404
30
0
0
VERTEX
8
RASTER
10
129.471
20
8.61
30
0
0
VERTEX
8
RASTER
10
129.656
20
8.781
30
0
0
VERTEX
8
RASTER
10
129.85
20
8.918
30
0
0
VERTEX
8
RASTER
10
130.047
20
9.016
30
0
0
VERTEX
8
RASTER
10
130.242
20
9.074
30
0
0
VERTEX
8
RASTER
10
130.428
20
9.089
30
0
0
VERTEX
8
RASTER
10
130.599
20
9.059
30
0
0
VERTEX
8
RASTER
10
130.751
20
8.982
30
0
0
VERTEX
8
RASTER
10
130.871
20
8.862
30
0
0
VERTEX
8
RASTER
10
130.952
20
8.708
30
0
0
VERTEX
8
RASTER
10
130.995
20
8.526
30
0
0
VERTEX
8
RASTER
10
131.001
20
8.323
30
0
0
VERTEX
8
RASTER
10
130.968
20
8.105
30
0
0
VERTEX
8
RASTER
10
130.899
20
7.879
30
0
0
VERTEX
8
RASTER
10
130.792
20
7.65
30
0
0
VERTEX
8
RASTER
10
130.65
20
7.425
30
0
0
VERTEX
8
RASTER
10
130.48
20
7.22
30
0
0
VERTEX
8
RASTER
10
130.295
20
7.048
30
0
0
VERTEX
8
RASTER
10
130.101
20
6.912
30
0
0
VERTEX
8
RASTER
10
129.904
20
6.814
30
0
0
VERTEX
8
RASTER
10
129.709
20
6.756
30
0
0
VERTEX
8
RASTER
10
129.523
20
6.741
30
0
0
VERTEX
8
RASTER
10
129.352
20
6.77
30
0
0
VERTEX
8
RASTER
10
129.2
20
6.847
30
0
0
VERTEX
8
RASTER
10
129.08
20
6.968
30
0
0
VERTEX
8
RASTER
10
128.999
20
7.122
30
0
0
VERTEX
8
RASTER
10
128.956
20
7.303
30
0
0
VERTEX
8
RASTER
10
128.95
20
7.506
30
0
0
VERTEX
8
RASTER
10
128.983
20
7.724
30
0
0
VERTEX
8
RASTER
10
129.053
20
7.95
30
0
0
VERTEX
8
RASTER
10
129.159
20
8.179
30
0
0
VERTEX
8
RASTER
10
129.301
20
8.404
30
0
0
SEQEND
8
RASTER
0
POLYLINE
8
RASTER
66
1
70
1
0
VERTEX
8
RASTER
10
129.476
20
11.036
30
0
0
VERTEX
8
RASTER
10
129.724
20
10.938
30
0
0
VERTEX
8
RASTER
10
129.944
20
10.815
30
0
0
VERTEX
8
RASTER
10
130.134
20
10.673
30
0
0
VERTEX
8
RASTER
10
130.288
20
10.516
30
0
0
VERTEX
8
RASTER
10
130.403
20
10.349
30
0
0
VERTEX
8
RASTER
10
130.475
20
10.177
30
0
0
VERTEX
8
RASTER
10
130.5
20
10.004
30
0
0
VERTEX
8
RASTER
10
130.474
20
9.836
30
0
0
VERTEX
8
RASTER
10
130.396
20
9.685
30
0
0
VERTEX
8
RASTER
10
130.275
20
9.56
30
0
0
VERTEX
8
RASTER
10
130.115
20
9.463
30
0
0
VERTEX
8
RASTER
10
129.924
20
9.395
30
0
0
VERTEX
8
RASTER
10
129.707
20
9.359
30
0
0
VERTEX
8
RASTER
10
129.47
20
9.355
30
0
0
VERTEX
8
RASTER
10
129.219
20
9.385
30
0
0
VERTEX
8
RASTER
10
128.961
20
9.451
30
0
0
VERTEX
8
RASTER
10
128.714
20
9.55
30
0
0
VERTEX
8
RASTER
10
128.493
20
9.672
30
0
0
VERTEX
8
RASTER
10
128.304
20
9.815
30
0
0
VERTEX
8
RASTER
10
128.149
20
9.972
30
0
0
VERTEX
8
RASTER
10
128.034
20
10.139
30
0
0
VERTEX
8
RASTER
10
127.962
20
10.311
30
0
0
VERTEX
8
RASTER
10
127.938
20
10.483
30
0
0
VERTEX
8
RASTER
10
127.964
20
10.651
30
0
0
VERTEX
8
RASTER
10
128.041
20
10.803
30
0
0
VERTEX
8
RASTER
10
128.163
20
10.928
30
0
0
VERTEX
8
RASTER
10
128.322
20
11.025
30
0
0
VERTEX
8
RASTER
10
128.514
20
11.092
30
0
0
VERTEX
8
RASTER
10
128.731
20
11.129
30
0
0
VERTEX
8
RASTER
10
128.968
20
11.133
30
0
0
VERTEX
8
RASTER
10
129.218
20
11.102
30
0
0
VERTEX
8
RASTER
10
129.476
20
11.036
30
0
0
SEQEND
8
RASTER
0
CIRCLE
8
RASTER
10
131.2
20
9.6
30
0
40
0.625
0
ENDSEC
0
EOF
