0
SECTION
2
HEADER
9
$ACADVER
1
AC1009
9
$EXTMIN
10
0
20
0
9
$EXTMAX
10
300.32
20
39.648
0
ENDSEC
0
SECTION
2
TABLES
0
TABLE
2
LAYER
70
2
0
LAYER
2
CUT
70
0
62
1
6
CONTINUOUS
0
LAYER
2
RASTER
70
0
62
7
6
CONTINUOUS
0
ENDTAB
0
ENDSEC
0
SECTION
2
ENTITIES
0
POLYLINE
8
CUT
66
1
70
1
0
VERTEX
8
CUT
10
4
20
33.648
30
0
0
VERTEX
8
CUT
10
4.031
20
34.117
30
0
0
VERTEX
8
CUT
10
4.125
20
34.523
30
0
0
VERTEX
8
CUT
10
4.281
20
34.867
30
0
0
VERTEX
8
CUT
10
4.5
20
35.148
30
0
0
VERTEX
8
CUT
10
4.781
20
35.367
30
0
0
VERTEX
8
CUT
10
5.125
20
35.523
30
0
0
VERTEX
8
CUT
10
5.531
20
35.617
30
0
0
VERTEX
8
CUT
10
6
20
35.648
30
0
0
VERTEX
8
CUT
10
21.2
20
35.648
30
0
0
VERTEX
8
CUT
10
21.669
20
35.617
30
0
0
VERTEX
8
CUT
10
22.075
20
35.523
30
0
0
VERTEX
8
CUT
10
22.419
20
35.367
30
0
0
VERTEX
8
CUT
10
22.7
20
35.148
30
0
0
VERTEX
8
CUT
10
22.919
20
34.867
30
0
0
VERTEX
8
CUT
10
23.075
20
34.523
30
0
0
VERTEX
8
CUT
10
23.169
20
34.117
30
0
0
VERTEX
8
CUT
10
23.2
20
33.648
30
0
0
VERTEX
8
CUT
10
23.2
20
18.448
30
0
0
VERTEX
8
CUT
10
23.169
20
17.979
30
0
0
VERTEX
8
CUT
10
23.075
20
17.573
30
0
0
VERTEX
8
CUT
10
22.919
20
17.229
30
0
0
VERTEX
8
CUT
10
22.7
20
16.948
30
0
0
VERTEX
8
CUT
10
22.419
20
16.729
30
0
0
VERTEX
8
CUT
10
22.075
20
16.573
30
0
0
VERTEX
8
CUT
10
21.669
20
16.479
30
0
0
VERTEX
8
CUT
10
21.2
20
16.448
30
0
0
VERTEX
8
CUT
10
6
20
16.448
30
0
0
VERTEX
8
CUT
10
5.531
20
16.479
30
0
0
VERTEX
8
CUT
10
5.125
20
16.573
30
0
0
VERTEX
8
CUT
10
4.781
20
16.729
30
0
0
VERTEX
8
CUT
10
4.5
20
16.948
30
0
0
VERTEX
8
CUT
10
4.281
20
17.229
30
0
0
VERTEX
8
CUT
10
4.125
20
17.573
30
0
0
VERTEX
8
CUT
10
4.031
20
17.979
30
0
0
VERTEX
8
CUT
10
4
20
18.448
30
0
0
SEQEND
8
CUT
0
CIRCLE
8
RASTER
10
13.6
20
30.487
30
0
40
0.726
0
CIRCLE
8
RASTER
10
13.6
20
30.487
30
0
40
0.403
0
POLYLINE
8
RASTER
66
1
70
1
0
VERTEX
8
RASTER
10
13.277
20
29.519
30
0
0
VERTEX
8
RASTER
10
13.923
20
29.519
30
0
0
VERTEX
8
RASTER
10
13.923
20
28.713
30
0
0
VERTEX
8
RASTER
10
15.374
20
28.713
30
0
0
VERTEX
8
RASTER
10
15.374
20
28.229
30
0
0
VERTEX
8
RASTER
10
13.923
20
28.229
30
0
0
VERTEX
8
RASTER
10
13.923
20
25.971
30
0
0
VERTEX
8
RASTER
10
14.111
20
25.933
30
0
0
VERTEX
8
RASTER
10
14.308
20
25.938
30
0
0
VERTEX
8
RASTER
10
14.509
20
25.985
30
0
0
VERTEX
8
RASTER
10
14.709
20
26.072
30
0
0
VERTEX
8
RASTER
10
14.901
20
26.196
30
0
0
VERTEX
8
RASTER
10
15.079
20
26.357
30
0
0
VERTEX
8
RASTER
10
15.239
20
26.551
30
0
0
VERTEX
8
RASTER
10
15.374
20
26.778
30
0
0
VERTEX
8
RASTER
10
16.18
20
26.132
30
0
0
VERTEX
8
RASTER
10
16.023
20
25.665
30
0
0
VERTEX
8
RASTER
10
15.8
20
25.235
30
0
0
VERTEX
8
RASTER
10
15.52
20
24.851
30
0
0
VERTEX
8
RASTER
10
15.193
20
24.52
30
0
0
VERTEX
8
RASTER
10
14.828
20
24.249
30
0
0
VERTEX
8
RASTER
10
14.434
20
24.046
30
0
0
VERTEX
8
RASTER
10
14.022
20
23.919
30
0
0
VERTEX
8
RASTER
10
13.6
20
23.875
30
0
0
VERTEX
8
RASTER
10
13.178
20
23.919
30
0
0
VERTEX
8
RASTER
10
12.766
20
24.046
30
0
0
VERTEX
8
RASTER
10
12.372
20
24.249
30
0
0
VERTEX
8
RASTER
10
12.007
20
24.52
30
0
0
VERTEX
8
RASTER
10
11.68
20
24.851
30
0
0
VERTEX
8
RASTER
10
11.4
20
25.235
30
0
0
VERTEX
8
RASTER
10
11.177
20
25.665
30
0
0
VERTEX
8
RASTER
10
11.02
20
26.132
30
0
0
VERTEX
8
RASTER
10
11.826
20
26.778
30
0
0
VERTEX
8
RASTER
10
11.961
20
26.551
30
0
0
VERTEX
8
RASTER
10
12.121
20
26.357
30
0
0
VERTEX
8
RASTER
10
12.299
20
26.196
30
0
0
VERTEX
8
RASTER
10
12.491
20
26.072
30
0
0
VERTEX
8
RASTER
10
12.691
20
25.985
30
0
0
VERTEX
8
RASTER
10
12.892
20
25.938
30
0
0
VERTEX
8
RASTER
10
13.089
20
25.933
30
0
0
VERTEX
8
RASTER
10
13.277
20
25.971
30
0
0
VERTEX
8
RASTER
10
13.277
20
28.229
30
0
0
VERTEX
8
RASTER
10
11.826
20
28.229
30
0
0
VERTEX
8
RASTER
10
11.826
20
28.713
30
0
0
VERTEX
8
RASTER
10
13.277
20
28.713
30
0
0
SEQEND
8
RASTER
0
POLYLINE
8
RASTER
66
1
70
1
0
VERTEX
8
RASTER
10
6.976
20
21.344
30
0
0
VERTEX
8
RASTER
10
9.28
20
21.344
30
0
0
VERTEX
8
RASTER
10
9.28
20
20.768
30
0
0
VERTEX
8
RASTER
10
6.976
20
20.768
30
0
0
SEQEND
8
RASTER
0
POLYLINE
8
RASTER
66
1
70
1
0
VERTEX
8
RASTER
10
6.976
20
20.768
30
0
0
VERTEX
8
RASTER
10
7.552
20
20.768
30
0
0
VERTEX
8
RASTER
10
7.552
20
20.192
30
0
0
VERTEX
8
RASTER
10
6.976
20
20.192
30
0
0
SEQEND
8
RASTER
0
POLYLINE
8
RASTER
66
1
70
1
0
VERTEX
8
RASTER
10
9.28
20
20.768
30
0
0
VERTEX
8
RASTER
10
9.856
20
20.768
30
0
0
VERTEX
8
RASTER
10
9.856
20
20.192
30
0
0
VERTEX
8
RASTER
10
9.28
20
20.192
30
0
0
SEQEND
8
RASTER
0
POLYLINE
8
RASTER
66
1
70
1
0
VERTEX
8
RASTER
10
6.976
20
20.192
30
0
0
VERTEX
8
RASTER
10
7.552
20
20.192
30
0
0
VERTEX
8
RASTER
10
7.552
20
19.616
30
0
0
VERTEX
8
RASTER
10
6.976
20
19.616
30
0
0
SEQEND
8
RASTER
0
POLYLINE
8
RASTER
66
1
70
1
0
VERTEX
8
RASTER
10
9.28
20
20.192
30
0
0
VERTEX
8
RASTER
10
9.856
20
20.192
30
0
0
VERTEX
8
RASTER
10
9.856
20
19.616
30
0
0
VERTEX
8
RASTER
10
9.28
20
19.616
30
0
0
SEQEND
8
RASTER
0
POLYLINE
8
RASTER
66
1
70
1
0
VERTEX
8
RASTER
10
6.976
20
19.616
30
0
0
VERTEX
8
RASTER
10
7.552
20
19.616
30
0
0
VERTEX
8
RASTER
10
7.552
20
19.04
30
0
0
VERTEX
8
RASTER
10
6.976
20
19.04
30
0
0
SEQEND
8
RASTER
0
POLYLINE
8
RASTER
66
1
70
1
0
VERTEX
8
RASTER
10
9.28
20
19.616
30
0
0
VERTEX
8
RASTER
10
9.856
20
19.616
30
0
0
VERTEX
8
RASTER
10
9.856
20
19.04
30
0
0
VERTEX
8
RASTER
10
9.28
20
19.04
30
0
0
SEQEND
8
RASTER
0
POLYLINE
8
RASTER
66
1
70
1
0
VERTEX
8
RASTER
10
6.976
20
19.04
30
0
0
VERTEX
8
RASTER
10
7.552
20
19.04
30
0
0
VERTEX
8
RASTER
10
7.552
20
18.464
30
0
0
VERTEX
8
RASTER
10
6.976
20
18.464
30
0
0
SEQEND
8
RASTER
0
POLYLINE
8
RASTER
66
1
70
1
0
VERTEX
8
RASTER
10
9.28
20
19.04
30
0
0
VERTEX
8
RASTER
10
9.856
20
19.04
30
0
0
VERTEX
8
RASTER
10
9.856
20
18.464
30
0
0
VERTEX
8
RASTER
10
9.28
20
18.464
30
0
0
SEQEND
8
RASTER
0
POLYLINE
8
RASTER
66
1
70
1
0
VERTEX
8
RASTER
10
6.976
20
18.464
30
0
0
VERTEX
8
RASTER
10
7.552
20
18.464
30
0
0
VERTEX
8
RASTER
10
7.552
20
17.888
30
0
0
VERTEX
8
RASTER
10
6.976
20
17.888
30
0
0
SEQEND
8
RASTER
0
POLYLINE
8
RASTER
66
1
70
1
0
VERTEX
8
RASTER
10
9.28
20
18.464
30
0
0
VERTEX
8
RASTER
10
9.856
20
18.464
30
0
0
VERTEX
8
RASTER
10
9.856
20
17.888
30
0
0
VERTEX
8
RASTER
10
9.28
20
17.888
30
0
0
SEQEND
8
RASTER
0
POLYLINE
8
RASTER
66
1
70
1
0
VERTEX
8
RASTER
10
6.976
20
17.888
30
0
0
VERTEX
8
RASTER
10
9.28
20
17.888
30
0
0
VERTEX
8
RASTER
10
9.28
20
17.312
30
0
0
VERTEX
8
RASTER
10
6.976
20
17.312
30
0
0
SEQEND
8
RASTER
0
POLYLINE
8
RASTER
66
1
70
1
0
VERTEX
8
RASTER
10
11.008
20
21.344
30
0
0
VERTEX
8
RASTER
10
12.736
20
21.344
30
0
0
VERTEX
8
RASTER
10
12.736
20
20.768
30
0
0
VERTEX
8
RASTER
10
11.008
20
20.768
30
0
0
SEQEND
8
RASTER
0
POLYLINE
8
RASTER
66
1
70
1
0
VERTEX
8
RASTER
10
10.432
20
20.768
30
0
0
VERTEX
8
RASTER
10
11.008
20
20.768
30
0
0
VERTEX
8
RASTER
10
11.008
20
20.192
30
0
0
VERTEX
8
RASTER
10
10.432
20
20.192
30
0
0
SEQEND
8
RASTER
0
POLYLINE
8
RASTER
66
1
70
1
0
VERTEX
8
RASTER
10
12.736
20
20.768
30
0
0
VERTEX
8
RASTER
10
13.312
20
20.768
30
0
0
VERTEX
8
RASTER
10
13.312
20
20.192
30
0
0
VERTEX
8
RASTER
10
12.736
20
20.192
30
0
0
SEQEND
8
RASTER
0
POLYLINE
8
RASTER
66
1
70
1
0
VERTEX
8
RASTER
10
10.432
20
20.192
30
0
0
VERTEX
8
RASTER
10
11.008
20
20.192
30
0
0
VERTEX
8
RASTER
10
11.008
20
19.616
30
0
0
VERTEX
8
RASTER
10
10.432
20
19.616
30
0
0
SEQEND
8
RASTER
0
POLYLINE
8
RASTER
66
1
70
1
0
VERTEX
8
RASTER
10
12.736
20
20.192
30
0
0
VERTEX
8
RASTER
10
13.312
20
20.192
30
0
0
VERTEX
8
RASTER
10
13.312
20
19.616
30
0
0
VERTEX
8
RASTER
10
12.736
20
19.616
30
0
0
SEQEND
8
RASTER
0
POLYLINE
8
RASTER
66
1
70
1
0
VERTEX
8
RASTER
10
10.432
20
19.616
30
0
0
VERTEX
8
RASTER
10
11.008
20
19.616
30
0
0
VERTEX
8
RASTER
10
11.008
20
19.04
30
0
0
VERTEX
8
RASTER
10
10.432
20
19.04
30
0
0
SEQEND
8
RASTER
0
POLYLINE
8
RASTER
66
1
70
1
0
VERTEX
8
RASTER
10
12.736
20
19.616
30
0
0
VERTEX
8
RASTER
10
13.312
20
19.616
30
0
0
VERTEX
8
RASTER
10
13.312
20
19.04
30
0
0
VERTEX
8
RASTER
10
12.736
20
19.04
30
0
0
SEQEND
8
RASTER
0
POLYLINE
8
RASTER
66
1
70
1
0
VERTEX
8
RASTER
10
10.432
20
19.04
30
0
0
VERTEX
8
RASTER
10
11.008
20
19.04
30
0
0
VERTEX
8
RASTER
10
11.008
20
18.464
30
0
0
VERTEX
8
RASTER
10
10.432
20
18.464
30
0
0
SEQEND
8
RASTER
0
POLYLINE
8
RASTER
66
1
70
1
0
VERTEX
8
RASTER
10
12.736
20
19.04
30
0
0
VERTEX
8
RASTER
10
13.312
20
19.04
30
0
0
VERTEX
8
RASTER
10
13.312
20
18.464
30
0
0
VERTEX
8
RASTER
10
12.736
20
18.464
30
0
0
SEQEND
8
RASTER
0
POLYLINE
8
RASTER
66
1
70
1
0
VERTEX
8
RASTER
10
10.432
20
18.464
30
0
0
VERTEX
8
RASTER
10
11.008
20
18.464
30
0
0
VERTEX
8
RASTER
10
11.008
20
17.888
30
0
0
VERTEX
8
RASTER
10
10.432
20
17.888
30
0
0
SEQEND
8
RASTER
0
POLYLINE
8
RASTER
66
1
70
1
0
VERTEX
8
RASTER
10
12.736
20
18.464
30
0
0
VERTEX
8
RASTER
10
13.312
20
18.464
30
0
0
VERTEX
8
RASTER
10
13.312
20
17.888
30
0
0
VERTEX
8
RASTER
10
12.736
20
17.888
30
0
0
SEQEND
8
RASTER
0
POLYLINE
8
RASTER
66
1
70
1
0
VERTEX
8
RASTER
10
11.008
20
17.888
30
0
0
VERTEX
8
RASTER
10
12.736
20
17.888
30
0
0
VERTEX
8
RASTER
10
12.736
20
17.312
30
0
0
VERTEX
8
RASTER
10
11.008
20
17.312
30
0
0
SEQEND
8
RASTER
0
POLYLINE
8
RASTER
66
1
70
1
0
VERTEX
8
RASTER
10
14.464
20
21.344
30
0
0
VERTEX
8
RASTER
10
16.768
20
21.344
30
0
0
VERTEX
8
RASTER
10
16.768
20
20.768
30
0
0
VERTEX
8
RASTER
10
14.464
20
20.768
30
0
0
SEQEND
8
RASTER
0
POLYLINE
8
RASTER
66
1
70
1
0
VERTEX
8
RASTER
10
13.888
20
20.768
30
0
0
VERTEX
8
RASTER
10
14.464
20
20.768
30
0
0
VERTEX
8
RASTER
10
14.464
20
20.192
30
0
0
VERTEX
8
RASTER
10
13.888
20
20.192
30
0
0
SEQEND
8
RASTER
0
POLYLINE
8
RASTER
66
1
70
1
0
VERTEX
8
RASTER
10
13.888
20
20.192
30
0
0
VERTEX
8
RASTER
10
14.464
20
20.192
30
0
0
VERTEX
8
RASTER
10
14.464
20
19.616
30
0
0
VERTEX
8
RASTER
10
13.888
20
19.616
30
0
0
SEQEND
8
RASTER
0
POLYLINE
8
RASTER
66
1
70
1
0
VERTEX
8
RASTER
10
13.888
20
19.616
30
0
0
VERTEX
8
RASTER
10
14.464
20
19.616
30
0
0
VERTEX
8
RASTER
10
14.464
20
19.04
30
0
0
VERTEX
8
RASTER
10
13.888
20
19.04
30
0
0
SEQEND
8
RASTER
0
POLYLINE
8
RASTER
66
1
70
1
0
VERTEX
8
RASTER
10
13.888
20
19.04
30
0
0
VERTEX
8
RASTER
10
14.464
20
19.04
30
0
0
VERTEX
8
RASTER
10
14.464
20
18.464
30
0
0
VERTEX
8
RASTER
10
13.888
20
18.464
30
0
0
SEQEND
8
RASTER
0
POLYLINE
8
RASTER
66
1
70
1
0
VERTEX
8
RASTER
10
13.888
20
18.464
30
0
0
VERTEX
8
RASTER
10
14.464
20
18.464
30
0
0
VERTEX
8
RASTER
10
14.464
20
17.888
30
0
0
VERTEX
8
RASTER
10
13.888
20
17.888
30
0
0
SEQEND
8
RASTER
0
POLYLINE
8
RASTER
66
1
70
1
0
VERTEX
8
RASTER
10
14.464
20
17.888
30
0
0
VERTEX
8
RASTER
10
16.768
20
17.888
30
0
0
VERTEX
8
RASTER
10
16.768
20
17.312
30
0
0
VERTEX
8
RASTER
10
14.464
20
17.312
30
0
0
SEQEND
8
RASTER
0
POLYLINE
8
RASTER
66
1
70
1
0
VERTEX
8
RASTER
10
17.344
20
21.344
30
0
0
VERTEX
8
RASTER
10
17.92
20
21.344
30
0
0
VERTEX
8
RASTER
10
17.92
20
20.768
30
0
0
VERTEX
8
RASTER
10
17.344
20
20.768
30
0
0
SEQEND
8
RASTER
0
POLYLINE
8
RASTER
66
1
70
1
0
VERTEX
8
RASTER
10
19.648
20
21.344
30
0
0
VERTEX
8
RASTER
10
20.224
20
21.344
30
0
0
VERTEX
8
RASTER
10
20.224
20
20.768
30
0
0
VERTEX
8
RASTER
10
19.648
20
20.768
30
0
0
SEQEND
8
RASTER
0
POLYLINE
8
RASTER
66
1
70
1
0
VERTEX
8
RASTER
10
17.344
20
20.768
30
0
0
VERTEX
8
RASTER
10
17.92
20
20.768
30
0
0
VERTEX
8
RASTER
10
17.92
20
20.192
30
0
0
VERTEX
8
RASTER
10
17.344
20
20.192
30
0
0
SEQEND
8
RASTER
0
POLYLINE
8
RASTER
66
1
70
1
0
VERTEX
8
RASTER
10
19.072
20
20.768
30
0
0
VERTEX
8
RASTER
10
19.648
20
20.768
30
0
0
VERTEX
8
RASTER
10
19.648
20
20.192
30
0
0
VERTEX
8
RASTER
10
19.072
20
20.192
30
0
0
SEQEND
8
RASTER
0
POLYLINE
8
RASTER
66
1
70
1
0
VERTEX
8
RASTER
10
17.344
20
20.192
30
0
0
VERTEX
8
RASTER
10
17.92
20
20.192
30
0
0
VERTEX
8
RASTER
10
17.92
20
19.616
30
0
0
VERTEX
8
RASTER
10
17.344
20
19.616
30
0
0
SEQEND
8
RASTER
0
POLYLINE
8
RASTER
66
1
70
1
0
VERTEX
8
RASTER
10
18.496
20
20.192
30
0
0
VERTEX
8
RASTER
10
19.072
20
20.192
30
0
0
VERTEX
8
RASTER
10
19.072
20
19.616
30
0
0
VERTEX
8
RASTER
10
18.496
20
19.616
30
0
0
SEQEND
8
RASTER
0
POLYLINE
8
RASTER
66
1
70
1
0
VERTEX
8
RASTER
10
17.344
20
19.616
30
0
0
VERTEX
8
RASTER
10
18.496
20
19.616
30
0
0
VERTEX
8
RASTER
10
18.496
20
19.04
30
0
0
VERTEX
8
RASTER
10
17.344
20
19.04
30
0
0
SEQEND
8
RASTER
0
POLYLINE
8
RASTER
66
1
70
1
0
VERTEX
8
RASTER
10
17.344
20
19.04
30
0
0
VERTEX
8
RASTER
10
17.92
20
19.04
30
0
0
VERTEX
8
RASTER
10
17.92
20
18.464
30
0
0
VERTEX
8
RASTER
10
17.344
20
18.464
30
0
0
SEQEND
8
RASTER
0
POLYLINE
8
RASTER
66
1
70
1
0
VERTEX
8
RASTER
10
18.496
20
19.04
30
0
0
VERTEX
8
RASTER
10
19.072
20
19.04
30
0
0
VERTEX
8
RASTER
10
19.072
20
18.464
30
0
0
VERTEX
8
RASTER
10
18.496
20
18.464
30
0
0
SEQEND
8
RASTER
0
POLYLINE
8
RASTER
66
1
70
1
0
VERTEX
8
RASTER
10
17.344
20
18.464
30
0
0
VERTEX
8
RASTER
10
17.92
20
18.464
30
0
0
VERTEX
8
RASTER
10
17.92
20
17.888
30
0
0
VERTEX
8
RASTER
10
17.344
20
17.888
30
0
0
SEQEND
8
RASTER
0
POLYLINE
8
RASTER
66
1
70
1
0
VERTEX
8
RASTER
10
19.072
20
18.464
30
0
0
VERTEX
8
RASTER
10
19.648
20
18.464
30
0
0
VERTEX
8
RASTER
10
19.648
20
17.888
30
0
0
VERTEX
8
RASTER
10
19.072
20
17.888
30
0
0
SEQEND
8
RASTER
0
POLYLINE
8
RASTER
66
1
70
1
0
VERTEX
8
RASTER
10
17.344
20
17.888
30
0
0
VERTEX
8
RASTER
10
17.92
20
17.888
30
0
0
VERTEX
8
RASTER
10
17.92
20
17.312
30
0
0
VERTEX
8
RASTER
10
17.344
20
17.312
30
0
0
SEQEND
8
RASTER
0
POLYLINE
8
RASTER
66
1
70
1
0
VERTEX
8
RASTER
10
19.648
20
17.888
30
0
0
VERTEX
8
RASTER
10
20.224
20
17.888
30
0
0
VERTEX
8
RASTER
10
20.224
20
17.312
30
0
0
VERTEX
8
RASTER
10
19.648
20
17.312
30
0
0
SEQEND
8
RASTER
0
POLYLINE
8
CUT
66
1
70
1
0
VERTEX
8
CUT
10
27.2
20
33.648
30
0
0
VERTEX
8
CUT
10
27.231
20
34.117
30
0
0
VERTEX
8
CUT
10
27.325
20
34.523
30
0
0
VERTEX
8
CUT
10
27.481
20
34.867
30
0
0
VERTEX
8
CUT
10
27.7
20
35.148
30
0
0
VERTEX
8
CUT
10
27.981
20
35.367
30
0
0
VERTEX
8
CUT
10
28.325
20
35.523
30
0
0
VERTEX
8
CUT
10
28.731
20
35.617
30
0
0
VERTEX
8
CUT
10
29.2
20
35.648
30
0
0
VERTEX
8
CUT
10
44.4
20
35.648
30
0
0
VERTEX
8
CUT
10
44.869
20
35.617
30
0
0
VERTEX
8
CUT
10
45.275
20
35.523
30
0
0
VERTEX
8
CUT
10
45.619
20
35.367
30
0
0
VERTEX
8
CUT
10
45.9
20
35.148
30
0
0
VERTEX
8
CUT
10
46.119
20
34.867
30
0
0
VERTEX
8
CUT
10
46.275
20
34.523
30
0
0
VERTEX
8
CUT
10
46.369
20
34.117
30
0
0
VERTEX
8
CUT
10
46.4
20
33.648
30
0
0
VERTEX
8
CUT
10
46.4
20
18.448
30
0
0
VERTEX
8
CUT
10
46.369
20
17.979
30
0
0
VERTEX
8
CUT
10
46.275
20
17.573
30
0
0
VERTEX
8
CUT
10
46.119
20
17.229
30
0
0
VERTEX
8
CUT
10
45.9
20
16.948
30
0
0
VERTEX
8
CUT
10
45.619
20
16.729
30
0
0
VERTEX
8
CUT
10
45.275
20
16.573
30
0
0
VERTEX
8
CUT
10
44.869
20
16.479
30
0
0
VERTEX
8
CUT
10
44.4
20
16.448
30
0
0
VERTEX
8
CUT
10
29.2
20
16.448
30
0
0
VERTEX
8
CUT
10
28.731
20
16.479
30
0
0
VERTEX
8
CUT
10
28.325
20
16.573
30
0
0
VERTEX
8
CUT
10
27.981
20
16.729
30
0
0
VERTEX
8
CUT
10
27.7
20
16.948
30
0
0
VERTEX
8
CUT
10
27.481
20
17.229
30
0
0
VERTEX
8
CUT
10
27.325
20
17.573
30
0
0
VERTEX
8
CUT
10
27.231
20
17.979
30
0
0
VERTEX
8
CUT
10
27.2
20
18.448
30
0
0
SEQEND
8
CUT
0
CIRCLE
8
RASTER
10
36.8
20
30.487
30
0
40
0.726
0
CIRCLE
8
RASTER
10
36.8
20
30.487
30
0
40
0.403
0
POLYLINE
8
RASTER
66
1
70
1
0
VERTEX
8
RASTER
10
36.477
20
29.519
30
0
0
VERTEX
8
RASTER
10
37.123
20
29.519
30
0
0
VERTEX
8
RASTER
10
37.123
20
28.713
30
0
0
VERTEX
8
RASTER
10
38.574
20
28.713
30
0
0
VERTEX
8
RASTER
10
38.574
20
28.229
30
0
0
VERTEX
8
RASTER
10
37.123
20
28.229
30
0
0
VERTEX
8
RASTER
10
37.123
20
25.971
30
0
0
VERTEX
8
RASTER
10
37.311
20
25.933
30
0
0
VERTEX
8
RASTER
10
37.508
20
25.938
30
0
0
VERTEX
8
RASTER
10
37.709
20
25.985
30
0
0
VERTEX
8
RASTER
10
37.909
20
26.072
30
0
0
VERTEX
8
RASTER
10
38.101
20
26.196
30
0
0
VERTEX
8
RASTER
10
38.279
20
26.357
30
0
0
VERTEX
8
RASTER
10
38.439
20
26.551
30
0
0
VERTEX
8
RASTER
10
38.574
20
26.778
30
0
0
VERTEX
8
RASTER
10
39.38
20
26.132
30
0
0
VERTEX
8
RASTER
10
39.223
20
25.665
30
0
0
VERTEX
8
RASTER
10
39
20
25.235
30
0
0
VERTEX
8
RASTER
10
38.72
20
24.851
30
0
0
VERTEX
8
RASTER
10
38.393
20
24.52
30
0
0
VERTEX
8
RASTER
10
38.028
20
24.249
30
0
0
VERTEX
8
RASTER
10
37.634
20
24.046
30
0
0
VERTEX
8
RASTER
10
37.222
20
23.919
30
0
0
VERTEX
8
RASTER
10
36.8
20
23.875
30
0
0
VERTEX
8
RASTER
10
36.378
20
23.919
30
0
0
VERTEX
8
RASTER
10
35.966
20
24.046
30
0
0
VERTEX
8
RASTER
10
35.572
20
24.249
30
0
0
VERTEX
8
RASTER
10
35.207
20
24.52
30
0
0
VERTEX
8
RASTER
10
34.88
20
24.851
30
0
0
VERTEX
8
RASTER
10
34.6
20
25.235
30
0
0
VERTEX
8
RASTER
10
34.377
20
25.665
30
0
0
VERTEX
8
RASTER
10
34.22
20
26.132
30
0
0
VERTEX
8
RASTER
10
35.026
20
26.778
30
0
0
VERTEX
8
RASTER
10
35.161
20
26.551
30
0
0
VERTEX
8
RASTER
10
35.321
20
26.357
30
0
0
VERTEX
8
RASTER
10
35.499
20
26.196
30
0
0
VERTEX
8
RASTER
10
35.691
20
26.072
30
0
0
VERTEX
8
RASTER
10
35.891
20
25.985
30
0
0
VERTEX
8
RASTER
10
36.092
20
25.938
30
0
0
VERTEX
8
RASTER
10
36.289
20
25.933
30
0
0
VERTEX
8
RASTER
10
36.477
20
25.971
30
0
0
VERTEX
8
RASTER
10
36.477
20
28.229
30
0
0
VERTEX
8
RASTER
10
35.026
20
28.229
30
0
0
VERTEX
8
RASTER
10
35.026
20
28.713
30
0
0
VERTEX
8
RASTER
10
36.477
20
28.713
30
0
0
SEQEND
8
RASTER
0
POLYLINE
8
RASTER
66
1
70
1
0
VERTEX
8
RASTER
10
30.176
20
21.344
30
0
0
VERTEX
8
RASTER
10
32.48
20
21.344
30
0
0
VERTEX
8
RASTER
10
32.48
20
20.768
30
0
0
VERTEX
8
RASTER
10
30.176
20
20.768
30
0
0
SEQEND
8
RASTER
0
POLYLINE
8
RASTER
66
1
70
1
0
VERTEX
8
RASTER
10
30.176
20
20.768
30
0
0
VERTEX
8
RASTER
10
30.752
20
20.768
30
0
0
VERTEX
8
RASTER
10
30.752
20
20.192
30
0
0
VERTEX
8
RASTER
10
30.176
20
20.192
30
0
0
SEQEND
8
RASTER
0
POLYLINE
8
RASTER
66
1
70
1
0
VERTEX
8
RASTER
10
32.48
20
20.768
30
0
0
VERTEX
8
RASTER
10
33.056
20
20.768
30
0
0
VERTEX
8
RASTER
10
33.056
20
20.192
30
0
0
VERTEX
8
RASTER
10
32.48
20
20.192
30
0
0
SEQEND
8
RASTER
0
POLYLINE
8
RASTER
66
1
70
1
0
VERTEX
8
RASTER
10
30.176
20
20.192
30
0
0
VERTEX
8
RASTER
10
30.752
20
20.192
30
0
0
VERTEX
8
RASTER
10
30.752
20
19.616
30
0
0
VERTEX
8
RASTER
10
30.176
20
19.616
30
0
0
SEQEND
8
RASTER
0
POLYLINE
8
RASTER
66
1
70
1
0
VERTEX
8
RASTER
10
32.48
20
20.192
30
0
0
VERTEX
8
RASTER
10
33.056
20
20.192
30
0
0
VERTEX
8
RASTER
10
33.056
20
19.616
30
0
0
VERTEX
8
RASTER
10
32.48
20
19.616
30
0
0
SEQEND
8
RASTER
0
POLYLINE
8
RASTER
66
1
70
1
0
VERTEX
8
RASTER
10
30.176
20
19.616
30
0
0
VERTEX
8
RASTER
10
30.752
20
19.616
30
0
0
VERTEX
8
RASTER
10
30.752
20
19.04
30
0
0
VERTEX
8
RASTER
10
30.176
20
19.04
30
0
0
SEQEND
8
RASTER
0
POLYLINE
8
RASTER
66
1
70
1
0
VERTEX
8
RASTER
10
32.48
20
19.616
30
0
0
VERTEX
8
RASTER
10
33.056
20
19.616
30
0
0
VERTEX
8
RASTER
10
33.056
20
19.04
30
0
0
VERTEX
8
RASTER
10
32.48
20
19.04
30
0
0
SEQEND
8
RASTER
0
POLYLINE
8
RASTER
66
1
70
1
0
VERTEX
8
RASTER
10
30.176
20
19.04
30
0
0
VERTEX
8
RASTER
10
30.752
20
19.04
30
0
0
VERTEX
8
RASTER
10
30.752
20
18.464
30
0
0
VERTEX
8
RASTER
10
30.176
20
18.464
30
0
0
SEQEND
8
RASTER
0
POLYLINE
8
RASTER
66
1
70
1
0
VERTEX
8
RASTER
10
32.48
20
19.04
30
0
0
VERTEX
8
RASTER
10
33.056
20
19.04
30
0
0
VERTEX
8
RASTER
10
33.056
20
18.464
30
0
0
VERTEX
8
RASTER
10
32.48
20
18.464
30
0
0
SEQEND
8
RASTER
0
POLYLINE
8
RASTER
66
1
70
1
0
VERTEX
8
RASTER
10
30.176
20
18.464
30
0
0
VERTEX
8
RASTER
10
30.752
20
18.464
30
0
0
VERTEX
8
RASTER
10
30.752
20
17.888
30
0
0
VERTEX
8
RASTER
10
30.176
20
17.888
30
0
0
SEQEND
8
RASTER
0
POLYLINE
8
RASTER
66
1
70
1
0
VERTEX
8
RASTER
10
32.48
20
18.464
30
0
0
VERTEX
8
RASTER
10
33.056
20
18.464
30
0
0
VERTEX
8
RASTER
10
33.056
20
17.888
30
0
0
VERTEX
8
RASTER
10
32.48
20
17.888
30
0
0
SEQEND
8
RASTER
0
POLYLINE
8
RASTER
66
1
70
1
0
VERTEX
8
RASTER
10
30.176
20
17.888
30
0
0
VERTEX
8
RASTER
10
32.48
20
17.888
30
0
0
VERTEX
8
RASTER
10
32.48
20
17.312
30
0
0
VERTEX
8
RASTER
10
30.176
20
17.312
30
0
0
SEQEND
8
RASTER
0
POLYLINE
8
RASTER
66
1
70
1
0
VERTEX
8
RASTER
10
34.208
20
21.344
30
0
0
VERTEX
8
RASTER
10
35.936
20
21.344
30
0
0
VERTEX
8
RASTER
10
35.936
20
20.768
30
0
0
VERTEX
8
RASTER
10
34.208
20
20.768
30
0
0
SEQEND
8
RASTER
0
POLYLINE
8
RASTER
66
1
70
1
0
VERTEX
8
RASTER
10
33.632
20
20.768
30
0
0
VERTEX
8
RASTER
10
34.208
20
20.768
30
0
0
VERTEX
8
RASTER
10
34.208
20
20.192
30
0
0
VERTEX
8
RASTER
10
33.632
20
20.192
30
0
0
SEQEND
8
RASTER
0
POLYLINE
8
RASTER
66
1
70
1
0
VERTEX
8
RASTER
10
35.936
20
20.768
30
0
0
VERTEX
8
RASTER
10
36.512
20
20.768
30
0
0
VERTEX
8
RASTER
10
36.512
20
20.192
30
0
0
VERTEX
8
RASTER
10
35.936
20
20.192
30
0
0
SEQEND
8
RASTER
0
POLYLINE
8
RASTER
66
1
70
1
0
VERTEX
8
RASTER
10
33.632
20
20.192
30
0
0
VERTEX
8
RASTER
10
34.208
20
20.192
30
0
0
VERTEX
8
RASTER
10
34.208
20
19.616
30
0
0
VERTEX
8
RASTER
10
33.632
20
19.616
30
0
0
SEQEND
8
RASTER
0
POLYLINE
8
RASTER
66
1
70
1
0
VERTEX
8
RASTER
10
35.936
20
20.192
30
0
0
VERTEX
8
RASTER
10
36.512
20
20.192
30
0
0
VERTEX
8
RASTER
10
36.512
20
19.616
30
0
0
VERTEX
8
RASTER
10
35.936
20
19.616
30
0
0
SEQEND
8
RASTER
0
POLYLINE
8
RASTER
66
1
70
1
0
VERTEX
8
RASTER
10
33.632
20
19.616
30
0
0
VERTEX
8
RASTER
10
34.208
20
19.616
30
0
0
VERTEX
8
RASTER
10
34.208
20
19.04
30
0
0
VERTEX
8
RASTER
10
33.632
20
19.04
30
0
0
SEQEND
8
RASTER
0
POLYLINE
8
RASTER
66
1
70
1
0
VERTEX
8
RASTER
10
35.936
20
19.616
30
0
0
VERTEX
8
RASTER
10
36.512
20
19.616
30
0
0
VERTEX
8
RASTER
10
36.512
20
19.04
30
0
0
VERTEX
8
RASTER
10
35.936
20
19.04
30
0
0
SEQEND
8
RASTER
0
POLYLINE
8
RASTER
66
1
70
1
0
VERTEX
8
RASTER
10
33.632
20
19.04
30
0
0
VERTEX
8
RASTER
10
34.208
20
19.04
30
0
0
VERTEX
8
RASTER
10
34.208
20
18.464
30
0
0
VERTEX
8
RASTER
10
33.632
20
18.464
30
0
0
SEQEND
8
RASTER
0
POLYLINE
8
RASTER
66
1
70
1
0
VERTEX
8
RASTER
10
35.936
20
19.04
30
0
0
VERTEX
8
RASTER
10
36.512
20
19.04
30
0
0
VERTEX
8
RASTER
10
36.512
20
18.464
30
0
0
VERTEX
8
RASTER
10
35.936
20
18.464
30
0
0
SEQEND
8
RASTER
0
POLYLINE
8
RASTER
66
1
70
1
0
VERTEX
8
RASTER
10
33.632
20
18.464
30
0
0
VERTEX
8
RASTER
10
34.208
20
18.464
30
0
0
VERTEX
8
RASTER
10
34.208
20
17.888
30
0
0
VERTEX
8
RASTER
10
33.632
20
17.888
30
0
0
SEQEND
8
RASTER
0
POLYLINE
8
RASTER
66
1
70
1
0
VERTEX
8
RASTER
10
35.936
20
18.464
30
0
0
VERTEX
8
RASTER
10
36.512
20
18.464
30
0
0
VERTEX
8
RASTER
10
36.512
20
17.888
30
0
0
VERTEX
8
RASTER
10
35.936
20
17.888
30
0
0
SEQEND
8
RASTER
0
POLYLINE
8
RASTER
66
1
70
1
0
VERTEX
8
RASTER
10
34.208
20
17.888
30
0
0
VERTEX
8
RASTER
10
35.936
20
17.888
30
0
0
VERTEX
8
RASTER
10
35.936
20
17.312
30
0
0
VERTEX
8
RASTER
10
34.208
20
17.312
30
0
0
SEQEND
8
RASTER
0
POLYLINE
8
RASTER
66
1
70
1
0
VERTEX
8
RASTER
10
37.664
20
21.344
30
0
0
VERTEX
8
RASTER
10
39.968
20
21.344
30
0
0
VERTEX
8
RASTER
10
39.968
20
20.768
30
0
0
VERTEX
8
RASTER
10
37.664
20
20.768
30
0
0
SEQEND
8
RASTER
0
POLYLINE
8
RASTER
66
1
70
1
0
VERTEX
8
RASTER
10
37.088
20
20.768
30
0
0
VERTEX
8
RASTER
10
37.664
20
20.768
30
0
0
VERTEX
8
RASTER
10
37.664
20
20.192
30
0
0
VERTEX
8
RASTER
10
37.088
20
20.192
30
0
0
SEQEND
8
RASTER
0
POLYLINE
8
RASTER
66
1
70
1
0
VERTEX
8
RASTER
10
37.088
20
20.192
30
0
0
VERTEX
8
RASTER
10
37.664
20
20.192
30
0
0
VERTEX
8
RASTER
10
37.664
20
19.616
30
0
0
VERTEX
8
RASTER
10
37.088
20
19.616
30
0
0
SEQEND
8
RASTER
0
POLYLINE
8
RASTER
66
1
70
1
0
VERTEX
8
RASTER
10
37.088
20
19.616
30
0
0
VERTEX
8
RASTER
10
37.664
20
19.616
30
0
0
VERTEX
8
RASTER
10
37.664
20
19.04
30
0
0
VERTEX
8
RASTER
10
37.088
20
19.04
30
0
0
SEQEND
8
RASTER
0
POLYLINE
8
RASTER
66
1
70
1
0
VERTEX
8
RASTER
10
37.088
20
19.04
30
0
0
VERTEX
8
RASTER
10
37.664
20
19.04
30
0
0
VERTEX
8
RASTER
10
37.664
20
18.464
30
0
0
VERTEX
8
RASTER
10
37.088
20
18.464
30
0
0
SEQEND
8
RASTER
0
POLYLINE
8
RASTER
66
1
70
1
0
VERTEX
8
RASTER
10
37.088
20
18.464
30
0
0
VERTEX
8
RASTER
10
37.664
20
18.464
30
0
0
VERTEX
8
RASTER
10
37.664
20
17.888
30
0
0
VERTEX
8
RASTER
10
37.088
20
17.888
30
0
0
SEQEND
8
RASTER
0
POLYLINE
8
RASTER
66
1
70
1
0
VERTEX
8
RASTER
10
37.664
20
17.888
30
0
0
VERTEX
8
RASTER
10
39.968
20
17.888
30
0
0
VERTEX
8
RASTER
10
39.968
20
17.312
30
0
0
VERTEX
8
RASTER
10
37.664
20
17.312
30
0
0
SEQEND
8
RASTER
0
POLYLINE
8
RASTER
66
1
70
1
0
VERTEX
8
RASTER
10
40.544
20
21.344
30
0
0
VERTEX
8
RASTER
10
41.12
20
21.344
30
0
0
VERTEX
8
RASTER
10
41.12
20
20.768
30
0
0
VERTEX
8
RASTER
10
40.544
20
20.768
30
0
0
SEQEND
8
RASTER
0
POLYLINE
8
RASTER
66
1
70
1
0
VERTEX
8
RASTER
10
42.848
20
21.344
30
0
0
VERTEX
8
RASTER
10
43.424
20
21.344
30
0
0
VERTEX
8
RASTER
10
43.424
20
20.768
30
0
0
VERTEX
8
RASTER
10
42.848
20
20.768
30
0
0
SEQEND
8
RASTER
0
POLYLINE
8
RASTER
66
1
70
1
0
VERTEX
8
RASTER
10
40.544
20
20.768
30
0
0
VERTEX
8
RASTER
10
41.12
20
20.768
30
0
0
VERTEX
8
RASTER
10
41.12
20
20.192
30
0
0
VERTEX
8
RASTER
10
40.544
20
20.192
30
0
0
SEQEND
8
RASTER
0
POLYLINE
8
RASTER
66
1
70
1
0
VERTEX
8
RASTER
10
42.272
20
20.768
30
0
0
VERTEX
8
RASTER
10
42.848
20
20.768
30
0
0
VERTEX
8
RASTER
10
42.848
20
20.192
30
0
0
VERTEX
8
RASTER
10
42.272
20
20.192
30
0
0
SEQEND
8
RASTER
0
POLYLINE
8
RASTER
66
1
70
1
0
VERTEX
8
RASTER
10
40.544
20
20.192
30
0
0
VERTEX
8
RASTER
10
41.12
20
20.192
30
0
0
VERTEX
8
RASTER
10
41.12
20
19.616
30
0
0
VERTEX
8
RASTER
10
40.544
20
19.616
30
0
0
SEQEND
8
RASTER
0
POLYLINE
8
RASTER
66
1
70
1
0
VERTEX
8
RASTER
10
41.696
20
20.192
30
0
0
VERTEX
8
RASTER
10
42.272
20
20.192
30
0
0
VERTEX
8
RASTER
10
42.272
20
19.616
30
0
0
VERTEX
8
RASTER
10
41.696
20
19.616
30
0
0
SEQEND
8
RASTER
0
POLYLINE
8
RASTER
66
1
70
1
0
VERTEX
8
RASTER
10
40.544
20
19.616
30
0
0
VERTEX
8
RASTER
10
41.696
20
19.616
30
0
0
VERTEX
8
RASTER
10
41.696
20
19.04
30
0
0
VERTEX
8
RASTER
10
40.544
20
19.04
30
0
0
SEQEND
8
RASTER
0
POLYLINE
8
RASTER
66
1
70
1
0
VERTEX
8
RASTER
10
40.544
20
19.04
30
0
0
VERTEX
8
RASTER
10
41.12
20
19.04
30
0
0
VERTEX
8
RASTER
10
41.12
20
18.464
30
0
0
VERTEX
8
RASTER
10
40.544
20
18.464
30
0
0
SEQEND
8
RASTER
0
POLYLINE
8
RASTER
66
1
70
1
0
VERTEX
8
RASTER
10
41.696
20
19.04
30
0
0
VERTEX
8
RASTER
10
42.272
20
19.04
30
0
0
VERTEX
8
RASTER
10
42.272
20
18.464
30
0
0
VERTEX
8
RASTER
10
41.696
20
18.464
30
0
0
SEQEND
8
RASTER
0
POLYLINE
8
RASTER
66
1
70
1
0
VERTEX
8
RASTER
10
40.544
20
18.464
30
0
0
VERTEX
8
RASTER
10
41.12
20
18.464
30
0
0
VERTEX
8
RASTER
10
41.12
20
17.888
30
0
0
VERTEX
8
RASTER
10
40.544
20
17.888
30
0
0
SEQEND
8
RASTER
0
POLYLINE
8
RASTER
66
1
70
1
0
VERTEX
8
RASTER
10
42.272
20
18.464
30
0
0
VERTEX
8
RASTER
10
42.848
20
18.464
30
0
0
VERTEX
8
RASTER
10
42.848
20
17.888
30
0
0
VERTEX
8
RASTER
10
42.272
20
17.888
30
0
0
SEQEND
8
RASTER
0
POLYLINE
8
RASTER
66
1
70
1
0
VERTEX
8
RASTER
10
40.544
20
17.888
30
0
0
VERTEX
8
RASTER
10
41.12
20
17.888
30
0
0
VERTEX
8
RASTER
10
41.12
20
17.312
30
0
0
VERTEX
8
RASTER
10
40.544
20
17.312
30
0
0
SEQEND
8
RASTER
0
POLYLINE
8
RASTER
66
1
70
1
0
VERTEX
8
RASTER
10
42.848
20
17.888
30
0
0
VERTEX
8
RASTER
10
43.424
20
17.888
30
0
0
VERTEX
8
RASTER
10
43.424
20
17.312
30
0
0
VERTEX
8
RASTER
10
42.848
20
17.312
30
0
0
SEQEND
8
RASTER
0
POLYLINE
8
CUT
66
1
70
1
0
VERTEX
8
CUT
10
50.4
20
33.648
30
0
0
VERTEX
8
CUT
10
50.431
20
34.117
30
0
0
VERTEX
8
CUT
10
50.525
20
34.523
30
0
0
VERTEX
8
CUT
10
50.681
20
34.867
30
0
0
VERTEX
8
CUT
10
50.9
20
35.148
30
0
0
VERTEX
8
CUT
10
51.181
20
35.367
30
0
0
VERTEX
8
CUT
10
51.525
20
35.523
30
0
0
VERTEX
8
CUT
10
51.931
20
35.617
30
0
0
VERTEX
8
CUT
10
52.4
20
35.648
30
0
0
VERTEX
8
CUT
10
67.6
20
35.648
30
0
0
VERTEX
8
CUT
10
68.069
20
35.617
30
0
0
VERTEX
8
CUT
10
68.475
20
35.523
30
0
0
VERTEX
8
CUT
10
68.819
20
35.367
30
0
0
VERTEX
8
CUT
10
69.1
20
35.148
30
0
0
VERTEX
8
CUT
10
69.319
20
34.867
30
0
0
VERTEX
8
CUT
10
69.475
20
34.523
30
0
0
VERTEX
8
CUT
10
69.569
20
34.117
30
0
0
VERTEX
8
CUT
10
69.6
20
33.648
30
0
0
VERTEX
8
CUT
10
69.6
20
18.448
30
0
0
VERTEX
8
CUT
10
69.569
20
17.979
30
0
0
VERTEX
8
CUT
10
69.475
20
17.573
30
0
0
VERTEX
8
CUT
10
69.319
20
17.229
30
0
0
VERTEX
8
CUT
10
69.1
20
16.948
30
0
0
VERTEX
8
CUT
10
68.819
20
16.729
30
0
0
VERTEX
8
CUT
10
68.475
20
16.573
30
0
0
VERTEX
8
CUT
10
68.069
20
16.479
30
0
0
VERTEX
8
CUT
10
67.6
20
16.448
30
0
0
VERTEX
8
CUT
10
52.4
20
16.448
30
0
0
VERTEX
8
CUT
10
51.931
20
16.479
30
0
0
VERTEX
8
CUT
10
51.525
20
16.573
30
0
0
VERTEX
8
CUT
10
51.181
20
16.729
30
0
0
VERTEX
8
CUT
10
50.9
20
16.948
30
0
0
VERTEX
8
CUT
10
50.681
20
17.229
30
0
0
VERTEX
8
CUT
10
50.525
20
17.573
30
0
0
VERTEX
8
CUT
10
50.431
20
17.979
30
0
0
VERTEX
8
CUT
10
50.4
20
18.448
30
0
0
SEQEND
8
CUT
0
CIRCLE
8
RASTER
10
60
20
30.487
30
0
40
0.726
0
CIRCLE
8
RASTER
10
60
20
30.487
30
0
40
0.403
0
POLYLINE
8
RASTER
66
1
70
1
0
VERTEX
8
RASTER
10
59.677
20
29.519
30
0
0
VERTEX
8
RASTER
10
60.323
20
29.519
30
0
0
VERTEX
8
RASTER
10
60.323
20
28.713
30
0
0
VERTEX
8
RASTER
10
61.774
20
28.713
30
0
0
VERTEX
8
RASTER
10
61.774
20
28.229
30
0
0
VERTEX
8
RASTER
10
60.323
20
28.229
30
0
0
VERTEX
8
RASTER
10
60.323
20
25.971
30
0
0
VERTEX
8
RASTER
10
60.511
20
25.933
30
0
0
VERTEX
8
RASTER
10
60.708
20
25.938
30
0
0
VERTEX
8
RASTER
10
60.909
20
25.985
30
0
0
VERTEX
8
RASTER
10
61.109
20
26.072
30
0
0
VERTEX
8
RASTER
10
61.301
20
26.196
30
0
0
VERTEX
8
RASTER
10
61.479
20
26.357
30
0
0
VERTEX
8
RASTER
10
61.639
20
26.551
30
0
0
VERTEX
8
RASTER
10
61.774
20
26.778
30
0
0
VERTEX
8
RASTER
10
62.58
20
26.132
30
0
0
VERTEX
8
RASTER
10
62.423
20
25.665
30
0
0
VERTEX
8
RASTER
10
62.2
20
25.235
30
0
0
VERTEX
8
RASTER
10
61.92
20
24.851
30
0
0
VERTEX
8
RASTER
10
61.593
20
24.52
30
0
0
VERTEX
8
RASTER
10
61.228
20
24.249
30
0
0
VERTEX
8
RASTER
10
60.834
20
24.046
30
0
0
VERTEX
8
RASTER
10
60.422
20
23.919
30
0
0
VERTEX
8
RASTER
10
60
20
23.875
30
0
0
VERTEX
8
RASTER
10
59.578
20
23.919
30
0
0
VERTEX
8
RASTER
10
59.166
20
24.046
30
0
0
VERTEX
8
RASTER
10
58.772
20
24.249
30
0
0
VERTEX
8
RASTER
10
58.407
20
24.52
30
0
0
VERTEX
8
RASTER
10
58.08
20
24.851
30
0
0
VERTEX
8
RASTER
10
57.8
20
25.235
30
0
0
VERTEX
8
RASTER
10
57.577
20
25.665
30
0
0
VERTEX
8
RASTER
10
57.42
20
26.132
30
0
0
VERTEX
8
RASTER
10
58.226
20
26.778
30
0
0
VERTEX
8
RASTER
10
58.361
20
26.551
30
0
0
VERTEX
8
RASTER
10
58.521
20
26.357
30
0
0
VERTEX
8
RASTER
10
58.699
20
26.196
30
0
0
VERTEX
8
RASTER
10
58.891
20
26.072
30
0
0
VERTEX
8
RASTER
10
59.091
20
25.985
30
0
0
VERTEX
8
RASTER
10
59.292
20
25.938
30
0
0
VERTEX
8
RASTER
10
59.489
20
25.933
30
0
0
VERTEX
8
RASTER
10
59.677
20
25.971
30
0
0
VERTEX
8
RASTER
10
59.677
20
28.229
30
0
0
VERTEX
8
RASTER
10
58.226
20
28.229
30
0
0
VERTEX
8
RASTER
10
58.226
20
28.713
30
0
0
VERTEX
8
RASTER
10
59.677
20
28.713
30
0
0
SEQEND
8
RASTER
0
POLYLINE
8
RASTER
66
1
70
1
0
VERTEX
8
RASTER
10
53.376
20
21.344
30
0
0
VERTEX
8
RASTER
10
55.68
20
21.344
30
0
0
VERTEX
8
RASTER
10
55.68
20
20.768
30
0
0
VERTEX
8
RASTER
10
53.376
20
20.768
30
0
0
SEQEND
8
RASTER
0
POLYLINE
8
RASTER
66
1
70
1
0
VERTEX
8
RASTER
10
53.376
20
20.768
30
0
0
VERTEX
8
RASTER
10
53.952
20
20.768
30
0
0
VERTEX
8
RASTER
10
53.952
20
20.192
30
0
0
VERTEX
8
RASTER
10
53.376
20
20.192
30
0
0
SEQEND
8
RASTER
0
POLYLINE
8
RASTER
66
1
70
1
0
VERTEX
8
RASTER
10
55.68
20
20.768
30
0
0
VERTEX
8
RASTER
10
56.256
20
20.768
30
0
0
VERTEX
8
RASTER
10
56.256
20
20.192
30
0
0
VERTEX
8
RASTER
10
55.68
20
20.192
30
0
0
SEQEND
8
RASTER
0
POLYLINE
8
RASTER
66
1
70
1
0
VERTEX
8
RASTER
10
53.376
20
20.192
30
0
0
VERTEX
8
RASTER
10
53.952
20
20.192
30
0
0
VERTEX
8
RASTER
10
53.952
20
19.616
30
0
0
VERTEX
8
RASTER
10
53.376
20
19.616
30
0
0
SEQEND
8
RASTER
0
POLYLINE
8
RASTER
66
1
70
1
0
VERTEX
8
RASTER
10
55.68
20
20.192
30
0
0
VERTEX
8
RASTER
10
56.256
20
20.192
30
0
0
VERTEX
8
RASTER
10
56.256
20
19.616
30
0
0
VERTEX
8
RASTER
10
55.68
20
19.616
30
0
0
SEQEND
8
RASTER
0
POLYLINE
8
RASTER
66
1
70
1
0
VERTEX
8
RASTER
10
53.376
20
19.616
30
0
0
VERTEX
8
RASTER
10
53.952
20
19.616
30
0
0
VERTEX
8
RASTER
10
53.952
20
19.04
30
0
0
VERTEX
8
RASTER
10
53.376
20
19.04
30
0
0
SEQEND
8
RASTER
0
POLYLINE
8
RASTER
66
1
70
1
0
VERTEX
8
RASTER
10
55.68
20
19.616
30
0
0
VERTEX
8
RASTER
10
56.256
20
19.616
30
0
0
VERTEX
8
RASTER
10
56.256
20
19.04
30
0
0
VERTEX
8
RASTER
10
55.68
20
19.04
30
0
0
SEQEND
8
RASTER
0
POLYLINE
8
RASTER
66
1
70
1
0
VERTEX
8
RASTER
10
53.376
20
19.04
30
0
0
VERTEX
8
RASTER
10
53.952
20
19.04
30
0
0
VERTEX
8
RASTER
10
53.952
20
18.464
30
0
0
VERTEX
8
RASTER
10
53.376
20
18.464
30
0
0
SEQEND
8
RASTER
0
POLYLINE
8
RASTER
66
1
70
1
0
VERTEX
8
RASTER
10
55.68
20
19.04
30
0
0
VERTEX
8
RASTER
10
56.256
20
19.04
30
0
0
VERTEX
8
RASTER
10
56.256
20
18.464
30
0
0
VERTEX
8
RASTER
10
55.68
20
18.464
30
0
0
SEQEND
8
RASTER
0
POLYLINE
8
RASTER
66
1
70
1
0
VERTEX
8
RASTER
10
53.376
20
18.464
30
0
0
VERTEX
8
RASTER
10
53.952
20
18.464
30
0
0
VERTEX
8
RASTER
10
53.952
20
17.888
30
0
0
VERTEX
8
RASTER
10
53.376
20
17.888
30
0
0
SEQEND
8
RASTER
0
POLYLINE
8
RASTER
66
1
70
1
0
VERTEX
8
RASTER
10
55.68
20
18.464
30
0
0
VERTEX
8
RASTER
10
56.256
20
18.464
30
0
0
VERTEX
8
RASTER
10
56.256
20
17.888
30
0
0
VERTEX
8
RASTER
10
55.68
20
17.888
30
0
0
SEQEND
8
RASTER
0
POLYLINE
8
RASTER
66
1
70
1
0
VERTEX
8
RASTER
10
53.376
20
17.888
30
0
0
VERTEX
8
RASTER
10
55.68
20
17.888
30
0
0
VERTEX
8
RASTER
10
55.68
20
17.312
30
0
0
VERTEX
8
RASTER
10
53.376
20
17.312
30
0
0
SEQEND
8
RASTER
0
POLYLINE
8
RASTER
66
1
70
1
0
VERTEX
8
RASTER
10
57.408
20
21.344
30
0
0
VERTEX
8
RASTER
10
59.136
20
21.344
30
0
0
VERTEX
8
RASTER
10
59.136
20
20.768
30
0
0
VERTEX
8
RASTER
10
57.408
20
20.768
30
0
0
SEQEND
8
RASTER
0
POLYLINE
8
RASTER
66
1
70
1
0
VERTEX
8
RASTER
10
56.832
20
20.768
30
0
0
VERTEX
8
RASTER
10
57.408
20
20.768
30
0
0
VERTEX
8
RASTER
10
57.408
20
20.192
30
0
0
VERTEX
8
RASTER
10
56.832
20
20.192
30
0
0
SEQEND
8
RASTER
0
POLYLINE
8
RASTER
66
1
70
1
0
VERTEX
8
RASTER
10
59.136
20
20.768
30
0
0
VERTEX
8
RASTER
10
59.712
20
20.768
30
0
0
VERTEX
8
RASTER
10
59.712
20
20.192
30
0
0
VERTEX
8
RASTER
10
59.136
20
20.192
30
0
0
SEQEND
8
RASTER
0
POLYLINE
8
RASTER
66
1
70
1
0
VERTEX
8
RASTER
10
56.832
20
20.192
30
0
0
VERTEX
8
RASTER
10
57.408
20
20.192
30
0
0
VERTEX
8
RASTER
10
57.408
20
19.616
30
0
0
VERTEX
8
RASTER
10
56.832
20
19.616
30
0
0
SEQEND
8
RASTER
0
POLYLINE
8
RASTER
66
1
70
1
0
VERTEX
8
RASTER
10
59.136
20
20.192
30
0
0
VERTEX
8
RASTER
10
59.712
20
20.192
30
0
0
VERTEX
8
RASTER
10
59.712
20
19.616
30
0
0
VERTEX
8
RASTER
10
59.136
20
19.616
30
0
0
SEQEND
8
RASTER
0
POLYLINE
8
RASTER
66
1
70
1
0
VERTEX
8
RASTER
10
56.832
20
19.616
30
0
0
VERTEX
8
RASTER
10
57.408
20
19.616
30
0
0
VERTEX
8
RASTER
10
57.408
20
19.04
30
0
0
VERTEX
8
RASTER
10
56.832
20
19.04
30
0
0
SEQEND
8
RASTER
0
POLYLINE
8
RASTER
66
1
70
1
0
VERTEX
8
RASTER
10
59.136
20
19.616
30
0
0
VERTEX
8
RASTER
10
59.712
20
19.616
30
0
0
VERTEX
8
RASTER
10
59.712
20
19.04
30
0
0
VERTEX
8
RASTER
10
59.136
20
19.04
30
0
0
SEQEND
8
RASTER
0
POLYLINE
8
RASTER
66
1
70
1
0
VERTEX
8
RASTER
10
56.832
20
19.04
30
0
0
VERTEX
8
RASTER
10
57.408
20
19.04
30
0
0
VERTEX
8
RASTER
10
57.408
20
18.464
30
0
0
VERTEX
8
RASTER
10
56.832
20
18.464
30
0
0
SEQEND
8
RASTER
0
POLYLINE
8
RASTER
66
1
70
1
0
VERTEX
8
RASTER
10
59.136
20
19.04
30
0
0
VERTEX
8
RASTER
10
59.712
20
19.04
30
0
0
VERTEX
8
RASTER
10
59.712
20
18.464
30
0
0
VERTEX
8
RASTER
10
59.136
20
18.464
30
0
0
SEQEND
8
RASTER
0
POLYLINE
8
RASTER
66
1
70
1
0
VERTEX
8
RASTER
10
56.832
20
18.464
30
0
0
VERTEX
8
RASTER
10
57.408
20
18.464
30
0
0
VERTEX
8
RASTER
10
57.408
20
17.888
30
0
0
VERTEX
8
RASTER
10
56.832
20
17.888
30
0
0
SEQEND
8
RASTER
0
POLYLINE
8
RASTER
66
1
70
1
0
VERTEX
8
RASTER
10
59.136
20
18.464
30
0
0
VERTEX
8
RASTER
10
59.712
20
18.464
30
0
0
VERTEX
8
RASTER
10
59.712
20
17.888
30
0
0
VERTEX
8
RASTER
10
59.136
20
17.888
30
0
0
SEQEND
8
RASTER
0
POLYLINE
8
RASTER
66
1
70
1
0
VERTEX
8
RASTER
10
57.408
20
17.888
30
0
0
VERTEX
8
RASTER
10
59.136
20
17.888
30
0
0
VERTEX
8
RASTER
10
59.136
20
17.312
30
0
0
VERTEX
8
RASTER
10
57.408
20
17.312
30
0
0
SEQEND
8
RASTER
0
POLYLINE
8
RASTER
66
1
70
1
0
VERTEX
8
RASTER
10
60.864
20
21.344
30
0
0
VERTEX
8
RASTER
10
63.168
20
21.344
30
0
0
VERTEX
8
RASTER
10
63.168
20
20.768
30
0
0
VERTEX
8
RASTER
10
60.864
20
20.768
30
0
0
SEQEND
8
RASTER
0
POLYLINE
8
RASTER
66
1
70
1
0
VERTEX
8
RASTER
10
60.288
20
20.768
30
0
0
VERTEX
8
RASTER
10
60.864
20
20.768
30
0
0
VERTEX
8
RASTER
10
60.864
20
20.192
30
0
0
VERTEX
8
RASTER
10
60.288
20
20.192
30
0
0
SEQEND
8
RASTER
0
POLYLINE
8
RASTER
66
1
70
1
0
VERTEX
8
RASTER
10
60.288
20
20.192
30
0
0
VERTEX
8
RASTER
10
60.864
20
20.192
30
0
0
VERTEX
8
RASTER
10
60.864
20
19.616
30
0
0
VERTEX
8
RASTER
10
60.288
20
19.616
30
0
0
SEQEND
8
RASTER
0
POLYLINE
8
RASTER
66
1
70
1
0
VERTEX
8
RASTER
10
60.288
20
19.616
30
0
0
VERTEX
8
RASTER
10
60.864
20
19.616
30
0
0
VERTEX
8
RASTER
10
60.864
20
19.04
30
0
0
VERTEX
8
RASTER
10
60.288
20
19.04
30
0
0
SEQEND
8
RASTER
0
POLYLINE
8
RASTER
66
1
70
1
0
VERTEX
8
RASTER
10
60.288
20
19.04
30
0
0
VERTEX
8
RASTER
10
60.864
20
19.04
30
0
0
VERTEX
8
RASTER
10
60.864
20
18.464
30
0
0
VERTEX
8
RASTER
10
60.288
20
18.464
30
0
0
SEQEND
8
RASTER
0
POLYLINE
8
RASTER
66
1
70
1
0
VERTEX
8
RASTER
10
60.288
20
18.464
30
0
0
VERTEX
8
RASTER
10
60.864
20
18.464
30
0
0
VERTEX
8
RASTER
10
60.864
20
17.888
30
0
0
VERTEX
8
RASTER
10
60.288
20
17.888
30
0
0
SEQEND
8
RASTER
0
POLYLINE
8
RASTER
66
1
70
1
0
VERTEX
8
RASTER
10
60.864
20
17.888
30
0
0
VERTEX
8
RASTER
10
63.168
20
17.888
30
0
0
VERTEX
8
RASTER
10
63.168
20
17.312
30
0
0
VERTEX
8
RASTER
10
60.864
20
17.312
30
0
0
SEQEND
8
RASTER
0
POLYLINE
8
RASTER
66
1
70
1
0
VERTEX
8
RASTER
10
63.744
20
21.344
30
0
0
VERTEX
8
RASTER
10
64.32
20
21.344
30
0
0
VERTEX
8
RASTER
10
64.32
20
20.768
30
0
0
VERTEX
8
RASTER
10
63.744
20
20.768
30
0
0
SEQEND
8
RASTER
0
POLYLINE
8
RASTER
66
1
70
1
0
VERTEX
8
RASTER
10
66.048
20
21.344
30
0
0
VERTEX
8
RASTER
10
66.624
20
21.344
30
0
0
VERTEX
8
RASTER
10
66.624
20
20.768
30
0
0
VERTEX
8
RASTER
10
66.048
20
20.768
30
0
0
SEQEND
8
RASTER
0
POLYLINE
8
RASTER
66
1
70
1
0
VERTEX
8
RASTER
10
63.744
20
20.768
30
0
0
VERTEX
8
RASTER
10
64.32
20
20.768
30
0
0
VERTEX
8
RASTER
10
64.32
20
20.192
30
0
0
VERTEX
8
RASTER
10
63.744
20
20.192
30
0
0
SEQEND
8
RASTER
0
POLYLINE
8
RASTER
66
1
70
1
0
VERTEX
8
RASTER
10
65.472
20
20.768
30
0
0
VERTEX
8
RASTER
10
66.048
20
20.768
30
0
0
VERTEX
8
RASTER
10
66.048
20
20.192
30
0
0
VERTEX
8
RASTER
10
65.472
20
20.192
30
0
0
SEQEND
8
RASTER
0
POLYLINE
8
RASTER
66
1
70
1
0
VERTEX
8
RASTER
10
63.744
20
20.192
30
0
0
VERTEX
8
RASTER
10
64.32
20
20.192
30
0
0
VERTEX
8
RASTER
10
64.32
20
19.616
30
0
0
VERTEX
8
RASTER
10
63.744
20
19.616
30
0
0
SEQEND
8
RASTER
0
POLYLINE
8
RASTER
66
1
70
1
0
VERTEX
8
RASTER
10
64.896
20
20.192
30
0
0
VERTEX
8
RASTER
10
65.472
20
20.192
30
0
0
VERTEX
8
RASTER
10
65.472
20
19.616
30
0
0
VERTEX
8
RASTER
10
64.896
20
19.616
30
0
0
SEQEND
8
RASTER
0
POLYLINE
8
RASTER
66
1
70
1
0
VERTEX
8
RASTER
10
63.744
20
19.616
30
0
0
VERTEX
8
RASTER
10
64.896
20
19.616
30
0
0
VERTEX
8
RASTER
10
64.896
20
19.04
30
0
0
VERTEX
8
RASTER
10
63.744
20
19.04
30
0
0
SEQEND
8
RASTER
0
POLYLINE
8
RASTER
66
1
70
1
0
VERTEX
8
RASTER
10
63.744
20
19.04
30
0
0
VERTEX
8
RASTER
10
64.32
20
19.04
30
0
0
VERTEX
8
RASTER
10
64.32
20
18.464
30
0
0
VERTEX
8
RASTER
10
63.744
20
18.464
30
0
0
SEQEND
8
RASTER
0
POLYLINE
8
RASTER
66
1
70
1
0
VERTEX
8
RASTER
10
64.896
20
19.04
30
0
0
VERTEX
8
RASTER
10
65.472
20
19.04
30
0
0
VERTEX
8
RASTER
10
65.472
20
18.464
30
0
0
VERTEX
8
RASTER
10
64.896
20
18.464
30
0
0
SEQEND
8
RASTER
0
POLYLINE
8
RASTER
66
1
70
1
0
VERTEX
8
RASTER
10
63.744
20
18.464
30
0
0
VERTEX
8
RASTER
10
64.32
20
18.464
30
0
0
VERTEX
8
RASTER
10
64.32
20
17.888
30
0
0
VERTEX
8
RASTER
10
63.744
20
17.888
30
0
0
SEQEND
8
RASTER
0
POLYLINE
8
RASTER
66
1
70
1
0
VERTEX
8
RASTER
10
65.472
20
18.464
30
0
0
VERTEX
8
RASTER
10
66.048
20
18.464
30
0
0
VERTEX
8
RASTER
10
66.048
20
17.888
30
0
0
VERTEX
8
RASTER
10
65.472
20
17.888
30
0
0
SEQEND
8
RASTER
0
POLYLINE
8
RASTER
66
1
70
1
0
VERTEX
8
RASTER
10
63.744
20
17.888
30
0
0
VERTEX
8
RASTER
10
64.32
20
17.888
30
0
0
VERTEX
8
RASTER
10
64.32
20
17.312
30
0
0
VERTEX
8
RASTER
10
63.744
20
17.312
30
0
0
SEQEND
8
RASTER
0
POLYLINE
8
RASTER
66
1
70
1
0
VERTEX
8
RASTER
10
66.048
20
17.888
30
0
0
VERTEX
8
RASTER
10
66.624
20
17.888
30
0
0
VERTEX
8
RASTER
10
66.624
20
17.312
30
0
0
VERTEX
8
RASTER
10
66.048
20
17.312
30
0
0
SEQEND
8
RASTER
0
POLYLINE
8
CUT
66
1
70
1
0
VERTEX
8
CUT
10
73.6
20
33.648
30
0
0
VERTEX
8
CUT
10
73.631
20
34.117
30
0
0
VERTEX
8
CUT
10
73.725
20
34.523
30
0
0
VERTEX
8
CUT
10
73.881
20
34.867
30
0
0
VERTEX
8
CUT
10
74.1
20
35.148
30
0
0
VERTEX
8
CUT
10
74.381
20
35.367
30
0
0
VERTEX
8
CUT
10
74.725
20
35.523
30
0
0
VERTEX
8
CUT
10
75.131
20
35.617
30
0
0
VERTEX
8
CUT
10
75.6
20
35.648
30
0
0
VERTEX
8
CUT
10
90.8
20
35.648
30
0
0
VERTEX
8
CUT
10
91.269
20
35.617
30
0
0
VERTEX
8
CUT
10
91.675
20
35.523
30
0
0
VERTEX
8
CUT
10
92.019
20
35.367
30
0
0
VERTEX
8
CUT
10
92.3
20
35.148
30
0
0
VERTEX
8
CUT
10
92.519
20
34.867
30
0
0
VERTEX
8
CUT
10
92.675
20
34.523
30
0
0
VERTEX
8
CUT
10
92.769
20
34.117
30
0
0
VERTEX
8
CUT
10
92.8
20
33.648
30
0
0
VERTEX
8
CUT
10
92.8
20
18.448
30
0
0
VERTEX
8
CUT
10
92.769
20
17.979
30
0
0
VERTEX
8
CUT
10
92.675
20
17.573
30
0
0
VERTEX
8
CUT
10
92.519
20
17.229
30
0
0
VERTEX
8
CUT
10
92.3
20
16.948
30
0
0
VERTEX
8
CUT
10
92.019
20
16.729
30
0
0
VERTEX
8
CUT
10
91.675
20
16.573
30
0
0
VERTEX
8
CUT
10
91.269
20
16.479
30
0
0
VERTEX
8
CUT
10
90.8
20
16.448
30
0
0
VERTEX
8
CUT
10
75.6
20
16.448
30
0
0
VERTEX
8
CUT
10
75.131
20
16.479
30
0
0
VERTEX
8
CUT
10
74.725
20
16.573
30
0
0
VERTEX
8
CUT
10
74.381
20
16.729
30
0
0
VERTEX
8
CUT
10
74.1
20
16.948
30
0
0
VERTEX
8
CUT
10
73.881
20
17.229
30
0
0
VERTEX
8
CUT
10
73.725
20
17.573
30
0
0
VERTEX
8
CUT
10
73.631
20
17.979
30
0
0
VERTEX
8
CUT
10
73.6
20
18.448
30
0
0
SEQEND
8
CUT
0
CIRCLE
8
RASTER
10
83.2
20
30.487
30
0
40
0.726
0
CIRCLE
8
RASTER
10
83.2
20
30.487
30
0
40
0.403
0
POLYLINE
8
RASTER
66
1
70
1
0
VERTEX
8
RASTER
10
82.877
20
29.519
30
0
0
VERTEX
8
RASTER
10
83.523
20
29.519
30
0
0
VERTEX
8
RASTER
10
83.523
20
28.713
30
0
0
VERTEX
8
RASTER
10
84.974
20
28.713
30
0
0
VERTEX
8
RASTER
10
84.974
20
28.229
30
0
0
VERTEX
8
RASTER
10
83.523
20
28.229
30
0
0
VERTEX
8
RASTER
10
83.523
20
25.971
30
0
0
VERTEX
8
RASTER
10
83.711
20
25.933
30
0
0
VERTEX
8
RASTER
10
83.908
20
25.938
30
0
0
VERTEX
8
RASTER
10
84.109
20
25.985
30
0
0
VERTEX
8
RASTER
10
84.309
20
26.072
30
0
0
VERTEX
8
RASTER
10
84.501
20
26.196
30
0
0
VERTEX
8
RASTER
10
84.679
20
26.357
30
0
0
VERTEX
8
RASTER
10
84.839
20
26.551
30
0
0
VERTEX
8
RASTER
10
84.974
20
26.778
30
0
0
VERTEX
8
RASTER
10
85.78
20
26.132
30
0
0
VERTEX
8
RASTER
10
85.623
20
25.665
30
0
0
VERTEX
8
RASTER
10
85.4
20
25.235
30
0
0
VERTEX
8
RASTER
10
85.12
20
24.851
30
0
0
VERTEX
8
RASTER
10
84.793
20
24.52
30
0
0
VERTEX
8
RASTER
10
84.428
20
24.249
30
0
0
VERTEX
8
RASTER
10
84.034
20
24.046
30
0
0
VERTEX
8
RASTER
10
83.622
20
23.919
30
0
0
VERTEX
8
RASTER
10
83.2
20
23.875
30
0
0
VERTEX
8
RASTER
10
82.778
20
23.919
30
0
0
VERTEX
8
RASTER
10
82.366
20
24.046
30
0
0
VERTEX
8
RASTER
10
81.972
20
24.249
30
0
0
VERTEX
8
RASTER
10
81.607
20
24.52
30
0
0
VERTEX
8
RASTER
10
81.28
20
24.851
30
0
0
VERTEX
8
RASTER
10
81
20
25.235
30
0
0
VERTEX
8
RASTER
10
80.777
20
25.665
30
0
0
VERTEX
8
RASTER
10
80.62
20
26.132
30
0
0
VERTEX
8
RASTER
10
81.426
20
26.778
30
0
0
VERTEX
8
RASTER
10
81.561
20
26.551
30
0
0
VERTEX
8
RASTER
10
81.721
20
26.357
30
0
0
VERTEX
8
RASTER
10
81.899
20
26.196
30
0
0
VERTEX
8
RASTER
10
82.091
20
26.072
30
0
0
VERTEX
8
RASTER
10
82.291
20
25.985
30
0
0
VERTEX
8
RASTER
10
82.492
20
25.938
30
0
0
VERTEX
8
RASTER
10
82.689
20
25.933
30
0
0
VERTEX
8
RASTER
10
82.877
20
25.971
30
0
0
VERTEX
8
RASTER
10
82.877
20
28.229
30
0
0
VERTEX
8
RASTER
10
81.426
20
28.229
30
0
0
VERTEX
8
RASTER
10
81.426
20
28.713
30
0
0
VERTEX
8
RASTER
10
82.877
20
28.713
30
0
0
SEQEND
8
RASTER
0
POLYLINE
8
RASTER
66
1
70
1
0
VERTEX
8
RASTER
10
76.576
20
21.344
30
0
0
VERTEX
8
RASTER
10
78.88
20
21.344
30
0
0
VERTEX
8
RASTER
10
78.88
20
20.768
30
0
0
VERTEX
8
RASTER
10
76.576
20
20.768
30
0
0
SEQEND
8
RASTER
0
POLYLINE
8
RASTER
66
1
70
1
0
VERTEX
8
RASTER
10
76.576
20
20.768
30
0
0
VERTEX
8
RASTER
10
77.152
20
20.768
30
0
0
VERTEX
8
RASTER
10
77.152
20
20.192
30
0
0
VERTEX
8
RASTER
10
76.576
20
20.192
30
0
0
SEQEND
8
RASTER
0
POLYLINE
8
RASTER
66
1
70
1
0
VERTEX
8
RASTER
10
78.88
20
20.768
30
0
0
VERTEX
8
RASTER
10
79.456
20
20.768
30
0
0
VERTEX
8
RASTER
10
79.456
20
20.192
30
0
0
VERTEX
8
RASTER
10
78.88
20
20.192
30
0
0
SEQEND
8
RASTER
0
POLYLINE
8
RASTER
66
1
70
1
0
VERTEX
8
RASTER
10
76.576
20
20.192
30
0
0
VERTEX
8
RASTER
10
77.152
20
20.192
30
0
0
VERTEX
8
RASTER
10
77.152
20
19.616
30
0
0
VERTEX
8
RASTER
10
76.576
20
19.616
30
0
0
SEQEND
8
RASTER
0
POLYLINE
8
RASTER
66
1
70
1
0
VERTEX
8
RASTER
10
78.88
20
20.192
30
0
0
VERTEX
8
RASTER
10
79.456
20
20.192
30
0
0
VERTEX
8
RASTER
10
79.456
20
19.616
30
0
0
VERTEX
8
RASTER
10
78.88
20
19.616
30
0
0
SEQEND
8
RASTER
0
POLYLINE
8
RASTER
66
1
70
1
0
VERTEX
8
RASTER
10
76.576
20
19.616
30
0
0
VERTEX
8
RASTER
10
77.152
20
19.616
30
0
0
VERTEX
8
RASTER
10
77.152
20
19.04
30
0
0
VERTEX
8
RASTER
10
76.576
20
19.04
30
0
0
SEQEND
8
RASTER
0
POLYLINE
8
RASTER
66
1
70
1
0
VERTEX
8
RASTER
10
78.88
20
19.616
30
0
0
VERTEX
8
RASTER
10
79.456
20
19.616
30
0
0
VERTEX
8
RASTER
10
79.456
20
19.04
30
0
0
VERTEX
8
RASTER
10
78.88
20
19.04
30
0
0
SEQEND
8
RASTER
0
POLYLINE
8
RASTER
66
1
70
1
0
VERTEX
8
RASTER
10
76.576
20
19.04
30
0
0
VERTEX
8
RASTER
10
77.152
20
19.04
30
0
0
VERTEX
8
RASTER
10
77.152
20
18.464
30
0
0
VERTEX
8
RASTER
10
76.576
20
18.464
30
0
0
SEQEND
8
RASTER
0
POLYLINE
8
RASTER
66
1
70
1
0
VERTEX
8
RASTER
10
78.88
20
19.04
30
0
0
VERTEX
8
RASTER
10
79.456
20
19.04
30
0
0
VERTEX
8
RASTER
10
79.456
20
18.464
30
0
0
VERTEX
8
RASTER
10
78.88
20
18.464
30
0
0
SEQEND
8
RASTER
0
POLYLINE
8
RASTER
66
1
70
1
0
VERTEX
8
RASTER
10
76.576
20
18.464
30
0
0
VERTEX
8
RASTER
10
77.152
20
18.464
30
0
0
VERTEX
8
RASTER
10
77.152
20
17.888
30
0
0
VERTEX
8
RASTER
10
76.576
20
17.888
30
0
0
SEQEND
8
RASTER
0
POLYLINE
8
RASTER
66
1
70
1
0
VERTEX
8
RASTER
10
78.88
20
18.464
30
0
0
VERTEX
8
RASTER
10
79.456
20
18.464
30
0
0
VERTEX
8
RASTER
10
79.456
20
17.888
30
0
0
VERTEX
8
RASTER
10
78.88
20
17.888
30
0
0
SEQEND
8
RASTER
0
POLYLINE
8
RASTER
66
1
70
1
0
VERTEX
8
RASTER
10
76.576
20
17.888
30
0
0
VERTEX
8
RASTER
10
78.88
20
17.888
30
0
0
VERTEX
8
RASTER
10
78.88
20
17.312
30
0
0
VERTEX
8
RASTER
10
76.576
20
17.312
30
0
0
SEQEND
8
RASTER
0
POLYLINE
8
RASTER
66
1
70
1
0
VERTEX
8
RASTER
10
80.608
20
21.344
30
0
0
VERTEX
8
RASTER
10
82.336
20
21.344
30
0
0
VERTEX
8
RASTER
10
82.336
20
20.768
30
0
0
VERTEX
8
RASTER
10
80.608
20
20.768
30
0
0
SEQEND
8
RASTER
0
POLYLINE
8
RASTER
66
1
70
1
0
VERTEX
8
RASTER
10
80.032
20
20.768
30
0
0
VERTEX
8
RASTER
10
80.608
20
20.768
30
0
0
VERTEX
8
RASTER
10
80.608
20
20.192
30
0
0
VERTEX
8
RASTER
10
80.032
20
20.192
30
0
0
SEQEND
8
RASTER
0
POLYLINE
8
RASTER
66
1
70
1
0
VERTEX
8
RASTER
10
82.336
20
20.768
30
0
0
VERTEX
8
RASTER
10
82.912
20
20.768
30
0
0
VERTEX
8
RASTER
10
82.912
20
20.192
30
0
0
VERTEX
8
RASTER
10
82.336
20
20.192
30
0
0
SEQEND
8
RASTER
0
POLYLINE
8
RASTER
66
1
70
1
0
VERTEX
8
RASTER
10
80.032
20
20.192
30
0
0
VERTEX
8
RASTER
10
80.608
20
20.192
30
0
0
VERTEX
8
RASTER
10
80.608
20
19.616
30
0
0
VERTEX
8
RASTER
10
80.032
20
19.616
30
0
0
SEQEND
8
RASTER
0
POLYLINE
8
RASTER
66
1
70
1
0
VERTEX
8
RASTER
10
82.336
20
20.192
30
0
0
VERTEX
8
RASTER
10
82.912
20
20.192
30
0
0
VERTEX
8
RASTER
10
82.912
20
19.616
30
0
0
VERTEX
8
RASTER
10
82.336
20
19.616
30
0
0
SEQEND
8
RASTER
0
POLYLINE
8
RASTER
66
1
70
1
0
VERTEX
8
RASTER
10
80.032
20
19.616
30
0
0
VERTEX
8
RASTER
10
80.608
20
19.616
30
0
0
VERTEX
8
RASTER
10
80.608
20
19.04
30
0
0
VERTEX
8
RASTER
10
80.032
20
19.04
30
0
0
SEQEND
8
RASTER
0
POLYLINE
8
RASTER
66
1
70
1
0
VERTEX
8
RASTER
10
82.336
20
19.616
30
0
0
VERTEX
8
RASTER
10
82.912
20
19.616
30
0
0
VERTEX
8
RASTER
10
82.912
20
19.04
30
0
0
VERTEX
8
RASTER
10
82.336
20
19.04
30
0
0
SEQEND
8
RASTER
0
POLYLINE
8
RASTER
66
1
70
1
0
VERTEX
8
RASTER
10
80.032
20
19.04
30
0
0
VERTEX
8
RASTER
10
80.608
20
19.04
30
0
0
VERTEX
8
RASTER
10
80.608
20
18.464
30
0
0
VERTEX
8
RASTER
10
80.032
20
18.464
30
0
0
SEQEND
8
RASTER
0
POLYLINE
8
RASTER
66
1
70
1
0
VERTEX
8
RASTER
10
82.336
20
19.04
30
0
0
VERTEX
8
RASTER
10
82.912
20
19.04
30
0
0
VERTEX
8
RASTER
10
82.912
20
18.464
30
0
0
VERTEX
8
RASTER
10
82.336
20
18.464
30
0
0
SEQEND
8
RASTER
0
POLYLINE
8
RASTER
66
1
70
1
0
VERTEX
8
RASTER
10
80.032
20
18.464
30
0
0
VERTEX
8
RASTER
10
80.608
20
18.464
30
0
0
VERTEX
8
RASTER
10
80.608
20
17.888
30
0
0
VERTEX
8
RASTER
10
80.032
20
17.888
30
0
0
SEQEND
8
RASTER
0
POLYLINE
8
RASTER
66
1
70
1
0
VERTEX
8
RASTER
10
82.336
20
18.464
30
0
0
VERTEX
8
RASTER
10
82.912
20
18.464
30
0
0
VERTEX
8
RASTER
10
82.912
20
17.888
30
0
0
VERTEX
8
RASTER
10
82.336
20
17.888
30
0
0
SEQEND
8
RASTER
0
POLYLINE
8
RASTER
66
1
70
1
0
VERTEX
8
RASTER
10
80.608
20
17.888
30
0
0
VERTEX
8
RASTER
10
82.336
20
17.888
30
0
0
VERTEX
8
RASTER
10
82.336
20
17.312
30
0
0
VERTEX
8
RASTER
10
80.608
20
17.312
30
0
0
SEQEND
8
RASTER
0
POLYLINE
8
RASTER
66
1
70
1
0
VERTEX
8
RASTER
10
84.064
20
21.344
30
0
0
VERTEX
8
RASTER
10
86.368
20
21.344
30
0
0
VERTEX
8
RASTER
10
86.368
20
20.768
30
0
0
VERTEX
8
RASTER
10
84.064
20
20.768
30
0
0
SEQEND
8
RASTER
0
POLYLINE
8
RASTER
66
1
70
1
0
VERTEX
8
RASTER
10
83.488
20
20.768
30
0
0
VERTEX
8
RASTER
10
84.064
20
20.768
30
0
0
VERTEX
8
RASTER
10
84.064
20
20.192
30
0
0
VERTEX
8
RASTER
10
83.488
20
20.192
30
0
0
SEQEND
8
RASTER
0
POLYLINE
8
RASTER
66
1
70
1
0
VERTEX
8
RASTER
10
83.488
20
20.192
30
0
0
VERTEX
8
RASTER
10
84.064
20
20.192
30
0
0
VERTEX
8
RASTER
10
84.064
20
19.616
30
0
0
VERTEX
8
RASTER
10
83.488
20
19.616
30
0
0
SEQEND
8
RASTER
0
POLYLINE
8
RASTER
66
1
70
1
0
VERTEX
8
RASTER
10
83.488
20
19.616
30
0
0
VERTEX
8
RASTER
10
84.064
20
19.616
30
0
0
VERTEX
8
RASTER
10
84.064
20
19.04
30
0
0
VERTEX
8
RASTER
10
83.488
20
19.04
30
0
0
SEQEND
8
RASTER
0
POLYLINE
8
RASTER
66
1
70
1
0
VERTEX
8
RASTER
10
83.488
20
19.04
30
0
0
VERTEX
8
RASTER
10
84.064
20
19.04
30
0
0
VERTEX
8
RASTER
10
84.064
20
18.464
30
0
0
VERTEX
8
RASTER
10
83.488
20
18.464
30
0
0
SEQEND
8
RASTER
0
POLYLINE
8
RASTER
66
1
70
1
0
VERTEX
8
RASTER
10
83.488
20
18.464
30
0
0
VERTEX
8
RASTER
10
84.064
20
18.464
30
0
0
VERTEX
8
RASTER
10
84.064
20
17.888
30
0
0
VERTEX
8
RASTER
10
83.488
20
17.888
30
0
0
SEQEND
8
RASTER
0
POLYLINE
8
RASTER
66
1
70
1
0
VERTEX
8
RASTER
10
84.064
20
17.888
30
0
0
VERTEX
8
RASTER
10
86.368
20
17.888
30
0
0
VERTEX
8
RASTER
10
86.368
20
17.312
30
0
0
VERTEX
8
RASTER
10
84.064
20
17.312
30
0
0
SEQEND
8
RASTER
0
POLYLINE
8
RASTER
66
1
70
1
0
VERTEX
8
RASTER
10
86.944
20
21.344
30
0
0
VERTEX
8
RASTER
10
87.52
20
21.344
30
0
0
VERTEX
8
RASTER
10
87.52
20
20.768
30
0
0
VERTEX
8
RASTER
10
86.944
20
20.768
30
0
0
SEQEND
8
RASTER
0
POLYLINE
8
RASTER
66
1
70
1
0
VERTEX
8
RASTER
10
89.248
20
21.344
30
0
0
VERTEX
8
RASTER
10
89.824
20
21.344
30
0
0
VERTEX
8
RASTER
10
89.824
20
20.768
30
0
0
VERTEX
8
RASTER
10
89.248
20
20.768
30
0
0
SEQEND
8
RASTER
0
POLYLINE
8
RASTER
66
1
70
1
0
VERTEX
8
RASTER
10
86.944
20
20.768
30
0
0
VERTEX
8
RASTER
10
87.52
20
20.768
30
0
0
VERTEX
8
RASTER
10
87.52
20
20.192
30
0
0
VERTEX
8
RASTER
10
86.944
20
20.192
30
0
0
SEQEND
8
RASTER
0
POLYLINE
8
RASTER
66
1
70
1
0
VERTEX
8
RASTER
10
88.672
20
20.768
30
0
0
VERTEX
8
RASTER
10
89.248
20
20.768
30
0
0
VERTEX
8
RASTER
10
89.248
20
20.192
30
0
0
VERTEX
8
RASTER
10
88.672
20
20.192
30
0
0
SEQEND
8
RASTER
0
POLYLINE
8
RASTER
66
1
70
1
0
VERTEX
8
RASTER
10
86.944
20
20.192
30
0
0
VERTEX
8
RASTER
10
87.52
20
20.192
30
0
0
VERTEX
8
RASTER
10
87.52
20
19.616
30
0
0
VERTEX
8
RASTER
10
86.944
20
19.616
30
0
0
SEQEND
8
RASTER
0
POLYLINE
8
RASTER
66
1
70
1
0
VERTEX
8
RASTER
10
88.096
20
20.192
30
0
0
VERTEX
8
RASTER
10
88.672
20
20.192
30
0
0
VERTEX
8
RASTER
10
88.672
20
19.616
30
0
0
VERTEX
8
RASTER
10
88.096
20
19.616
30
0
0
SEQEND
8
RASTER
0
POLYLINE
8
RASTER
66
1
70
1
0
VERTEX
8
RASTER
10
86.944
20
19.616
30
0
0
VERTEX
8
RASTER
10
88.096
20
19.616
30
0
0
VERTEX
8
RASTER
10
88.096
20
19.04
30
0
0
VERTEX
8
RASTER
10
86.944
20
19.04
30
0
0
SEQEND
8
RASTER
0
POLYLINE
8
RASTER
66
1
70
1
0
VERTEX
8
RASTER
10
86.944
20
19.04
30
0
0
VERTEX
8
RASTER
10
87.52
20
19.04
30
0
0
VERTEX
8
RASTER
10
87.52
20
18.464
30
0
0
VERTEX
8
RASTER
10
86.944
20
18.464
30
0
0
SEQEND
8
RASTER
0
POLYLINE
8
RASTER
66
1
70
1
0
VERTEX
8
RASTER
10
88.096
20
19.04
30
0
0
VERTEX
8
RASTER
10
88.672
20
19.04
30
0
0
VERTEX
8
RASTER
10
88.672
20
18.464
30
0
0
VERTEX
8
RASTER
10
88.096
20
18.464
30
0
0
SEQEND
8
RASTER
0
POLYLINE
8
RASTER
66
1
70
1
0
VERTEX
8
RASTER
10
86.944
20
18.464
30
0
0
VERTEX
8
RASTER
10
87.52
20
18.464
30
0
0
VERTEX
8
RASTER
10
87.52
20
17.888
30
0
0
VERTEX
8
RASTER
10
86.944
20
17.888
30
0
0
SEQEND
8
RASTER
0
POLYLINE
8
RASTER
66
1
70
1
0
VERTEX
8
RASTER
10
88.672
20
18.464
30
0
0
VERTEX
8
RASTER
10
89.248
20
18.464
30
0
0
VERTEX
8
RASTER
10
89.248
20
17.888
30
0
0
VERTEX
8
RASTER
10
88.672
20
17.888
30
0
0
SEQEND
8
RASTER
0
POLYLINE
8
RASTER
66
1
70
1
0
VERTEX
8
RASTER
10
86.944
20
17.888
30
0
0
VERTEX
8
RASTER
10
87.52
20
17.888
30
0
0
VERTEX
8
RASTER
10
87.52
20
17.312
30
0
0
VERTEX
8
RASTER
10
86.944
20
17.312
30
0
0
SEQEND
8
RASTER
0
POLYLINE
8
RASTER
66
1
70
1
0
VERTEX
8
RASTER
10
89.248
20
17.888
30
0
0
VERTEX
8
RASTER
10
89.824
20
17.888
30
0
0
VERTEX
8
RASTER
10
89.824
20
17.312
30
0
0
VERTEX
8
RASTER
10
89.248
20
17.312
30
0
0
SEQEND
8
RASTER
0
POLYLINE
8
CUT
66
1
70
1
0
VERTEX
8
CUT
10
96.8
20
33.648
30
0
0
VERTEX
8
CUT
10
96.831
20
34.117
30
0
0
VERTEX
8
CUT
10
96.925
20
34.523
30
0
0
VERTEX
8
CUT
10
97.081
20
34.867
30
0
0
VERTEX
8
CUT
10
97.3
20
35.148
30
0
0
VERTEX
8
CUT
10
97.581
20
35.367
30
0
0
VERTEX
8
CUT
10
97.925
20
35.523
30
0
0
VERTEX
8
CUT
10
98.331
20
35.617
30
0
0
VERTEX
8
CUT
10
98.8
20
35.648
30
0
0
VERTEX
8
CUT
10
114
20
35.648
30
0
0
VERTEX
8
CUT
10
114.469
20
35.617
30
0
0
VERTEX
8
CUT
10
114.875
20
35.523
30
0
0
VERTEX
8
CUT
10
115.219
20
35.367
30
0
0
VERTEX
8
CUT
10
115.5
20
35.148
30
0
0
VERTEX
8
CUT
10
115.719
20
34.867
30
0
0
VERTEX
8
CUT
10
115.875
20
34.523
30
0
0
VERTEX
8
CUT
10
115.969
20
34.117
30
0
0
VERTEX
8
CUT
10
116
20
33.648
30
0
0
VERTEX
8
CUT
10
116
20
18.448
30
0
0
VERTEX
8
CUT
10
115.969
20
17.979
30
0
0
VERTEX
8
CUT
10
115.875
20
17.573
30
0
0
VERTEX
8
CUT
10
115.719
20
17.229
30
0
0
VERTEX
8
CUT
10
115.5
20
16.948
30
0
0
VERTEX
8
CUT
10
115.219
20
16.729
30
0
0
VERTEX
8
CUT
10
114.875
20
16.573
30
0
0
VERTEX
8
CUT
10
114.469
20
16.479
30
0
0
VERTEX
8
CUT
10
114
20
16.448
30
0
0
VERTEX
8
CUT
10
98.8
20
16.448
30
0
0
VERTEX
8
CUT
10
98.331
20
16.479
30
0
0
VERTEX
8
CUT
10
97.925
20
16.573
30
0
0
VERTEX
8
CUT
10
97.581
20
16.729
30
0
0
VERTEX
8
CUT
10
97.3
20
16.948
30
0
0
VERTEX
8
CUT
10
97.081
20
17.229
30
0
0
VERTEX
8
CUT
10
96.925
20
17.573
30
0
0
VERTEX
8
CUT
10
96.831
20
17.979
30
0
0
VERTEX
8
CUT
10
96.8
20
18.448
30
0
0
SEQEND
8
CUT
0
CIRCLE
8
RASTER
10
106.4
20
30.487
30
0
40
0.726
0
CIRCLE
8
RASTER
10
106.4
20
30.487
30
0
40
0.403
0
POLYLINE
8
RASTER
66
1
70
1
0
VERTEX
8
RASTER
10
106.077
20
29.519
30
0
0
VERTEX
8
RASTER
10
106.723
20
29.519
30
0
0
VERTEX
8
RASTER
10
106.723
20
28.713
30
0
0
VERTEX
8
RASTER
10
108.174
20
28.713
30
0
0
VERTEX
8
RASTER
10
108.174
20
28.229
30
0
0
VERTEX
8
RASTER
10
106.723
20
28.229
30
0
0
VERTEX
8
RASTER
10
106.723
20
25.971
30
0
0
VERTEX
8
RASTER
10
106.911
20
25.933
30
0
0
VERTEX
8
RASTER
10
107.108
20
25.938
30
0
0
VERTEX
8
RASTER
10
107.309
20
25.985
30
0
0
VERTEX
8
RASTER
10
107.509
20
26.072
30
0
0
VERTEX
8
RASTER
10
107.701
20
26.196
30
0
0
VERTEX
8
RASTER
10
107.879
20
26.357
30
0
0
VERTEX
8
RASTER
10
108.039
20
26.551
30
0
0
VERTEX
8
RASTER
10
108.174
20
26.778
30
0
0
VERTEX
8
RASTER
10
108.98
20
26.132
30
0
0
VERTEX
8
RASTER
10
108.823
20
25.665
30
0
0
VERTEX
8
RASTER
10
108.6
20
25.235
30
0
0
VERTEX
8
RASTER
10
108.32
20
24.851
30
0
0
VERTEX
8
RASTER
10
107.993
20
24.52
30
0
0
VERTEX
8
RASTER
10
107.628
20
24.249
30
0
0
VERTEX
8
RASTER
10
107.234
20
24.046
30
0
0
VERTEX
8
RASTER
10
106.822
20
23.919
30
0
0
VERTEX
8
RASTER
10
106.4
20
23.875
30
0
0
VERTEX
8
RASTER
10
105.978
20
23.919
30
0
0
VERTEX
8
RASTER
10
105.566
20
24.046
30
0
0
VERTEX
8
RASTER
10
105.172
20
24.249
30
0
0
VERTEX
8
RASTER
10
104.807
20
24.52
30
0
0
VERTEX
8
RASTER
10
104.48
20
24.851
30
0
0
VERTEX
8
RASTER
10
104.2
20
25.235
30
0
0
VERTEX
8
RASTER
10
103.977
20
25.665
30
0
0
VERTEX
8
RASTER
10
103.82
20
26.132
30
0
0
VERTEX
8
RASTER
10
104.626
20
26.778
30
0
0
VERTEX
8
RASTER
10
104.761
20
26.551
30
0
0
VERTEX
8
RASTER
10
104.921
20
26.357
30
0
0
VERTEX
8
RASTER
10
105.099
20
26.196
30
0
0
VERTEX
8
RASTER
10
105.291
20
26.072
30
0
0
VERTEX
8
RASTER
10
105.491
20
25.985
30
0
0
VERTEX
8
RASTER
10
105.692
20
25.938
30
0
0
VERTEX
8
RASTER
10
105.889
20
25.933
30
0
0
VERTEX
8
RASTER
10
106.077
20
25.971
30
0
0
VERTEX
8
RASTER
10
106.077
20
28.229
30
0
0
VERTEX
8
RASTER
10
104.626
20
28.229
30
0
0
VERTEX
8
RASTER
10
104.626
20
28.713
30
0
0
VERTEX
8
RASTER
10
106.077
20
28.713
30
0
0
SEQEND
8
RASTER
0
POLYLINE
8
RASTER
66
1
70
1
0
VERTEX
8
RASTER
10
99.776
20
21.344
30
0
0
VERTEX
8
RASTER
10
102.08
20
21.344
30
0
0
VERTEX
8
RASTER
10
102.08
20
20.768
30
0
0
VERTEX
8
RASTER
10
99.776
20
20.768
30
0
0
SEQEND
8
RASTER
0
POLYLINE
8
RASTER
66
1
70
1
0
VERTEX
8
RASTER
10
99.776
20
20.768
30
0
0
VERTEX
8
RASTER
10
100.352
20
20.768
30
0
0
VERTEX
8
RASTER
10
100.352
20
20.192
30
0
0
VERTEX
8
RASTER
10
99.776
20
20.192
30
0
0
SEQEND
8
RASTER
0
POLYLINE
8
RASTER
66
1
70
1
0
VERTEX
8
RASTER
10
102.08
20
20.768
30
0
0
VERTEX
8
RASTER
10
102.656
20
20.768
30
0
0
VERTEX
8
RASTER
10
102.656
20
20.192
30
0
0
VERTEX
8
RASTER
10
102.08
20
20.192
30
0
0
SEQEND
8
RASTER
0
POLYLINE
8
RASTER
66
1
70
1
0
VERTEX
8
RASTER
10
99.776
20
20.192
30
0
0
VERTEX
8
RASTER
10
100.352
20
20.192
30
0
0
VERTEX
8
RASTER
10
100.352
20
19.616
30
0
0
VERTEX
8
RASTER
10
99.776
20
19.616
30
0
0
SEQEND
8
RASTER
0
POLYLINE
8
RASTER
66
1
70
1
0
VERTEX
8
RASTER
10
102.08
20
20.192
30
0
0
VERTEX
8
RASTER
10
102.656
20
20.192
30
0
0
VERTEX
8
RASTER
10
102.656
20
19.616
30
0
0
VERTEX
8
RASTER
10
102.08
20
19.616
30
0
0
SEQEND
8
RASTER
0
POLYLINE
8
RASTER
66
1
70
1
0
VERTEX
8
RASTER
10
99.776
20
19.616
30
0
0
VERTEX
8
RASTER
10
100.352
20
19.616
30
0
0
VERTEX
8
RASTER
10
100.352
20
19.04
30
0
0
VERTEX
8
RASTER
10
99.776
20
19.04
30
0
0
SEQEND
8
RASTER
0
POLYLINE
8
RASTER
66
1
70
1
0
VERTEX
8
RASTER
10
102.08
20
19.616
30
0
0
VERTEX
8
RASTER
10
102.656
20
19.616
30
0
0
VERTEX
8
RASTER
10
102.656
20
19.04
30
0
0
VERTEX
8
RASTER
10
102.08
20
19.04
30
0
0
SEQEND
8
RASTER
0
POLYLINE
8
RASTER
66
1
70
1
0
VERTEX
8
RASTER
10
99.776
20
19.04
30
0
0
VERTEX
8
RASTER
10
100.352
20
19.04
30
0
0
VERTEX
8
RASTER
10
100.352
20
18.464
30
0
0
VERTEX
8
RASTER
10
99.776
20
18.464
30
0
0
SEQEND
8
RASTER
0
POLYLINE
8
RASTER
66
1
70
1
0
VERTEX
8
RASTER
10
102.08
20
19.04
30
0
0
VERTEX
8
RASTER
10
102.656
20
19.04
30
0
0
VERTEX
8
RASTER
10
102.656
20
18.464
30
0
0
VERTEX
8
RASTER
10
102.08
20
18.464
30
0
0
SEQEND
8
RASTER
0
POLYLINE
8
RASTER
66
1
70
1
0
VERTEX
8
RASTER
10
99.776
20
18.464
30
0
0
VERTEX
8
RASTER
10
100.352
20
18.464
30
0
0
VERTEX
8
RASTER
10
100.352
20
17.888
30
0
0
VERTEX
8
RASTER
10
99.776
20
17.888
30
0
0
SEQEND
8
RASTER
0
POLYLINE
8
RASTER
66
1
70
1
0
VERTEX
8
RASTER
10
102.08
20
18.464
30
0
0
VERTEX
8
RASTER
10
102.656
20
18.464
30
0
0
VERTEX
8
RASTER
10
102.656
20
17.888
30
0
0
VERTEX
8
RASTER
10
102.08
20
17.888
30
0
0
SEQEND
8
RASTER
0
POLYLINE
8
RASTER
66
1
70
1
0
VERTEX
8
RASTER
10
99.776
20
17.888
30
0
0
VERTEX
8
RASTER
10
102.08
20
17.888
30
0
0
VERTEX
8
RASTER
10
102.08
20
17.312
30
0
0
VERTEX
8
RASTER
10
99.776
20
17.312
30
0
0
SEQEND
8
RASTER
0
POLYLINE
8
RASTER
66
1
70
1
0
VERTEX
8
RASTER
10
103.808
20
21.344
30
0
0
VERTEX
8
RASTER
10
105.536
20
21.344
30
0
0
VERTEX
8
RASTER
10
105.536
20
20.768
30
0
0
VERTEX
8
RASTER
10
103.808
20
20.768
30
0
0
SEQEND
8
RASTER
0
POLYLINE
8
RASTER
66
1
70
1
0
VERTEX
8
RASTER
10
103.232
20
20.768
30
0
0
VERTEX
8
RASTER
10
103.808
20
20.768
30
0
0
VERTEX
8
RASTER
10
103.808
20
20.192
30
0
0
VERTEX
8
RASTER
10
103.232
20
20.192
30
0
0
SEQEND
8
RASTER
0
POLYLINE
8
RASTER
66
1
70
1
0
VERTEX
8
RASTER
10
105.536
20
20.768
30
0
0
VERTEX
8
RASTER
10
106.112
20
20.768
30
0
0
VERTEX
8
RASTER
10
106.112
20
20.192
30
0
0
VERTEX
8
RASTER
10
105.536
20
20.192
30
0
0
SEQEND
8
RASTER
0
POLYLINE
8
RASTER
66
1
70
1
0
VERTEX
8
RASTER
10
103.232
20
20.192
30
0
0
VERTEX
8
RASTER
10
103.808
20
20.192
30
0
0
VERTEX
8
RASTER
10
103.808
20
19.616
30
0
0
VERTEX
8
RASTER
10
103.232
20
19.616
30
0
0
SEQEND
8
RASTER
0
POLYLINE
8
RASTER
66
1
70
1
0
VERTEX
8
RASTER
10
105.536
20
20.192
30
0
0
VERTEX
8
RASTER
10
106.112
20
20.192
30
0
0
VERTEX
8
RASTER
10
106.112
20
19.616
30
0
0
VERTEX
8
RASTER
10
105.536
20
19.616
30
0
0
SEQEND
8
RASTER
0
POLYLINE
8
RASTER
66
1
70
1
0
VERTEX
8
RASTER
10
103.232
20
19.616
30
0
0
VERTEX
8
RASTER
10
103.808
20
19.616
30
0
0
VERTEX
8
RASTER
10
103.808
20
19.04
30
0
0
VERTEX
8
RASTER
10
103.232
20
19.04
30
0
0
SEQEND
8
RASTER
0
POLYLINE
8
RASTER
66
1
70
1
0
VERTEX
8
RASTER
10
105.536
20
19.616
30
0
0
VERTEX
8
RASTER
10
106.112
20
19.616
30
0
0
VERTEX
8
RASTER
10
106.112
20
19.04
30
0
0
VERTEX
8
RASTER
10
105.536
20
19.04
30
0
0
SEQEND
8
RASTER
0
POLYLINE
8
RASTER
66
1
70
1
0
VERTEX
8
RASTER
10
103.232
20
19.04
30
0
0
VERTEX
8
RASTER
10
103.808
20
19.04
30
0
0
VERTEX
8
RASTER
10
103.808
20
18.464
30
0
0
VERTEX
8
RASTER
10
103.232
20
18.464
30
0
0
SEQEND
8
RASTER
0
POLYLINE
8
RASTER
66
1
70
1
0
VERTEX
8
RASTER
10
105.536
20
19.04
30
0
0
VERTEX
8
RASTER
10
106.112
20
19.04
30
0
0
VERTEX
8
RASTER
10
106.112
20
18.464
30
0
0
VERTEX
8
RASTER
10
105.536
20
18.464
30
0
0
SEQEND
8
RASTER
0
POLYLINE
8
RASTER
66
1
70
1
0
VERTEX
8
RASTER
10
103.232
20
18.464
30
0
0
VERTEX
8
RASTER
10
103.808
20
18.464
30
0
0
VERTEX
8
RASTER
10
103.808
20
17.888
30
0
0
VERTEX
8
RASTER
10
103.232
20
17.888
30
0
0
SEQEND
8
RASTER
0
POLYLINE
8
RASTER
66
1
70
1
0
VERTEX
8
RASTER
10
105.536
20
18.464
30
0
0
VERTEX
8
RASTER
10
106.112
20
18.464
30
0
0
VERTEX
8
RASTER
10
106.112
20
17.888
30
0
0
VERTEX
8
RASTER
10
105.536
20
17.888
30
0
0
SEQEND
8
RASTER
0
POLYLINE
8
RASTER
66
1
70
1
0
VERTEX
8
RASTER
10
103.808
20
17.888
30
0
0
VERTEX
8
RASTER
10
105.536
20
17.888
30
0
0
VERTEX
8
RASTER
10
105.536
20
17.312
30
0
0
VERTEX
8
RASTER
10
103.808
20
17.312
30
0
0
SEQEND
8
RASTER
0
POLYLINE
8
RASTER
66
1
70
1
0
VERTEX
8
RASTER
10
107.264
20
21.344
30
0
0
VERTEX
8
RASTER
10
109.568
20
21.344
30
0
0
VERTEX
8
RASTER
10
109.568
20
20.768
30
0
0
VERTEX
8
RASTER
10
107.264
20
20.768
30
0
0
SEQEND
8
RASTER
0
POLYLINE
8
RASTER
66
1
70
1
0
VERTEX
8
RASTER
10
106.688
20
20.768
30
0
0
VERTEX
8
RASTER
10
107.264
20
20.768
30
0
0
VERTEX
8
RASTER
10
107.264
20
20.192
30
0
0
VERTEX
8
RASTER
10
106.688
20
20.192
30
0
0
SEQEND
8
RASTER
0
POLYLINE
8
RASTER
66
1
70
1
0
VERTEX
8
RASTER
10
106.688
20
20.192
30
0
0
VERTEX
8
RASTER
10
107.264
20
20.192
30
0
0
VERTEX
8
RASTER
10
107.264
20
19.616
30
0
0
VERTEX
8
RASTER
10
106.688
20
19.616
30
0
0
SEQEND
8
RASTER
0
POLYLINE
8
RASTER
66
1
70
1
0
VERTEX
8
RASTER
10
106.688
20
19.616
30
0
0
VERTEX
8
RASTER
10
107.264
20
19.616
30
0
0
VERTEX
8
RASTER
10
107.264
20
19.04
30
0
0
VERTEX
8
RASTER
10
106.688
20
19.04
30
0
0
SEQEND
8
RASTER
0
POLYLINE
8
RASTER
66
1
70
1
0
VERTEX
8
RASTER
10
106.688
20
19.04
30
0
0
VERTEX
8
RASTER
10
107.264
20
19.04
30
0
0
VERTEX
8
RASTER
10
107.264
20
18.464
30
0
0
VERTEX
8
RASTER
10
106.688
20
18.464
30
0
0
SEQEND
8
RASTER
0
POLYLINE
8
RASTER
66
1
70
1
0
VERTEX
8
RASTER
10
106.688
20
18.464
30
0
0
VERTEX
8
RASTER
10
107.264
20
18.464
30
0
0
VERTEX
8
RASTER
10
107.264
20
17.888
30
0
0
VERTEX
8
RASTER
10
106.688
20
17.888
30
0
0
SEQEND
8
RASTER
0
POLYLINE
8
RASTER
66
1
70
1
0
VERTEX
8
RASTER
10
107.264
20
17.888
30
0
0
VERTEX
8
RASTER
10
109.568
20
17.888
30
0
0
VERTEX
8
RASTER
10
109.568
20
17.312
30
0
0
VERTEX
8
RASTER
10
107.264
20
17.312
30
0
0
SEQEND
8
RASTER
0
POLYLINE
8
RASTER
66
1
70
1
0
VERTEX
8
RASTER
10
110.144
20
21.344
30
0
0
VERTEX
8
RASTER
10
110.72
20
21.344
30
0
0
VERTEX
8
RASTER
10
110.72
20
20.768
30
0
0
VERTEX
8
RASTER
10
110.144
20
20.768
30
0
0
SEQEND
8
RASTER
0
POLYLINE
8
RASTER
66
1
70
1
0
VERTEX
8
RASTER
10
112.448
20
21.344
30
0
0
VERTEX
8
RASTER
10
113.024
20
21.344
30
0
0
VERTEX
8
RASTER
10
113.024
20
20.768
30
0
0
VERTEX
8
RASTER
10
112.448
20
20.768
30
0
0
SEQEND
8
RASTER
0
POLYLINE
8
RASTER
66
1
70
1
0
VERTEX
8
RASTER
10
110.144
20
20.768
30
0
0
VERTEX
8
RASTER
10
110.72
20
20.768
30
0
0
VERTEX
8
RASTER
10
110.72
20
20.192
30
0
0
VERTEX
8
RASTER
10
110.144
20
20.192
30
0
0
SEQEND
8
RASTER
0
POLYLINE
8
RASTER
66
1
70
1
0
VERTEX
8
RASTER
10
111.872
20
20.768
30
0
0
VERTEX
8
RASTER
10
112.448
20
20.768
30
0
0
VERTEX
8
RASTER
10
112.448
20
20.192
30
0
0
VERTEX
8
RASTER
10
111.872
20
20.192
30
0
0
SEQEND
8
RASTER
0
POLYLINE
8
RASTER
66
1
70
1
0
VERTEX
8
RASTER
10
110.144
20
20.192
30
0
0
VERTEX
8
RASTER
10
110.72
20
20.192
30
0
0
VERTEX
8
RASTER
10
110.72
20
19.616
30
0
0
VERTEX
8
RASTER
10
110.144
20
19.616
30
0
0
SEQEND
8
RASTER
0
POLYLINE
8
RASTER
66
1
70
1
0
VERTEX
8
RASTER
10
111.296
20
20.192
30
0
0
VERTEX
8
RASTER
10
111.872
20
20.192
30
0
0
VERTEX
8
RASTER
10
111.872
20
19.616
30
0
0
VERTEX
8
RASTER
10
111.296
20
19.616
30
0
0
SEQEND
8
RASTER
0
POLYLINE
8
RASTER
66
1
70
1
0
VERTEX
8
RASTER
10
110.144
20
19.616
30
0
0
VERTEX
8
RASTER
10
111.296
20
19.616
30
0
0
VERTEX
8
RASTER
10
111.296
20
19.04
30
0
0
VERTEX
8
RASTER
10
110.144
20
19.04
30
0
0
SEQEND
8
RASTER
0
POLYLINE
8
RASTER
66
1
70
1
0
VERTEX
8
RASTER
10
110.144
20
19.04
30
0
0
VERTEX
8
RASTER
10
110.72
20
19.04
30
0
0
VERTEX
8
RASTER
10
110.72
20
18.464
30
0
0
VERTEX
8
RASTER
10
110.144
20
18.464
30
0
0
SEQEND
8
RASTER
0
POLYLINE
8
RASTER
66
1
70
1
0
VERTEX
8
RASTER
10
111.296
20
19.04
30
0
0
VERTEX
8
RASTER
10
111.872
20
19.04
30
0
0
VERTEX
8
RASTER
10
111.872
20
18.464
30
0
0
VERTEX
8
RASTER
10
111.296
20
18.464
30
0
0
SEQEND
8
RASTER
0
POLYLINE
8
RASTER
66
1
70
1
0
VERTEX
8
RASTER
10
110.144
20
18.464
30
0
0
VERTEX
8
RASTER
10
110.72
20
18.464
30
0
0
VERTEX
8
RASTER
10
110.72
20
17.888
30
0
0
VERTEX
8
RASTER
10
110.144
20
17.888
30
0
0
SEQEND
8
RASTER
0
POLYLINE
8
RASTER
66
1
70
1
0
VERTEX
8
RASTER
10
111.872
20
18.464
30
0
0
VERTEX
8
RASTER
10
112.448
20
18.464
30
0
0
VERTEX
8
RASTER
10
112.448
20
17.888
30
0
0
VERTEX
8
RASTER
10
111.872
20
17.888
30
0
0
SEQEND
8
RASTER
0
POLYLINE
8
RASTER
66
1
70
1
0
VERTEX
8
RASTER
10
110.144
20
17.888
30
0
0
VERTEX
8
RASTER
10
110.72
20
17.888
30
0
0
VERTEX
8
RASTER
10
110.72
20
17.312
30
0
0
VERTEX
8
RASTER
10
110.144
20
17.312
30
0
0
SEQEND
8
RASTER
0
POLYLINE
8
RASTER
66
1
70
1
0
VERTEX
8
RASTER
10
112.448
20
17.888
30
0
0
VERTEX
8
RASTER
10
113.024
20
17.888
30
0
0
VERTEX
8
RASTER
10
113.024
20
17.312
30
0
0
VERTEX
8
RASTER
10
112.448
20
17.312
30
0
0
SEQEND
8
RASTER
0
POLYLINE
8
CUT
66
1
70
1
0
VERTEX
8
CUT
10
120
20
33.648
30
0
0
VERTEX
8
CUT
10
120.031
20
34.117
30
0
0
VERTEX
8
CUT
10
120.125
20
34.523
30
0
0
VERTEX
8
CUT
10
120.281
20
34.867
30
0
0
VERTEX
8
CUT
10
120.5
20
35.148
30
0
0
VERTEX
8
CUT
10
120.781
20
35.367
30
0
0
VERTEX
8
CUT
10
121.125
20
35.523
30
0
0
VERTEX
8
CUT
10
121.531
20
35.617
30
0
0
VERTEX
8
CUT
10
122
20
35.648
30
0
0
VERTEX
8
CUT
10
137.2
20
35.648
30
0
0
VERTEX
8
CUT
10
137.669
20
35.617
30
0
0
VERTEX
8
CUT
10
138.075
20
35.523
30
0
0
VERTEX
8
CUT
10
138.419
20
35.367
30
0
0
VERTEX
8
CUT
10
138.7
20
35.148
30
0
0
VERTEX
8
CUT
10
138.919
20
34.867
30
0
0
VERTEX
8
CUT
10
139.075
20
34.523
30
0
0
VERTEX
8
CUT
10
139.169
20
34.117
30
0
0
VERTEX
8
CUT
10
139.2
20
33.648
30
0
0
VERTEX
8
CUT
10
139.2
20
18.448
30
0
0
VERTEX
8
CUT
10
139.169
20
17.979
30
0
0
VERTEX
8
CUT
10
139.075
20
17.573
30
0
0
VERTEX
8
CUT
10
138.919
20
17.229
30
0
0
VERTEX
8
CUT
10
138.7
20
16.948
30
0
0
VERTEX
8
CUT
10
138.419
20
16.729
30
0
0
VERTEX
8
CUT
10
138.075
20
16.573
30
0
0
VERTEX
8
CUT
10
137.669
20
16.479
30
0
0
VERTEX
8
CUT
10
137.2
20
16.448
30
0
0
VERTEX
8
CUT
10
122
20
16.448
30
0
0
VERTEX
8
CUT
10
121.531
20
16.479
30
0
0
VERTEX
8
CUT
10
121.125
20
16.573
30
0
0
VERTEX
8
CUT
10
120.781
20
16.729
30
0
0
VERTEX
8
CUT
10
120.5
20
16.948
30
0
0
VERTEX
8
CUT
10
120.281
20
17.229
30
0
0
VERTEX
8
CUT
10
120.125
20
17.573
30
0
0
VERTEX
8
CUT
10
120.031
20
17.979
30
0
0
VERTEX
8
CUT
10
120
20
18.448
30
0
0
SEQEND
8
CUT
0
CIRCLE
8
RASTER
10
129.6
20
30.487
30
0
40
0.726
0
CIRCLE
8
RASTER
10
129.6
20
30.487
30
0
40
0.403
0
POLYLINE
8
RASTER
66
1
70
1
0
VERTEX
8
RASTER
10
129.277
20
29.519
30
0
0
VERTEX
8
RASTER
10
129.923
20
29.519
30
0
0
VERTEX
8
RASTER
10
129.923
20
28.713
30
0
0
VERTEX
8
RASTER
10
131.374
20
28.713
30
0
0
VERTEX
8
RASTER
10
131.374
20
28.229
30
0
0
VERTEX
8
RASTER
10
129.923
20
28.229
30
0
0
VERTEX
8
RASTER
10
129.923
20
25.971
30
0
0
VERTEX
8
RASTER
10
130.111
20
25.933
30
0
0
VERTEX
8
RASTER
10
130.308
20
25.938
30
0
0
VERTEX
8
RASTER
10
130.509
20
25.985
30
0
0
VERTEX
8
RASTER
10
130.709
20
26.072
30
0
0
VERTEX
8
RASTER
10
130.901
20
26.196
30
0
0
VERTEX
8
RASTER
10
131.079
20
26.357
30
0
0
VERTEX
8
RASTER
10
131.239
20
26.551
30
0
0
VERTEX
8
RASTER
10
131.374
20
26.778
30
0
0
VERTEX
8
RASTER
10
132.18
20
26.132
30
0
0
VERTEX
8
RASTER
10
132.023
20
25.665
30
0
0
VERTEX
8
RASTER
10
131.8
20
25.235
30
0
0
VERTEX
8
RASTER
10
131.52
20
24.851
30
0
0
VERTEX
8
RASTER
10
131.193
20
24.52
30
0
0
VERTEX
8
RASTER
10
130.828
20
24.249
30
0
0
VERTEX
8
RASTER
10
130.434
20
24.046
30
0
0
VERTEX
8
RASTER
10
130.022
20
23.919
30
0
0
VERTEX
8
RASTER
10
129.6
20
23.875
30
0
0
VERTEX
8
RASTER
10
129.178
20
23.919
30
0
0
VERTEX
8
RASTER
10
128.766
20
24.046
30
0
0
VERTEX
8
RASTER
10
128.372
20
24.249
30
0
0
VERTEX
8
RASTER
10
128.007
20
24.52
30
0
0
VERTEX
8
RASTER
10
127.68
20
24.851
30
0
0
VERTEX
8
RASTER
10
127.4
20
25.235
30
0
0
VERTEX
8
RASTER
10
127.177
20
25.665
30
0
0
VERTEX
8
RASTER
10
127.02
20
26.132
30
0
0
VERTEX
8
RASTER
10
127.826
20
26.778
30
0
0
VERTEX
8
RASTER
10
127.961
20
26.551
30
0
0
VERTEX
8
RASTER
10
128.121
20
26.357
30
0
0
VERTEX
8
RASTER
10
128.299
20
26.196
30
0
0
VERTEX
8
RASTER
10
128.491
20
26.072
30
0
0
VERTEX
8
RASTER
10
128.691
20
25.985
30
0
0
VERTEX
8
RASTER
10
128.892
20
25.938
30
0
0
VERTEX
8
RASTER
10
129.089
20
25.933
30
0
0
VERTEX
8
RASTER
10
129.277
20
25.971
30
0
0
VERTEX
8
RASTER
10
129.277
20
28.229
30
0
0
VERTEX
8
RASTER
10
127.826
20
28.229
30
0
0
VERTEX
8
RASTER
10
127.826
20
28.713
30
0
0
VERTEX
8
RASTER
10
129.277
20
28.713
30
0
0
SEQEND
8
RASTER
0
POLYLINE
8
RASTER
66
1
70
1
0
VERTEX
8
RASTER
10
122.976
20
21.344
30
0
0
VERTEX
8
RASTER
10
125.28
20
21.344
30
0
0
VERTEX
8
RASTER
10
125.28
20
20.768
30
0
0
VERTEX
8
RASTER
10
122.976
20
20.768
30
0
0
SEQEND
8
RASTER
0
POLYLINE
8
RASTER
66
1
70
1
0
VERTEX
8
RASTER
10
122.976
20
20.768
30
0
0
VERTEX
8
RASTER
10
123.552
20
20.768
30
0
0
VERTEX
8
RASTER
10
123.552
20
20.192
30
0
0
VERTEX
8
RASTER
10
122.976
20
20.192
30
0
0
SEQEND
8
RASTER
0
POLYLINE
8
RASTER
66
1
70
1
0
VERTEX
8
RASTER
10
125.28
20
20.768
30
0
0
VERTEX
8
RASTER
10
125.856
20
20.768
30
0
0
VERTEX
8
RASTER
10
125.856
20
20.192
30
0
0
VERTEX
8
RASTER
10
125.28
20
20.192
30
0
0
SEQEND
8
RASTER
0
POLYLINE
8
RASTER
66
1
70
1
0
VERTEX
8
RASTER
10
122.976
20
20.192
30
0
0
VERTEX
8
RASTER
10
123.552
20
20.192
30
0
0
VERTEX
8
RASTER
10
123.552
20
19.616
30
0
0
VERTEX
8
RASTER
10
122.976
20
19.616
30
0
0
SEQEND
8
RASTER
0
POLYLINE
8
RASTER
66
1
70
1
0
VERTEX
8
RASTER
10
125.28
20
20.192
30
0
0
VERTEX
8
RASTER
10
125.856
20
20.192
30
0
0
VERTEX
8
RASTER
10
125.856
20
19.616
30
0
0
VERTEX
8
RASTER
10
125.28
20
19.616
30
0
0
SEQEND
8
RASTER
0
POLYLINE
8
RASTER
66
1
70
1
0
VERTEX
8
RASTER
10
122.976
20
19.616
30
0
0
VERTEX
8
RASTER
10
123.552
20
19.616
30
0
0
VERTEX
8
RASTER
10
123.552
20
19.04
30
0
0
VERTEX
8
RASTER
10
122.976
20
19.04
30
0
0
SEQEND
8
RASTER
0
POLYLINE
8
RASTER
66
1
70
1
0
VERTEX
8
RASTER
10
125.28
20
19.616
30
0
0
VERTEX
8
RASTER
10
125.856
20
19.616
30
0
0
VERTEX
8
RASTER
10
125.856
20
19.04
30
0
0
VERTEX
8
RASTER
10
125.28
20
19.04
30
0
0
SEQEND
8
RASTER
0
POLYLINE
8
RASTER
66
1
70
1
0
VERTEX
8
RASTER
10
122.976
20
19.04
30
0
0
VERTEX
8
RASTER
10
123.552
20
19.04
30
0
0
VERTEX
8
RASTER
10
123.552
20
18.464
30
0
0
VERTEX
8
RASTER
10
122.976
20
18.464
30
0
0
SEQEND
8
RASTER
0
POLYLINE
8
RASTER
66
1
70
1
0
VERTEX
8
RASTER
10
125.28
20
19.04
30
0
0
VERTEX
8
RASTER
10
125.856
20
19.04
30
0
0
VERTEX
8
RASTER
10
125.856
20
18.464
30
0
0
VERTEX
8
RASTER
10
125.28
20
18.464
30
0
0
SEQEND
8
RASTER
0
POLYLINE
8
RASTER
66
1
70
1
0
VERTEX
8
RASTER
10
122.976
20
18.464
30
0
0
VERTEX
8
RASTER
10
123.552
20
18.464
30
0
0
VERTEX
8
RASTER
10
123.552
20
17.888
30
0
0
VERTEX
8
RASTER
10
122.976
20
17.888
30
0
0
SEQEND
8
RASTER
0
POLYLINE
8
RASTER
66
1
70
1
0
VERTEX
8
RASTER
10
125.28
20
18.464
30
0
0
VERTEX
8
RASTER
10
125.856
20
18.464
30
0
0
VERTEX
8
RASTER
10
125.856
20
17.888
30
0
0
VERTEX
8
RASTER
10
125.28
20
17.888
30
0
0
SEQEND
8
RASTER
0
POLYLINE
8
RASTER
66
1
70
1
0
VERTEX
8
RASTER
10
122.976
20
17.888
30
0
0
VERTEX
8
RASTER
10
125.28
20
17.888
30
0
0
VERTEX
8
RASTER
10
125.28
20
17.312
30
0
0
VERTEX
8
RASTER
10
122.976
20
17.312
30
0
0
SEQEND
8
RASTER
0
POLYLINE
8
RASTER
66
1
70
1
0
VERTEX
8
RASTER
10
127.008
20
21.344
30
0
0
VERTEX
8
RASTER
10
128.736
20
21.344
30
0
0
VERTEX
8
RASTER
10
128.736
20
20.768
30
0
0
VERTEX
8
RASTER
10
127.008
20
20.768
30
0
0
SEQEND
8
RASTER
0
POLYLINE
8
RASTER
66
1
70
1
0
VERTEX
8
RASTER
10
126.432
20
20.768
30
0
0
VERTEX
8
RASTER
10
127.008
20
20.768
30
0
0
VERTEX
8
RASTER
10
127.008
20
20.192
30
0
0
VERTEX
8
RASTER
10
126.432
20
20.192
30
0
0
SEQEND
8
RASTER
0
POLYLINE
8
RASTER
66
1
70
1
0
VERTEX
8
RASTER
10
128.736
20
20.768
30
0
0
VERTEX
8
RASTER
10
129.312
20
20.768
30
0
0
VERTEX
8
RASTER
10
129.312
20
20.192
30
0
0
VERTEX
8
RASTER
10
128.736
20
20.192
30
0
0
SEQEND
8
RASTER
0
POLYLINE
8
RASTER
66
1
70
1
0
VERTEX
8
RASTER
10
126.432
20
20.192
30
0
0
VERTEX
8
RASTER
10
127.008
20
20.192
30
0
0
VERTEX
8
RASTER
10
127.008
20
19.616
30
0
0
VERTEX
8
RASTER
10
126.432
20
19.616
30
0
0
SEQEND
8
RASTER
0
POLYLINE
8
RASTER
66
1
70
1
0
VERTEX
8
RASTER
10
128.736
20
20.192
30
0
0
VERTEX
8
RASTER
10
129.312
20
20.192
30
0
0
VERTEX
8
RASTER
10
129.312
20
19.616
30
0
0
VERTEX
8
RASTER
10
128.736
20
19.616
30
0
0
SEQEND
8
RASTER
0
POLYLINE
8
RASTER
66
1
70
1
0
VERTEX
8
RASTER
10
126.432
20
19.616
30
0
0
VERTEX
8
RASTER
10
127.008
20
19.616
30
0
0
VERTEX
8
RASTER
10
127.008
20
19.04
30
0
0
VERTEX
8
RASTER
10
126.432
20
19.04
30
0
0
SEQEND
8
RASTER
0
POLYLINE
8
RASTER
66
1
70
1
0
VERTEX
8
RASTER
10
128.736
20
19.616
30
0
0
VERTEX
8
RASTER
10
129.312
20
19.616
30
0
0
VERTEX
8
RASTER
10
129.312
20
19.04
30
0
0
VERTEX
8
RASTER
10
128.736
20
19.04
30
0
0
SEQEND
8
RASTER
0
POLYLINE
8
RASTER
66
1
70
1
0
VERTEX
8
RASTER
10
126.432
20
19.04
30
0
0
VERTEX
8
RASTER
10
127.008
20
19.04
30
0
0
VERTEX
8
RASTER
10
127.008
20
18.464
30
0
0
VERTEX
8
RASTER
10
126.432
20
18.464
30
0
0
SEQEND
8
RASTER
0
POLYLINE
8
RASTER
66
1
70
1
0
VERTEX
8
RASTER
10
128.736
20
19.04
30
0
0
VERTEX
8
RASTER
10
129.312
20
19.04
30
0
0
VERTEX
8
RASTER
10
129.312
20
18.464
30
0
0
VERTEX
8
RASTER
10
128.736
20
18.464
30
0
0
SEQEND
8
RASTER
0
POLYLINE
8
RASTER
66
1
70
1
0
VERTEX
8
RASTER
10
126.432
20
18.464
30
0
0
VERTEX
8
RASTER
10
127.008
20
18.464
30
0
0
VERTEX
8
RASTER
10
127.008
20
17.888
30
0
0
VERTEX
8
RASTER
10
126.432
20
17.888
30
0
0
SEQEND
8
RASTER
0
POLYLINE
8
RASTER
66
1
70
1
0
VERTEX
8
RASTER
10
128.736
20
18.464
30
0
0
VERTEX
8
RASTER
10
129.312
20
18.464
30
0
0
VERTEX
8
RASTER
10
129.312
20
17.888
30
0
0
VERTEX
8
RASTER
10
128.736
20
17.888
30
0
0
SEQEND
8
RASTER
0
POLYLINE
8
RASTER
66
1
70
1
0
VERTEX
8
RASTER
10
127.008
20
17.888
30
0
0
VERTEX
8
RASTER
10
128.736
20
17.888
30
0
0
VERTEX
8
RASTER
10
128.736
20
17.312
30
0
0
VERTEX
8
RASTER
10
127.008
20
17.312
30
0
0
SEQEND
8
RASTER
0
POLYLINE
8
RASTER
66
1
70
1
0
VERTEX
8
RASTER
10
130.464
20
21.344
30
0
0
VERTEX
8
RASTER
10
132.768
20
21.344
30
0
0
VERTEX
8
RASTER
10
132.768
20
20.768
30
0
0
VERTEX
8
RASTER
10
130.464
20
20.768
30
0
0
SEQEND
8
RASTER
0
POLYLINE
8
RASTER
66
1
70
1
0
VERTEX
8
RASTER
10
129.888
20
20.768
30
0
0
VERTEX
8
RASTER
10
130.464
20
20.768
30
0
0
VERTEX
8
RASTER
10
130.464
20
20.192
30
0
0
VERTEX
8
RASTER
10
129.888
20
20.192
30
0
0
SEQEND
8
RASTER
0
POLYLINE
8
RASTER
66
1
70
1
0
VERTEX
8
RASTER
10
129.888
20
20.192
30
0
0
VERTEX
8
RASTER
10
130.464
20
20.192
30
0
0
VERTEX
8
RASTER
10
130.464
20
19.616
30
0
0
VERTEX
8
RASTER
10
129.888
20
19.616
30
0
0
SEQEND
8
RASTER
0
POLYLINE
8
RASTER
66
1
70
1
0
VERTEX
8
RASTER
10
129.888
20
19.616
30
0
0
VERTEX
8
RASTER
10
130.464
20
19.616
30
0
0
VERTEX
8
RASTER
10
130.464
20
19.04
30
0
0
VERTEX
8
RASTER
10
129.888
20
19.04
30
0
0
SEQEND
8
RASTER
0
POLYLINE
8
RASTER
66
1
70
1
0
VERTEX
8
RASTER
10
129.888
20
19.04
30
0
0
VERTEX
8
RASTER
10
130.464
20
19.04
30
0
0
VERTEX
8
RASTER
10
130.464
20
18.464
30
0
0
VERTEX
8
RASTER
10
129.888
20
18.464
30
0
0
SEQEND
8
RASTER
0
POLYLINE
8
RASTER
66
1
70
1
0
VERTEX
8
RASTER
10
129.888
20
18.464
30
0
0
VERTEX
8
RASTER
10
130.464
20
18.464
30
0
0
VERTEX
8
RASTER
10
130.464
20
17.888
30
0
0
VERTEX
8
RASTER
10
129.888
20
17.888
30
0
0
SEQEND
8
RASTER
0
POLYLINE
8
RASTER
66
1
70
1
0
VERTEX
8
RASTER
10
130.464
20
17.888
30
0
0
VERTEX
8
RASTER
10
132.768
20
17.888
30
0
0
VERTEX
8
RASTER
10
132.768
20
17.312
30
0
0
VERTEX
8
RASTER
10
130.464
20
17.312
30
0
0
SEQEND
8
RASTER
0
POLYLINE
8
RASTER
66
1
70
1
0
VERTEX
8
RASTER
10
133.344
20
21.344
30
0
0
VERTEX
8
RASTER
10
133.92
20
21.344
30
0
0
VERTEX
8
RASTER
10
133.92
20
20.768
30
0
0
VERTEX
8
RASTER
10
133.344
20
20.768
30
0
0
SEQEND
8
RASTER
0
POLYLINE
8
RASTER
66
1
70
1
0
VERTEX
8
RASTER
10
135.648
20
21.344
30
0
0
VERTEX
8
RASTER
10
136.224
20
21.344
30
0
0
VERTEX
8
RASTER
10
136.224
20
20.768
30
0
0
VERTEX
8
RASTER
10
135.648
20
20.768
30
0
0
SEQEND
8
RASTER
0
POLYLINE
8
RASTER
66
1
70
1
0
VERTEX
8
RASTER
10
133.344
20
20.768
30
0
0
VERTEX
8
RASTER
10
133.92
20
20.768
30
0
0
VERTEX
8
RASTER
10
133.92
20
20.192
30
0
0
VERTEX
8
RASTER
10
133.344
20
20.192
30
0
0
SEQEND
8
RASTER
0
POLYLINE
8
RASTER
66
1
70
1
0
VERTEX
8
RASTER
10
135.072
20
20.768
30
0
0
VERTEX
8
RASTER
10
135.648
20
20.768
30
0
0
VERTEX
8
RASTER
10
135.648
20
20.192
30
0
0
VERTEX
8
RASTER
10
135.072
20
20.192
30
0
0
SEQEND
8
RASTER
0
POLYLINE
8
RASTER
66
1
70
1
0
VERTEX
8
RASTER
10
133.344
20
20.192
30
0
0
VERTEX
8
RASTER
10
133.92
20
20.192
30
0
0
VERTEX
8
RASTER
10
133.92
20
19.616
30
0
0
VERTEX
8
RASTER
10
133.344
20
19.616
30
0
0
SEQEND
8
RASTER
0
POLYLINE
8
RASTER
66
1
70
1
0
VERTEX
8
RASTER
10
134.496
20
20.192
30
0
0
VERTEX
8
RASTER
10
135.072
20
20.192
30
0
0
VERTEX
8
RASTER
10
135.072
20
19.616
30
0
0
VERTEX
8
RASTER
10
134.496
20
19.616
30
0
0
SEQEND
8
RASTER
0
POLYLINE
8
RASTER
66
1
70
1
0
VERTEX
8
RASTER
10
133.344
20
19.616
30
0
0
VERTEX
8
RASTER
10
134.496
20
19.616
30
0
0
VERTEX
8
RASTER
10
134.496
20
19.04
30
0
0
VERTEX
8
RASTER
10
133.344
20
19.04
30
0
0
SEQEND
8
RASTER
0
POLYLINE
8
RASTER
66
1
70
1
0
VERTEX
8
RASTER
10
133.344
20
19.04
30
0
0
VERTEX
8
RASTER
10
133.92
20
19.04
30
0
0
VERTEX
8
RASTER
10
133.92
20
18.464
30
0
0
VERTEX
8
RASTER
10
133.344
20
18.464
30
0
0
SEQEND
8
RASTER
0
POLYLINE
8
RASTER
66
1
70
1
0
VERTEX
8
RASTER
10
134.496
20
19.04
30
0
0
VERTEX
8
RASTER
10
135.072
20
19.04
30
0
0
VERTEX
8
RASTER
10
135.072
20
18.464
30
0
0
VERTEX
8
RASTER
10
134.496
20
18.464
30
0
0
SEQEND
8
RASTER
0
POLYLINE
8
RASTER
66
1
70
1
0
VERTEX
8
RASTER
10
133.344
20
18.464
30
0
0
VERTEX
8
RASTER
10
133.92
20
18.464
30
0
0
VERTEX
8
RASTER
10
133.92
20
17.888
30
0
0
VERTEX
8
RASTER
10
133.344
20
17.888
30
0
0
SEQEND
8
RASTER
0
POLYLINE
8
RASTER
66
1
70
1
0
VERTEX
8
RASTER
10
135.072
20
18.464
30
0
0
VERTEX
8
RASTER
10
135.648
20
18.464
30
0
0
VERTEX
8
RASTER
10
135.648
20
17.888
30
0
0
VERTEX
8
RASTER
10
135.072
20
17.888
30
0
0
SEQEND
8
RASTER
0
POLYLINE
8
RASTER
66
1
70
1
0
VERTEX
8
RASTER
10
133.344
20
17.888
30
0
0
VERTEX
8
RASTER
10
133.92
20
17.888
30
0
0
VERTEX
8
RASTER
10
133.92
20
17.312
30
0
0
VERTEX
8
RASTER
10
133.344
20
17.312
30
0
0
SEQEND
8
RASTER
0
POLYLINE
8
RASTER
66
1
70
1
0
VERTEX
8
RASTER
10
135.648
20
17.888
30
0
0
VERTEX
8
RASTER
10
136.224
20
17.888
30
0
0
VERTEX
8
RASTER
10
136.224
20
17.312
30
0
0
VERTEX
8
RASTER
10
135.648
20
17.312
30
0
0
SEQEND
8
RASTER
0
POLYLINE
8
CUT
66
1
70
1
0
VERTEX
8
CUT
10
143.2
20
33.648
30
0
0
VERTEX
8
CUT
10
143.231
20
34.117
30
0
0
VERTEX
8
CUT
10
143.325
20
34.523
30
0
0
VERTEX
8
CUT
10
143.481
20
34.867
30
0
0
VERTEX
8
CUT
10
143.7
20
35.148
30
0
0
VERTEX
8
CUT
10
143.981
20
35.367
30
0
0
VERTEX
8
CUT
10
144.325
20
35.523
30
0
0
VERTEX
8
CUT
10
144.731
20
35.617
30
0
0
VERTEX
8
CUT
10
145.2
20
35.648
30
0
0
VERTEX
8
CUT
10
160.4
20
35.648
30
0
0
VERTEX
8
CUT
10
160.869
20
35.617
30
0
0
VERTEX
8
CUT
10
161.275
20
35.523
30
0
0
VERTEX
8
CUT
10
161.619
20
35.367
30
0
0
VERTEX
8
CUT
10
161.9
20
35.148
30
0
0
VERTEX
8
CUT
10
162.119
20
34.867
30
0
0
VERTEX
8
CUT
10
162.275
20
34.523
30
0
0
VERTEX
8
CUT
10
162.369
20
34.117
30
0
0
VERTEX
8
CUT
10
162.4
20
33.648
30
0
0
VERTEX
8
CUT
10
162.4
20
18.448
30
0
0
VERTEX
8
CUT
10
162.369
20
17.979
30
0
0
VERTEX
8
CUT
10
162.275
20
17.573
30
0
0
VERTEX
8
CUT
10
162.119
20
17.229
30
0
0
VERTEX
8
CUT
10
161.9
20
16.948
30
0
0
VERTEX
8
CUT
10
161.619
20
16.729
30
0
0
VERTEX
8
CUT
10
161.275
20
16.573
30
0
0
VERTEX
8
CUT
10
160.869
20
16.479
30
0
0
VERTEX
8
CUT
10
160.4
20
16.448
30
0
0
VERTEX
8
CUT
10
145.2
20
16.448
30
0
0
VERTEX
8
CUT
10
144.731
20
16.479
30
0
0
VERTEX
8
CUT
10
144.325
20
16.573
30
0
0
VERTEX
8
CUT
10
143.981
20
16.729
30
0
0
VERTEX
8
CUT
10
143.7
20
16.948
30
0
0
VERTEX
8
CUT
10
143.481
20
17.229
30
0
0
VERTEX
8
CUT
10
143.325
20
17.573
30
0
0
VERTEX
8
CUT
10
143.231
20
17.979
30
0
0
VERTEX
8
CUT
10
143.2
20
18.448
30
0
0
SEQEND
8
CUT
0
CIRCLE
8
RASTER
10
152.8
20
30.487
30
0
40
0.726
0
CIRCLE
8
RASTER
10
152.8
20
30.487
30
0
40
0.403
0
POLYLINE
8
RASTER
66
1
70
1
0
VERTEX
8
RASTER
10
152.477
20
29.519
30
0
0
VERTEX
8
RASTER
10
153.123
20
29.519
30
0
0
VERTEX
8
RASTER
10
153.123
20
28.713
30
0
0
VERTEX
8
RASTER
10
154.574
20
28.713
30
0
0
VERTEX
8
RASTER
10
154.574
20
28.229
30
0
0
VERTEX
8
RASTER
10
153.123
20
28.229
30
0
0
VERTEX
8
RASTER
10
153.123
20
25.971
30
0
0
VERTEX
8
RASTER
10
153.311
20
25.933
30
0
0
VERTEX
8
RASTER
10
153.508
20
25.938
30
0
0
VERTEX
8
RASTER
10
153.709
20
25.985
30
0
0
VERTEX
8
RASTER
10
153.909
20
26.072
30
0
0
VERTEX
8
RASTER
10
154.101
20
26.196
30
0
0
VERTEX
8
RASTER
10
154.279
20
26.357
30
0
0
VERTEX
8
RASTER
10
154.439
20
26.551
30
0
0
VERTEX
8
RASTER
10
154.574
20
26.778
30
0
0
VERTEX
8
RASTER
10
155.38
20
26.132
30
0
0
VERTEX
8
RASTER
10
155.223
20
25.665
30
0
0
VERTEX
8
RASTER
10
155
20
25.235
30
0
0
VERTEX
8
RASTER
10
154.72
20
24.851
30
0
0
VERTEX
8
RASTER
10
154.393
20
24.52
30
0
0
VERTEX
8
RASTER
10
154.028
20
24.249
30
0
0
VERTEX
8
RASTER
10
153.634
20
24.046
30
0
0
VERTEX
8
RASTER
10
153.222
20
23.919
30
0
0
VERTEX
8
RASTER
10
152.8
20
23.875
30
0
0
VERTEX
8
RASTER
10
152.378
20
23.919
30
0
0
VERTEX
8
RASTER
10
151.966
20
24.046
30
0
0
VERTEX
8
RASTER
10
151.572
20
24.249
30
0
0
VERTEX
8
RASTER
10
151.207
20
24.52
30
0
0
VERTEX
8
RASTER
10
150.88
20
24.851
30
0
0
VERTEX
8
RASTER
10
150.6
20
25.235
30
0
0
VERTEX
8
RASTER
10
150.377
20
25.665
30
0
0
VERTEX
8
RASTER
10
150.22
20
26.132
30
0
0
VERTEX
8
RASTER
10
151.026
20
26.778
30
0
0
VERTEX
8
RASTER
10
151.161
20
26.551
30
0
0
VERTEX
8
RASTER
10
151.321
20
26.357
30
0
0
VERTEX
8
RASTER
10
151.499
20
26.196
30
0
0
VERTEX
8
RASTER
10
151.691
20
26.072
30
0
0
VERTEX
8
RASTER
10
151.891
20
25.985
30
0
0
VERTEX
8
RASTER
10
152.092
20
25.938
30
0
0
VERTEX
8
RASTER
10
152.289
20
25.933
30
0
0
VERTEX
8
RASTER
10
152.477
20
25.971
30
0
0
VERTEX
8
RASTER
10
152.477
20
28.229
30
0
0
VERTEX
8
RASTER
10
151.026
20
28.229
30
0
0
VERTEX
8
RASTER
10
151.026
20
28.713
30
0
0
VERTEX
8
RASTER
10
152.477
20
28.713
30
0
0
SEQEND
8
RASTER
0
POLYLINE
8
RASTER
66
1
70
1
0
VERTEX
8
RASTER
10
146.176
20
21.344
30
0
0
VERTEX
8
RASTER
10
148.48
20
21.344
30
0
0
VERTEX
8
RASTER
10
148.48
20
20.768
30
0
0
VERTEX
8
RASTER
10
146.176
20
20.768
30
0
0
SEQEND
8
RASTER
0
POLYLINE
8
RASTER
66
1
70
1
0
VERTEX
8
RASTER
10
146.176
20
20.768
30
0
0
VERTEX
8
RASTER
10
146.752
20
20.768
30
0
0
VERTEX
8
RASTER
10
146.752
20
20.192
30
0
0
VERTEX
8
RASTER
10
146.176
20
20.192
30
0
0
SEQEND
8
RASTER
0
POLYLINE
8
RASTER
66
1
70
1
0
VERTEX
8
RASTER
10
148.48
20
20.768
30
0
0
VERTEX
8
RASTER
10
149.056
20
20.768
30
0
0
VERTEX
8
RASTER
10
149.056
20
20.192
30
0
0
VERTEX
8
RASTER
10
148.48
20
20.192
30
0
0
SEQEND
8
RASTER
0
POLYLINE
8
RASTER
66
1
70
1
0
VERTEX
8
RASTER
10
146.176
20
20.192
30
0
0
VERTEX
8
RASTER
10
146.752
20
20.192
30
0
0
VERTEX
8
RASTER
10
146.752
20
19.616
30
0
0
VERTEX
8
RASTER
10
146.176
20
19.616
30
0
0
SEQEND
8
RASTER
0
POLYLINE
8
RASTER
66
1
70
1
0
VERTEX
8
RASTER
10
148.48
20
20.192
30
0
0
VERTEX
8
RASTER
10
149.056
20
20.192
30
0
0
VERTEX
8
RASTER
10
149.056
20
19.616
30
0
0
VERTEX
8
RASTER
10
148.48
20
19.616
30
0
0
SEQEND
8
RASTER
0
POLYLINE
8
RASTER
66
1
70
1
0
VERTEX
8
RASTER
10
146.176
20
19.616
30
0
0
VERTEX
8
RASTER
10
146.752
20
19.616
30
0
0
VERTEX
8
RASTER
10
146.752
20
19.04
30
0
0
VERTEX
8
RASTER
10
146.176
20
19.04
30
0
0
SEQEND
8
RASTER
0
POLYLINE
8
RASTER
66
1
70
1
0
VERTEX
8
RASTER
10
148.48
20
19.616
30
0
0
VERTEX
8
RASTER
10
149.056
20
19.616
30
0
0
VERTEX
8
RASTER
10
149.056
20
19.04
30
0
0
VERTEX
8
RASTER
10
148.48
20
19.04
30
0
0
SEQEND
8
RASTER
0
POLYLINE
8
RASTER
66
1
70
1
0
VERTEX
8
RASTER
10
146.176
20
19.04
30
0
0
VERTEX
8
RASTER
10
146.752
20
19.04
30
0
0
VERTEX
8
RASTER
10
146.752
20
18.464
30
0
0
VERTEX
8
RASTER
10
146.176
20
18.464
30
0
0
SEQEND
8
RASTER
0
POLYLINE
8
RASTER
66
1
70
1
0
VERTEX
8
RASTER
10
148.48
20
19.04
30
0
0
VERTEX
8
RASTER
10
149.056
20
19.04
30
0
0
VERTEX
8
RASTER
10
149.056
20
18.464
30
0
0
VERTEX
8
RASTER
10
148.48
20
18.464
30
0
0
SEQEND
8
RASTER
0
POLYLINE
8
RASTER
66
1
70
1
0
VERTEX
8
RASTER
10
146.176
20
18.464
30
0
0
VERTEX
8
RASTER
10
146.752
20
18.464
30
0
0
VERTEX
8
RASTER
10
146.752
20
17.888
30
0
0
VERTEX
8
RASTER
10
146.176
20
17.888
30
0
0
SEQEND
8
RASTER
0
POLYLINE
8
RASTER
66
1
70
1
0
VERTEX
8
RASTER
10
148.48
20
18.464
30
0
0
VERTEX
8
RASTER
10
149.056
20
18.464
30
0
0
VERTEX
8
RASTER
10
149.056
20
17.888
30
0
0
VERTEX
8
RASTER
10
148.48
20
17.888
30
0
0
SEQEND
8
RASTER
0
POLYLINE
8
RASTER
66
1
70
1
0
VERTEX
8
RASTER
10
146.176
20
17.888
30
0
0
VERTEX
8
RASTER
10
148.48
20
17.888
30
0
0
VERTEX
8
RASTER
10
148.48
20
17.312
30
0
0
VERTEX
8
RASTER
10
146.176
20
17.312
30
0
0
SEQEND
8
RASTER
0
POLYLINE
8
RASTER
66
1
70
1
0
VERTEX
8
RASTER
10
150.208
20
21.344
30
0
0
VERTEX
8
RASTER
10
151.936
20
21.344
30
0
0
VERTEX
8
RASTER
10
151.936
20
20.768
30
0
0
VERTEX
8
RASTER
10
150.208
20
20.768
30
0
0
SEQEND
8
RASTER
0
POLYLINE
8
RASTER
66
1
70
1
0
VERTEX
8
RASTER
10
149.632
20
20.768
30
0
0
VERTEX
8
RASTER
10
150.208
20
20.768
30
0
0
VERTEX
8
RASTER
10
150.208
20
20.192
30
0
0
VERTEX
8
RASTER
10
149.632
20
20.192
30
0
0
SEQEND
8
RASTER
0
POLYLINE
8
RASTER
66
1
70
1
0
VERTEX
8
RASTER
10
151.936
20
20.768
30
0
0
VERTEX
8
RASTER
10
152.512
20
20.768
30
0
0
VERTEX
8
RASTER
10
152.512
20
20.192
30
0
0
VERTEX
8
RASTER
10
151.936
20
20.192
30
0
0
SEQEND
8
RASTER
0
POLYLINE
8
RASTER
66
1
70
1
0
VERTEX
8
RASTER
10
149.632
20
20.192
30
0
0
VERTEX
8
RASTER
10
150.208
20
20.192
30
0
0
VERTEX
8
RASTER
10
150.208
20
19.616
30
0
0
VERTEX
8
RASTER
10
149.632
20
19.616
30
0
0
SEQEND
8
RASTER
0
POLYLINE
8
RASTER
66
1
70
1
0
VERTEX
8
RASTER
10
151.936
20
20.192
30
0
0
VERTEX
8
RASTER
10
152.512
20
20.192
30
0
0
VERTEX
8
RASTER
10
152.512
20
19.616
30
0
0
VERTEX
8
RASTER
10
151.936
20
19.616
30
0
0
SEQEND
8
RASTER
0
POLYLINE
8
RASTER
66
1
70
1
0
VERTEX
8
RASTER
10
149.632
20
19.616
30
0
0
VERTEX
8
RASTER
10
150.208
20
19.616
30
0
0
VERTEX
8
RASTER
10
150.208
20
19.04
30
0
0
VERTEX
8
RASTER
10
149.632
20
19.04
30
0
0
SEQEND
8
RASTER
0
POLYLINE
8
RASTER
66
1
70
1
0
VERTEX
8
RASTER
10
151.936
20
19.616
30
0
0
VERTEX
8
RASTER
10
152.512
20
19.616
30
0
0
VERTEX
8
RASTER
10
152.512
20
19.04
30
0
0
VERTEX
8
RASTER
10
151.936
20
19.04
30
0
0
SEQEND
8
RASTER
0
POLYLINE
8
RASTER
66
1
70
1
0
VERTEX
8
RASTER
10
149.632
20
19.04
30
0
0
VERTEX
8
RASTER
10
150.208
20
19.04
30
0
0
VERTEX
8
RASTER
10
150.208
20
18.464
30
0
0
VERTEX
8
RASTER
10
149.632
20
18.464
30
0
0
SEQEND
8
RASTER
0
POLYLINE
8
RASTER
66
1
70
1
0
VERTEX
8
RASTER
10
151.936
20
19.04
30
0
0
VERTEX
8
RASTER
10
152.512
20
19.04
30
0
0
VERTEX
8
RASTER
10
152.512
20
18.464
30
0
0
VERTEX
8
RASTER
10
151.936
20
18.464
30
0
0
SEQEND
8
RASTER
0
POLYLINE
8
RASTER
66
1
70
1
0
VERTEX
8
RASTER
10
149.632
20
18.464
30
0
0
VERTEX
8
RASTER
10
150.208
20
18.464
30
0
0
VERTEX
8
RASTER
10
150.208
20
17.888
30
0
0
VERTEX
8
RASTER
10
149.632
20
17.888
30
0
0
SEQEND
8
RASTER
0
POLYLINE
8
RASTER
66
1
70
1
0
VERTEX
8
RASTER
10
151.936
20
18.464
30
0
0
VERTEX
8
RASTER
10
152.512
20
18.464
30
0
0
VERTEX
8
RASTER
10
152.512
20
17.888
30
0
0
VERTEX
8
RASTER
10
151.936
20
17.888
30
0
0
SEQEND
8
RASTER
0
POLYLINE
8
RASTER
66
1
70
1
0
VERTEX
8
RASTER
10
150.208
20
17.888
30
0
0
VERTEX
8
RASTER
10
151.936
20
17.888
30
0
0
VERTEX
8
RASTER
10
151.936
20
17.312
30
0
0
VERTEX
8
RASTER
10
150.208
20
17.312
30
0
0
SEQEND
8
RASTER
0
POLYLINE
8
RASTER
66
1
70
1
0
VERTEX
8
RASTER
10
153.664
20
21.344
30
0
0
VERTEX
8
RASTER
10
155.968
20
21.344
30
0
0
VERTEX
8
RASTER
10
155.968
20
20.768
30
0
0
VERTEX
8
RASTER
10
153.664
20
20.768
30
0
0
SEQEND
8
RASTER
0
POLYLINE
8
RASTER
66
1
70
1
0
VERTEX
8
RASTER
10
153.088
20
20.768
30
0
0
VERTEX
8
RASTER
10
153.664
20
20.768
30
0
0
VERTEX
8
RASTER
10
153.664
20
20.192
30
0
0
VERTEX
8
RASTER
10
153.088
20
20.192
30
0
0
SEQEND
8
RASTER
0
POLYLINE
8
RASTER
66
1
70
1
0
VERTEX
8
RASTER
10
153.088
20
20.192
30
0
0
VERTEX
8
RASTER
10
153.664
20
20.192
30
0
0
VERTEX
8
RASTER
10
153.664
20
19.616
30
0
0
VERTEX
8
RASTER
10
153.088
20
19.616
30
0
0
SEQEND
8
RASTER
0
POLYLINE
8
RASTER
66
1
70
1
0
VERTEX
8
RASTER
10
153.088
20
19.616
30
0
0
VERTEX
8
RASTER
10
153.664
20
19.616
30
0
0
VERTEX
8
RASTER
10
153.664
20
19.04
30
0
0
VERTEX
8
RASTER
10
153.088
20
19.04
30
0
0
SEQEND
8
RASTER
0
POLYLINE
8
RASTER
66
1
70
1
0
VERTEX
8
RASTER
10
153.088
20
19.04
30
0
0
VERTEX
8
RASTER
10
153.664
20
19.04
30
0
0
VERTEX
8
RASTER
10
153.664
20
18.464
30
0
0
VERTEX
8
RASTER
10
153.088
20
18.464
30
0
0
SEQEND
8
RASTER
0
POLYLINE
8
RASTER
66
1
70
1
0
VERTEX
8
RASTER
10
153.088
20
18.464
30
0
0
VERTEX
8
RASTER
10
153.664
20
18.464
30
0
0
VERTEX
8
RASTER
10
153.664
20
17.888
30
0
0
VERTEX
8
RASTER
10
153.088
20
17.888
30
0
0
SEQEND
8
RASTER
0
POLYLINE
8
RASTER
66
1
70
1
0
VERTEX
8
RASTER
10
153.664
20
17.888
30
0
0
VERTEX
8
RASTER
10
155.968
20
17.888
30
0
0
VERTEX
8
RASTER
10
155.968
20
17.312
30
0
0
VERTEX
8
RASTER
10
153.664
20
17.312
30
0
0
SEQEND
8
RASTER
0
POLYLINE
8
RASTER
66
1
70
1
0
VERTEX
8
RASTER
10
156.544
20
21.344
30
0
0
VERTEX
8
RASTER
10
157.12
20
21.344
30
0
0
VERTEX
8
RASTER
10
157.12
20
20.768
30
0
0
VERTEX
8
RASTER
10
156.544
20
20.768
30
0
0
SEQEND
8
RASTER
0
POLYLINE
8
RASTER
66
1
70
1
0
VERTEX
8
RASTER
10
158.848
20
21.344
30
0
0
VERTEX
8
RASTER
10
159.424
20
21.344
30
0
0
VERTEX
8
RASTER
10
159.424
20
20.768
30
0
0
VERTEX
8
RASTER
10
158.848
20
20.768
30
0
0
SEQEND
8
RASTER
0
POLYLINE
8
RASTER
66
1
70
1
0
VERTEX
8
RASTER
10
156.544
20
20.768
30
0
0
VERTEX
8
RASTER
10
157.12
20
20.768
30
0
0
VERTEX
8
RASTER
10
157.12
20
20.192
30
0
0
VERTEX
8
RASTER
10
156.544
20
20.192
30
0
0
SEQEND
8
RASTER
0
POLYLINE
8
RASTER
66
1
70
1
0
VERTEX
8
RASTER
10
158.272
20
20.768
30
0
0
VERTEX
8
RASTER
10
158.848
20
20.768
30
0
0
VERTEX
8
RASTER
10
158.848
20
20.192
30
0
0
VERTEX
8
RASTER
10
158.272
20
20.192
30
0
0
SEQEND
8
RASTER
0
POLYLINE
8
RASTER
66
1
70
1
0
VERTEX
8
RASTER
10
156.544
20
20.192
30
0
0
VERTEX
8
RASTER
10
157.12
20
20.192
30
0
0
VERTEX
8
RASTER
10
157.12
20
19.616
30
0
0
VERTEX
8
RASTER
10
156.544
20
19.616
30
0
0
SEQEND
8
RASTER
0
POLYLINE
8
RASTER
66
1
70
1
0
VERTEX
8
RASTER
10
157.696
20
20.192
30
0
0
VERTEX
8
RASTER
10
158.272
20
20.192
30
0
0
VERTEX
8
RASTER
10
158.272
20
19.616
30
0
0
VERTEX
8
RASTER
10
157.696
20
19.616
30
0
0
SEQEND
8
RASTER
0
POLYLINE
8
RASTER
66
1
70
1
0
VERTEX
8
RASTER
10
156.544
20
19.616
30
0
0
VERTEX
8
RASTER
10
157.696
20
19.616
30
0
0
VERTEX
8
RASTER
10
157.696
20
19.04
30
0
0
VERTEX
8
RASTER
10
156.544
20
19.04
30
0
0
SEQEND
8
RASTER
0
POLYLINE
8
RASTER
66
1
70
1
0
VERTEX
8
RASTER
10
156.544
20
19.04
30
0
0
VERTEX
8
RASTER
10
157.12
20
19.04
30
0
0
VERTEX
8
RASTER
10
157.12
20
18.464
30
0
0
VERTEX
8
RASTER
10
156.544
20
18.464
30
0
0
SEQEND
8
RASTER
0
POLYLINE
8
RASTER
66
1
70
1
0
VERTEX
8
RASTER
10
157.696
20
19.04
30
0
0
VERTEX
8
RASTER
10
158.272
20
19.04
30
0
0
VERTEX
8
RASTER
10
158.272
20
18.464
30
0
0
VERTEX
8
RASTER
10
157.696
20
18.464
30
0
0
SEQEND
8
RASTER
0
POLYLINE
8
RASTER
66
1
70
1
0
VERTEX
8
RASTER
10
156.544
20
18.464
30
0
0
VERTEX
8
RASTER
10
157.12
20
18.464
30
0
0
VERTEX
8
RASTER
10
157.12
20
17.888
30
0
0
VERTEX
8
RASTER
10
156.544
20
17.888
30
0
0
SEQEND
8
RASTER
0
POLYLINE
8
RASTER
66
1
70
1
0
VERTEX
8
RASTER
10
158.272
20
18.464
30
0
0
VERTEX
8
RASTER
10
158.848
20
18.464
30
0
0
VERTEX
8
RASTER
10
158.848
20
17.888
30
0
0
VERTEX
8
RASTER
10
158.272
20
17.888
30
0
0
SEQEND
8
RASTER
0
POLYLINE
8
RASTER
66
1
70
1
0
VERTEX
8
RASTER
10
156.544
20
17.888
30
0
0
VERTEX
8
RASTER
10
157.12
20
17.888
30
0
0
VERTEX
8
RASTER
10
157.12
20
17.312
30
0
0
VERTEX
8
RASTER
10
156.544
20
17.312
30
0
0
SEQEND
8
RASTER
0
POLYLINE
8
RASTER
66
1
70
1
0
VERTEX
8
RASTER
10
158.848
20
17.888
30
0
0
VERTEX
8
RASTER
10
159.424
20
17.888
30
0
0
VERTEX
8
RASTER
10
159.424
20
17.312
30
0
0
VERTEX
8
RASTER
10
158.848
20
17.312
30
0
0
SEQEND
8
RASTER
0
POLYLINE
8
CUT
66
1
70
1
0
VERTEX
8
CUT
10
166.4
20
34.148
30
0
0
VERTEX
8
CUT
10
166.423
20
34.5
30
0
0
VERTEX
8
CUT
10
166.494
20
34.804
30
0
0
VERTEX
8
CUT
10
166.611
20
35.062
30
0
0
VERTEX
8
CUT
10
166.775
20
35.273
30
0
0
VERTEX
8
CUT
10
166.986
20
35.437
30
0
0
VERTEX
8
CUT
10
167.244
20
35.554
30
0
0
VERTEX
8
CUT
10
167.548
20
35.625
30
0
0
VERTEX
8
CUT
10
167.9
20
35.648
30
0
0
VERTEX
8
CUT
10
183.22
20
35.648
30
0
0
VERTEX
8
CUT
10
183.572
20
35.625
30
0
0
VERTEX
8
CUT
10
183.876
20
35.554
30
0
0
VERTEX
8
CUT
10
184.134
20
35.437
30
0
0
VERTEX
8
CUT
10
184.345
20
35.273
30
0
0
VERTEX
8
CUT
10
184.509
20
35.062
30
0
0
VERTEX
8
CUT
10
184.626
20
34.804
30
0
0
VERTEX
8
CUT
10
184.697
20
34.5
30
0
0
VERTEX
8
CUT
10
184.72
20
34.148
30
0
0
VERTEX
8
CUT
10
184.72
20
28.7
30
0
0
VERTEX
8
CUT
10
184.697
20
28.348
30
0
0
VERTEX
8
CUT
10
184.626
20
28.044
30
0
0
VERTEX
8
CUT
10
184.509
20
27.786
30
0
0
VERTEX
8
CUT
10
184.345
20
27.575
30
0
0
VERTEX
8
CUT
10
184.134
20
27.411
30
0
0
VERTEX
8
CUT
10
183.876
20
27.294
30
0
0
VERTEX
8
CUT
10
183.572
20
27.223
30
0
0
VERTEX
8
CUT
10
183.22
20
27.2
30
0
0
VERTEX
8
CUT
10
167.9
20
27.2
30
0
0
VERTEX
8
CUT
10
167.548
20
27.223
30
0
0
VERTEX
8
CUT
10
167.244
20
27.294
30
0
0
VERTEX
8
CUT
10
166.986
20
27.411
30
0
0
VERTEX
8
CUT
10
166.775
20
27.575
30
0
0
VERTEX
8
CUT
10
166.611
20
27.786
30
0
0
VERTEX
8
CUT
10
166.494
20
28.044
30
0
0
VERTEX
8
CUT
10
166.423
20
28.348
30
0
0
VERTEX
8
CUT
10
166.4
20
28.7
30
0
0
SEQEND
8
CUT
0
POLYLINE
8
RASTER
66
1
70
1
0
VERTEX
8
RASTER
10
169
20
34.448
30
0
0
VERTEX
8
RASTER
10
169.8
20
34.448
30
0
0
VERTEX
8
RASTER
10
169.8
20
28.4
30
0
0
VERTEX
8
RASTER
10
169
20
28.4
30
0
0
SEQEND
8
RASTER
0
POLYLINE
8
RASTER
66
1
70
1
0
VERTEX
8
RASTER
10
172.2
20
34.448
30
0
0
VERTEX
8
RASTER
10
173
20
34.448
30
0
0
VERTEX
8
RASTER
10
173
20
28.4
30
0
0
VERTEX
8
RASTER
10
172.2
20
28.4
30
0
0
SEQEND
8
RASTER
0
POLYLINE
8
RASTER
66
1
70
1
0
VERTEX
8
RASTER
10
175.4
20
34.448
30
0
0
VERTEX
8
RASTER
10
176.2
20
34.448
30
0
0
VERTEX
8
RASTER
10
176.2
20
28.4
30
0
0
VERTEX
8
RASTER
10
175.4
20
28.4
30
0
0
SEQEND
8
RASTER
0
POLYLINE
8
RASTER
66
1
70
1
0
VERTEX
8
RASTER
10
178.6
20
34.448
30
0
0
VERTEX
8
RASTER
10
179.4
20
34.448
30
0
0
VERTEX
8
RASTER
10
179.4
20
28.4
30
0
0
VERTEX
8
RASTER
10
178.6
20
28.4
30
0
0
SEQEND
8
RASTER
0
POLYLINE
8
RASTER
66
1
70
1
0
VERTEX
8
RASTER
10
181.8
20
34.448
30
0
0
VERTEX
8
RASTER
10
182.6
20
34.448
30
0
0
VERTEX
8
RASTER
10
182.6
20
28.4
30
0
0
VERTEX
8
RASTER
10
181.8
20
28.4
30
0
0
SEQEND
8
RASTER
0
POLYLINE
8
CUT
66
1
70
1
0
VERTEX
8
CUT
10
188.72
20
34.148
30
0
0
VERTEX
8
CUT
10
188.743
20
34.5
30
0
0
VERTEX
8
CUT
10
188.814
20
34.804
30
0
0
VERTEX
8
CUT
10
188.931
20
35.062
30
0
0
VERTEX
8
CUT
10
189.095
20
35.273
30
0
0
VERTEX
8
CUT
10
189.306
20
35.437
30
0
0
VERTEX
8
CUT
10
189.564
20
35.554
30
0
0
VERTEX
8
CUT
10
189.868
20
35.625
30
0
0
VERTEX
8
CUT
10
190.22
20
35.648
30
0
0
VERTEX
8
CUT
10
205.54
20
35.648
30
0
0
VERTEX
8
CUT
10
205.892
20
35.625
30
0
0
VERTEX
8
CUT
10
206.196
20
35.554
30
0
0
VERTEX
8
CUT
10
206.454
20
35.437
30
0
0
VERTEX
8
CUT
10
206.665
20
35.273
30
0
0
VERTEX
8
CUT
10
206.829
20
35.062
30
0
0
VERTEX
8
CUT
10
206.946
20
34.804
30
0
0
VERTEX
8
CUT
10
207.017
20
34.5
30
0
0
VERTEX
8
CUT
10
207.04
20
34.148
30
0
0
VERTEX
8
CUT
10
207.04
20
28.7
30
0
0
VERTEX
8
CUT
10
207.017
20
28.348
30
0
0
VERTEX
8
CUT
10
206.946
20
28.044
30
0
0
VERTEX
8
CUT
10
206.829
20
27.786
30
0
0
VERTEX
8
CUT
10
206.665
20
27.575
30
0
0
VERTEX
8
CUT
10
206.454
20
27.411
30
0
0
VERTEX
8
CUT
10
206.196
20
27.294
30
0
0
VERTEX
8
CUT
10
205.892
20
27.223
30
0
0
VERTEX
8
CUT
10
205.54
20
27.2
30
0
0
VERTEX
8
CUT
10
190.22
20
27.2
30
0
0
VERTEX
8
CUT
10
189.868
20
27.223
30
0
0
VERTEX
8
CUT
10
189.564
20
27.294
30
0
0
VERTEX
8
CUT
10
189.306
20
27.411
30
0
0
VERTEX
8
CUT
10
189.095
20
27.575
30
0
0
VERTEX
8
CUT
10
188.931
20
27.786
30
0
0
VERTEX
8
CUT
10
188.814
20
28.044
30
0
0
VERTEX
8
CUT
10
188.743
20
28.348
30
0
0
VERTEX
8
CUT
10
188.72
20
28.7
30
0
0
SEQEND
8
CUT
0
POLYLINE
8
RASTER
66
1
70
1
0
VERTEX
8
RASTER
10
191.32
20
34.448
30
0
0
VERTEX
8
RASTER
10
192.12
20
34.448
30
0
0
VERTEX
8
RASTER
10
192.12
20
28.4
30
0
0
VERTEX
8
RASTER
10
191.32
20
28.4
30
0
0
SEQEND
8
RASTER
0
POLYLINE
8
RASTER
66
1
70
1
0
VERTEX
8
RASTER
10
194.52
20
34.448
30
0
0
VERTEX
8
RASTER
10
195.32
20
34.448
30
0
0
VERTEX
8
RASTER
10
195.32
20
28.4
30
0
0
VERTEX
8
RASTER
10
194.52
20
28.4
30
0
0
SEQEND
8
RASTER
0
POLYLINE
8
RASTER
66
1
70
1
0
VERTEX
8
RASTER
10
197.72
20
34.448
30
0
0
VERTEX
8
RASTER
10
198.52
20
34.448
30
0
0
VERTEX
8
RASTER
10
198.52
20
28.4
30
0
0
VERTEX
8
RASTER
10
197.72
20
28.4
30
0
0
SEQEND
8
RASTER
0
POLYLINE
8
RASTER
66
1
70
1
0
VERTEX
8
RASTER
10
200.92
20
34.448
30
0
0
VERTEX
8
RASTER
10
201.72
20
34.448
30
0
0
VERTEX
8
RASTER
10
201.72
20
28.4
30
0
0
VERTEX
8
RASTER
10
200.92
20
28.4
30
0
0
SEQEND
8
RASTER
0
POLYLINE
8
RASTER
66
1
70
1
0
VERTEX
8
RASTER
10
204.12
20
34.448
30
0
0
VERTEX
8
RASTER
10
204.92
20
34.448
30
0
0
VERTEX
8
RASTER
10
204.92
20
28.4
30
0
0
VERTEX
8
RASTER
10
204.12
20
28.4
30
0
0
SEQEND
8
RASTER
0
POLYLINE
8
CUT
66
1
70
1
0
VERTEX
8
CUT
10
211.04
20
34.148
30
0
0
VERTEX
8
CUT
10
211.063
20
34.5
30
0
0
VERTEX
8
CUT
10
211.134
20
34.804
30
0
0
VERTEX
8
CUT
10
211.251
20
35.062
30
0
0
VERTEX
8
CUT
10
211.415
20
35.273
30
0
0
VERTEX
8
CUT
10
211.626
20
35.437
30
0
0
VERTEX
8
CUT
10
211.884
20
35.554
30
0
0
VERTEX
8
CUT
10
212.188
20
35.625
30
0
0
VERTEX
8
CUT
10
212.54
20
35.648
30
0
0
VERTEX
8
CUT
10
227.86
20
35.648
30
0
0
VERTEX
8
CUT
10
228.212
20
35.625
30
0
0
VERTEX
8
CUT
10
228.516
20
35.554
30
0
0
VERTEX
8
CUT
10
228.774
20
35.437
30
0
0
VERTEX
8
CUT
10
228.985
20
35.273
30
0
0
VERTEX
8
CUT
10
229.149
20
35.062
30
0
0
VERTEX
8
CUT
10
229.266
20
34.804
30
0
0
VERTEX
8
CUT
10
229.337
20
34.5
30
0
0
VERTEX
8
CUT
10
229.36
20
34.148
30
0
0
VERTEX
8
CUT
10
229.36
20
28.7
30
0
0
VERTEX
8
CUT
10
229.337
20
28.348
30
0
0
VERTEX
8
CUT
10
229.266
20
28.044
30
0
0
VERTEX
8
CUT
10
229.149
20
27.786
30
0
0
VERTEX
8
CUT
10
228.985
20
27.575
30
0
0
VERTEX
8
CUT
10
228.774
20
27.411
30
0
0
VERTEX
8
CUT
10
228.516
20
27.294
30
0
0
VERTEX
8
CUT
10
228.212
20
27.223
30
0
0
VERTEX
8
CUT
10
227.86
20
27.2
30
0
0
VERTEX
8
CUT
10
212.54
20
27.2
30
0
0
VERTEX
8
CUT
10
212.188
20
27.223
30
0
0
VERTEX
8
CUT
10
211.884
20
27.294
30
0
0
VERTEX
8
CUT
10
211.626
20
27.411
30
0
0
VERTEX
8
CUT
10
211.415
20
27.575
30
0
0
VERTEX
8
CUT
10
211.251
20
27.786
30
0
0
VERTEX
8
CUT
10
211.134
20
28.044
30
0
0
VERTEX
8
CUT
10
211.063
20
28.348
30
0
0
VERTEX
8
CUT
10
211.04
20
28.7
30
0
0
SEQEND
8
CUT
0
POLYLINE
8
RASTER
66
1
70
1
0
VERTEX
8
RASTER
10
213.64
20
34.448
30
0
0
VERTEX
8
RASTER
10
214.44
20
34.448
30
0
0
VERTEX
8
RASTER
10
214.44
20
28.4
30
0
0
VERTEX
8
RASTER
10
213.64
20
28.4
30
0
0
SEQEND
8
RASTER
0
POLYLINE
8
RASTER
66
1
70
1
0
VERTEX
8
RASTER
10
216.84
20
34.448
30
0
0
VERTEX
8
RASTER
10
217.64
20
34.448
30
0
0
VERTEX
8
RASTER
10
217.64
20
28.4
30
0
0
VERTEX
8
RASTER
10
216.84
20
28.4
30
0
0
SEQEND
8
RASTER
0
POLYLINE
8
RASTER
66
1
70
1
0
VERTEX
8
RASTER
10
220.04
20
34.448
30
0
0
VERTEX
8
RASTER
10
220.84
20
34.448
30
0
0
VERTEX
8
RASTER
10
220.84
20
28.4
30
0
0
VERTEX
8
RASTER
10
220.04
20
28.4
30
0
0
SEQEND
8
RASTER
0
POLYLINE
8
RASTER
66
1
70
1
0
VERTEX
8
RASTER
10
223.24
20
34.448
30
0
0
VERTEX
8
RASTER
10
224.04
20
34.448
30
0
0
VERTEX
8
RASTER
10
224.04
20
28.4
30
0
0
VERTEX
8
RASTER
10
223.24
20
28.4
30
0
0
SEQEND
8
RASTER
0
POLYLINE
8
RASTER
66
1
70
1
0
VERTEX
8
RASTER
10
226.44
20
34.448
30
0
0
VERTEX
8
RASTER
10
227.24
20
34.448
30
0
0
VERTEX
8
RASTER
10
227.24
20
28.4
30
0
0
VERTEX
8
RASTER
10
226.44
20
28.4
30
0
0
SEQEND
8
RASTER
0
POLYLINE
8
CUT
66
1
70
1
0
VERTEX
8
CUT
10
233.36
20
34.148
30
0
0
VERTEX
8
CUT
10
233.383
20
34.5
30
0
0
VERTEX
8
CUT
10
233.454
20
34.804
30
0
0
VERTEX
8
CUT
10
233.571
20
35.062
30
0
0
VERTEX
8
CUT
10
233.735
20
35.273
30
0
0
VERTEX
8
CUT
10
233.946
20
35.437
30
0
0
VERTEX
8
CUT
10
234.204
20
35.554
30
0
0
VERTEX
8
CUT
10
234.508
20
35.625
30
0
0
VERTEX
8
CUT
10
234.86
20
35.648
30
0
0
VERTEX
8
CUT
10
250.18
20
35.648
30
0
0
VERTEX
8
CUT
10
250.532
20
35.625
30
0
0
VERTEX
8
CUT
10
250.836
20
35.554
30
0
0
VERTEX
8
CUT
10
251.094
20
35.437
30
0
0
VERTEX
8
CUT
10
251.305
20
35.273
30
0
0
VERTEX
8
CUT
10
251.469
20
35.062
30
0
0
VERTEX
8
CUT
10
251.586
20
34.804
30
0
0
VERTEX
8
CUT
10
251.657
20
34.5
30
0
0
VERTEX
8
CUT
10
251.68
20
34.148
30
0
0
VERTEX
8
CUT
10
251.68
20
28.7
30
0
0
VERTEX
8
CUT
10
251.657
20
28.348
30
0
0
VERTEX
8
CUT
10
251.586
20
28.044
30
0
0
VERTEX
8
CUT
10
251.469
20
27.786
30
0
0
VERTEX
8
CUT
10
251.305
20
27.575
30
0
0
VERTEX
8
CUT
10
251.094
20
27.411
30
0
0
VERTEX
8
CUT
10
250.836
20
27.294
30
0
0
VERTEX
8
CUT
10
250.532
20
27.223
30
0
0
VERTEX
8
CUT
10
250.18
20
27.2
30
0
0
VERTEX
8
CUT
10
234.86
20
27.2
30
0
0
VERTEX
8
CUT
10
234.508
20
27.223
30
0
0
VERTEX
8
CUT
10
234.204
20
27.294
30
0
0
VERTEX
8
CUT
10
233.946
20
27.411
30
0
0
VERTEX
8
CUT
10
233.735
20
27.575
30
0
0
VERTEX
8
CUT
10
233.571
20
27.786
30
0
0
VERTEX
8
CUT
10
233.454
20
28.044
30
0
0
VERTEX
8
CUT
10
233.383
20
28.348
30
0
0
VERTEX
8
CUT
10
233.36
20
28.7
30
0
0
SEQEND
8
CUT
0
POLYLINE
8
RASTER
66
1
70
1
0
VERTEX
8
RASTER
10
235.96
20
34.448
30
0
0
VERTEX
8
RASTER
10
236.76
20
34.448
30
0
0
VERTEX
8
RASTER
10
236.76
20
28.4
30
0
0
VERTEX
8
RASTER
10
235.96
20
28.4
30
0
0
SEQEND
8
RASTER
0
POLYLINE
8
RASTER
66
1
70
1
0
VERTEX
8
RASTER
10
239.16
20
34.448
30
0
0
VERTEX
8
RASTER
10
239.96
20
34.448
30
0
0
VERTEX
8
RASTER
10
239.96
20
28.4
30
0
0
VERTEX
8
RASTER
10
239.16
20
28.4
30
0
0
SEQEND
8
RASTER
0
POLYLINE
8
RASTER
66
1
70
1
0
VERTEX
8
RASTER
10
242.36
20
34.448
30
0
0
VERTEX
8
RASTER
10
243.16
20
34.448
30
0
0
VERTEX
8
RASTER
10
243.16
20
28.4
30
0
0
VERTEX
8
RASTER
10
242.36
20
28.4
30
0
0
SEQEND
8
RASTER
0
POLYLINE
8
RASTER
66
1
70
1
0
VERTEX
8
RASTER
10
245.56
20
34.448
30
0
0
VERTEX
8
RASTER
10
246.36
20
34.448
30
0
0
VERTEX
8
RASTER
10
246.36
20
28.4
30
0
0
VERTEX
8
RASTER
10
245.56
20
28.4
30
0
0
SEQEND
8
RASTER
0
POLYLINE
8
RASTER
66
1
70
1
0
VERTEX
8
RASTER
10
248.76
20
34.448
30
0
0
VERTEX
8
RASTER
10
249.56
20
34.448
30
0
0
VERTEX
8
RASTER
10
249.56
20
28.4
30
0
0
VERTEX
8
RASTER
10
248.76
20
28.4
30
0
0
SEQEND
8
RASTER
0
POLYLINE
8
CUT
66
1
70
1
0
VERTEX
8
CUT
10
255.68
20
34.148
30
0
0
VERTEX
8
CUT
10
255.703
20
34.5
30
0
0
VERTEX
8
CUT
10
255.774
20
34.804
30
0
0
VERTEX
8
CUT
10
255.891
20
35.062
30
0
0
VERTEX
8
CUT
10
256.055
20
35.273
30
0
0
VERTEX
8
CUT
10
256.266
20
35.437
30
0
0
VERTEX
8
CUT
10
256.524
20
35.554
30
0
0
VERTEX
8
CUT
10
256.828
20
35.625
30
0
0
VERTEX
8
CUT
10
257.18
20
35.648
30
0
0
VERTEX
8
CUT
10
272.5
20
35.648
30
0
0
VERTEX
8
CUT
10
272.852
20
35.625
30
0
0
VERTEX
8
CUT
10
273.156
20
35.554
30
0
0
VERTEX
8
CUT
10
273.414
20
35.437
30
0
0
VERTEX
8
CUT
10
273.625
20
35.273
30
0
0
VERTEX
8
CUT
10
273.789
20
35.062
30
0
0
VERTEX
8
CUT
10
273.906
20
34.804
30
0
0
VERTEX
8
CUT
10
273.977
20
34.5
30
0
0
VERTEX
8
CUT
10
274
20
34.148
30
0
0
VERTEX
8
CUT
10
274
20
28.7
30
0
0
VERTEX
8
CUT
10
273.977
20
28.348
30
0
0
VERTEX
8
CUT
10
273.906
20
28.044
30
0
0
VERTEX
8
CUT
10
273.789
20
27.786
30
0
0
VERTEX
8
CUT
10
273.625
20
27.575
30
0
0
VERTEX
8
CUT
10
273.414
20
27.411
30
0
0
VERTEX
8
CUT
10
273.156
20
27.294
30
0
0
VERTEX
8
CUT
10
272.852
20
27.223
30
0
0
VERTEX
8
CUT
10
272.5
20
27.2
30
0
0
VERTEX
8
CUT
10
257.18
20
27.2
30
0
0
VERTEX
8
CUT
10
256.828
20
27.223
30
0
0
VERTEX
8
CUT
10
256.524
20
27.294
30
0
0
VERTEX
8
CUT
10
256.266
20
27.411
30
0
0
VERTEX
8
CUT
10
256.055
20
27.575
30
0
0
VERTEX
8
CUT
10
255.891
20
27.786
30
0
0
VERTEX
8
CUT
10
255.774
20
28.044
30
0
0
VERTEX
8
CUT
10
255.703
20
28.348
30
0
0
VERTEX
8
CUT
10
255.68
20
28.7
30
0
0
SEQEND
8
CUT
0
POLYLINE
8
RASTER
66
1
70
1
0
VERTEX
8
RASTER
10
258.28
20
34.448
30
0
0
VERTEX
8
RASTER
10
259.08
20
34.448
30
0
0
VERTEX
8
RASTER
10
259.08
20
28.4
30
0
0
VERTEX
8
RASTER
10
258.28
20
28.4
30
0
0
SEQEND
8
RASTER
0
POLYLINE
8
RASTER
66
1
70
1
0
VERTEX
8
RASTER
10
261.48
20
34.448
30
0
0
VERTEX
8
RASTER
10
262.28
20
34.448
30
0
0
VERTEX
8
RASTER
10
262.28
20
28.4
30
0
0
VERTEX
8
RASTER
10
261.48
20
28.4
30
0
0
SEQEND
8
RASTER
0
POLYLINE
8
RASTER
66
1
70
1
0
VERTEX
8
RASTER
10
264.68
20
34.448
30
0
0
VERTEX
8
RASTER
10
265.48
20
34.448
30
0
0
VERTEX
8
RASTER
10
265.48
20
28.4
30
0
0
VERTEX
8
RASTER
10
264.68
20
28.4
30
0
0
SEQEND
8
RASTER
0
POLYLINE
8
RASTER
66
1
70
1
0
VERTEX
8
RASTER
10
267.88
20
34.448
30
0
0
VERTEX
8
RASTER
10
268.68
20
34.448
30
0
0
VERTEX
8
RASTER
10
268.68
20
28.4
30
0
0
VERTEX
8
RASTER
10
267.88
20
28.4
30
0
0
SEQEND
8
RASTER
0
POLYLINE
8
RASTER
66
1
70
1
0
VERTEX
8
RASTER
10
271.08
20
34.448
30
0
0
VERTEX
8
RASTER
10
271.88
20
34.448
30
0
0
VERTEX
8
RASTER
10
271.88
20
28.4
30
0
0
VERTEX
8
RASTER
10
271.08
20
28.4
30
0
0
SEQEND
8
RASTER
0
POLYLINE
8
CUT
66
1
70
1
0
VERTEX
8
CUT
10
278
20
34.148
30
0
0
VERTEX
8
CUT
10
278.023
20
34.5
30
0
0
VERTEX
8
CUT
10
278.094
20
34.804
30
0
0
VERTEX
8
CUT
10
278.211
20
35.062
30
0
0
VERTEX
8
CUT
10
278.375
20
35.273
30
0
0
VERTEX
8
CUT
10
278.586
20
35.437
30
0
0
VERTEX
8
CUT
10
278.844
20
35.554
30
0
0
VERTEX
8
CUT
10
279.148
20
35.625
30
0
0
VERTEX
8
CUT
10
279.5
20
35.648
30
0
0
VERTEX
8
CUT
10
294.82
20
35.648
30
0
0
VERTEX
8
CUT
10
295.172
20
35.625
30
0
0
VERTEX
8
CUT
10
295.476
20
35.554
30
0
0
VERTEX
8
CUT
10
295.734
20
35.437
30
0
0
VERTEX
8
CUT
10
295.945
20
35.273
30
0
0
VERTEX
8
CUT
10
296.109
20
35.062
30
0
0
VERTEX
8
CUT
10
296.226
20
34.804
30
0
0
VERTEX
8
CUT
10
296.297
20
34.5
30
0
0
VERTEX
8
CUT
10
296.32
20
34.148
30
0
0
VERTEX
8
CUT
10
296.32
20
28.7
30
0
0
VERTEX
8
CUT
10
296.297
20
28.348
30
0
0
VERTEX
8
CUT
10
296.226
20
28.044
30
0
0
VERTEX
8
CUT
10
296.109
20
27.786
30
0
0
VERTEX
8
CUT
10
295.945
20
27.575
30
0
0
VERTEX
8
CUT
10
295.734
20
27.411
30
0
0
VERTEX
8
CUT
10
295.476
20
27.294
30
0
0
VERTEX
8
CUT
10
295.172
20
27.223
30
0
0
VERTEX
8
CUT
10
294.82
20
27.2
30
0
0
VERTEX
8
CUT
10
279.5
20
27.2
30
0
0
VERTEX
8
CUT
10
279.148
20
27.223
30
0
0
VERTEX
8
CUT
10
278.844
20
27.294
30
0
0
VERTEX
8
CUT
10
278.586
20
27.411
30
0
0
VERTEX
8
CUT
10
278.375
20
27.575
30
0
0
VERTEX
8
CUT
10
278.211
20
27.786
30
0
0
VERTEX
8
CUT
10
278.094
20
28.044
30
0
0
VERTEX
8
CUT
10
278.023
20
28.348
30
0
0
VERTEX
8
CUT
10
278
20
28.7
30
0
0
SEQEND
8
CUT
0
POLYLINE
8
RASTER
66
1
70
1
0
VERTEX
8
RASTER
10
280.6
20
34.448
30
0
0
VERTEX
8
RASTER
10
281.4
20
34.448
30
0
0
VERTEX
8
RASTER
10
281.4
20
28.4
30
0
0
VERTEX
8
RASTER
10
280.6
20
28.4
30
0
0
SEQEND
8
RASTER
0
POLYLINE
8
RASTER
66
1
70
1
0
VERTEX
8
RASTER
10
283.8
20
34.448
30
0
0
VERTEX
8
RASTER
10
284.6
20
34.448
30
0
0
VERTEX
8
RASTER
10
284.6
20
28.4
30
0
0
VERTEX
8
RASTER
10
283.8
20
28.4
30
0
0
SEQEND
8
RASTER
0
POLYLINE
8
RASTER
66
1
70
1
0
VERTEX
8
RASTER
10
287
20
34.448
30
0
0
VERTEX
8
RASTER
10
287.8
20
34.448
30
0
0
VERTEX
8
RASTER
10
287.8
20
28.4
30
0
0
VERTEX
8
RASTER
10
287
20
28.4
30
0
0
SEQEND
8
RASTER
0
POLYLINE
8
RASTER
66
1
70
1
0
VERTEX
8
RASTER
10
290.2
20
34.448
30
0
0
VERTEX
8
RASTER
10
291
20
34.448
30
0
0
VERTEX
8
RASTER
10
291
20
28.4
30
0
0
VERTEX
8
RASTER
10
290.2
20
28.4
30
0
0
SEQEND
8
RASTER
0
POLYLINE
8
RASTER
66
1
70
1
0
VERTEX
8
RASTER
10
293.4
20
34.448
30
0
0
VERTEX
8
RASTER
10
294.2
20
34.448
30
0
0
VERTEX
8
RASTER
10
294.2
20
28.4
30
0
0
VERTEX
8
RASTER
10
293.4
20
28.4
30
0
0
SEQEND
8
RASTER
0
POLYLINE
8
CUT
66
1
70
1
0
VERTEX
8
CUT
10
4
20
10.948
30
0
0
VERTEX
8
CUT
10
4.023
20
11.3
30
0
0
VERTEX
8
CUT
10
4.094
20
11.604
30
0
0
VERTEX
8
CUT
10
4.211
20
11.862
30
0
0
VERTEX
8
CUT
10
4.375
20
12.073
30
0
0
VERTEX
8
CUT
10
4.586
20
12.237
30
0
0
VERTEX
8
CUT
10
4.844
20
12.354
30
0
0
VERTEX
8
CUT
10
5.148
20
12.425
30
0
0
VERTEX
8
CUT
10
5.5
20
12.448
30
0
0
VERTEX
8
CUT
10
20.82
20
12.448
30
0
0
VERTEX
8
CUT
10
21.172
20
12.425
30
0
0
VERTEX
8
CUT
10
21.476
20
12.354
30
0
0
VERTEX
8
CUT
10
21.734
20
12.237
30
0
0
VERTEX
8
CUT
10
21.945
20
12.073
30
0
0
VERTEX
8
CUT
10
22.109
20
11.862
30
0
0
VERTEX
8
CUT
10
22.226
20
11.604
30
0
0
VERTEX
8
CUT
10
22.297
20
11.3
30
0
0
VERTEX
8
CUT
10
22.32
20
10.948
30
0
0
VERTEX
8
CUT
10
22.32
20
5.5
30
0
0
VERTEX
8
CUT
10
22.297
20
5.148
30
0
0
VERTEX
8
CUT
10
22.226
20
4.844
30
0
0
VERTEX
8
CUT
10
22.109
20
4.586
30
0
0
VERTEX
8
CUT
10
21.945
20
4.375
30
0
0
VERTEX
8
CUT
10
21.734
20
4.211
30
0
0
VERTEX
8
CUT
10
21.476
20
4.094
30
0
0
VERTEX
8
CUT
10
21.172
20
4.023
30
0
0
VERTEX
8
CUT
10
20.82
20
4
30
0
0
VERTEX
8
CUT
10
5.5
20
4
30
0
0
VERTEX
8
CUT
10
5.148
20
4.023
30
0
0
VERTEX
8
CUT
10
4.844
20
4.094
30
0
0
VERTEX
8
CUT
10
4.586
20
4.211
30
0
0
VERTEX
8
CUT
10
4.375
20
4.375
30
0
0
VERTEX
8
CUT
10
4.211
20
4.586
30
0
0
VERTEX
8
CUT
10
4.094
20
4.844
30
0
0
VERTEX
8
CUT
10
4.023
20
5.148
30
0
0
VERTEX
8
CUT
10
4
20
5.5
30
0
0
SEQEND
8
CUT
0
POLYLINE
8
RASTER
66
1
70
1
0
VERTEX
8
RASTER
10
6.6
20
11.248
30
0
0
VERTEX
8
RASTER
10
7.4
20
11.248
30
0
0
VERTEX
8
RASTER
10
7.4
20
5.2
30
0
0
VERTEX
8
RASTER
10
6.6
20
5.2
30
0
0
SEQEND
8
RASTER
0
POLYLINE
8
RASTER
66
1
70
1
0
VERTEX
8
RASTER
10
9.8
20
11.248
30
0
0
VERTEX
8
RASTER
10
10.6
20
11.248
30
0
0
VERTEX
8
RASTER
10
10.6
20
5.2
30
0
0
VERTEX
8
RASTER
10
9.8
20
5.2
30
0
0
SEQEND
8
RASTER
0
POLYLINE
8
RASTER
66
1
70
1
0
VERTEX
8
RASTER
10
13
20
11.248
30
0
0
VERTEX
8
RASTER
10
13.8
20
11.248
30
0
0
VERTEX
8
RASTER
10
13.8
20
5.2
30
0
0
VERTEX
8
RASTER
10
13
20
5.2
30
0
0
SEQEND
8
RASTER
0
POLYLINE
8
RASTER
66
1
70
1
0
VERTEX
8
RASTER
10
16.2
20
11.248
30
0
0
VERTEX
8
RASTER
10
17
20
11.248
30
0
0
VERTEX
8
RASTER
10
17
20
5.2
30
0
0
VERTEX
8
RASTER
10
16.2
20
5.2
30
0
0
SEQEND
8
RASTER
0
POLYLINE
8
RASTER
66
1
70
1
0
VERTEX
8
RASTER
10
19.4
20
11.248
30
0
0
VERTEX
8
RASTER
10
20.2
20
11.248
30
0
0
VERTEX
8
RASTER
10
20.2
20
5.2
30
0
0
VERTEX
8
RASTER
10
19.4
20
5.2
30
0
0
SEQEND
8
RASTER
0
ENDSEC
0
EOF
