  0
SECTION
  2
HEADER
  9
$ACADVER
  1
AC1015
  9
$ACADMAINTVER
 70
6
  9
$DWGCODEPAGE
  3
ANSI_1252
  9
$INSBASE
 10
0.0
 20
0.0
 30
0.0
  9
$EXTMIN
 10
1e+20
 20
1e+20
 30
1e+20
  9
$EXTMAX
 10
-1e+20
 20
-1e+20
 30
-1e+20
  9
$LIMMIN
 10
0.0
 20
0.0
  9
$LIMMAX
 10
420.0
 20
297.0
  9
$ORTHOMODE
 70
0
  9
$REGENMODE
 70
1
  9
$FILLMODE
 70
1
  9
$QTEXTMODE
 70
0
  9
$MIRRTEXT
 70
1
  9
$LTSCALE
 40
1.0
  9
$ATTMODE
 70
1
  9
$TEXTSIZE
 40
2.5
  9
$TRACEWID
 40
1.0
  9
$TEXTSTYLE
  7
Standard
  9
$CLAYER
  8
0
  9
$CELTYPE
  6
ByLayer
  9
$CECOLOR
 62
256
  9
$CELTSCALE
 40
1.0
  9
$DISPSILH
 70
0
  9
$DIMSCALE
 40
1.0
  9
$DIMASZ
 40
2.5
  9
$DIMEXO
 40
0.625
  9
$DIMDLI
 40
3.75
  9
$DIMRND
 40
0.0
  9
$DIMDLE
 40
0.0
  9
$DIMEXE
 40
1.25
  9
$DIMTP
 40
0.0
  9
$DIMTM
 40
0.0
  9
$DIMTXT
 40
2.5
  9
$DIMCEN
 40
2.5
  9
$DIMTSZ
 40
0.0
  9
$DIMTOL
 70
0
  9
$DIMLIM
 70
0
  9
$DIMTIH
 70
0
  9
$DIMTOH
 70
0
  9
$DIMSE1
 70
0
  9
$DIMSE2
 70
0
  9
$DIMTAD
 70
1
  9
$DIMZIN
 70
8
  9
$DIMBLK
  1

  9
$DIMASO
 70
1
  9
$DIMSHO
 70
1
  9
$DIMPOST
  1

  9
$DIMAPOST
  1

  9
$DIMALT
 70
0
  9
$DIMALTD
 70
3
  9
$DIMALTF
 40
0.03937007874
  9
$DIMLFAC
 40
1.0
  9
$DIMTOFL
 70
1
  9
$DIMTVP
 40
0.0
  9
$DIMTIX
 70
0
  9
$DIMSOXD
 70
0
  9
$DIMSAH
 70
0
  9
$DIMBLK1
  1

  9
$DIMBLK2
  1

  9
$DIMSTYLE
  2
ISO-25
  9
$DIMCLRD
 70
0
  9
$DIMCLRE
 70
0
  9
$DIMCLRT
 70
0
  9
$DIMTFAC
 40
1.0
  9
$DIMGAP
 40
0.625
  9
$DIMJUST
 70
0
  9
$DIMSD1
 70
0
  9
$DIMSD2
 70
0
  9
$DIMTOLJ
 70
0
  9
$DIMTZIN
 70
8
  9
$DIMALTZ
 70
0
  9
$DIMALTTZ
 70
0
  9
$DIMUPT
 70
0
  9
$DIMDEC
 70
2
  9
$DIMTDEC
 70
2
  9
$DIMALTU
 70
2
  9
$DIMALTTD
 70
3
  9
$DIMTXSTY
  7
Standard
  9
$DIMAUNIT
 70
0
  9
$DIMADEC
 70
0
  9
$DIMALTRND
 40
0.0
  9
$DIMAZIN
 70
0
  9
$DIMDSEP
 70
44
  9
$DIMATFIT
 70
3
  9
$DIMFRAC
 70
0
  9
$DIMLDRBLK
  1

  9
$DIMLUNIT
 70
2
  9
$DIMLWD
 70
-2
  9
$DIMLWE
 70
-2
  9
$DIMTMOVE
 70
0
  9
$LUNITS
 70
2
  9
$LUPREC
 70
4
  9
$SKETCHINC
 40
1.0
  9
$FILLETRAD
 40
10.0
  9
$AUNITS
 70
0
  9
$AUPREC
 70
2
  9
$MENU
  1
.
  9
$ELEVATION
 40
0.0
  9
$PELEVATION
 40
0.0
  9
$THICKNESS
 40
0.0
  9
$LIMCHECK
 70
0
  9
$CHAMFERA
 40
0.0
  9
$CHAMFERB
 40
0.0
  9
$CHAMFERC
 40
0.0
  9
$CHAMFERD
 40
0.0
  9
$SKPOLY
 70
0
  9
$TDCREATE
 40
2461296.401851852
  9
$TDUCREATE
 40
2458532.153996898
  9
$TDUPDATE
 40
2461296.401851852
  9
$TDUUPDATE
 40
2458532.1544311
  9
$TDINDWG
 40
0.0
  9
$TDUSRTIMER
 40
0.0
  9
$USRTIMER
 70
1
  9
$ANGBASE
 50
0.0
  9
$ANGDIR
 70
0
  9
$PDMODE
 70
0
  9
$PDSIZE
 40
0.0
  9
$PLINEWID
 40
0.0
  9
$SPLFRAME
 70
0
  9
$SPLINETYPE
 70
6
  9
$SPLINESEGS
 70
8
  9
$HANDSEED
  5
6C
  9
$SURFTAB1
 70
6
  9
$SURFTAB2
 70
6
  9
$SURFTYPE
 70
6
  9
$SURFU
 70
6
  9
$SURFV
 70
6
  9
$UCSBASE
  2

  9
$UCSNAME
  2

  9
$UCSORG
 10
0.0
 20
0.0
 30
0.0
  9
$UCSXDIR
 10
1.0
 20
0.0
 30
0.0
  9
$UCSYDIR
 10
0.0
 20
1.0
 30
0.0
  9
$UCSORTHOREF
  2

  9
$UCSORTHOVIEW
 70
0
  9
$UCSORGTOP
 10
0.0
 20
0.0
 30
0.0
  9
$UCSORGBOTTOM
 10
0.0
 20
0.0
 30
0.0
  9
$UCSORGLEFT
 10
0.0
 20
0.0
 30
0.0
  9
$UCSORGRIGHT
 10
0.0
 20
0.0
 30
0.0
  9
$UCSORGFRONT
 10
0.0
 20
0.0
 30
0.0
  9
$UCSORGBACK
 10
0.0
 20
0.0
 30
0.0
  9
$PUCSBASE
  2

  9
$PUCSNAME
  2

  9
$PUCSORG
 10
0.0
 20
0.0
 30
0.0
  9
$PUCSXDIR
 10
1.0
 20
0.0
 30
0.0
  9
$PUCSYDIR
 10
0.0
 20
1.0
 30
0.0
  9
$PUCSORTHOREF
  2

  9
$PUCSORTHOVIEW
 70
0
  9
$PUCSORGTOP
 10
0.0
 20
0.0
 30
0.0
  9
$PUCSORGBOTTOM
 10
0.0
 20
0.0
 30
0.0
  9
$PUCSORGLEFT
 10
0.0
 20
0.0
 30
0.0
  9
$PUCSORGRIGHT
 10
0.0
 20
0.0
 30
0.0
  9
$PUCSORGFRONT
 10
0.0
 20
0.0
 30
0.0
  9
$PUCSORGBACK
 10
0.0
 20
0.0
 30
0.0
  9
$USERI1
 70
0
  9
$USERI2
 70
0
  9
$USERI3
 70
0
  9
$USERI4
 70
0
  9
$USERI5
 70
0
  9
$USERR1
 40
0.0
  9
$USERR2
 40
0.0
  9
$USERR3
 40
0.0
  9
$USERR4
 40
0.0
  9
$USERR5
 40
0.0
  9
$WORLDVIEW
 70
1
  9
$SHADEDGE
 70
3
  9
$SHADEDIF
 70
70
  9
$TILEMODE
 70
1
  9
$MAXACTVP
 70
64
  9
$PINSBASE
 10
0.0
 20
0.0
 30
0.0
  9
$PLIMCHECK
 70
0
  9
$PEXTMIN
 10
1e+20
 20
1e+20
 30
1e+20
  9
$PEXTMAX
 10
-1e+20
 20
-1e+20
 30
-1e+20
  9
$PLIMMIN
 10
0.0
 20
0.0
  9
$PLIMMAX
 10
420.0
 20
297.0
  9
$UNITMODE
 70
0
  9
$VISRETAIN
 70
1
  9
$PLINEGEN
 70
0
  9
$PSLTSCALE
 70
1
  9
$TREEDEPTH
 70
3020
  9
$CMLSTYLE
  2
Standard
  9
$CMLJUST
 70
0
  9
$CMLSCALE
 40
20.0
  9
$PROXYGRAPHICS
 70
1
  9
$MEASUREMENT
 70
1
  9
$CELWEIGHT
370
-1
  9
$ENDCAPS
280
0
  9
$JOINSTYLE
280
0
  9
$LWDISPLAY
290
0
  9
$INSUNITS
 70
4
  9
$HYPERLINKBASE
  1

  9
$STYLESHEET
  1

  9
$XEDIT
290
1
  9
$CEPSNTYPE
380
0
  9
$PSTYLEMODE
290
1
  9
$FINGERPRINTGUID
  2
{DDD04941-344C-45FC-9D00-43E70E0F8A36}
  9
$VERSIONGUID
  2
{C144C521-AACF-4F35-AF78-AA39D6C0DB59}
  9
$EXTNAMES
290
1
  9
$PSVPSCALE
 40
0.0
  9
$OLESTARTUP
290
0
  0
ENDSEC
  0
SECTION
  2
CLASSES
  0
CLASS
  1
ACDBDICTIONARYWDFLT
  2
AcDbDictionaryWithDefault
  3
ObjectDBX Classes
 90
0
280
0
281
0
  0
CLASS
  1
SUN
  2
AcDbSun
  3
SCENEOE
 90
1153
280
0
281
0
  0
CLASS
  1
VISUALSTYLE
  2
AcDbVisualStyle
  3
ObjectDBX Classes
 90
4095
280
0
281
0
  0
CLASS
  1
MATERIAL
  2
AcDbMaterial
  3
ObjectDBX Classes
 90
1153
280
0
281
0
  0
CLASS
  1
SCALE
  2
AcDbScale
  3
ObjectDBX Classes
 90
1153
280
0
281
0
  0
CLASS
  1
TABLESTYLE
  2
AcDbTableStyle
  3
ObjectDBX Classes
 90
4095
280
0
281
0
  0
CLASS
  1
MLEADERSTYLE
  2
AcDbMLeaderStyle
  3
ACDB_MLEADERSTYLE_CLASS
 90
4095
280
0
281
0
  0
CLASS
  1
DICTIONARYVAR
  2
AcDbDictionaryVar
  3
ObjectDBX Classes
 90
0
280
0
281
0
  0
CLASS
  1
CELLSTYLEMAP
  2
AcDbCellStyleMap
  3
ObjectDBX Classes
 90
1152
280
0
281
0
  0
CLASS
  1
MENTALRAYRENDERSETTINGS
  2
AcDbMentalRayRenderSettings
  3
SCENEOE
 90
1024
280
0
281
0
  0
CLASS
  1
ACDBDETAILVIEWSTYLE
  2
AcDbDetailViewStyle
  3
ObjectDBX Classes
 90
1025
280
0
281
0
  0
CLASS
  1
ACDBSECTIONVIEWSTYLE
  2
AcDbSectionViewStyle
  3
ObjectDBX Classes
 90
1025
280
0
281
0
  0
CLASS
  1
RASTERVARIABLES
  2
AcDbRasterVariables
  3
ISM
 90
0
280
0
281
0
  0
CLASS
  1
ACDBPLACEHOLDER
  2
AcDbPlaceHolder
  3
ObjectDBX Classes
 90
0
280
0
281
0
  0
CLASS
  1
LAYOUT
  2
AcDbLayout
  3
ObjectDBX Classes
 90
0
280
0
281
0
  0
ENDSEC
  0
SECTION
  2
TABLES
  0
TABLE
  2
VPORT
  5
8
330
0
100
AcDbSymbolTable
 70
1
  0
VPORT
  5
23
330
8
100
AcDbSymbolTableRecord
100
AcDbViewportTableRecord
  2
*Active
 70
0
 10
0.0
 20
0.0
 11
1.0
 21
1.0
 12
0.0
 22
0.0
 13
0.0
 23
0.0
 14
0.5
 24
0.5
 15
0.5
 25
0.5
 16
0.0
 26
0.0
 36
1.0
 17
0.0
 27
0.0
 37
0.0
 40
1000.0
 41
1.34
 42
50.0
 43
0.0
 44
0.0
 50
0.0
 51
0.0
 71
0
 72
1000
 73
1
 74
3
 75
0
 76
0
 77
0
 78
0
281
0
 65
0
146
0.0
  0
ENDTAB
  0
TABLE
  2
LTYPE
  5
2
330
0
100
AcDbSymbolTable
 70
3
  0
LTYPE
  5
24
330
2
100
AcDbSymbolTableRecord
100
AcDbLinetypeTableRecord
  2
ByBlock
 70
0
  3

 72
65
 73
0
 40
0.0
  0
LTYPE
  5
25
330
2
100
AcDbSymbolTableRecord
100
AcDbLinetypeTableRecord
  2
ByLayer
 70
0
  3

 72
65
 73
0
 40
0.0
  0
LTYPE
  5
26
330
2
100
AcDbSymbolTableRecord
100
AcDbLinetypeTableRecord
  2
Continuous
 70
0
  3

 72
65
 73
0
 40
0.0
  0
ENDTAB
  0
TABLE
  2
LAYER
  5
1
330
0
100
AcDbSymbolTable
 70
4
  0
LAYER
  5
27
330
1
100
AcDbSymbolTableRecord
100
AcDbLayerTableRecord
  2
0
 70
0
 62
7
  6
Continuous
370
-3
390
13
  0
LAYER
  5
28
330
1
100
AcDbSymbolTableRecord
100
AcDbLayerTableRecord
  2
Defpoints
 70
0
 62
7
  6
Continuous
290
0
370
-3
390
13
  0
LAYER
  5
2F
330
1
100
AcDbSymbolTableRecord
100
AcDbLayerTableRecord
  2
CUT
 70
0
 62
1
  6
Continuous
370
-3
390
13
  0
LAYER
  5
30
330
1
100
AcDbSymbolTableRecord
100
AcDbLayerTableRecord
  2
RASTER
 70
0
 62
7
  6
Continuous
370
-3
390
13
  0
ENDTAB
  0
TABLE
  2
STYLE
  5
5
330
0
100
AcDbSymbolTable
 70
1
  0
STYLE
  5
29
330
5
100
AcDbSymbolTableRecord
100
AcDbTextStyleTableRecord
  2
Standard
 70
0
 40
0.0
 41
1.0
 50
0.0
 71
0
 42
2.5
  3
txt
  4

  0
ENDTAB
  0
TABLE
  2
VIEW
  5
7
330
0
100
AcDbSymbolTable
 70
0
  0
ENDTAB
  0
TABLE
  2
UCS
  5
6
330
0
100
AcDbSymbolTable
 70
0
  0
ENDTAB
  0
TABLE
  2
APPID
  5
3
330
0
100
AcDbSymbolTable
 70
3
  0
APPID
  5
2A
330
3
100
AcDbSymbolTableRecord
100
AcDbRegAppTableRecord
  2
ACAD
 70
0
  0
APPID
  5
69
330
3
100
AcDbSymbolTableRecord
100
AcDbRegAppTableRecord
  2
HATCHBACKGROUNDCOLOR
 70
0
  0
APPID
  5
6A
330
3
100
AcDbSymbolTableRecord
100
AcDbRegAppTableRecord
  2
EZDXF
 70
0
  0
ENDTAB
  0
TABLE
  2
DIMSTYLE
  5
4
330
0
100
AcDbSymbolTable
 70
1
100
AcDbDimStyleTable
  0
DIMSTYLE
105
2B
330
4
100
AcDbSymbolTableRecord
100
AcDbDimStyleTableRecord
  2
Standard
 70
0
  3

  4

 40
1.0
 41
2.5
 42
0.625
 43
3.75
 44
1.25
 45
0.0
 46
0.0
 47
0.0
 48
0.0
140
2.5
141
2.5
142
0.0
143
0.03937007874
144
1.0
145
0.0
146
1.0
147
0.625
148
0.0
 71
0
 72
0
 73
0
 74
0
 75
0
 76
0
 77
1
 78
8
 79
3
170
0
171
3
172
1
173
0
174
0
175
0
176
0
177
0
178
0
179
2
271
2
272
2
273
2
274
3
275
0
276
0
277
2
278
44
279
0
280
0
281
0
282
0
283
0
284
8
285
0
286
0
288
0
289
3
371
-2
372
-2
  0
ENDTAB
  0
TABLE
  2
BLOCK_RECORD
  5
9
330
0
100
AcDbSymbolTable
 70
2
  0
BLOCK_RECORD
  5
17
330
9
100
AcDbSymbolTableRecord
100
AcDbBlockTableRecord
  2
*Model_Space
340
1A
  0
BLOCK_RECORD
  5
1B
330
9
100
AcDbSymbolTableRecord
100
AcDbBlockTableRecord
  2
*Paper_Space
340
1E
  0
ENDTAB
  0
ENDSEC
  0
SECTION
  2
BLOCKS
  0
BLOCK
  5
18
330
17
100
AcDbEntity
  8
0
100
AcDbBlockBegin
  2
*Model_Space
 70
0
 10
0.0
 20
0.0
 30
0.0
  3
*Model_Space
  1

  0
ENDBLK
  5
19
330
17
100
AcDbEntity
  8
0
100
AcDbBlockEnd
  0
BLOCK
  5
1C
330
1B
100
AcDbEntity
  8
0
100
AcDbBlockBegin
  2
*Paper_Space
 70
0
 10
0.0
 20
0.0
 30
0.0
  3
*Paper_Space
  1

  0
ENDBLK
  5
1D
330
1B
100
AcDbEntity
  8
0
100
AcDbBlockEnd
  0
ENDSEC
  0
SECTION
  2
ENTITIES
  0
LWPOLYLINE
  5
31
330
17
100
AcDbEntity
  8
CUT
100
AcDbPolyline
 90
52
 70
1
 10
3.863
 20
40.319
 10
3.877
 20
40.657
 10
3.922
 20
40.971
 10
3.998
 20
41.259
 10
4.105
 20
41.52
 10
4.245
 20
41.752
 10
4.416
 20
41.955
 10
4.619
 20
42.126
 10
4.851
 20
42.266
 10
5.112
 20
42.373
 10
5.4
 20
42.449
 10
5.714
 20
42.494
 10
6.052
 20
42.509
 10
19.134
 20
42.509
 10
19.472
 20
42.494
 10
19.786
 20
42.449
 10
20.074
 20
42.373
 10
20.334
 20
42.266
 10
20.567
 20
42.126
 10
20.769
 20
41.955
 10
20.941
 20
41.752
 10
21.081
 20
41.52
 10
21.188
 20
41.259
 10
21.264
 20
40.971
 10
21.308
 20
40.657
 10
21.323
 20
40.319
 10
21.323
 20
27.237
 10
21.308
 20
26.899
 10
21.264
 20
26.585
 10
21.188
 20
26.297
 10
21.081
 20
26.037
 10
20.941
 20
25.804
 10
20.769
 20
25.602
 10
20.567
 20
25.43
 10
20.334
 20
25.29
 10
20.074
 20
25.183
 10
19.786
 20
25.107
 10
19.472
 20
25.063
 10
19.134
 20
25.048
 10
6.052
 20
25.048
 10
5.714
 20
25.063
 10
5.4
 20
25.107
 10
5.112
 20
25.183
 10
4.851
 20
25.29
 10
4.619
 20
25.43
 10
4.416
 20
25.602
 10
4.245
 20
25.804
 10
4.105
 20
26.037
 10
3.998
 20
26.297
 10
3.922
 20
26.585
 10
3.877
 20
26.899
 10
3.863
 20
27.237
  0
HATCH
  5
32
330
17
100
AcDbEntity
  8
RASTER
 62
7
100
AcDbHatch
 10
0.0
 20
0.0
 30
0.0
210
0.0
220
0.0
230
1.0
  2
SOLID
 70
1
 71
0
 91
18
 92
3
 72
0
 73
1
 93
150
 10
9.758
 20
40.441
 10
10.041
 20
40.342
 10
10.323
 20
39.989
 10
10.584
 20
39.474
 10
10.817
 20
38.648
 10
11.502
 20
38.98
 10
11.665
 20
38.93
 10
11.785
 20
38.768
 10
11.785
 20
38.415
 10
11.855
 20
38.203
 10
11.714
 20
37.497
 10
11.573
 20
37.214
 10
11.877
 20
37.094
 10
11.997
 20
36.932
 10
11.997
 20
36.508
 10
11.785
 20
35.873
 10
11.834
 20
35.71
 10
11.947
 20
35.612
 10
12.208
 20
36.438
 10
12.399
 20
36.812
 10
12.632
 20
37.003
 10
12.893
 20
36.883
 10
12.985
 20
37.497
 10
13.126
 20
37.92
 10
13.388
 20
38.365
 10
13.621
 20
38.415
 10
13.811
 20
38.323
 10
13.854
 20
38.224
 10
13.952
 20
38.224
 10
14.044
 20
38.838
 10
14.517
 20
39.707
 10
14.75
 20
39.827
 10
14.842
 20
39.777
 10
15.365
 20
39.142
 10
15.576
 20
39.495
 10
16.141
 20
40.06
 10
16.586
 20
40.321
 10
17.08
 20
40.462
 10
17.172
 20
40.413
 10
17.292
 20
40.25
 10
17.292
 20
39.474
 10
17.08
 20
38.697
 10
16.798
 20
38.132
 10
16.868
 20
38.062
 10
17.433
 20
37.991
 10
17.666
 20
37.871
 10
17.716
 20
37.567
 10
17.525
 20
37.193
 10
17.341
 20
37.024
 10
17.243
 20
36.84
 10
16.635
 20
36.388
 10
16.635
 20
36.275
 10
16.798
 20
36.085
 10
16.678
 20
35.71
 10
16.325
 20
35.357
 10
15.718
 20
34.976
 10
15.689
 20
34.906
 10
15.88
 20
34.743
 10
15.88
 20
34.531
 10
15.76
 20
34.298
 10
14.842
 20
33.564
 10
15.103
 20
33.543
 10
15.244
 20
33.613
 10
15.506
 20
33.423
 10
16.304
 20
33.896
 10
16.727
 20
33.966
 10
16.939
 20
33.755
 10
16.89
 20
33.211
 10
18.281
 20
33.26
 10
18.655
 20
33.07
 10
18.704
 20
32.766
 10
18.584
 20
32.533
 10
18.019
 20
31.968
 10
17.221
 20
31.636
 10
17.596
 20
31.234
 10
17.716
 20
31.001
 10
17.666
 20
30.697
 10
17.504
 20
30.577
 10
17.221
 20
30.507
 10
16.304
 20
30.507
 10
16.233
 20
30.436
 10
16.184
 20
30.133
 10
16.021
 20
30.013
 10
15.103
 20
30.013
 10
14.962
 20
30.083
 10
14.913
 20
30.062
 10
14.962
 20
29.942
 10
14.913
 20
29.638
 10
14.609
 20
29.518
 10
13.621
 20
29.589
 10
13.529
 20
29.257
 10
13.338
 20
29.165
 10
12.42
 20
29.165
 10
12.138
 20
29.236
 10
11.622
 20
29.497
 10
11.128
 20
30.062
 10
10.041
 20
29.638
 10
9.667
 20
28.459
 10
9.193
 20
27.379
 10
9.052
 20
27.167
 10
8.819
 20
27.047
 10
8.607
 20
27.047
 10
8.374
 20
27.167
 10
8.254
 20
27.4
 10
8.254
 20
27.541
 10
8.586
 20
28.156
 10
8.163
 20
27.845
 10
7.852
 20
27.52
 10
7.478
 20
27.329
 10
7.266
 20
27.329
 10
7.075
 20
27.421
 10
6.983
 20
27.612
 10
7.033
 20
27.986
 10
7.81
 20
28.72
 10
7.619
 20
28.742
 10
7.266
 20
28.6
 10
6.983
 20
28.6
 10
6.842
 20
28.53
 10
6.539
 20
28.72
 10
6.489
 20
29.165
 10
6.539
 20
29.257
 10
6.772
 20
29.377
 10
8.254
 20
29.801
 10
9.264
 20
30.274
 10
9.455
 20
30.789
 10
9.596
 20
31.495
 10
9.596
 20
31.919
 10
9.081
 20
32.18
 10
8.657
 20
32.604
 10
8.325
 20
33.19
 10
8.184
 20
33.684
 10
8.233
 20
34.199
 10
8.537
 20
34.32
 10
8.254
 20
35.096
 10
8.254
 20
35.449
 10
8.304
 20
35.541
 10
8.607
 20
35.661
 10
8.254
 20
36.579
 10
8.254
 20
36.932
 10
8.304
 20
37.024
 10
8.607
 20
37.144
 10
8.396
 20
37.709
 10
8.346
 20
38.224
 10
8.396
 20
38.415
 10
8.537
 20
38.556
 10
8.819
 20
38.556
 10
9.292
 20
38.365
 10
9.243
 20
39.262
 10
9.384
 20
39.827
 10
9.645
 20
40.342
 97
0
 92
2
 72
0
 73
1
 93
13
 10
16.988
 20
40.159
 10
16.212
 20
39.777
 10
15.718
 20
39.213
 10
15.456
 20
38.697
 10
15.456
 20
38.132
 10
15.527
 20
37.991
 10
15.456
 20
37.85
 10
15.477
 20
37.659
 10
16.184
 20
38.04
 10
16.607
 20
38.394
 10
17.01
 20
39.262
 10
16.939
 20
39.403
 10
17.01
 20
39.544
 97
0
 92
2
 72
0
 73
1
 93
15
 10
9.878
 20
40.109
 10
9.737
 20
39.897
 10
9.525
 20
39.262
 10
9.455
 20
38.627
 10
9.645
 20
38.04
 10
9.97
 20
37.8
 10
10.069
 20
37.617
 10
10.161
 20
37.567
 10
10.231
 20
37.638
 10
10.323
 20
38.04
 10
10.514
 20
38.273
 10
10.563
 20
38.676
 10
10.443
 20
38.697
 10
10.373
 20
39.262
 10
9.97
 20
40.06
 97
0
 92
2
 72
0
 73
1
 93
24
 10
14.75
 20
39.474
 10
14.658
 20
39.424
 10
14.327
 20
38.768
 10
14.185
 20
38.273
 10
14.185
 20
37.709
 10
14.63
 20
36.318
 10
15.103
 20
36.367
 10
15.244
 20
36.438
 10
16.021
 20
36.438
 10
16.819
 20
36.84
 10
17.172
 20
37.193
 10
17.454
 20
37.617
 10
17.454
 20
37.73
 10
17.363
 20
37.779
 10
16.304
 20
37.779
 10
15.576
 20
37.447
 10
15.365
 20
37.306
 10
15.195
 20
37.052
 10
15.082
 20
37.052
 10
15.054
 20
37.123
 10
15.244
 20
37.567
 10
15.244
 20
38.485
 10
15.054
 20
39.001
 10
14.842
 20
39.424
 97
0
 92
2
 72
0
 73
1
 93
26
 10
11.361
 20
38.697
 10
11.241
 20
38.605
 10
11.269
 20
38.506
 10
11.149
 20
38.556
 10
10.775
 20
38.295
 10
10.747
 20
38.111
 10
10.422
 20
37.73
 10
10.302
 20
37.497
 10
10.21
 20
36.812
 10
10.09
 20
36.932
 10
10.09
 20
37.073
 10
9.9
 20
37.447
 10
9.547
 20
37.871
 10
8.629
 20
38.323
 10
8.607
 20
37.85
 10
8.939
 20
37.052
 10
9.151
 20
36.84
 10
9.758
 20
36.53
 10
10.14
 20
36.134
 10
10.253
 20
36.134
 10
10.351
 20
36.318
 10
11.029
 20
36.911
 10
11.361
 20
37.356
 10
11.573
 20
38.132
 10
11.573
 20
38.627
 10
11.502
 20
38.697
 97
0
 92
2
 72
0
 73
1
 93
19
 10
13.55
 20
38.062
 10
13.197
 20
37.285
 10
13.126
 20
36.579
 10
13.55
 20
35.52
 10
13.621
 20
35.237
 10
13.571
 20
34.906
 10
14.256
 20
35.096
 10
15.244
 20
35.096
 10
15.972
 20
35.428
 10
16.395
 20
35.781
 10
16.515
 20
36.014
 10
16.445
 20
36.085
 10
15.951
 20
36.226
 10
15.244
 20
36.226
 10
14.517
 20
35.965
 10
14.207
 20
35.682
 10
14.256
 20
36.791
 10
14.185
 20
37.073
 10
13.924
 20
37.659
 97
0
 92
2
 72
0
 73
1
 93
18
 10
11.714
 20
36.932
 10
11.199
 20
36.741
 10
10.563
 20
36.176
 10
10.302
 20
35.732
 10
10.21
 20
35.4
 10
9.97
 20
35.965
 10
9.547
 20
36.388
 10
8.749
 20
36.791
 10
8.537
 20
36.861
 10
8.466
 20
36.791
 10
8.607
 20
36.297
 10
9.01
 20
35.569
 10
9.758
 20
35.117
 10
10.21
 20
34.623
 10
10.704
 20
35.117
 10
10.888
 20
35.216
 10
11.453
 20
35.852
 10
11.785
 20
36.791
 97
0
 92
2
 72
0
 73
1
 93
20
 10
12.681
 20
36.699
 10
12.561
 20
36.579
 10
12.279
 20
35.732
 10
12.279
 20
35.096
 10
12.632
 20
34.178
 10
12.703
 20
33.825
 10
12.653
 20
33.635
 10
13.126
 20
33.755
 10
14.397
 20
33.755
 10
14.983
 20
34.016
 10
15.548
 20
34.51
 10
15.598
 20
34.602
 10
15.456
 20
34.743
 10
14.468
 20
34.884
 10
13.67
 20
34.623
 10
13.147
 20
34.199
 10
13.126
 20
34.39
 10
13.267
 20
34.602
 10
13.267
 20
35.52
 10
13.077
 20
36.035
 97
0
 92
2
 72
0
 73
1
 93
67
 10
11.693
 20
35.499
 10
11.622
 20
35.47
 10
11.502
 20
35.237
 10
11.361
 20
34.814
 10
11.291
 20
33.825
 10
11.552
 20
33.169
 10
11.735
 20
32.999
 10
11.834
 20
32.816
 10
11.735
 20
32.604
 10
11.241
 20
31.968
 10
10.916
 20
31.658
 10
10.817
 20
31.474
 10
9.547
 20
30.133
 10
8.96
 20
29.801
 10
8.254
 20
29.518
 10
6.772
 20
29.095
 10
6.701
 20
29.024
 10
6.722
 20
28.833
 10
7.054
 20
28.812
 10
7.337
 20
28.883
 10
8.819
 20
29.377
 10
9.878
 20
29.871
 10
11.22
 20
30.366
 10
11.34
 20
30.344
 10
11.481
 20
30.062
 10
11.834
 20
29.709
 10
12.208
 20
29.518
 10
12.844
 20
29.377
 10
13.317
 20
29.469
 10
13.218
 20
29.751
 10
12.794
 20
30.175
 10
12.23
 20
30.528
 10
11.714
 20
30.719
 10
12.23
 20
31.121
 10
12.42
 20
31.495
 10
12.561
 20
31.919
 10
12.561
 20
32.06
 10
12.42
 20
32.201
 10
12.208
 20
32.201
 10
11.975
 20
32.081
 10
11.877
 20
31.898
 10
11.622
 20
31.658
 10
11.291
 20
31.072
 10
11.269
 20
30.669
 10
10.041
 20
30.175
 10
10.817
 20
30.98
 10
10.916
 20
31.163
 10
11.806
 20
32.18
 10
12.046
 20
32.576
 10
12.703
 20
32.413
 10
13.409
 20
32.413
 10
13.924
 20
32.604
 10
14.348
 20
32.886
 10
14.68
 20
33.26
 10
14.468
 20
33.402
 10
14.185
 20
33.472
 10
13.762
 20
33.472
 10
13.621
 20
33.543
 10
13.409
 20
33.472
 10
13.056
 20
33.472
 10
12.54
 20
33.211
 10
12.159
 20
32.858
 10
12.159
 20
33.027
 10
12.42
 20
33.684
 10
12.42
 20
34.037
 10
12.187
 20
34.793
 10
11.877
 20
35.329
 97
0
 92
2
 72
0
 73
1
 93
19
 10
8.586
 20
35.357
 10
8.487
 20
35.287
 10
8.537
 20
35.096
 10
8.678
 20
34.673
 10
8.939
 20
34.228
 10
9.688
 20
33.705
 10
10.069
 20
33.31
 10
10.182
 20
33.31
 10
10.422
 20
33.564
 10
10.959
 20
33.945
 10
11.128
 20
35.146
 10
10.422
 20
34.553
 10
10.231
 20
33.896
 10
10.161
 20
33.825
 10
10.09
 20
33.896
 10
10.09
 20
34.249
 10
9.9
 20
34.623
 10
9.547
 20
34.976
 10
9.031
 20
35.237
 97
0
 92
2
 72
0
 73
1
 93
27
 10
8.466
 20
34.037
 10
8.396
 20
33.966
 10
8.466
 20
33.613
 10
8.869
 20
32.816
 10
9.292
 20
32.463
 10
9.9
 20
32.223
 10
9.949
 20
32.131
 10
9.878
 20
31.989
 10
9.808
 20
31.001
 10
9.667
 20
30.577
 10
9.737
 20
30.507
 10
9.97
 20
30.697
 10
10.161
 20
31.142
 10
10.161
 20
31.636
 10
10.231
 20
31.778
 10
10.253
 20
32.18
 10
11.029
 20
32.604
 10
11.291
 20
32.978
 10
11.057
 20
33.592
 10
10.937
 20
33.613
 10
10.634
 20
33.423
 10
10.351
 20
33.14
 10
10.111
 20
32.576
 10
10.02
 20
32.696
 10
10.02
 20
32.907
 10
9.9
 20
33.14
 10
9.547
 20
33.493
 97
0
 92
2
 72
0
 73
1
 93
21
 10
16.635
 20
33.733
 10
15.929
 20
33.423
 10
15.506
 20
32.999
 10
14.962
 20
31.636
 10
15.619
 20
31.163
 10
15.788
 20
30.98
 10
16.021
 20
30.86
 10
16.233
 20
30.789
 10
17.221
 20
30.789
 10
17.412
 20
30.881
 10
17.384
 20
31.022
 10
17.243
 20
31.234
 10
16.819
 20
31.587
 10
16.162
 20
31.848
 10
15.809
 20
31.848
 10
15.668
 20
31.778
 10
15.598
 20
31.848
 10
15.901
 20
32.039
 10
16.325
 20
32.533
 10
16.586
 20
33.119
 10
16.657
 20
33.402
 97
0
 92
2
 72
0
 73
1
 93
19
 10
15.174
 20
33.331
 10
14.164
 20
32.364
 10
13.642
 20
31.234
 10
14.348
 20
30.74
 10
14.658
 20
30.415
 10
14.891
 20
30.295
 10
15.739
 20
30.224
 10
15.929
 20
30.316
 10
15.831
 20
30.528
 10
15.619
 20
30.81
 10
15.266
 20
31.093
 10
14.609
 20
31.425
 10
14.277
 20
31.305
 10
14.376
 20
31.516
 10
14.56
 20
31.615
 10
14.842
 20
31.898
 10
15.103
 20
32.413
 10
15.244
 20
32.907
 10
15.244
 20
33.26
 97
0
 92
2
 72
0
 73
1
 93
11
 10
17.433
 20
33.049
 10
17.08
 20
32.978
 10
16.706
 20
32.787
 10
16.254
 20
32.081
 10
16.727
 20
31.919
 10
17.08
 20
31.919
 10
17.878
 20
32.251
 10
18.372
 20
32.745
 10
18.422
 20
32.837
 10
18.372
 20
32.929
 10
17.928
 20
33.049
 97
0
 92
2
 72
0
 73
1
 93
6
 10
11.128
 20
32.321
 10
10.493
 20
31.94
 10
10.464
 20
31.587
 10
10.563
 20
31.587
 10
10.634
 20
31.728
 10
11.1
 20
32.18
 97
0
 92
2
 72
0
 73
1
 93
16
 10
13.762
 20
32.272
 10
13.409
 20
32.131
 10
12.865
 20
32.039
 10
12.632
 20
31.425
 10
12.3
 20
30.81
 10
12.936
 20
30.387
 10
13.176
 20
30.133
 10
13.621
 20
29.871
 10
13.832
 20
29.801
 10
14.609
 20
29.801
 10
14.68
 20
29.942
 10
14.56
 20
30.175
 10
14.207
 20
30.528
 10
13.126
 20
31.072
 10
13.5
 20
31.474
 10
13.832
 20
32.201
 97
0
 92
2
 72
0
 73
1
 93
10
 10
9.243
 20
29.448
 10
8.374
 20
28.904
 10
7.64
 20
28.156
 10
7.245
 20
27.845
 10
7.217
 20
27.633
 10
7.386
 20
27.562
 10
7.852
 20
27.873
 10
8.346
 20
28.367
 10
8.445
 20
28.551
 10
9.264
 20
29.356
 97
0
 92
2
 72
0
 73
1
 93
10
 10
9.667
 20
29.448
 10
9.575
 20
29.398
 10
9.222
 20
28.904
 10
8.537
 20
27.541
 10
8.586
 20
27.379
 10
8.678
 20
27.329
 10
8.84
 20
27.379
 10
9.172
 20
27.965
 10
9.525
 20
28.812
 10
9.716
 20
29.398
 97
0
 75
0
 76
1
 98
0
  0
LWPOLYLINE
  5
33
330
17
100
AcDbEntity
  8
CUT
100
AcDbPolyline
 90
52
 70
1
 10
25.048
 20
40.319
 10
25.063
 20
40.657
 10
25.108
 20
40.971
 10
25.183
 20
41.259
 10
25.291
 20
41.52
 10
25.43
 20
41.752
 10
25.602
 20
41.955
 10
25.804
 20
42.126
 10
26.037
 20
42.266
 10
26.298
 20
42.373
 10
26.585
 20
42.449
 10
26.899
 20
42.494
 10
27.237
 20
42.509
 10
40.319
 20
42.509
 10
40.657
 20
42.494
 10
40.972
 20
42.449
 10
41.259
 20
42.373
 10
41.52
 20
42.266
 10
41.752
 20
42.126
 10
41.955
 20
41.955
 10
42.127
 20
41.752
 10
42.266
 20
41.52
 10
42.373
 20
41.259
 10
42.449
 20
40.971
 10
42.494
 20
40.657
 10
42.509
 20
40.319
 10
42.509
 20
27.237
 10
42.494
 20
26.899
 10
42.449
 20
26.585
 10
42.373
 20
26.297
 10
42.266
 20
26.037
 10
42.127
 20
25.804
 10
41.955
 20
25.602
 10
41.752
 20
25.43
 10
41.52
 20
25.29
 10
41.259
 20
25.183
 10
40.972
 20
25.107
 10
40.657
 20
25.063
 10
40.319
 20
25.048
 10
27.237
 20
25.048
 10
26.899
 20
25.063
 10
26.585
 20
25.107
 10
26.298
 20
25.183
 10
26.037
 20
25.29
 10
25.804
 20
25.43
 10
25.602
 20
25.602
 10
25.43
 20
25.804
 10
25.291
 20
26.037
 10
25.183
 20
26.297
 10
25.108
 20
26.585
 10
25.063
 20
26.899
 10
25.048
 20
27.237
  0
HATCH
  5
34
330
17
100
AcDbEntity
  8
RASTER
 62
7
100
AcDbHatch
 10
0.0
 20
0.0
 30
0.0
210
0.0
220
0.0
230
1.0
  2
SOLID
 70
1
 71
0
 91
18
 92
3
 72
0
 73
1
 93
150
 10
30.944
 20
40.441
 10
31.226
 20
40.342
 10
31.509
 20
39.989
 10
31.77
 20
39.474
 10
32.003
 20
38.648
 10
32.688
 20
38.98
 10
32.85
 20
38.93
 10
32.97
 20
38.768
 10
32.97
 20
38.415
 10
33.041
 20
38.203
 10
32.9
 20
37.497
 10
32.759
 20
37.214
 10
33.062
 20
37.094
 10
33.182
 20
36.932
 10
33.182
 20
36.508
 10
32.97
 20
35.873
 10
33.02
 20
35.71
 10
33.133
 20
35.612
 10
33.394
 20
36.438
 10
33.585
 20
36.812
 10
33.818
 20
37.003
 10
34.079
 20
36.883
 10
34.171
 20
37.497
 10
34.312
 20
37.92
 10
34.573
 20
38.365
 10
34.806
 20
38.415
 10
34.997
 20
38.323
 10
35.039
 20
38.224
 10
35.138
 20
38.224
 10
35.23
 20
38.838
 10
35.703
 20
39.707
 10
35.936
 20
39.827
 10
36.028
 20
39.777
 10
36.55
 20
39.142
 10
36.762
 20
39.495
 10
37.327
 20
40.06
 10
37.772
 20
40.321
 10
38.266
 20
40.462
 10
38.358
 20
40.413
 10
38.478
 20
40.25
 10
38.478
 20
39.474
 10
38.266
 20
38.697
 10
37.983
 20
38.132
 10
38.054
 20
38.062
 10
38.619
 20
37.991
 10
38.852
 20
37.871
 10
38.901
 20
37.567
 10
38.711
 20
37.193
 10
38.527
 20
37.024
 10
38.428
 20
36.84
 10
37.821
 20
36.388
 10
37.821
 20
36.275
 10
37.983
 20
36.085
 10
37.863
 20
35.71
 10
37.51
 20
35.357
 10
36.903
 20
34.976
 10
36.875
 20
34.906
 10
37.066
 20
34.743
 10
37.066
 20
34.531
 10
36.945
 20
34.298
 10
36.028
 20
33.564
 10
36.289
 20
33.543
 10
36.43
 20
33.613
 10
36.691
 20
33.423
 10
37.489
 20
33.896
 10
37.913
 20
33.966
 10
38.125
 20
33.755
 10
38.075
 20
33.211
 10
39.466
 20
33.26
 10
39.84
 20
33.07
 10
39.89
 20
32.766
 10
39.77
 20
32.533
 10
39.205
 20
31.968
 10
38.407
 20
31.636
 10
38.781
 20
31.234
 10
38.901
 20
31.001
 10
38.852
 20
30.697
 10
38.689
 20
30.577
 10
38.407
 20
30.507
 10
37.489
 20
30.507
 10
37.419
 20
30.436
 10
37.369
 20
30.133
 10
37.207
 20
30.013
 10
36.289
 20
30.013
 10
36.148
 20
30.083
 10
36.098
 20
30.062
 10
36.148
 20
29.942
 10
36.098
 20
29.638
 10
35.795
 20
29.518
 10
34.806
 20
29.589
 10
34.714
 20
29.257
 10
34.524
 20
29.165
 10
33.606
 20
29.165
 10
33.323
 20
29.236
 10
32.808
 20
29.497
 10
32.314
 20
30.062
 10
31.226
 20
29.638
 10
30.852
 20
28.459
 10
30.379
 20
27.379
 10
30.238
 20
27.167
 10
30.005
 20
27.047
 10
29.793
 20
27.047
 10
29.56
 20
27.167
 10
29.44
 20
27.4
 10
29.44
 20
27.541
 10
29.772
 20
28.156
 10
29.348
 20
27.845
 10
29.038
 20
27.52
 10
28.663
 20
27.329
 10
28.452
 20
27.329
 10
28.261
 20
27.421
 10
28.169
 20
27.612
 10
28.219
 20
27.986
 10
28.995
 20
28.72
 10
28.805
 20
28.742
 10
28.452
 20
28.6
 10
28.169
 20
28.6
 10
28.028
 20
28.53
 10
27.724
 20
28.72
 10
27.675
 20
29.165
 10
27.724
 20
29.257
 10
27.957
 20
29.377
 10
29.44
 20
29.801
 10
30.45
 20
30.274
 10
30.64
 20
30.789
 10
30.782
 20
31.495
 10
30.782
 20
31.919
 10
30.266
 20
32.18
 10
29.842
 20
32.604
 10
29.511
 20
33.19
 10
29.369
 20
33.684
 10
29.419
 20
34.199
 10
29.722
 20
34.32
 10
29.44
 20
35.096
 10
29.44
 20
35.449
 10
29.489
 20
35.541
 10
29.793
 20
35.661
 10
29.44
 20
36.579
 10
29.44
 20
36.932
 10
29.489
 20
37.024
 10
29.793
 20
37.144
 10
29.581
 20
37.709
 10
29.532
 20
38.224
 10
29.581
 20
38.415
 10
29.722
 20
38.556
 10
30.005
 20
38.556
 10
30.478
 20
38.365
 10
30.429
 20
39.262
 10
30.57
 20
39.827
 10
30.831
 20
40.342
 97
0
 92
2
 72
0
 73
1
 93
13
 10
38.174
 20
40.159
 10
37.397
 20
39.777
 10
36.903
 20
39.213
 10
36.642
 20
38.697
 10
36.642
 20
38.132
 10
36.712
 20
37.991
 10
36.642
 20
37.85
 10
36.663
 20
37.659
 10
37.369
 20
38.04
 10
37.793
 20
38.394
 10
38.195
 20
39.262
 10
38.125
 20
39.403
 10
38.195
 20
39.544
 97
0
 92
2
 72
0
 73
1
 93
15
 10
31.064
 20
40.109
 10
30.923
 20
39.897
 10
30.711
 20
39.262
 10
30.64
 20
38.627
 10
30.831
 20
38.04
 10
31.156
 20
37.8
 10
31.255
 20
37.617
 10
31.346
 20
37.567
 10
31.417
 20
37.638
 10
31.509
 20
38.04
 10
31.699
 20
38.273
 10
31.749
 20
38.676
 10
31.629
 20
38.697
 10
31.558
 20
39.262
 10
31.156
 20
40.06
 97
0
 92
2
 72
0
 73
1
 93
24
 10
35.936
 20
39.474
 10
35.844
 20
39.424
 10
35.512
 20
38.768
 10
35.371
 20
38.273
 10
35.371
 20
37.709
 10
35.816
 20
36.318
 10
36.289
 20
36.367
 10
36.43
 20
36.438
 10
37.207
 20
36.438
 10
38.005
 20
36.84
 10
38.358
 20
37.193
 10
38.64
 20
37.617
 10
38.64
 20
37.73
 10
38.548
 20
37.779
 10
37.489
 20
37.779
 10
36.762
 20
37.447
 10
36.55
 20
37.306
 10
36.381
 20
37.052
 10
36.268
 20
37.052
 10
36.239
 20
37.123
 10
36.43
 20
37.567
 10
36.43
 20
38.485
 10
36.239
 20
39.001
 10
36.028
 20
39.424
 97
0
 92
2
 72
0
 73
1
 93
26
 10
32.547
 20
38.697
 10
32.427
 20
38.605
 10
32.455
 20
38.506
 10
32.335
 20
38.556
 10
31.961
 20
38.295
 10
31.932
 20
38.111
 10
31.608
 20
37.73
 10
31.488
 20
37.497
 10
31.396
 20
36.812
 10
31.276
 20
36.932
 10
31.276
 20
37.073
 10
31.085
 20
37.447
 10
30.732
 20
37.871
 10
29.814
 20
38.323
 10
29.793
 20
37.85
 10
30.125
 20
37.052
 10
30.337
 20
36.84
 10
30.944
 20
36.53
 10
31.325
 20
36.134
 10
31.438
 20
36.134
 10
31.537
 20
36.318
 10
32.215
 20
36.911
 10
32.547
 20
37.356
 10
32.759
 20
38.132
 10
32.759
 20
38.627
 10
32.688
 20
38.697
 97
0
 92
2
 72
0
 73
1
 93
19
 10
34.736
 20
38.062
 10
34.382
 20
37.285
 10
34.312
 20
36.579
 10
34.736
 20
35.52
 10
34.806
 20
35.237
 10
34.757
 20
34.906
 10
35.442
 20
35.096
 10
36.43
 20
35.096
 10
37.157
 20
35.428
 10
37.581
 20
35.781
 10
37.701
 20
36.014
 10
37.63
 20
36.085
 10
37.136
 20
36.226
 10
36.43
 20
36.226
 10
35.703
 20
35.965
 10
35.392
 20
35.682
 10
35.442
 20
36.791
 10
35.371
 20
37.073
 10
35.11
 20
37.659
 97
0
 92
2
 72
0
 73
1
 93
18
 10
32.9
 20
36.932
 10
32.384
 20
36.741
 10
31.749
 20
36.176
 10
31.488
 20
35.732
 10
31.396
 20
35.4
 10
31.156
 20
35.965
 10
30.732
 20
36.388
 10
29.934
 20
36.791
 10
29.722
 20
36.861
 10
29.652
 20
36.791
 10
29.793
 20
36.297
 10
30.196
 20
35.569
 10
30.944
 20
35.117
 10
31.396
 20
34.623
 10
31.89
 20
35.117
 10
32.074
 20
35.216
 10
32.638
 20
35.852
 10
32.97
 20
36.791
 97
0
 92
2
 72
0
 73
1
 93
20
 10
33.867
 20
36.699
 10
33.747
 20
36.579
 10
33.465
 20
35.732
 10
33.465
 20
35.096
 10
33.818
 20
34.178
 10
33.888
 20
33.825
 10
33.839
 20
33.635
 10
34.312
 20
33.755
 10
35.583
 20
33.755
 10
36.169
 20
34.016
 10
36.734
 20
34.51
 10
36.783
 20
34.602
 10
36.642
 20
34.743
 10
35.653
 20
34.884
 10
34.856
 20
34.623
 10
34.333
 20
34.199
 10
34.312
 20
34.39
 10
34.453
 20
34.602
 10
34.453
 20
35.52
 10
34.262
 20
36.035
 97
0
 92
2
 72
0
 73
1
 93
67
 10
32.879
 20
35.499
 10
32.808
 20
35.47
 10
32.688
 20
35.237
 10
32.547
 20
34.814
 10
32.476
 20
33.825
 10
32.737
 20
33.169
 10
32.921
 20
32.999
 10
33.02
 20
32.816
 10
32.921
 20
32.604
 10
32.427
 20
31.968
 10
32.102
 20
31.658
 10
32.003
 20
31.474
 10
30.732
 20
30.133
 10
30.146
 20
29.801
 10
29.44
 20
29.518
 10
27.957
 20
29.095
 10
27.887
 20
29.024
 10
27.908
 20
28.833
 10
28.24
 20
28.812
 10
28.522
 20
28.883
 10
30.005
 20
29.377
 10
31.064
 20
29.871
 10
32.405
 20
30.366
 10
32.526
 20
30.344
 10
32.667
 20
30.062
 10
33.02
 20
29.709
 10
33.394
 20
29.518
 10
34.029
 20
29.377
 10
34.503
 20
29.469
 10
34.404
 20
29.751
 10
33.98
 20
30.175
 10
33.415
 20
30.528
 10
32.9
 20
30.719
 10
33.415
 20
31.121
 10
33.606
 20
31.495
 10
33.747
 20
31.919
 10
33.747
 20
32.06
 10
33.606
 20
32.201
 10
33.394
 20
32.201
 10
33.161
 20
32.081
 10
33.062
 20
31.898
 10
32.808
 20
31.658
 10
32.476
 20
31.072
 10
32.455
 20
30.669
 10
31.226
 20
30.175
 10
32.003
 20
30.98
 10
32.102
 20
31.163
 10
32.992
 20
32.18
 10
33.232
 20
32.576
 10
33.888
 20
32.413
 10
34.594
 20
32.413
 10
35.11
 20
32.604
 10
35.533
 20
32.886
 10
35.865
 20
33.26
 10
35.653
 20
33.402
 10
35.371
 20
33.472
 10
34.947
 20
33.472
 10
34.806
 20
33.543
 10
34.594
 20
33.472
 10
34.241
 20
33.472
 10
33.726
 20
33.211
 10
33.345
 20
32.858
 10
33.345
 20
33.027
 10
33.606
 20
33.684
 10
33.606
 20
34.037
 10
33.373
 20
34.793
 10
33.062
 20
35.329
 97
0
 92
2
 72
0
 73
1
 93
19
 10
29.772
 20
35.357
 10
29.673
 20
35.287
 10
29.722
 20
35.096
 10
29.864
 20
34.673
 10
30.125
 20
34.228
 10
30.873
 20
33.705
 10
31.255
 20
33.31
 10
31.368
 20
33.31
 10
31.608
 20
33.564
 10
32.144
 20
33.945
 10
32.314
 20
35.146
 10
31.608
 20
34.553
 10
31.417
 20
33.896
 10
31.346
 20
33.825
 10
31.276
 20
33.896
 10
31.276
 20
34.249
 10
31.085
 20
34.623
 10
30.732
 20
34.976
 10
30.217
 20
35.237
 97
0
 92
2
 72
0
 73
1
 93
27
 10
29.652
 20
34.037
 10
29.581
 20
33.966
 10
29.652
 20
33.613
 10
30.054
 20
32.816
 10
30.478
 20
32.463
 10
31.085
 20
32.223
 10
31.135
 20
32.131
 10
31.064
 20
31.989
 10
30.993
 20
31.001
 10
30.852
 20
30.577
 10
30.923
 20
30.507
 10
31.156
 20
30.697
 10
31.346
 20
31.142
 10
31.346
 20
31.636
 10
31.417
 20
31.778
 10
31.438
 20
32.18
 10
32.215
 20
32.604
 10
32.476
 20
32.978
 10
32.243
 20
33.592
 10
32.123
 20
33.613
 10
31.819
 20
33.423
 10
31.537
 20
33.14
 10
31.297
 20
32.576
 10
31.205
 20
32.696
 10
31.205
 20
32.907
 10
31.085
 20
33.14
 10
30.732
 20
33.493
 97
0
 92
2
 72
0
 73
1
 93
21
 10
37.821
 20
33.733
 10
37.115
 20
33.423
 10
36.691
 20
32.999
 10
36.148
 20
31.636
 10
36.804
 20
31.163
 10
36.974
 20
30.98
 10
37.207
 20
30.86
 10
37.419
 20
30.789
 10
38.407
 20
30.789
 10
38.598
 20
30.881
 10
38.569
 20
31.022
 10
38.428
 20
31.234
 10
38.005
 20
31.587
 10
37.348
 20
31.848
 10
36.995
 20
31.848
 10
36.854
 20
31.778
 10
36.783
 20
31.848
 10
37.087
 20
32.039
 10
37.51
 20
32.533
 10
37.772
 20
33.119
 10
37.842
 20
33.402
 97
0
 92
2
 72
0
 73
1
 93
19
 10
36.359
 20
33.331
 10
35.35
 20
32.364
 10
34.827
 20
31.234
 10
35.533
 20
30.74
 10
35.844
 20
30.415
 10
36.077
 20
30.295
 10
36.924
 20
30.224
 10
37.115
 20
30.316
 10
37.016
 20
30.528
 10
36.804
 20
30.81
 10
36.451
 20
31.093
 10
35.795
 20
31.425
 10
35.463
 20
31.305
 10
35.562
 20
31.516
 10
35.745
 20
31.615
 10
36.028
 20
31.898
 10
36.289
 20
32.413
 10
36.43
 20
32.907
 10
36.43
 20
33.26
 97
0
 92
2
 72
0
 73
1
 93
11
 10
38.619
 20
33.049
 10
38.266
 20
32.978
 10
37.892
 20
32.787
 10
37.44
 20
32.081
 10
37.913
 20
31.919
 10
38.266
 20
31.919
 10
39.064
 20
32.251
 10
39.558
 20
32.745
 10
39.607
 20
32.837
 10
39.558
 20
32.929
 10
39.113
 20
33.049
 97
0
 92
2
 72
0
 73
1
 93
6
 10
32.314
 20
32.321
 10
31.678
 20
31.94
 10
31.65
 20
31.587
 10
31.749
 20
31.587
 10
31.819
 20
31.728
 10
32.285
 20
32.18
 97
0
 92
2
 72
0
 73
1
 93
16
 10
34.947
 20
32.272
 10
34.594
 20
32.131
 10
34.051
 20
32.039
 10
33.818
 20
31.425
 10
33.486
 20
30.81
 10
34.121
 20
30.387
 10
34.361
 20
30.133
 10
34.806
 20
29.871
 10
35.018
 20
29.801
 10
35.795
 20
29.801
 10
35.865
 20
29.942
 10
35.745
 20
30.175
 10
35.392
 20
30.528
 10
34.312
 20
31.072
 10
34.686
 20
31.474
 10
35.018
 20
32.201
 97
0
 92
2
 72
0
 73
1
 93
10
 10
30.429
 20
29.448
 10
29.56
 20
28.904
 10
28.826
 20
28.156
 10
28.43
 20
27.845
 10
28.402
 20
27.633
 10
28.572
 20
27.562
 10
29.038
 20
27.873
 10
29.532
 20
28.367
 10
29.631
 20
28.551
 10
30.45
 20
29.356
 97
0
 92
2
 72
0
 73
1
 93
10
 10
30.852
 20
29.448
 10
30.76
 20
29.398
 10
30.407
 20
28.904
 10
29.722
 20
27.541
 10
29.772
 20
27.379
 10
29.864
 20
27.329
 10
30.026
 20
27.379
 10
30.358
 20
27.965
 10
30.711
 20
28.812
 10
30.902
 20
29.398
 97
0
 75
0
 76
1
 98
0
  0
LWPOLYLINE
  5
35
330
17
100
AcDbEntity
  8
CUT
100
AcDbPolyline
 90
52
 70
1
 10
46.234
 20
40.319
 10
46.248
 20
40.657
 10
46.293
 20
40.971
 10
46.369
 20
41.259
 10
46.476
 20
41.52
 10
46.616
 20
41.752
 10
46.787
 20
41.955
 10
46.99
 20
42.126
 10
47.223
 20
42.266
 10
47.483
 20
42.373
 10
47.771
 20
42.449
 10
48.085
 20
42.494
 10
48.423
 20
42.509
 10
61.505
 20
42.509
 10
61.843
 20
42.494
 10
62.157
 20
42.449
 10
62.445
 20
42.373
 10
62.705
 20
42.266
 10
62.938
 20
42.126
 10
63.141
 20
41.955
 10
63.312
 20
41.752
 10
63.452
 20
41.52
 10
63.559
 20
41.259
 10
63.635
 20
40.971
 10
63.68
 20
40.657
 10
63.694
 20
40.319
 10
63.694
 20
27.237
 10
63.68
 20
26.899
 10
63.635
 20
26.585
 10
63.559
 20
26.297
 10
63.452
 20
26.037
 10
63.312
 20
25.804
 10
63.141
 20
25.602
 10
62.938
 20
25.43
 10
62.705
 20
25.29
 10
62.445
 20
25.183
 10
62.157
 20
25.107
 10
61.843
 20
25.063
 10
61.505
 20
25.048
 10
48.423
 20
25.048
 10
48.085
 20
25.063
 10
47.771
 20
25.107
 10
47.483
 20
25.183
 10
47.223
 20
25.29
 10
46.99
 20
25.43
 10
46.787
 20
25.602
 10
46.616
 20
25.804
 10
46.476
 20
26.037
 10
46.369
 20
26.297
 10
46.293
 20
26.585
 10
46.248
 20
26.899
 10
46.234
 20
27.237
  0
HATCH
  5
36
330
17
100
AcDbEntity
  8
RASTER
 62
7
100
AcDbHatch
 10
0.0
 20
0.0
 30
0.0
210
0.0
220
0.0
230
1.0
  2
SOLID
 70
1
 71
0
 91
18
 92
3
 72
0
 73
1
 93
150
 10
52.13
 20
40.441
 10
52.412
 20
40.342
 10
52.694
 20
39.989
 10
52.956
 20
39.474
 10
53.189
 20
38.648
 10
53.874
 20
38.98
 10
54.036
 20
38.93
 10
54.156
 20
38.768
 10
54.156
 20
38.415
 10
54.227
 20
38.203
 10
54.085
 20
37.497
 10
53.944
 20
37.214
 10
54.248
 20
37.094
 10
54.368
 20
36.932
 10
54.368
 20
36.508
 10
54.156
 20
35.873
 10
54.205
 20
35.71
 10
54.318
 20
35.612
 10
54.58
 20
36.438
 10
54.77
 20
36.812
 10
55.003
 20
37.003
 10
55.264
 20
36.883
 10
55.356
 20
37.497
 10
55.497
 20
37.92
 10
55.759
 20
38.365
 10
55.992
 20
38.415
 10
56.182
 20
38.323
 10
56.225
 20
38.224
 10
56.324
 20
38.224
 10
56.415
 20
38.838
 10
56.888
 20
39.707
 10
57.121
 20
39.827
 10
57.213
 20
39.777
 10
57.736
 20
39.142
 10
57.948
 20
39.495
 10
58.512
 20
40.06
 10
58.957
 20
40.321
 10
59.451
 20
40.462
 10
59.543
 20
40.413
 10
59.663
 20
40.25
 10
59.663
 20
39.474
 10
59.451
 20
38.697
 10
59.169
 20
38.132
 10
59.24
 20
38.062
 10
59.804
 20
37.991
 10
60.037
 20
37.871
 10
60.087
 20
37.567
 10
59.896
 20
37.193
 10
59.713
 20
37.024
 10
59.614
 20
36.84
 10
59.007
 20
36.388
 10
59.007
 20
36.275
 10
59.169
 20
36.085
 10
59.049
 20
35.71
 10
58.696
 20
35.357
 10
58.089
 20
34.976
 10
58.06
 20
34.906
 10
58.251
 20
34.743
 10
58.251
 20
34.531
 10
58.131
 20
34.298
 10
57.213
 20
33.564
 10
57.474
 20
33.543
 10
57.616
 20
33.613
 10
57.877
 20
33.423
 10
58.675
 20
33.896
 10
59.098
 20
33.966
 10
59.31
 20
33.755
 10
59.261
 20
33.211
 10
60.652
 20
33.26
 10
61.026
 20
33.07
 10
61.075
 20
32.766
 10
60.955
 20
32.533
 10
60.391
 20
31.968
 10
59.593
 20
31.636
 10
59.967
 20
31.234
 10
60.087
 20
31.001
 10
60.037
 20
30.697
 10
59.875
 20
30.577
 10
59.593
 20
30.507
 10
58.675
 20
30.507
 10
58.604
 20
30.436
 10
58.555
 20
30.133
 10
58.392
 20
30.013
 10
57.474
 20
30.013
 10
57.333
 20
30.083
 10
57.284
 20
30.062
 10
57.333
 20
29.942
 10
57.284
 20
29.638
 10
56.98
 20
29.518
 10
55.992
 20
29.589
 10
55.9
 20
29.257
 10
55.709
 20
29.165
 10
54.791
 20
29.165
 10
54.509
 20
29.236
 10
53.994
 20
29.497
 10
53.499
 20
30.062
 10
52.412
 20
29.638
 10
52.038
 20
28.459
 10
51.565
 20
27.379
 10
51.423
 20
27.167
 10
51.19
 20
27.047
 10
50.979
 20
27.047
 10
50.746
 20
27.167
 10
50.626
 20
27.4
 10
50.626
 20
27.541
 10
50.957
 20
28.156
 10
50.534
 20
27.845
 10
50.223
 20
27.52
 10
49.849
 20
27.329
 10
49.637
 20
27.329
 10
49.446
 20
27.421
 10
49.355
 20
27.612
 10
49.404
 20
27.986
 10
50.181
 20
28.72
 10
49.99
 20
28.742
 10
49.637
 20
28.6
 10
49.355
 20
28.6
 10
49.213
 20
28.53
 10
48.91
 20
28.72
 10
48.86
 20
29.165
 10
48.91
 20
29.257
 10
49.143
 20
29.377
 10
50.626
 20
29.801
 10
51.635
 20
30.274
 10
51.826
 20
30.789
 10
51.967
 20
31.495
 10
51.967
 20
31.919
 10
51.452
 20
32.18
 10
51.028
 20
32.604
 10
50.696
 20
33.19
 10
50.555
 20
33.684
 10
50.604
 20
34.199
 10
50.908
 20
34.32
 10
50.626
 20
35.096
 10
50.626
 20
35.449
 10
50.675
 20
35.541
 10
50.979
 20
35.661
 10
50.626
 20
36.579
 10
50.626
 20
36.932
 10
50.675
 20
37.024
 10
50.979
 20
37.144
 10
50.767
 20
37.709
 10
50.717
 20
38.224
 10
50.767
 20
38.415
 10
50.908
 20
38.556
 10
51.19
 20
38.556
 10
51.664
 20
38.365
 10
51.614
 20
39.262
 10
51.755
 20
39.827
 10
52.017
 20
40.342
 97
0
 92
2
 72
0
 73
1
 93
13
 10
59.36
 20
40.159
 10
58.583
 20
39.777
 10
58.089
 20
39.213
 10
57.827
 20
38.697
 10
57.827
 20
38.132
 10
57.898
 20
37.991
 10
57.827
 20
37.85
 10
57.849
 20
37.659
 10
58.555
 20
38.04
 10
58.978
 20
38.394
 10
59.381
 20
39.262
 10
59.31
 20
39.403
 10
59.381
 20
39.544
 97
0
 92
2
 72
0
 73
1
 93
15
 10
52.25
 20
40.109
 10
52.108
 20
39.897
 10
51.897
 20
39.262
 10
51.826
 20
38.627
 10
52.017
 20
38.04
 10
52.341
 20
37.8
 10
52.44
 20
37.617
 10
52.532
 20
37.567
 10
52.603
 20
37.638
 10
52.694
 20
38.04
 10
52.885
 20
38.273
 10
52.934
 20
38.676
 10
52.814
 20
38.697
 10
52.744
 20
39.262
 10
52.341
 20
40.06
 97
0
 92
2
 72
0
 73
1
 93
24
 10
57.121
 20
39.474
 10
57.03
 20
39.424
 10
56.698
 20
38.768
 10
56.557
 20
38.273
 10
56.557
 20
37.709
 10
57.001
 20
36.318
 10
57.474
 20
36.367
 10
57.616
 20
36.438
 10
58.392
 20
36.438
 10
59.19
 20
36.84
 10
59.543
 20
37.193
 10
59.826
 20
37.617
 10
59.826
 20
37.73
 10
59.734
 20
37.779
 10
58.675
 20
37.779
 10
57.948
 20
37.447
 10
57.736
 20
37.306
 10
57.566
 20
37.052
 10
57.453
 20
37.052
 10
57.425
 20
37.123
 10
57.616
 20
37.567
 10
57.616
 20
38.485
 10
57.425
 20
39.001
 10
57.213
 20
39.424
 97
0
 92
2
 72
0
 73
1
 93
26
 10
53.732
 20
38.697
 10
53.612
 20
38.605
 10
53.641
 20
38.506
 10
53.52
 20
38.556
 10
53.146
 20
38.295
 10
53.118
 20
38.111
 10
52.793
 20
37.73
 10
52.673
 20
37.497
 10
52.581
 20
36.812
 10
52.461
 20
36.932
 10
52.461
 20
37.073
 10
52.271
 20
37.447
 10
51.918
 20
37.871
 10
51.0
 20
38.323
 10
50.979
 20
37.85
 10
51.311
 20
37.052
 10
51.522
 20
36.84
 10
52.13
 20
36.53
 10
52.511
 20
36.134
 10
52.624
 20
36.134
 10
52.723
 20
36.318
 10
53.4
 20
36.911
 10
53.732
 20
37.356
 10
53.944
 20
38.132
 10
53.944
 20
38.627
 10
53.874
 20
38.697
 97
0
 92
2
 72
0
 73
1
 93
19
 10
55.921
 20
38.062
 10
55.568
 20
37.285
 10
55.497
 20
36.579
 10
55.921
 20
35.52
 10
55.992
 20
35.237
 10
55.942
 20
34.906
 10
56.627
 20
35.096
 10
57.616
 20
35.096
 10
58.343
 20
35.428
 10
58.767
 20
35.781
 10
58.887
 20
36.014
 10
58.816
 20
36.085
 10
58.322
 20
36.226
 10
57.616
 20
36.226
 10
56.888
 20
35.965
 10
56.578
 20
35.682
 10
56.627
 20
36.791
 10
56.557
 20
37.073
 10
56.295
 20
37.659
 97
0
 92
2
 72
0
 73
1
 93
18
 10
54.085
 20
36.932
 10
53.57
 20
36.741
 10
52.934
 20
36.176
 10
52.673
 20
35.732
 10
52.581
 20
35.4
 10
52.341
 20
35.965
 10
51.918
 20
36.388
 10
51.12
 20
36.791
 10
50.908
 20
36.861
 10
50.837
 20
36.791
 10
50.979
 20
36.297
 10
51.381
 20
35.569
 10
52.13
 20
35.117
 10
52.581
 20
34.623
 10
53.076
 20
35.117
 10
53.259
 20
35.216
 10
53.824
 20
35.852
 10
54.156
 20
36.791
 97
0
 92
2
 72
0
 73
1
 93
20
 10
55.053
 20
36.699
 10
54.933
 20
36.579
 10
54.65
 20
35.732
 10
54.65
 20
35.096
 10
55.003
 20
34.178
 10
55.074
 20
33.825
 10
55.024
 20
33.635
 10
55.497
 20
33.755
 10
56.768
 20
33.755
 10
57.354
 20
34.016
 10
57.919
 20
34.51
 10
57.969
 20
34.602
 10
57.827
 20
34.743
 10
56.839
 20
34.884
 10
56.041
 20
34.623
 10
55.519
 20
34.199
 10
55.497
 20
34.39
 10
55.639
 20
34.602
 10
55.639
 20
35.52
 10
55.448
 20
36.035
 97
0
 92
2
 72
0
 73
1
 93
67
 10
54.064
 20
35.499
 10
53.994
 20
35.47
 10
53.874
 20
35.237
 10
53.732
 20
34.814
 10
53.662
 20
33.825
 10
53.923
 20
33.169
 10
54.107
 20
32.999
 10
54.205
 20
32.816
 10
54.107
 20
32.604
 10
53.612
 20
31.968
 10
53.287
 20
31.658
 10
53.189
 20
31.474
 10
51.918
 20
30.133
 10
51.332
 20
29.801
 10
50.626
 20
29.518
 10
49.143
 20
29.095
 10
49.072
 20
29.024
 10
49.093
 20
28.833
 10
49.425
 20
28.812
 10
49.708
 20
28.883
 10
51.19
 20
29.377
 10
52.25
 20
29.871
 10
53.591
 20
30.366
 10
53.711
 20
30.344
 10
53.852
 20
30.062
 10
54.205
 20
29.709
 10
54.58
 20
29.518
 10
55.215
 20
29.377
 10
55.688
 20
29.469
 10
55.589
 20
29.751
 10
55.166
 20
30.175
 10
54.601
 20
30.528
 10
54.085
 20
30.719
 10
54.601
 20
31.121
 10
54.791
 20
31.495
 10
54.933
 20
31.919
 10
54.933
 20
32.06
 10
54.791
 20
32.201
 10
54.58
 20
32.201
 10
54.347
 20
32.081
 10
54.248
 20
31.898
 10
53.994
 20
31.658
 10
53.662
 20
31.072
 10
53.641
 20
30.669
 10
52.412
 20
30.175
 10
53.189
 20
30.98
 10
53.287
 20
31.163
 10
54.177
 20
32.18
 10
54.417
 20
32.576
 10
55.074
 20
32.413
 10
55.78
 20
32.413
 10
56.295
 20
32.604
 10
56.719
 20
32.886
 10
57.051
 20
33.26
 10
56.839
 20
33.402
 10
56.557
 20
33.472
 10
56.133
 20
33.472
 10
55.992
 20
33.543
 10
55.78
 20
33.472
 10
55.427
 20
33.472
 10
54.911
 20
33.211
 10
54.53
 20
32.858
 10
54.53
 20
33.027
 10
54.791
 20
33.684
 10
54.791
 20
34.037
 10
54.558
 20
34.793
 10
54.248
 20
35.329
 97
0
 92
2
 72
0
 73
1
 93
19
 10
50.957
 20
35.357
 10
50.859
 20
35.287
 10
50.908
 20
35.096
 10
51.049
 20
34.673
 10
51.311
 20
34.228
 10
52.059
 20
33.705
 10
52.44
 20
33.31
 10
52.553
 20
33.31
 10
52.793
 20
33.564
 10
53.33
 20
33.945
 10
53.499
 20
35.146
 10
52.793
 20
34.553
 10
52.603
 20
33.896
 10
52.532
 20
33.825
 10
52.461
 20
33.896
 10
52.461
 20
34.249
 10
52.271
 20
34.623
 10
51.918
 20
34.976
 10
51.402
 20
35.237
 97
0
 92
2
 72
0
 73
1
 93
27
 10
50.837
 20
34.037
 10
50.767
 20
33.966
 10
50.837
 20
33.613
 10
51.24
 20
32.816
 10
51.664
 20
32.463
 10
52.271
 20
32.223
 10
52.32
 20
32.131
 10
52.25
 20
31.989
 10
52.179
 20
31.001
 10
52.038
 20
30.577
 10
52.108
 20
30.507
 10
52.341
 20
30.697
 10
52.532
 20
31.142
 10
52.532
 20
31.636
 10
52.603
 20
31.778
 10
52.624
 20
32.18
 10
53.4
 20
32.604
 10
53.662
 20
32.978
 10
53.429
 20
33.592
 10
53.309
 20
33.613
 10
53.005
 20
33.423
 10
52.723
 20
33.14
 10
52.483
 20
32.576
 10
52.391
 20
32.696
 10
52.391
 20
32.907
 10
52.271
 20
33.14
 10
51.918
 20
33.493
 97
0
 92
2
 72
0
 73
1
 93
21
 10
59.007
 20
33.733
 10
58.301
 20
33.423
 10
57.877
 20
32.999
 10
57.333
 20
31.636
 10
57.99
 20
31.163
 10
58.159
 20
30.98
 10
58.392
 20
30.86
 10
58.604
 20
30.789
 10
59.593
 20
30.789
 10
59.783
 20
30.881
 10
59.755
 20
31.022
 10
59.614
 20
31.234
 10
59.19
 20
31.587
 10
58.534
 20
31.848
 10
58.181
 20
31.848
 10
58.039
 20
31.778
 10
57.969
 20
31.848
 10
58.272
 20
32.039
 10
58.696
 20
32.533
 10
58.957
 20
33.119
 10
59.028
 20
33.402
 97
0
 92
2
 72
0
 73
1
 93
19
 10
57.545
 20
33.331
 10
56.535
 20
32.364
 10
56.013
 20
31.234
 10
56.719
 20
30.74
 10
57.03
 20
30.415
 10
57.263
 20
30.295
 10
58.11
 20
30.224
 10
58.301
 20
30.316
 10
58.202
 20
30.528
 10
57.99
 20
30.81
 10
57.637
 20
31.093
 10
56.98
 20
31.425
 10
56.648
 20
31.305
 10
56.747
 20
31.516
 10
56.931
 20
31.615
 10
57.213
 20
31.898
 10
57.474
 20
32.413
 10
57.616
 20
32.907
 10
57.616
 20
33.26
 97
0
 92
2
 72
0
 73
1
 93
11
 10
59.804
 20
33.049
 10
59.451
 20
32.978
 10
59.077
 20
32.787
 10
58.625
 20
32.081
 10
59.098
 20
31.919
 10
59.451
 20
31.919
 10
60.249
 20
32.251
 10
60.744
 20
32.745
 10
60.793
 20
32.837
 10
60.744
 20
32.929
 10
60.299
 20
33.049
 97
0
 92
2
 72
0
 73
1
 93
6
 10
53.499
 20
32.321
 10
52.864
 20
31.94
 10
52.836
 20
31.587
 10
52.934
 20
31.587
 10
53.005
 20
31.728
 10
53.471
 20
32.18
 97
0
 92
2
 72
0
 73
1
 93
16
 10
56.133
 20
32.272
 10
55.78
 20
32.131
 10
55.236
 20
32.039
 10
55.003
 20
31.425
 10
54.671
 20
30.81
 10
55.307
 20
30.387
 10
55.547
 20
30.133
 10
55.992
 20
29.871
 10
56.204
 20
29.801
 10
56.98
 20
29.801
 10
57.051
 20
29.942
 10
56.931
 20
30.175
 10
56.578
 20
30.528
 10
55.497
 20
31.072
 10
55.872
 20
31.474
 10
56.204
 20
32.201
 97
0
 92
2
 72
0
 73
1
 93
10
 10
51.614
 20
29.448
 10
50.746
 20
28.904
 10
50.011
 20
28.156
 10
49.616
 20
27.845
 10
49.588
 20
27.633
 10
49.757
 20
27.562
 10
50.223
 20
27.873
 10
50.717
 20
28.367
 10
50.816
 20
28.551
 10
51.635
 20
29.356
 97
0
 92
2
 72
0
 73
1
 93
10
 10
52.038
 20
29.448
 10
51.946
 20
29.398
 10
51.593
 20
28.904
 10
50.908
 20
27.541
 10
50.957
 20
27.379
 10
51.049
 20
27.329
 10
51.212
 20
27.379
 10
51.544
 20
27.965
 10
51.897
 20
28.812
 10
52.087
 20
29.398
 97
0
 75
0
 76
1
 98
0
  0
LWPOLYLINE
  5
37
330
17
100
AcDbEntity
  8
CUT
100
AcDbPolyline
 90
52
 70
1
 10
67.419
 20
40.319
 10
67.434
 20
40.657
 10
67.479
 20
40.971
 10
67.555
 20
41.259
 10
67.662
 20
41.52
 10
67.801
 20
41.752
 10
67.973
 20
41.955
 10
68.176
 20
42.126
 10
68.408
 20
42.266
 10
68.669
 20
42.373
 10
68.956
 20
42.449
 10
69.271
 20
42.494
 10
69.609
 20
42.509
 10
82.691
 20
42.509
 10
83.029
 20
42.494
 10
83.343
 20
42.449
 10
83.63
 20
42.373
 10
83.891
 20
42.266
 10
84.124
 20
42.126
 10
84.326
 20
41.955
 10
84.498
 20
41.752
 10
84.637
 20
41.52
 10
84.745
 20
41.259
 10
84.82
 20
40.971
 10
84.865
 20
40.657
 10
84.88
 20
40.319
 10
84.88
 20
27.237
 10
84.865
 20
26.899
 10
84.82
 20
26.585
 10
84.745
 20
26.297
 10
84.637
 20
26.037
 10
84.498
 20
25.804
 10
84.326
 20
25.602
 10
84.124
 20
25.43
 10
83.891
 20
25.29
 10
83.63
 20
25.183
 10
83.343
 20
25.107
 10
83.029
 20
25.063
 10
82.691
 20
25.048
 10
69.609
 20
25.048
 10
69.271
 20
25.063
 10
68.956
 20
25.107
 10
68.669
 20
25.183
 10
68.408
 20
25.29
 10
68.176
 20
25.43
 10
67.973
 20
25.602
 10
67.801
 20
25.804
 10
67.662
 20
26.037
 10
67.555
 20
26.297
 10
67.479
 20
26.585
 10
67.434
 20
26.899
 10
67.419
 20
27.237
  0
HATCH
  5
38
330
17
100
AcDbEntity
  8
RASTER
 62
7
100
AcDbHatch
 10
0.0
 20
0.0
 30
0.0
210
0.0
220
0.0
230
1.0
  2
SOLID
 70
1
 71
0
 91
18
 92
3
 72
0
 73
1
 93
150
 10
73.315
 20
40.441
 10
73.598
 20
40.342
 10
73.88
 20
39.989
 10
74.141
 20
39.474
 10
74.374
 20
38.648
 10
75.059
 20
38.98
 10
75.222
 20
38.93
 10
75.342
 20
38.768
 10
75.342
 20
38.415
 10
75.412
 20
38.203
 10
75.271
 20
37.497
 10
75.13
 20
37.214
 10
75.433
 20
37.094
 10
75.553
 20
36.932
 10
75.553
 20
36.508
 10
75.342
 20
35.873
 10
75.391
 20
35.71
 10
75.504
 20
35.612
 10
75.765
 20
36.438
 10
75.956
 20
36.812
 10
76.189
 20
37.003
 10
76.45
 20
36.883
 10
76.542
 20
37.497
 10
76.683
 20
37.92
 10
76.944
 20
38.365
 10
77.177
 20
38.415
 10
77.368
 20
38.323
 10
77.41
 20
38.224
 10
77.509
 20
38.224
 10
77.601
 20
38.838
 10
78.074
 20
39.707
 10
78.307
 20
39.827
 10
78.399
 20
39.777
 10
78.921
 20
39.142
 10
79.133
 20
39.495
 10
79.698
 20
40.06
 10
80.143
 20
40.321
 10
80.637
 20
40.462
 10
80.729
 20
40.413
 10
80.849
 20
40.25
 10
80.849
 20
39.474
 10
80.637
 20
38.697
 10
80.355
 20
38.132
 10
80.425
 20
38.062
 10
80.99
 20
37.991
 10
81.223
 20
37.871
 10
81.272
 20
37.567
 10
81.082
 20
37.193
 10
80.898
 20
37.024
 10
80.799
 20
36.84
 10
80.192
 20
36.388
 10
80.192
 20
36.275
 10
80.355
 20
36.085
 10
80.235
 20
35.71
 10
79.882
 20
35.357
 10
79.274
 20
34.976
 10
79.246
 20
34.906
 10
79.437
 20
34.743
 10
79.437
 20
34.531
 10
79.317
 20
34.298
 10
78.399
 20
33.564
 10
78.66
 20
33.543
 10
78.801
 20
33.613
 10
79.063
 20
33.423
 10
79.86
 20
33.896
 10
80.284
 20
33.966
 10
80.496
 20
33.755
 10
80.446
 20
33.211
 10
81.837
 20
33.26
 10
82.212
 20
33.07
 10
82.261
 20
32.766
 10
82.141
 20
32.533
 10
81.576
 20
31.968
 10
80.778
 20
31.636
 10
81.152
 20
31.234
 10
81.272
 20
31.001
 10
81.223
 20
30.697
 10
81.061
 20
30.577
 10
80.778
 20
30.507
 10
79.86
 20
30.507
 10
79.79
 20
30.436
 10
79.74
 20
30.133
 10
79.578
 20
30.013
 10
78.66
 20
30.013
 10
78.519
 20
30.083
 10
78.469
 20
30.062
 10
78.519
 20
29.942
 10
78.469
 20
29.638
 10
78.166
 20
29.518
 10
77.177
 20
29.589
 10
77.086
 20
29.257
 10
76.895
 20
29.165
 10
75.977
 20
29.165
 10
75.695
 20
29.236
 10
75.179
 20
29.497
 10
74.685
 20
30.062
 10
73.598
 20
29.638
 10
73.223
 20
28.459
 10
72.75
 20
27.379
 10
72.609
 20
27.167
 10
72.376
 20
27.047
 10
72.164
 20
27.047
 10
71.931
 20
27.167
 10
71.811
 20
27.4
 10
71.811
 20
27.541
 10
72.143
 20
28.156
 10
71.719
 20
27.845
 10
71.409
 20
27.52
 10
71.035
 20
27.329
 10
70.823
 20
27.329
 10
70.632
 20
27.421
 10
70.54
 20
27.612
 10
70.59
 20
27.986
 10
71.366
 20
28.72
 10
71.176
 20
28.742
 10
70.823
 20
28.6
 10
70.54
 20
28.6
 10
70.399
 20
28.53
 10
70.095
 20
28.72
 10
70.046
 20
29.165
 10
70.095
 20
29.257
 10
70.328
 20
29.377
 10
71.811
 20
29.801
 10
72.821
 20
30.274
 10
73.012
 20
30.789
 10
73.153
 20
31.495
 10
73.153
 20
31.919
 10
72.637
 20
32.18
 10
72.214
 20
32.604
 10
71.882
 20
33.19
 10
71.741
 20
33.684
 10
71.79
 20
34.199
 10
72.094
 20
34.32
 10
71.811
 20
35.096
 10
71.811
 20
35.449
 10
71.861
 20
35.541
 10
72.164
 20
35.661
 10
71.811
 20
36.579
 10
71.811
 20
36.932
 10
71.861
 20
37.024
 10
72.164
 20
37.144
 10
71.952
 20
37.709
 10
71.903
 20
38.224
 10
71.952
 20
38.415
 10
72.094
 20
38.556
 10
72.376
 20
38.556
 10
72.849
 20
38.365
 10
72.8
 20
39.262
 10
72.941
 20
39.827
 10
73.202
 20
40.342
 97
0
 92
2
 72
0
 73
1
 93
13
 10
80.545
 20
40.159
 10
79.769
 20
39.777
 10
79.274
 20
39.213
 10
79.013
 20
38.697
 10
79.013
 20
38.132
 10
79.084
 20
37.991
 10
79.013
 20
37.85
 10
79.034
 20
37.659
 10
79.74
 20
38.04
 10
80.164
 20
38.394
 10
80.566
 20
39.262
 10
80.496
 20
39.403
 10
80.566
 20
39.544
 97
0
 92
2
 72
0
 73
1
 93
15
 10
73.435
 20
40.109
 10
73.294
 20
39.897
 10
73.082
 20
39.262
 10
73.012
 20
38.627
 10
73.202
 20
38.04
 10
73.527
 20
37.8
 10
73.626
 20
37.617
 10
73.718
 20
37.567
 10
73.788
 20
37.638
 10
73.88
 20
38.04
 10
74.071
 20
38.273
 10
74.12
 20
38.676
 10
74.0
 20
38.697
 10
73.929
 20
39.262
 10
73.527
 20
40.06
 97
0
 92
2
 72
0
 73
1
 93
24
 10
78.307
 20
39.474
 10
78.215
 20
39.424
 10
77.883
 20
38.768
 10
77.742
 20
38.273
 10
77.742
 20
37.709
 10
78.187
 20
36.318
 10
78.66
 20
36.367
 10
78.801
 20
36.438
 10
79.578
 20
36.438
 10
80.376
 20
36.84
 10
80.729
 20
37.193
 10
81.011
 20
37.617
 10
81.011
 20
37.73
 10
80.919
 20
37.779
 10
79.86
 20
37.779
 10
79.133
 20
37.447
 10
78.921
 20
37.306
 10
78.752
 20
37.052
 10
78.639
 20
37.052
 10
78.611
 20
37.123
 10
78.801
 20
37.567
 10
78.801
 20
38.485
 10
78.611
 20
39.001
 10
78.399
 20
39.424
 97
0
 92
2
 72
0
 73
1
 93
26
 10
74.918
 20
38.697
 10
74.798
 20
38.605
 10
74.826
 20
38.506
 10
74.706
 20
38.556
 10
74.332
 20
38.295
 10
74.304
 20
38.111
 10
73.979
 20
37.73
 10
73.859
 20
37.497
 10
73.767
 20
36.812
 10
73.647
 20
36.932
 10
73.647
 20
37.073
 10
73.456
 20
37.447
 10
73.103
 20
37.871
 10
72.185
 20
38.323
 10
72.164
 20
37.85
 10
72.496
 20
37.052
 10
72.708
 20
36.84
 10
73.315
 20
36.53
 10
73.696
 20
36.134
 10
73.809
 20
36.134
 10
73.908
 20
36.318
 10
74.586
 20
36.911
 10
74.918
 20
37.356
 10
75.13
 20
38.132
 10
75.13
 20
38.627
 10
75.059
 20
38.697
 97
0
 92
2
 72
0
 73
1
 93
19
 10
77.107
 20
38.062
 10
76.754
 20
37.285
 10
76.683
 20
36.579
 10
77.107
 20
35.52
 10
77.177
 20
35.237
 10
77.128
 20
34.906
 10
77.813
 20
35.096
 10
78.801
 20
35.096
 10
79.529
 20
35.428
 10
79.952
 20
35.781
 10
80.072
 20
36.014
 10
80.002
 20
36.085
 10
79.507
 20
36.226
 10
78.801
 20
36.226
 10
78.074
 20
35.965
 10
77.763
 20
35.682
 10
77.813
 20
36.791
 10
77.742
 20
37.073
 10
77.481
 20
37.659
 97
0
 92
2
 72
0
 73
1
 93
18
 10
75.271
 20
36.932
 10
74.756
 20
36.741
 10
74.12
 20
36.176
 10
73.859
 20
35.732
 10
73.767
 20
35.4
 10
73.527
 20
35.965
 10
73.103
 20
36.388
 10
72.305
 20
36.791
 10
72.094
 20
36.861
 10
72.023
 20
36.791
 10
72.164
 20
36.297
 10
72.567
 20
35.569
 10
73.315
 20
35.117
 10
73.767
 20
34.623
 10
74.261
 20
35.117
 10
74.445
 20
35.216
 10
75.01
 20
35.852
 10
75.342
 20
36.791
 97
0
 92
2
 72
0
 73
1
 93
20
 10
76.238
 20
36.699
 10
76.118
 20
36.579
 10
75.836
 20
35.732
 10
75.836
 20
35.096
 10
76.189
 20
34.178
 10
76.259
 20
33.825
 10
76.21
 20
33.635
 10
76.683
 20
33.755
 10
77.954
 20
33.755
 10
78.54
 20
34.016
 10
79.105
 20
34.51
 10
79.154
 20
34.602
 10
79.013
 20
34.743
 10
78.025
 20
34.884
 10
77.227
 20
34.623
 10
76.704
 20
34.199
 10
76.683
 20
34.39
 10
76.824
 20
34.602
 10
76.824
 20
35.52
 10
76.634
 20
36.035
 97
0
 92
2
 72
0
 73
1
 93
67
 10
75.25
 20
35.499
 10
75.179
 20
35.47
 10
75.059
 20
35.237
 10
74.918
 20
34.814
 10
74.847
 20
33.825
 10
75.109
 20
33.169
 10
75.292
 20
32.999
 10
75.391
 20
32.816
 10
75.292
 20
32.604
 10
74.798
 20
31.968
 10
74.473
 20
31.658
 10
74.374
 20
31.474
 10
73.103
 20
30.133
 10
72.517
 20
29.801
 10
71.811
 20
29.518
 10
70.328
 20
29.095
 10
70.258
 20
29.024
 10
70.279
 20
28.833
 10
70.611
 20
28.812
 10
70.893
 20
28.883
 10
72.376
 20
29.377
 10
73.435
 20
29.871
 10
74.777
 20
30.366
 10
74.897
 20
30.344
 10
75.038
 20
30.062
 10
75.391
 20
29.709
 10
75.765
 20
29.518
 10
76.401
 20
29.377
 10
76.874
 20
29.469
 10
76.775
 20
29.751
 10
76.351
 20
30.175
 10
75.786
 20
30.528
 10
75.271
 20
30.719
 10
75.786
 20
31.121
 10
75.977
 20
31.495
 10
76.118
 20
31.919
 10
76.118
 20
32.06
 10
75.977
 20
32.201
 10
75.765
 20
32.201
 10
75.532
 20
32.081
 10
75.433
 20
31.898
 10
75.179
 20
31.658
 10
74.847
 20
31.072
 10
74.826
 20
30.669
 10
73.598
 20
30.175
 10
74.374
 20
30.98
 10
74.473
 20
31.163
 10
75.363
 20
32.18
 10
75.603
 20
32.576
 10
76.259
 20
32.413
 10
76.965
 20
32.413
 10
77.481
 20
32.604
 10
77.905
 20
32.886
 10
78.236
 20
33.26
 10
78.025
 20
33.402
 10
77.742
 20
33.472
 10
77.319
 20
33.472
 10
77.177
 20
33.543
 10
76.965
 20
33.472
 10
76.612
 20
33.472
 10
76.097
 20
33.211
 10
75.716
 20
32.858
 10
75.716
 20
33.027
 10
75.977
 20
33.684
 10
75.977
 20
34.037
 10
75.744
 20
34.793
 10
75.433
 20
35.329
 97
0
 92
2
 72
0
 73
1
 93
19
 10
72.143
 20
35.357
 10
72.044
 20
35.287
 10
72.094
 20
35.096
 10
72.235
 20
34.673
 10
72.496
 20
34.228
 10
73.245
 20
33.705
 10
73.626
 20
33.31
 10
73.739
 20
33.31
 10
73.979
 20
33.564
 10
74.515
 20
33.945
 10
74.685
 20
35.146
 10
73.979
 20
34.553
 10
73.788
 20
33.896
 10
73.718
 20
33.825
 10
73.647
 20
33.896
 10
73.647
 20
34.249
 10
73.456
 20
34.623
 10
73.103
 20
34.976
 10
72.588
 20
35.237
 97
0
 92
2
 72
0
 73
1
 93
27
 10
72.023
 20
34.037
 10
71.952
 20
33.966
 10
72.023
 20
33.613
 10
72.425
 20
32.816
 10
72.849
 20
32.463
 10
73.456
 20
32.223
 10
73.506
 20
32.131
 10
73.435
 20
31.989
 10
73.365
 20
31.001
 10
73.223
 20
30.577
 10
73.294
 20
30.507
 10
73.527
 20
30.697
 10
73.718
 20
31.142
 10
73.718
 20
31.636
 10
73.788
 20
31.778
 10
73.809
 20
32.18
 10
74.586
 20
32.604
 10
74.847
 20
32.978
 10
74.614
 20
33.592
 10
74.494
 20
33.613
 10
74.191
 20
33.423
 10
73.908
 20
33.14
 10
73.668
 20
32.576
 10
73.576
 20
32.696
 10
73.576
 20
32.907
 10
73.456
 20
33.14
 10
73.103
 20
33.493
 97
0
 92
2
 72
0
 73
1
 93
21
 10
80.192
 20
33.733
 10
79.486
 20
33.423
 10
79.063
 20
32.999
 10
78.519
 20
31.636
 10
79.175
 20
31.163
 10
79.345
 20
30.98
 10
79.578
 20
30.86
 10
79.79
 20
30.789
 10
80.778
 20
30.789
 10
80.969
 20
30.881
 10
80.941
 20
31.022
 10
80.799
 20
31.234
 10
80.376
 20
31.587
 10
79.719
 20
31.848
 10
79.366
 20
31.848
 10
79.225
 20
31.778
 10
79.154
 20
31.848
 10
79.458
 20
32.039
 10
79.882
 20
32.533
 10
80.143
 20
33.119
 10
80.213
 20
33.402
 97
0
 92
2
 72
0
 73
1
 93
19
 10
78.731
 20
33.331
 10
77.721
 20
32.364
 10
77.199
 20
31.234
 10
77.905
 20
30.74
 10
78.215
 20
30.415
 10
78.448
 20
30.295
 10
79.296
 20
30.224
 10
79.486
 20
30.316
 10
79.387
 20
30.528
 10
79.175
 20
30.81
 10
78.822
 20
31.093
 10
78.166
 20
31.425
 10
77.834
 20
31.305
 10
77.933
 20
31.516
 10
78.116
 20
31.615
 10
78.399
 20
31.898
 10
78.66
 20
32.413
 10
78.801
 20
32.907
 10
78.801
 20
33.26
 97
0
 92
2
 72
0
 73
1
 93
11
 10
80.99
 20
33.049
 10
80.637
 20
32.978
 10
80.263
 20
32.787
 10
79.811
 20
32.081
 10
80.284
 20
31.919
 10
80.637
 20
31.919
 10
81.435
 20
32.251
 10
81.929
 20
32.745
 10
81.979
 20
32.837
 10
81.929
 20
32.929
 10
81.484
 20
33.049
 97
0
 92
2
 72
0
 73
1
 93
6
 10
74.685
 20
32.321
 10
74.049
 20
31.94
 10
74.021
 20
31.587
 10
74.12
 20
31.587
 10
74.191
 20
31.728
 10
74.657
 20
32.18
 97
0
 92
2
 72
0
 73
1
 93
16
 10
77.319
 20
32.272
 10
76.965
 20
32.131
 10
76.422
 20
32.039
 10
76.189
 20
31.425
 10
75.857
 20
30.81
 10
76.492
 20
30.387
 10
76.732
 20
30.133
 10
77.177
 20
29.871
 10
77.389
 20
29.801
 10
78.166
 20
29.801
 10
78.236
 20
29.942
 10
78.116
 20
30.175
 10
77.763
 20
30.528
 10
76.683
 20
31.072
 10
77.057
 20
31.474
 10
77.389
 20
32.201
 97
0
 92
2
 72
0
 73
1
 93
10
 10
72.8
 20
29.448
 10
71.931
 20
28.904
 10
71.197
 20
28.156
 10
70.802
 20
27.845
 10
70.773
 20
27.633
 10
70.943
 20
27.562
 10
71.409
 20
27.873
 10
71.903
 20
28.367
 10
72.002
 20
28.551
 10
72.821
 20
29.356
 97
0
 92
2
 72
0
 73
1
 93
10
 10
73.223
 20
29.448
 10
73.132
 20
29.398
 10
72.779
 20
28.904
 10
72.094
 20
27.541
 10
72.143
 20
27.379
 10
72.235
 20
27.329
 10
72.397
 20
27.379
 10
72.729
 20
27.965
 10
73.082
 20
28.812
 10
73.273
 20
29.398
 97
0
 75
0
 76
1
 98
0
  0
LWPOLYLINE
  5
39
330
17
100
AcDbEntity
  8
CUT
100
AcDbPolyline
 90
52
 70
1
 10
88.605
 20
40.319
 10
88.62
 20
40.657
 10
88.664
 20
40.971
 10
88.74
 20
41.259
 10
88.847
 20
41.52
 10
88.987
 20
41.752
 10
89.159
 20
41.955
 10
89.361
 20
42.126
 10
89.594
 20
42.266
 10
89.854
 20
42.373
 10
90.142
 20
42.449
 10
90.456
 20
42.494
 10
90.794
 20
42.509
 10
103.876
 20
42.509
 10
104.214
 20
42.494
 10
104.528
 20
42.449
 10
104.816
 20
42.373
 10
105.077
 20
42.266
 10
105.309
 20
42.126
 10
105.512
 20
41.955
 10
105.683
 20
41.752
 10
105.823
 20
41.52
 10
105.93
 20
41.259
 10
106.006
 20
40.971
 10
106.051
 20
40.657
 10
106.066
 20
40.319
 10
106.066
 20
27.237
 10
106.051
 20
26.899
 10
106.006
 20
26.585
 10
105.93
 20
26.297
 10
105.823
 20
26.037
 10
105.683
 20
25.804
 10
105.512
 20
25.602
 10
105.309
 20
25.43
 10
105.077
 20
25.29
 10
104.816
 20
25.183
 10
104.528
 20
25.107
 10
104.214
 20
25.063
 10
103.876
 20
25.048
 10
90.794
 20
25.048
 10
90.456
 20
25.063
 10
90.142
 20
25.107
 10
89.854
 20
25.183
 10
89.594
 20
25.29
 10
89.361
 20
25.43
 10
89.159
 20
25.602
 10
88.987
 20
25.804
 10
88.847
 20
26.037
 10
88.74
 20
26.297
 10
88.664
 20
26.585
 10
88.62
 20
26.899
 10
88.605
 20
27.237
  0
HATCH
  5
3A
330
17
100
AcDbEntity
  8
RASTER
 62
7
100
AcDbHatch
 10
0.0
 20
0.0
 30
0.0
210
0.0
220
0.0
230
1.0
  2
SOLID
 70
1
 71
0
 91
7
 92
3
 72
0
 73
1
 93
50
 10
96.609
 20
40.496
 10
98.014
 20
40.516
 10
98.15
 20
40.448
 10
98.422
 20
40.448
 10
99.169
 20
40.245
 10
99.664
 20
39.993
 10
99.8
 20
39.858
 10
99.984
 20
39.498
 10
100.052
 20
39.022
 10
99.984
 20
38.886
 10
99.984
 20
38.547
 10
99.8
 20
38.187
 10
99.576
 20
37.936
 10
99.644
 20
37.392
 10
100.031
 20
36.557
 10
100.799
 20
35.151
 10
101.002
 20
34.201
 10
101.002
 20
32.028
 10
100.934
 20
31.892
 10
100.934
 20
30.466
 10
100.866
 20
30.33
 10
100.866
 20
28.904
 10
100.799
 20
28.564
 10
100.615
 20
28.204
 10
100.14
 20
27.729
 10
99.169
 20
27.274
 10
98.286
 20
27.07
 10
97.811
 20
27.07
 10
97.675
 20
27.002
 10
96.996
 20
27.002
 10
96.86
 20
27.07
 10
95.977
 20
27.138
 10
95.298
 20
27.342
 10
94.531
 20
27.729
 10
94.123
 20
28.136
 10
93.94
 20
28.496
 10
93.804
 20
29.04
 10
93.736
 20
31.077
 10
93.668
 20
31.213
 10
93.668
 20
34.404
 10
93.94
 20
35.355
 10
94.958
 20
37.257
 10
95.094
 20
37.732
 10
95.074
 20
37.983
 10
94.87
 20
38.187
 10
94.687
 20
38.547
 10
94.619
 20
39.294
 10
94.87
 20
39.858
 10
95.142
 20
40.061
 10
95.909
 20
40.38
 97
0
 92
2
 72
0
 73
1
 93
51
 10
97.131
 20
40.177
 10
96.996
 20
40.109
 10
96.452
 20
40.109
 10
95.705
 20
39.905
 10
95.21
 20
39.654
 10
95.026
 20
39.294
 10
95.026
 20
38.819
 10
95.094
 20
38.615
 10
95.434
 20
38.139
 10
95.434
 20
37.528
 10
95.298
 20
37.121
 10
94.87
 20
36.258
 10
94.279
 20
35.219
 10
94.076
 20
34.54
 10
94.076
 20
34.269
 10
94.008
 20
34.133
 10
94.076
 20
30.669
 10
94.143
 20
30.534
 10
94.143
 20
29.583
 10
94.211
 20
29.447
 10
94.211
 20
28.904
 10
94.279
 20
28.632
 10
94.395
 20
28.408
 10
94.734
 20
28.069
 10
95.162
 20
27.817
 10
95.977
 20
27.546
 10
96.724
 20
27.478
 10
96.86
 20
27.41
 10
97.878
 20
27.41
 10
99.169
 20
27.682
 10
99.936
 20
28.069
 10
100.276
 20
28.408
 10
100.391
 20
28.632
 10
100.459
 20
28.836
 10
100.459
 20
30.126
 10
100.527
 20
30.262
 10
100.527
 20
31.349
 10
100.595
 20
31.484
 10
100.663
 20
33.725
 10
100.595
 20
33.861
 10
100.527
 20
34.676
 10
100.323
 20
35.287
 10
99.508
 20
36.781
 10
99.237
 20
37.596
 10
99.237
 20
38.139
 10
99.461
 20
38.391
 10
99.644
 20
38.886
 10
99.644
 20
39.294
 10
99.529
 20
39.518
 10
99.325
 20
39.722
 10
98.558
 20
40.041
 97
0
 92
2
 72
0
 73
1
 93
16
 10
96.88
 20
39.885
 10
97.743
 20
39.905
 10
97.878
 20
39.837
 10
98.286
 20
39.837
 10
98.917
 20
39.586
 10
99.033
 20
39.362
 10
98.945
 20
39.178
 10
98.782
 20
39.07
 10
98.15
 20
38.886
 10
96.588
 20
38.886
 10
96.249
 20
38.954
 10
95.821
 20
39.138
 10
95.685
 20
39.274
 10
95.637
 20
39.362
 10
95.685
 20
39.518
 10
96.113
 20
39.769
 97
0
 92
2
 72
0
 73
1
 93
10
 10
96.656
 20
39.566
 10
95.997
 20
39.341
 10
96.181
 20
39.226
 10
96.452
 20
39.226
 10
96.588
 20
39.158
 10
98.15
 20
39.158
 10
98.49
 20
39.226
 10
98.558
 20
39.294
 10
98.51
 20
39.382
 10
98.014
 20
39.566
 97
0
 92
2
 72
0
 73
1
 93
18
 10
99.053
 20
38.255
 10
99.101
 20
38.207
 10
98.985
 20
37.983
 10
98.354
 20
37.732
 10
98.082
 20
37.732
 10
97.946
 20
37.664
 10
96.588
 20
37.664
 10
96.452
 20
37.732
 10
96.181
 20
37.732
 10
95.685
 20
37.915
 10
95.57
 20
38.139
 10
95.705
 20
38.207
 10
96.045
 20
38.072
 10
96.724
 20
38.004
 10
96.86
 20
37.936
 10
97.878
 20
37.936
 10
98.014
 20
38.004
 10
98.625
 20
38.072
 97
0
 92
2
 72
0
 73
1
 93
43
 10
94.639
 20
35.131
 10
94.755
 20
35.084
 10
94.483
 20
34.065
 10
94.483
 20
32.91
 10
94.551
 20
32.775
 10
94.551
 20
31.484
 10
94.619
 20
31.349
 10
94.619
 20
29.855
 10
94.687
 20
29.719
 10
94.687
 20
28.972
 10
94.802
 20
28.748
 10
95.142
 20
28.476
 10
95.502
 20
28.293
 10
96.52
 20
28.021
 10
97.356
 20
27.974
 10
98.218
 20
28.021
 10
98.829
 20
28.157
 10
99.664
 20
28.544
 10
99.868
 20
28.748
 10
99.984
 20
29.04
 10
99.984
 20
29.855
 10
100.099
 20
30.106
 10
100.119
 20
28.972
 10
99.936
 20
28.612
 10
99.732
 20
28.408
 10
99.101
 20
28.089
 10
98.354
 20
27.885
 10
98.082
 20
27.885
 10
97.946
 20
27.817
 10
96.792
 20
27.817
 10
96.656
 20
27.885
 10
96.317
 20
27.885
 10
95.434
 20
28.157
 10
94.938
 20
28.408
 10
94.666
 20
28.68
 10
94.551
 20
28.904
 10
94.551
 20
29.447
 10
94.483
 20
29.583
 10
94.483
 20
30.941
 10
94.415
 20
31.077
 10
94.415
 20
32.367
 10
94.347
 20
32.503
 10
94.347
 20
34.201
 97
0
 92
2
 72
0
 73
1
 93
7
 10
100.14
 20
30.921
 10
100.187
 20
30.873
 10
100.187
 20
30.262
 10
100.119
 20
30.194
 10
100.052
 20
30.262
 10
100.052
 20
30.398
 10
100.119
 20
30.534
 97
0
 75
0
 76
1
 98
0
  0
LWPOLYLINE
  5
3B
330
17
100
AcDbEntity
  8
CUT
100
AcDbPolyline
 90
52
 70
1
 10
109.791
 20
40.319
 10
109.805
 20
40.657
 10
109.85
 20
40.971
 10
109.926
 20
41.259
 10
110.033
 20
41.52
 10
110.173
 20
41.752
 10
110.344
 20
41.955
 10
110.547
 20
42.126
 10
110.779
 20
42.266
 10
111.04
 20
42.373
 10
111.328
 20
42.449
 10
111.642
 20
42.494
 10
111.98
 20
42.509
 10
125.062
 20
42.509
 10
125.4
 20
42.494
 10
125.714
 20
42.449
 10
126.002
 20
42.373
 10
126.262
 20
42.266
 10
126.495
 20
42.126
 10
126.697
 20
41.955
 10
126.869
 20
41.752
 10
127.009
 20
41.52
 10
127.116
 20
41.259
 10
127.192
 20
40.971
 10
127.236
 20
40.657
 10
127.251
 20
40.319
 10
127.251
 20
27.237
 10
127.236
 20
26.899
 10
127.192
 20
26.585
 10
127.116
 20
26.297
 10
127.009
 20
26.037
 10
126.869
 20
25.804
 10
126.697
 20
25.602
 10
126.495
 20
25.43
 10
126.262
 20
25.29
 10
126.002
 20
25.183
 10
125.714
 20
25.107
 10
125.4
 20
25.063
 10
125.062
 20
25.048
 10
111.98
 20
25.048
 10
111.642
 20
25.063
 10
111.328
 20
25.107
 10
111.04
 20
25.183
 10
110.779
 20
25.29
 10
110.547
 20
25.43
 10
110.344
 20
25.602
 10
110.173
 20
25.804
 10
110.033
 20
26.037
 10
109.926
 20
26.297
 10
109.85
 20
26.585
 10
109.805
 20
26.899
 10
109.791
 20
27.237
  0
HATCH
  5
3C
330
17
100
AcDbEntity
  8
RASTER
 62
7
100
AcDbHatch
 10
0.0
 20
0.0
 30
0.0
210
0.0
220
0.0
230
1.0
  2
SOLID
 70
1
 71
0
 91
7
 92
3
 72
0
 73
1
 93
50
 10
117.794
 20
40.496
 10
119.2
 20
40.516
 10
119.336
 20
40.448
 10
119.607
 20
40.448
 10
120.354
 20
40.245
 10
120.85
 20
39.993
 10
120.986
 20
39.858
 10
121.169
 20
39.498
 10
121.237
 20
39.022
 10
121.169
 20
38.886
 10
121.169
 20
38.547
 10
120.986
 20
38.187
 10
120.762
 20
37.936
 10
120.83
 20
37.392
 10
121.217
 20
36.557
 10
121.984
 20
35.151
 10
122.188
 20
34.201
 10
122.188
 20
32.028
 10
122.12
 20
31.892
 10
122.12
 20
30.466
 10
122.052
 20
30.33
 10
122.052
 20
28.904
 10
121.984
 20
28.564
 10
121.801
 20
28.204
 10
121.325
 20
27.729
 10
120.354
 20
27.274
 10
119.472
 20
27.07
 10
118.996
 20
27.07
 10
118.86
 20
27.002
 10
118.181
 20
27.002
 10
118.045
 20
27.07
 10
117.163
 20
27.138
 10
116.484
 20
27.342
 10
115.716
 20
27.729
 10
115.309
 20
28.136
 10
115.125
 20
28.496
 10
114.99
 20
29.04
 10
114.922
 20
31.077
 10
114.854
 20
31.213
 10
114.854
 20
34.404
 10
115.125
 20
35.355
 10
116.144
 20
37.257
 10
116.28
 20
37.732
 10
116.259
 20
37.983
 10
116.056
 20
38.187
 10
115.872
 20
38.547
 10
115.804
 20
39.294
 10
116.056
 20
39.858
 10
116.327
 20
40.061
 10
117.095
 20
40.38
 97
0
 92
2
 72
0
 73
1
 93
51
 10
118.317
 20
40.177
 10
118.181
 20
40.109
 10
117.638
 20
40.109
 10
116.891
 20
39.905
 10
116.395
 20
39.654
 10
116.212
 20
39.294
 10
116.212
 20
38.819
 10
116.28
 20
38.615
 10
116.619
 20
38.139
 10
116.619
 20
37.528
 10
116.484
 20
37.121
 10
116.056
 20
36.258
 10
115.465
 20
35.219
 10
115.261
 20
34.54
 10
115.261
 20
34.269
 10
115.193
 20
34.133
 10
115.261
 20
30.669
 10
115.329
 20
30.534
 10
115.329
 20
29.583
 10
115.397
 20
29.447
 10
115.397
 20
28.904
 10
115.465
 20
28.632
 10
115.58
 20
28.408
 10
115.92
 20
28.069
 10
116.348
 20
27.817
 10
117.163
 20
27.546
 10
117.91
 20
27.478
 10
118.045
 20
27.41
 10
119.064
 20
27.41
 10
120.354
 20
27.682
 10
121.122
 20
28.069
 10
121.461
 20
28.408
 10
121.577
 20
28.632
 10
121.645
 20
28.836
 10
121.645
 20
30.126
 10
121.713
 20
30.262
 10
121.713
 20
31.349
 10
121.78
 20
31.484
 10
121.848
 20
33.725
 10
121.78
 20
33.861
 10
121.713
 20
34.676
 10
121.509
 20
35.287
 10
120.694
 20
36.781
 10
120.422
 20
37.596
 10
120.422
 20
38.139
 10
120.646
 20
38.391
 10
120.83
 20
38.886
 10
120.83
 20
39.294
 10
120.714
 20
39.518
 10
120.511
 20
39.722
 10
119.743
 20
40.041
 97
0
 92
2
 72
0
 73
1
 93
16
 10
118.066
 20
39.885
 10
118.928
 20
39.905
 10
119.064
 20
39.837
 10
119.472
 20
39.837
 10
120.103
 20
39.586
 10
120.219
 20
39.362
 10
120.13
 20
39.178
 10
119.967
 20
39.07
 10
119.336
 20
38.886
 10
117.774
 20
38.886
 10
117.434
 20
38.954
 10
117.006
 20
39.138
 10
116.871
 20
39.274
 10
116.823
 20
39.362
 10
116.871
 20
39.518
 10
117.298
 20
39.769
 97
0
 92
2
 72
0
 73
1
 93
10
 10
117.842
 20
39.566
 10
117.183
 20
39.341
 10
117.366
 20
39.226
 10
117.638
 20
39.226
 10
117.774
 20
39.158
 10
119.336
 20
39.158
 10
119.675
 20
39.226
 10
119.743
 20
39.294
 10
119.696
 20
39.382
 10
119.2
 20
39.566
 97
0
 92
2
 72
0
 73
1
 93
18
 10
120.239
 20
38.255
 10
120.286
 20
38.207
 10
120.171
 20
37.983
 10
119.539
 20
37.732
 10
119.268
 20
37.732
 10
119.132
 20
37.664
 10
117.774
 20
37.664
 10
117.638
 20
37.732
 10
117.366
 20
37.732
 10
116.871
 20
37.915
 10
116.755
 20
38.139
 10
116.891
 20
38.207
 10
117.231
 20
38.072
 10
117.91
 20
38.004
 10
118.045
 20
37.936
 10
119.064
 20
37.936
 10
119.2
 20
38.004
 10
119.811
 20
38.072
 97
0
 92
2
 72
0
 73
1
 93
43
 10
115.825
 20
35.131
 10
115.94
 20
35.084
 10
115.669
 20
34.065
 10
115.669
 20
32.91
 10
115.737
 20
32.775
 10
115.737
 20
31.484
 10
115.804
 20
31.349
 10
115.804
 20
29.855
 10
115.872
 20
29.719
 10
115.872
 20
28.972
 10
115.988
 20
28.748
 10
116.327
 20
28.476
 10
116.687
 20
28.293
 10
117.706
 20
28.021
 10
118.541
 20
27.974
 10
119.404
 20
28.021
 10
120.015
 20
28.157
 10
120.85
 20
28.544
 10
121.054
 20
28.748
 10
121.169
 20
29.04
 10
121.169
 20
29.855
 10
121.285
 20
30.106
 10
121.305
 20
28.972
 10
121.122
 20
28.612
 10
120.918
 20
28.408
 10
120.286
 20
28.089
 10
119.539
 20
27.885
 10
119.268
 20
27.885
 10
119.132
 20
27.817
 10
117.978
 20
27.817
 10
117.842
 20
27.885
 10
117.502
 20
27.885
 10
116.619
 20
28.157
 10
116.124
 20
28.408
 10
115.852
 20
28.68
 10
115.737
 20
28.904
 10
115.737
 20
29.447
 10
115.669
 20
29.583
 10
115.669
 20
30.941
 10
115.601
 20
31.077
 10
115.601
 20
32.367
 10
115.533
 20
32.503
 10
115.533
 20
34.201
 97
0
 92
2
 72
0
 73
1
 93
7
 10
121.325
 20
30.921
 10
121.373
 20
30.873
 10
121.373
 20
30.262
 10
121.305
 20
30.194
 10
121.237
 20
30.262
 10
121.237
 20
30.398
 10
121.305
 20
30.534
 97
0
 75
0
 76
1
 98
0
  0
LWPOLYLINE
  5
3D
330
17
100
AcDbEntity
  8
CUT
100
AcDbPolyline
 90
52
 70
1
 10
130.976
 20
40.319
 10
130.991
 20
40.657
 10
131.036
 20
40.971
 10
131.111
 20
41.259
 10
131.219
 20
41.52
 10
131.358
 20
41.752
 10
131.53
 20
41.955
 10
131.732
 20
42.126
 10
131.965
 20
42.266
 10
132.226
 20
42.373
 10
132.513
 20
42.449
 10
132.827
 20
42.494
 10
133.165
 20
42.509
 10
146.247
 20
42.509
 10
146.585
 20
42.494
 10
146.9
 20
42.449
 10
147.187
 20
42.373
 10
147.448
 20
42.266
 10
147.68
 20
42.126
 10
147.883
 20
41.955
 10
148.055
 20
41.752
 10
148.194
 20
41.52
 10
148.301
 20
41.259
 10
148.377
 20
40.971
 10
148.422
 20
40.657
 10
148.437
 20
40.319
 10
148.437
 20
27.237
 10
148.422
 20
26.899
 10
148.377
 20
26.585
 10
148.301
 20
26.297
 10
148.194
 20
26.037
 10
148.055
 20
25.804
 10
147.883
 20
25.602
 10
147.68
 20
25.43
 10
147.448
 20
25.29
 10
147.187
 20
25.183
 10
146.9
 20
25.107
 10
146.585
 20
25.063
 10
146.247
 20
25.048
 10
133.165
 20
25.048
 10
132.827
 20
25.063
 10
132.513
 20
25.107
 10
132.226
 20
25.183
 10
131.965
 20
25.29
 10
131.732
 20
25.43
 10
131.53
 20
25.602
 10
131.358
 20
25.804
 10
131.219
 20
26.037
 10
131.111
 20
26.297
 10
131.036
 20
26.585
 10
130.991
 20
26.899
 10
130.976
 20
27.237
  0
HATCH
  5
3E
330
17
100
AcDbEntity
  8
RASTER
 62
7
100
AcDbHatch
 10
0.0
 20
0.0
 30
0.0
210
0.0
220
0.0
230
1.0
  2
SOLID
 70
1
 71
0
 91
7
 92
3
 72
0
 73
1
 93
50
 10
138.98
 20
40.496
 10
140.385
 20
40.516
 10
140.521
 20
40.448
 10
140.793
 20
40.448
 10
141.54
 20
40.245
 10
142.036
 20
39.993
 10
142.171
 20
39.858
 10
142.355
 20
39.498
 10
142.423
 20
39.022
 10
142.355
 20
38.886
 10
142.355
 20
38.547
 10
142.171
 20
38.187
 10
141.947
 20
37.936
 10
142.015
 20
37.392
 10
142.402
 20
36.557
 10
143.17
 20
35.151
 10
143.373
 20
34.201
 10
143.373
 20
32.028
 10
143.306
 20
31.892
 10
143.306
 20
30.466
 10
143.238
 20
30.33
 10
143.238
 20
28.904
 10
143.17
 20
28.564
 10
142.986
 20
28.204
 10
142.511
 20
27.729
 10
141.54
 20
27.274
 10
140.657
 20
27.07
 10
140.182
 20
27.07
 10
140.046
 20
27.002
 10
139.367
 20
27.002
 10
139.231
 20
27.07
 10
138.348
 20
27.138
 10
137.669
 20
27.342
 10
136.902
 20
27.729
 10
136.494
 20
28.136
 10
136.311
 20
28.496
 10
136.175
 20
29.04
 10
136.107
 20
31.077
 10
136.039
 20
31.213
 10
136.039
 20
34.404
 10
136.311
 20
35.355
 10
137.33
 20
37.257
 10
137.465
 20
37.732
 10
137.445
 20
37.983
 10
137.241
 20
38.187
 10
137.058
 20
38.547
 10
136.99
 20
39.294
 10
137.241
 20
39.858
 10
137.513
 20
40.061
 10
138.28
 20
40.38
 97
0
 92
2
 72
0
 73
1
 93
51
 10
139.503
 20
40.177
 10
139.367
 20
40.109
 10
138.824
 20
40.109
 10
138.077
 20
39.905
 10
137.581
 20
39.654
 10
137.398
 20
39.294
 10
137.398
 20
38.819
 10
137.465
 20
38.615
 10
137.805
 20
38.139
 10
137.805
 20
37.528
 10
137.669
 20
37.121
 10
137.241
 20
36.258
 10
136.651
 20
35.219
 10
136.447
 20
34.54
 10
136.447
 20
34.269
 10
136.379
 20
34.133
 10
136.447
 20
30.669
 10
136.515
 20
30.534
 10
136.515
 20
29.583
 10
136.583
 20
29.447
 10
136.583
 20
28.904
 10
136.651
 20
28.632
 10
136.766
 20
28.408
 10
137.105
 20
28.069
 10
137.533
 20
27.817
 10
138.348
 20
27.546
 10
139.095
 20
27.478
 10
139.231
 20
27.41
 10
140.25
 20
27.41
 10
141.54
 20
27.682
 10
142.307
 20
28.069
 10
142.647
 20
28.408
 10
142.762
 20
28.632
 10
142.83
 20
28.836
 10
142.83
 20
30.126
 10
142.898
 20
30.262
 10
142.898
 20
31.349
 10
142.966
 20
31.484
 10
143.034
 20
33.725
 10
142.966
 20
33.861
 10
142.898
 20
34.676
 10
142.694
 20
35.287
 10
141.879
 20
36.781
 10
141.608
 20
37.596
 10
141.608
 20
38.139
 10
141.832
 20
38.391
 10
142.015
 20
38.886
 10
142.015
 20
39.294
 10
141.9
 20
39.518
 10
141.696
 20
39.722
 10
140.929
 20
40.041
 97
0
 92
2
 72
0
 73
1
 93
16
 10
139.251
 20
39.885
 10
140.114
 20
39.905
 10
140.25
 20
39.837
 10
140.657
 20
39.837
 10
141.289
 20
39.586
 10
141.404
 20
39.362
 10
141.316
 20
39.178
 10
141.153
 20
39.07
 10
140.521
 20
38.886
 10
138.959
 20
38.886
 10
138.62
 20
38.954
 10
138.192
 20
39.138
 10
138.056
 20
39.274
 10
138.009
 20
39.362
 10
138.056
 20
39.518
 10
138.484
 20
39.769
 97
0
 92
2
 72
0
 73
1
 93
10
 10
139.027
 20
39.566
 10
138.369
 20
39.341
 10
138.552
 20
39.226
 10
138.824
 20
39.226
 10
138.959
 20
39.158
 10
140.521
 20
39.158
 10
140.861
 20
39.226
 10
140.929
 20
39.294
 10
140.881
 20
39.382
 10
140.385
 20
39.566
 97
0
 92
2
 72
0
 73
1
 93
18
 10
141.424
 20
38.255
 10
141.472
 20
38.207
 10
141.357
 20
37.983
 10
140.725
 20
37.732
 10
140.453
 20
37.732
 10
140.318
 20
37.664
 10
138.959
 20
37.664
 10
138.824
 20
37.732
 10
138.552
 20
37.732
 10
138.056
 20
37.915
 10
137.941
 20
38.139
 10
138.077
 20
38.207
 10
138.416
 20
38.072
 10
139.095
 20
38.004
 10
139.231
 20
37.936
 10
140.25
 20
37.936
 10
140.385
 20
38.004
 10
140.997
 20
38.072
 97
0
 92
2
 72
0
 73
1
 93
43
 10
137.01
 20
35.131
 10
137.126
 20
35.084
 10
136.854
 20
34.065
 10
136.854
 20
32.91
 10
136.922
 20
32.775
 10
136.922
 20
31.484
 10
136.99
 20
31.349
 10
136.99
 20
29.855
 10
137.058
 20
29.719
 10
137.058
 20
28.972
 10
137.173
 20
28.748
 10
137.513
 20
28.476
 10
137.873
 20
28.293
 10
138.891
 20
28.021
 10
139.727
 20
27.974
 10
140.589
 20
28.021
 10
141.2
 20
28.157
 10
142.036
 20
28.544
 10
142.239
 20
28.748
 10
142.355
 20
29.04
 10
142.355
 20
29.855
 10
142.47
 20
30.106
 10
142.491
 20
28.972
 10
142.307
 20
28.612
 10
142.104
 20
28.408
 10
141.472
 20
28.089
 10
140.725
 20
27.885
 10
140.453
 20
27.885
 10
140.318
 20
27.817
 10
139.163
 20
27.817
 10
139.027
 20
27.885
 10
138.688
 20
27.885
 10
137.805
 20
28.157
 10
137.309
 20
28.408
 10
137.038
 20
28.68
 10
136.922
 20
28.904
 10
136.922
 20
29.447
 10
136.854
 20
29.583
 10
136.854
 20
30.941
 10
136.786
 20
31.077
 10
136.786
 20
32.367
 10
136.718
 20
32.503
 10
136.718
 20
34.201
 97
0
 92
2
 72
0
 73
1
 93
7
 10
142.511
 20
30.921
 10
142.559
 20
30.873
 10
142.559
 20
30.262
 10
142.491
 20
30.194
 10
142.423
 20
30.262
 10
142.423
 20
30.398
 10
142.491
 20
30.534
 97
0
 75
0
 76
1
 98
0
  0
LWPOLYLINE
  5
3F
330
17
100
AcDbEntity
  8
CUT
100
AcDbPolyline
 90
52
 70
1
 10
152.162
 20
40.319
 10
152.176
 20
40.657
 10
152.221
 20
40.971
 10
152.297
 20
41.259
 10
152.404
 20
41.52
 10
152.544
 20
41.752
 10
152.715
 20
41.955
 10
152.918
 20
42.126
 10
153.151
 20
42.266
 10
153.411
 20
42.373
 10
153.699
 20
42.449
 10
154.013
 20
42.494
 10
154.351
 20
42.509
 10
167.433
 20
42.509
 10
167.771
 20
42.494
 10
168.085
 20
42.449
 10
168.373
 20
42.373
 10
168.633
 20
42.266
 10
168.866
 20
42.126
 10
169.069
 20
41.955
 10
169.24
 20
41.752
 10
169.38
 20
41.52
 10
169.487
 20
41.259
 10
169.563
 20
40.971
 10
169.608
 20
40.657
 10
169.622
 20
40.319
 10
169.622
 20
27.237
 10
169.608
 20
26.899
 10
169.563
 20
26.585
 10
169.487
 20
26.297
 10
169.38
 20
26.037
 10
169.24
 20
25.804
 10
169.069
 20
25.602
 10
168.866
 20
25.43
 10
168.633
 20
25.29
 10
168.373
 20
25.183
 10
168.085
 20
25.107
 10
167.771
 20
25.063
 10
167.433
 20
25.048
 10
154.351
 20
25.048
 10
154.013
 20
25.063
 10
153.699
 20
25.107
 10
153.411
 20
25.183
 10
153.151
 20
25.29
 10
152.918
 20
25.43
 10
152.715
 20
25.602
 10
152.544
 20
25.804
 10
152.404
 20
26.037
 10
152.297
 20
26.297
 10
152.221
 20
26.585
 10
152.176
 20
26.899
 10
152.162
 20
27.237
  0
HATCH
  5
40
330
17
100
AcDbEntity
  8
RASTER
 62
7
100
AcDbHatch
 10
0.0
 20
0.0
 30
0.0
210
0.0
220
0.0
230
1.0
  2
SOLID
 70
1
 71
0
 91
7
 92
3
 72
0
 73
1
 93
50
 10
160.165
 20
40.496
 10
161.571
 20
40.516
 10
161.707
 20
40.448
 10
161.979
 20
40.448
 10
162.726
 20
40.245
 10
163.221
 20
39.993
 10
163.357
 20
39.858
 10
163.54
 20
39.498
 10
163.608
 20
39.022
 10
163.54
 20
38.886
 10
163.54
 20
38.547
 10
163.357
 20
38.187
 10
163.133
 20
37.936
 10
163.201
 20
37.392
 10
163.588
 20
36.557
 10
164.355
 20
35.151
 10
164.559
 20
34.201
 10
164.559
 20
32.028
 10
164.491
 20
31.892
 10
164.491
 20
30.466
 10
164.423
 20
30.33
 10
164.423
 20
28.904
 10
164.355
 20
28.564
 10
164.172
 20
28.204
 10
163.697
 20
27.729
 10
162.726
 20
27.274
 10
161.843
 20
27.07
 10
161.367
 20
27.07
 10
161.232
 20
27.002
 10
160.552
 20
27.002
 10
160.417
 20
27.07
 10
159.534
 20
27.138
 10
158.855
 20
27.342
 10
158.087
 20
27.729
 10
157.68
 20
28.136
 10
157.497
 20
28.496
 10
157.361
 20
29.04
 10
157.293
 20
31.077
 10
157.225
 20
31.213
 10
157.225
 20
34.404
 10
157.497
 20
35.355
 10
158.515
 20
37.257
 10
158.651
 20
37.732
 10
158.631
 20
37.983
 10
158.427
 20
38.187
 10
158.244
 20
38.547
 10
158.176
 20
39.294
 10
158.427
 20
39.858
 10
158.699
 20
40.061
 10
159.466
 20
40.38
 97
0
 92
2
 72
0
 73
1
 93
51
 10
160.688
 20
40.177
 10
160.552
 20
40.109
 10
160.009
 20
40.109
 10
159.262
 20
39.905
 10
158.766
 20
39.654
 10
158.583
 20
39.294
 10
158.583
 20
38.819
 10
158.651
 20
38.615
 10
158.991
 20
38.139
 10
158.991
 20
37.528
 10
158.855
 20
37.121
 10
158.427
 20
36.258
 10
157.836
 20
35.219
 10
157.632
 20
34.54
 10
157.632
 20
34.269
 10
157.564
 20
34.133
 10
157.632
 20
30.669
 10
157.7
 20
30.534
 10
157.7
 20
29.583
 10
157.768
 20
29.447
 10
157.768
 20
28.904
 10
157.836
 20
28.632
 10
157.952
 20
28.408
 10
158.291
 20
28.069
 10
158.719
 20
27.817
 10
159.534
 20
27.546
 10
160.281
 20
27.478
 10
160.417
 20
27.41
 10
161.435
 20
27.41
 10
162.726
 20
27.682
 10
163.493
 20
28.069
 10
163.832
 20
28.408
 10
163.948
 20
28.632
 10
164.016
 20
28.836
 10
164.016
 20
30.126
 10
164.084
 20
30.262
 10
164.084
 20
31.349
 10
164.152
 20
31.484
 10
164.22
 20
33.725
 10
164.152
 20
33.861
 10
164.084
 20
34.676
 10
163.88
 20
35.287
 10
163.065
 20
36.781
 10
162.793
 20
37.596
 10
162.793
 20
38.139
 10
163.018
 20
38.391
 10
163.201
 20
38.886
 10
163.201
 20
39.294
 10
163.085
 20
39.518
 10
162.882
 20
39.722
 10
162.114
 20
40.041
 97
0
 92
2
 72
0
 73
1
 93
16
 10
160.437
 20
39.885
 10
161.299
 20
39.905
 10
161.435
 20
39.837
 10
161.843
 20
39.837
 10
162.474
 20
39.586
 10
162.59
 20
39.362
 10
162.501
 20
39.178
 10
162.338
 20
39.07
 10
161.707
 20
38.886
 10
160.145
 20
38.886
 10
159.805
 20
38.954
 10
159.378
 20
39.138
 10
159.242
 20
39.274
 10
159.194
 20
39.362
 10
159.242
 20
39.518
 10
159.67
 20
39.769
 97
0
 92
2
 72
0
 73
1
 93
10
 10
160.213
 20
39.566
 10
159.554
 20
39.341
 10
159.738
 20
39.226
 10
160.009
 20
39.226
 10
160.145
 20
39.158
 10
161.707
 20
39.158
 10
162.046
 20
39.226
 10
162.114
 20
39.294
 10
162.067
 20
39.382
 10
161.571
 20
39.566
 97
0
 92
2
 72
0
 73
1
 93
18
 10
162.61
 20
38.255
 10
162.658
 20
38.207
 10
162.542
 20
37.983
 10
161.911
 20
37.732
 10
161.639
 20
37.732
 10
161.503
 20
37.664
 10
160.145
 20
37.664
 10
160.009
 20
37.732
 10
159.738
 20
37.732
 10
159.242
 20
37.915
 10
159.126
 20
38.139
 10
159.262
 20
38.207
 10
159.602
 20
38.072
 10
160.281
 20
38.004
 10
160.417
 20
37.936
 10
161.435
 20
37.936
 10
161.571
 20
38.004
 10
162.182
 20
38.072
 97
0
 92
2
 72
0
 73
1
 93
43
 10
158.196
 20
35.131
 10
158.311
 20
35.084
 10
158.04
 20
34.065
 10
158.04
 20
32.91
 10
158.108
 20
32.775
 10
158.108
 20
31.484
 10
158.176
 20
31.349
 10
158.176
 20
29.855
 10
158.244
 20
29.719
 10
158.244
 20
28.972
 10
158.359
 20
28.748
 10
158.699
 20
28.476
 10
159.058
 20
28.293
 10
160.077
 20
28.021
 10
160.912
 20
27.974
 10
161.775
 20
28.021
 10
162.386
 20
28.157
 10
163.221
 20
28.544
 10
163.425
 20
28.748
 10
163.54
 20
29.04
 10
163.54
 20
29.855
 10
163.656
 20
30.106
 10
163.676
 20
28.972
 10
163.493
 20
28.612
 10
163.289
 20
28.408
 10
162.658
 20
28.089
 10
161.911
 20
27.885
 10
161.639
 20
27.885
 10
161.503
 20
27.817
 10
160.349
 20
27.817
 10
160.213
 20
27.885
 10
159.873
 20
27.885
 10
158.991
 20
28.157
 10
158.495
 20
28.408
 10
158.223
 20
28.68
 10
158.108
 20
28.904
 10
158.108
 20
29.447
 10
158.04
 20
29.583
 10
158.04
 20
30.941
 10
157.972
 20
31.077
 10
157.972
 20
32.367
 10
157.904
 20
32.503
 10
157.904
 20
34.201
 97
0
 92
2
 72
0
 73
1
 93
7
 10
163.697
 20
30.921
 10
163.744
 20
30.873
 10
163.744
 20
30.262
 10
163.676
 20
30.194
 10
163.608
 20
30.262
 10
163.608
 20
30.398
 10
163.676
 20
30.534
 97
0
 75
0
 76
1
 98
0
  0
LWPOLYLINE
  5
41
330
17
100
AcDbEntity
  8
CUT
100
AcDbPolyline
 90
52
 70
1
 10
173.347
 20
40.319
 10
173.362
 20
40.657
 10
173.407
 20
40.971
 10
173.483
 20
41.259
 10
173.59
 20
41.52
 10
173.729
 20
41.752
 10
173.901
 20
41.955
 10
174.104
 20
42.126
 10
174.336
 20
42.266
 10
174.597
 20
42.373
 10
174.884
 20
42.449
 10
175.199
 20
42.494
 10
175.537
 20
42.509
 10
188.619
 20
42.509
 10
188.957
 20
42.494
 10
189.271
 20
42.449
 10
189.558
 20
42.373
 10
189.819
 20
42.266
 10
190.052
 20
42.126
 10
190.254
 20
41.955
 10
190.426
 20
41.752
 10
190.565
 20
41.52
 10
190.673
 20
41.259
 10
190.748
 20
40.971
 10
190.793
 20
40.657
 10
190.808
 20
40.319
 10
190.808
 20
27.237
 10
190.793
 20
26.899
 10
190.748
 20
26.585
 10
190.673
 20
26.297
 10
190.565
 20
26.037
 10
190.426
 20
25.804
 10
190.254
 20
25.602
 10
190.052
 20
25.43
 10
189.819
 20
25.29
 10
189.558
 20
25.183
 10
189.271
 20
25.107
 10
188.957
 20
25.063
 10
188.619
 20
25.048
 10
175.537
 20
25.048
 10
175.199
 20
25.063
 10
174.884
 20
25.107
 10
174.597
 20
25.183
 10
174.336
 20
25.29
 10
174.104
 20
25.43
 10
173.901
 20
25.602
 10
173.729
 20
25.804
 10
173.59
 20
26.037
 10
173.483
 20
26.297
 10
173.407
 20
26.585
 10
173.362
 20
26.899
 10
173.347
 20
27.237
  0
HATCH
  5
42
330
17
100
AcDbEntity
  8
RASTER
 62
7
100
AcDbHatch
 10
0.0
 20
0.0
 30
0.0
210
0.0
220
0.0
230
1.0
  2
SOLID
 70
1
 71
0
 91
14
 92
3
 72
0
 73
1
 93
39
 10
179.168
 20
39.469
 10
179.3
 20
39.493
 10
180.385
 20
39.183
 10
182.943
 20
38.33
 10
183.354
 20
38.121
 10
183.641
 20
37.555
 10
184.005
 20
35.129
 10
186.121
 20
35.074
 10
186.455
 20
34.943
 10
187.075
 20
34.4
 10
187.338
 20
34.043
 10
188.47
 20
32.927
 10
188.702
 20
32.617
 10
188.834
 20
32.361
 10
188.834
 20
31.896
 10
187.307
 20
28.385
 10
186.741
 20
28.253
 10
184.881
 20
28.176
 10
184.726
 20
28.098
 10
183.331
 20
28.098
 10
182.765
 20
28.618
 10
182.656
 20
28.819
 10
182.3
 20
29.16
 10
182.191
 20
29.362
 10
181.184
 20
30.524
 10
181.06
 20
30.524
 10
180.951
 20
30.4
 10
180.54
 20
30.191
 10
180.075
 20
30.269
 10
176.82
 20
31.509
 10
176.409
 20
31.718
 10
176.254
 20
31.873
 10
176.044
 20
32.439
 10
175.579
 20
34.764
 10
175.347
 20
35.539
 10
175.269
 20
36.392
 10
175.479
 20
36.803
 10
175.711
 20
37.035
 10
178.502
 20
39.128
 97
0
 92
2
 72
0
 73
1
 93
115
 10
179.145
 20
39.028
 10
175.944
 20
36.648
 10
175.734
 20
36.315
 10
175.734
 20
36.16
 10
175.913
 20
35.33
 10
176.099
 20
35.439
 10
176.277
 20
35.152
 10
176.2
 20
35.074
 10
175.99
 20
35.129
 10
175.967
 20
34.919
 10
176.176
 20
34.121
 10
176.331
 20
34.121
 10
176.51
 20
33.989
 10
176.409
 20
33.857
 10
176.254
 20
33.966
 10
176.2
 20
33.912
 10
176.641
 20
32.183
 10
176.82
 20
32.051
 10
177.773
 20
31.687
 10
177.773
 20
31.765
 10
177.618
 20
31.842
 10
177.727
 20
31.997
 10
177.696
 20
32.106
 10
178.06
 20
31.974
 10
178.083
 20
32.075
 10
177.928
 20
32.075
 10
178.06
 20
32.206
 10
178.192
 20
32.183
 10
178.238
 20
31.997
 10
178.347
 20
32.106
 10
178.393
 20
31.997
 10
178.525
 20
32.051
 10
178.757
 20
31.896
 10
178.889
 20
31.951
 10
179.013
 20
31.842
 10
179.122
 20
31.873
 10
178.99
 20
31.586
 10
179.044
 20
31.486
 10
179.122
 20
31.455
 10
179.277
 20
31.563
 10
179.323
 20
31.455
 10
179.455
 20
31.509
 10
179.633
 20
31.377
 10
179.633
 20
31.486
 10
179.742
 20
31.486
 10
179.819
 20
31.144
 10
179.556
 20
31.175
 10
179.664
 20
31.098
 10
179.556
 20
30.989
 10
180.385
 20
30.734
 10
180.517
 20
30.989
 10
180.463
 20
31.664
 10
180.385
 20
31.819
 10
180.385
 20
32.129
 10
180.463
 20
32.284
 10
180.308
 20
32.361
 10
180.23
 20
33.059
 10
180.284
 20
33.113
 10
180.362
 20
32.927
 10
180.618
 20
33.214
 10
180.719
 20
33.082
 10
180.827
 20
33.082
 10
180.827
 20
33.191
 10
180.719
 20
33.268
 10
180.928
 20
33.524
 10
180.796
 20
33.578
 10
180.595
 20
33.47
 10
180.595
 20
33.315
 10
180.463
 20
33.369
 10
180.439
 20
33.237
 10
180.308
 20
33.214
 10
180.284
 20
33.346
 10
180.153
 20
33.369
 10
180.176
 20
33.656
 10
180.385
 20
33.834
 10
180.595
 20
33.78
 10
180.618
 20
33.912
 10
180.54
 20
34.067
 10
180.641
 20
34.198
 10
180.796
 20
34.198
 10
180.827
 20
34.276
 10
180.719
 20
34.245
 10
180.695
 20
34.377
 10
180.85
 20
34.609
 10
181.029
 20
34.478
 10
181.16
 20
34.222
 10
181.261
 20
34.431
 10
181.416
 20
34.509
 10
181.602
 20
34.431
 10
181.68
 20
34.245
 10
181.548
 20
34.144
 10
181.835
 20
33.857
 10
182.222
 20
34.788
 10
182.455
 20
35.02
 10
182.711
 20
35.152
 10
183.463
 20
35.175
 10
183.408
 20
35.927
 10
183.354
 20
36.028
 10
183.176
 20
36.082
 10
183.331
 20
36.237
 10
183.331
 20
36.392
 10
183.276
 20
36.446
 10
183.121
 20
36.338
 10
182.811
 20
36.493
 10
182.943
 20
36.702
 10
182.811
 20
36.989
 10
182.966
 20
36.958
 10
183.152
 20
36.756
 10
183.23
 20
36.493
 10
183.253
 20
37.012
 10
183.176
 20
37.167
 10
183.176
 20
37.477
 10
183.044
 20
37.733
 10
182.711
 20
37.942
 10
179.61
 20
38.95
 97
0
 92
2
 72
0
 73
1
 93
8
 10
182.656
 20
37.066
 10
182.711
 20
36.78
 10
182.61
 20
36.57
 10
182.556
 20
36.625
 10
182.61
 20
36.756
 10
182.478
 20
36.857
 10
182.269
 20
36.725
 10
182.377
 20
36.88
 97
0
 92
2
 72
0
 73
1
 93
10
 10
180.874
 20
34.974
 10
181.292
 20
34.819
 10
181.315
 20
34.687
 10
181.137
 20
34.478
 10
181.083
 20
34.532
 10
181.215
 20
34.741
 10
181.083
 20
34.764
 10
181.06
 20
34.633
 10
180.951
 20
34.633
 10
181.005
 20
34.842
 97
0
 92
2
 72
0
 73
1
 93
7
 10
176.223
 20
34.819
 10
176.355
 20
34.842
 10
176.432
 20
34.764
 10
176.432
 20
34.532
 10
176.355
 20
34.454
 10
176.176
 20
34.509
 10
176.122
 20
34.609
 97
0
 92
2
 72
0
 73
1
 93
129
 10
182.866
 20
34.764
 10
182.656
 20
34.664
 10
182.478
 20
34.299
 10
182.478
 20
34.144
 10
182.168
 20
33.369
 10
182.246
 20
33.137
 10
182.191
 20
33.082
 10
182.114
 20
33.191
 10
182.013
 20
32.982
 10
181.47
 20
31.431
 10
181.47
 20
30.966
 10
181.602
 20
30.71
 10
182.579
 20
29.672
 10
183.385
 20
28.618
 10
183.463
 20
28.587
 10
183.618
 20
28.773
 10
183.587
 20
28.587
 10
183.796
 20
28.563
 10
183.85
 20
28.587
 10
183.796
 20
28.796
 10
183.641
 20
28.951
 10
183.974
 20
29.625
 10
184.106
 20
29.571
 10
184.183
 20
29.648
 10
184.028
 20
29.803
 10
184.315
 20
29.982
 10
184.183
 20
30.114
 10
184.207
 20
30.245
 10
184.416
 20
30.191
 10
184.493
 20
30.269
 10
184.284
 20
30.4
 10
185.013
 20
31.997
 10
185.191
 20
32.129
 10
185.579
 20
32.129
 10
185.865
 20
31.486
 10
186.044
 20
31.509
 10
186.33
 20
31.377
 10
186.144
 20
31.532
 10
186.144
 20
31.718
 10
186.33
 20
31.687
 10
186.33
 20
31.796
 10
186.121
 20
31.896
 10
185.889
 20
31.664
 10
185.834
 20
31.873
 10
185.912
 20
32.028
 10
186.199
 20
32.051
 10
186.33
 20
31.92
 10
186.509
 20
32.051
 10
186.563
 20
31.997
 10
186.455
 20
31.873
 10
186.486
 20
31.796
 10
186.641
 20
31.796
 10
186.718
 20
31.641
 10
186.873
 20
31.563
 10
186.664
 20
31.354
 10
186.718
 20
31.253
 10
186.951
 20
31.175
 10
186.896
 20
31.044
 10
187.028
 20
30.757
 10
186.896
 20
30.656
 10
186.974
 20
30.501
 10
186.92
 20
30.4
 10
186.687
 20
30.214
 10
186.718
 20
30.478
 10
186.563
 20
30.447
 10
186.532
 20
30.245
 10
186.408
 20
30.059
 10
186.299
 20
30.059
 10
186.431
 20
30.346
 10
186.377
 20
30.4
 10
186.222
 20
30.292
 10
186.175
 20
30.4
 10
186.044
 20
30.424
 10
186.044
 20
30.656
 10
186.199
 20
31.044
 10
186.067
 20
31.098
 10
185.834
 20
30.524
 10
185.966
 20
30.346
 10
185.943
 20
30.168
 10
186.098
 20
30.09
 10
186.144
 20
29.904
 10
186.33
 20
29.78
 10
186.175
 20
29.439
 10
186.121
 20
29.493
 10
186.253
 20
29.78
 10
186.067
 20
29.672
 10
186.044
 20
29.803
 10
185.943
 20
29.749
 10
185.943
 20
29.594
 10
185.834
 20
29.625
 10
185.788
 20
29.517
 10
185.734
 20
29.571
 10
185.912
 20
29.935
 10
186.02
 20
29.982
 10
185.966
 20
30.036
 10
185.757
 20
29.935
 10
185.679
 20
29.703
 10
185.579
 20
29.648
 10
185.424
 20
29.726
 10
185.292
 20
29.548
 10
185.346
 20
29.493
 10
185.633
 20
29.548
 10
185.447
 20
29.129
 10
185.71
 20
29.052
 10
185.555
 20
28.897
 10
185.447
 20
29.052
 10
185.323
 20
29.052
 10
185.214
 20
28.85
 10
185.245
 20
28.742
 10
185.059
 20
28.819
 10
184.959
 20
29.028
 10
184.858
 20
28.974
 10
184.827
 20
28.773
 10
184.594
 20
28.664
 10
185.579
 20
28.641
 10
185.734
 20
28.718
 10
186.664
 20
28.718
 10
186.997
 20
28.85
 10
187.439
 20
29.726
 10
188.369
 20
31.974
 10
188.423
 20
32.183
 10
188.16
 20
32.617
 10
187.028
 20
33.733
 10
186.92
 20
33.935
 10
186.532
 20
34.323
 10
186.121
 20
34.609
 10
185.811
 20
34.687
 10
183.873
 20
34.687
 10
183.718
 20
34.764
 97
0
 92
2
 72
0
 73
1
 93
5
 10
186.687
 20
32.028
 10
186.896
 20
32.051
 10
186.974
 20
31.974
 10
186.92
 20
31.873
 10
186.741
 20
31.819
 97
0
 92
2
 72
0
 73
1
 93
5
 10
180.982
 20
31.563
 10
180.641
 20
31.408
 10
180.641
 20
31.299
 10
180.85
 20
31.354
 10
180.982
 20
31.299
 97
0
 92
2
 72
0
 73
1
 93
17
 10
185.168
 20
31.563
 10
185.036
 20
31.431
 10
185.09
 20
31.299
 10
184.982
 20
31.067
 10
185.137
 20
31.098
 10
185.245
 20
31.377
 10
185.323
 20
31.408
 10
185.323
 20
30.943
 10
185.478
 20
30.943
 10
185.865
 20
30.757
 10
185.834
 20
30.912
 10
185.524
 20
30.989
 10
185.424
 20
31.199
 10
185.555
 20
31.377
 10
185.524
 20
31.455
 10
185.4
 20
31.563
 10
185.214
 20
31.455
 97
0
 92
2
 72
0
 73
1
 93
6
 10
185.71
 20
31.486
 10
185.656
 20
31.431
 10
185.788
 20
31.175
 10
185.912
 20
31.175
 10
185.943
 20
31.331
 10
185.757
 20
31.377
 97
0
 92
2
 72
0
 73
1
 93
4
 10
180.905
 20
31.253
 10
180.641
 20
31.098
 10
180.773
 20
30.889
 10
180.928
 20
31.044
 97
0
 92
2
 72
0
 73
1
 93
9
 10
186.641
 20
31.175
 10
186.563
 20
30.912
 10
186.431
 20
30.811
 10
186.455
 20
30.757
 10
186.664
 20
30.811
 10
186.796
 20
30.679
 10
186.873
 20
30.865
 10
186.741
 20
30.966
 10
186.796
 20
31.098
 97
0
 92
2
 72
0
 73
1
 93
5
 10
184.78
 20
30.71
 10
184.749
 20
30.524
 10
184.858
 20
30.555
 10
185.09
 20
30.447
 10
185.09
 20
30.555
 97
0
 92
2
 72
0
 73
1
 93
6
 10
185.036
 20
29.571
 10
184.935
 20
29.517
 10
184.935
 20
29.393
 10
185.245
 20
29.207
 10
185.245
 20
29.393
 10
185.137
 20
29.362
 97
0
 75
0
 76
1
 98
0
  0
LWPOLYLINE
  5
43
330
17
100
AcDbEntity
  8
CUT
100
AcDbPolyline
 90
52
 70
1
 10
194.533
 20
40.319
 10
194.548
 20
40.657
 10
194.592
 20
40.971
 10
194.668
 20
41.259
 10
194.775
 20
41.52
 10
194.915
 20
41.752
 10
195.087
 20
41.955
 10
195.289
 20
42.126
 10
195.522
 20
42.266
 10
195.782
 20
42.373
 10
196.07
 20
42.449
 10
196.384
 20
42.494
 10
196.722
 20
42.509
 10
209.804
 20
42.509
 10
210.142
 20
42.494
 10
210.456
 20
42.449
 10
210.744
 20
42.373
 10
211.005
 20
42.266
 10
211.237
 20
42.126
 10
211.44
 20
41.955
 10
211.611
 20
41.752
 10
211.751
 20
41.52
 10
211.858
 20
41.259
 10
211.934
 20
40.971
 10
211.979
 20
40.657
 10
211.993
 20
40.319
 10
211.993
 20
27.237
 10
211.979
 20
26.899
 10
211.934
 20
26.585
 10
211.858
 20
26.297
 10
211.751
 20
26.037
 10
211.611
 20
25.804
 10
211.44
 20
25.602
 10
211.237
 20
25.43
 10
211.005
 20
25.29
 10
210.744
 20
25.183
 10
210.456
 20
25.107
 10
210.142
 20
25.063
 10
209.804
 20
25.048
 10
196.722
 20
25.048
 10
196.384
 20
25.063
 10
196.07
 20
25.107
 10
195.782
 20
25.183
 10
195.522
 20
25.29
 10
195.289
 20
25.43
 10
195.087
 20
25.602
 10
194.915
 20
25.804
 10
194.775
 20
26.037
 10
194.668
 20
26.297
 10
194.592
 20
26.585
 10
194.548
 20
26.899
 10
194.533
 20
27.237
  0
HATCH
  5
44
330
17
100
AcDbEntity
  8
RASTER
 62
7
100
AcDbHatch
 10
0.0
 20
0.0
 30
0.0
210
0.0
220
0.0
230
1.0
  2
SOLID
 70
1
 71
0
 91
14
 92
3
 72
0
 73
1
 93
39
 10
200.354
 20
39.469
 10
200.486
 20
39.493
 10
201.571
 20
39.183
 10
204.129
 20
38.33
 10
204.54
 20
38.121
 10
204.826
 20
37.555
 10
205.191
 20
35.129
 10
207.307
 20
35.074
 10
207.64
 20
34.943
 10
208.26
 20
34.4
 10
208.524
 20
34.043
 10
209.655
 20
32.927
 10
209.888
 20
32.617
 10
210.02
 20
32.361
 10
210.02
 20
31.896
 10
208.493
 20
28.385
 10
207.927
 20
28.253
 10
206.067
 20
28.176
 10
205.912
 20
28.098
 10
204.516
 20
28.098
 10
203.95
 20
28.618
 10
203.842
 20
28.819
 10
203.485
 20
29.16
 10
203.377
 20
29.362
 10
202.369
 20
30.524
 10
202.245
 20
30.524
 10
202.137
 20
30.4
 10
201.726
 20
30.191
 10
201.261
 20
30.269
 10
198.005
 20
31.509
 10
197.594
 20
31.718
 10
197.439
 20
31.873
 10
197.23
 20
32.439
 10
196.765
 20
34.764
 10
196.532
 20
35.539
 10
196.455
 20
36.392
 10
196.664
 20
36.803
 10
196.897
 20
37.035
 10
199.687
 20
39.128
 97
0
 92
2
 72
0
 73
1
 93
115
 10
200.331
 20
39.028
 10
197.129
 20
36.648
 10
196.92
 20
36.315
 10
196.92
 20
36.16
 10
197.098
 20
35.33
 10
197.284
 20
35.439
 10
197.463
 20
35.152
 10
197.385
 20
35.074
 10
197.176
 20
35.129
 10
197.153
 20
34.919
 10
197.362
 20
34.121
 10
197.517
 20
34.121
 10
197.695
 20
33.989
 10
197.594
 20
33.857
 10
197.439
 20
33.966
 10
197.385
 20
33.912
 10
197.827
 20
32.183
 10
198.005
 20
32.051
 10
198.959
 20
31.687
 10
198.959
 20
31.765
 10
198.804
 20
31.842
 10
198.912
 20
31.997
 10
198.881
 20
32.106
 10
199.245
 20
31.974
 10
199.269
 20
32.075
 10
199.114
 20
32.075
 10
199.245
 20
32.206
 10
199.377
 20
32.183
 10
199.424
 20
31.997
 10
199.532
 20
32.106
 10
199.579
 20
31.997
 10
199.711
 20
32.051
 10
199.943
 20
31.896
 10
200.075
 20
31.951
 10
200.199
 20
31.842
 10
200.307
 20
31.873
 10
200.176
 20
31.586
 10
200.23
 20
31.486
 10
200.307
 20
31.455
 10
200.462
 20
31.563
 10
200.509
 20
31.455
 10
200.641
 20
31.509
 10
200.819
 20
31.377
 10
200.819
 20
31.486
 10
200.927
 20
31.486
 10
201.005
 20
31.144
 10
200.741
 20
31.175
 10
200.85
 20
31.098
 10
200.741
 20
30.989
 10
201.571
 20
30.734
 10
201.703
 20
30.989
 10
201.648
 20
31.664
 10
201.571
 20
31.819
 10
201.571
 20
32.129
 10
201.648
 20
32.284
 10
201.493
 20
32.361
 10
201.416
 20
33.059
 10
201.47
 20
33.113
 10
201.548
 20
32.927
 10
201.803
 20
33.214
 10
201.904
 20
33.082
 10
202.013
 20
33.082
 10
202.013
 20
33.191
 10
201.904
 20
33.268
 10
202.113
 20
33.524
 10
201.982
 20
33.578
 10
201.78
 20
33.47
 10
201.78
 20
33.315
 10
201.648
 20
33.369
 10
201.625
 20
33.237
 10
201.493
 20
33.214
 10
201.47
 20
33.346
 10
201.338
 20
33.369
 10
201.362
 20
33.656
 10
201.571
 20
33.834
 10
201.78
 20
33.78
 10
201.803
 20
33.912
 10
201.726
 20
34.067
 10
201.827
 20
34.198
 10
201.982
 20
34.198
 10
202.013
 20
34.276
 10
201.904
 20
34.245
 10
201.881
 20
34.377
 10
202.036
 20
34.609
 10
202.214
 20
34.478
 10
202.346
 20
34.222
 10
202.447
 20
34.431
 10
202.602
 20
34.509
 10
202.788
 20
34.431
 10
202.865
 20
34.245
 10
202.734
 20
34.144
 10
203.02
 20
33.857
 10
203.408
 20
34.788
 10
203.64
 20
35.02
 10
203.896
 20
35.152
 10
204.648
 20
35.175
 10
204.594
 20
35.927
 10
204.54
 20
36.028
 10
204.361
 20
36.082
 10
204.516
 20
36.237
 10
204.516
 20
36.392
 10
204.462
 20
36.446
 10
204.307
 20
36.338
 10
203.997
 20
36.493
 10
204.129
 20
36.702
 10
203.997
 20
36.989
 10
204.152
 20
36.958
 10
204.338
 20
36.756
 10
204.416
 20
36.493
 10
204.439
 20
37.012
 10
204.361
 20
37.167
 10
204.361
 20
37.477
 10
204.23
 20
37.733
 10
203.896
 20
37.942
 10
200.796
 20
38.95
 97
0
 92
2
 72
0
 73
1
 93
8
 10
203.842
 20
37.066
 10
203.896
 20
36.78
 10
203.795
 20
36.57
 10
203.741
 20
36.625
 10
203.795
 20
36.756
 10
203.664
 20
36.857
 10
203.454
 20
36.725
 10
203.563
 20
36.88
 97
0
 92
2
 72
0
 73
1
 93
10
 10
202.059
 20
34.974
 10
202.478
 20
34.819
 10
202.501
 20
34.687
 10
202.323
 20
34.478
 10
202.268
 20
34.532
 10
202.4
 20
34.741
 10
202.268
 20
34.764
 10
202.245
 20
34.633
 10
202.137
 20
34.633
 10
202.191
 20
34.842
 97
0
 92
2
 72
0
 73
1
 93
7
 10
197.408
 20
34.819
 10
197.54
 20
34.842
 10
197.618
 20
34.764
 10
197.618
 20
34.532
 10
197.54
 20
34.454
 10
197.362
 20
34.509
 10
197.308
 20
34.609
 97
0
 92
2
 72
0
 73
1
 93
129
 10
204.051
 20
34.764
 10
203.842
 20
34.664
 10
203.664
 20
34.299
 10
203.664
 20
34.144
 10
203.354
 20
33.369
 10
203.431
 20
33.137
 10
203.377
 20
33.082
 10
203.299
 20
33.191
 10
203.199
 20
32.982
 10
202.656
 20
31.431
 10
202.656
 20
30.966
 10
202.788
 20
30.71
 10
203.764
 20
29.672
 10
204.571
 20
28.618
 10
204.648
 20
28.587
 10
204.803
 20
28.773
 10
204.772
 20
28.587
 10
204.981
 20
28.563
 10
205.036
 20
28.587
 10
204.981
 20
28.796
 10
204.826
 20
28.951
 10
205.16
 20
29.625
 10
205.291
 20
29.571
 10
205.369
 20
29.648
 10
205.214
 20
29.803
 10
205.501
 20
29.982
 10
205.369
 20
30.114
 10
205.392
 20
30.245
 10
205.602
 20
30.191
 10
205.679
 20
30.269
 10
205.47
 20
30.4
 10
206.198
 20
31.997
 10
206.377
 20
32.129
 10
206.764
 20
32.129
 10
207.051
 20
31.486
 10
207.229
 20
31.509
 10
207.516
 20
31.377
 10
207.33
 20
31.532
 10
207.33
 20
31.718
 10
207.516
 20
31.687
 10
207.516
 20
31.796
 10
207.307
 20
31.896
 10
207.074
 20
31.664
 10
207.02
 20
31.873
 10
207.098
 20
32.028
 10
207.384
 20
32.051
 10
207.516
 20
31.92
 10
207.694
 20
32.051
 10
207.749
 20
31.997
 10
207.64
 20
31.873
 10
207.671
 20
31.796
 10
207.826
 20
31.796
 10
207.904
 20
31.641
 10
208.059
 20
31.563
 10
207.849
 20
31.354
 10
207.904
 20
31.253
 10
208.136
 20
31.175
 10
208.082
 20
31.044
 10
208.214
 20
30.757
 10
208.082
 20
30.656
 10
208.159
 20
30.501
 10
208.105
 20
30.4
 10
207.873
 20
30.214
 10
207.904
 20
30.478
 10
207.749
 20
30.447
 10
207.718
 20
30.245
 10
207.594
 20
30.059
 10
207.485
 20
30.059
 10
207.617
 20
30.346
 10
207.563
 20
30.4
 10
207.408
 20
30.292
 10
207.361
 20
30.4
 10
207.229
 20
30.424
 10
207.229
 20
30.656
 10
207.384
 20
31.044
 10
207.253
 20
31.098
 10
207.02
 20
30.524
 10
207.152
 20
30.346
 10
207.129
 20
30.168
 10
207.284
 20
30.09
 10
207.33
 20
29.904
 10
207.516
 20
29.78
 10
207.361
 20
29.439
 10
207.307
 20
29.493
 10
207.439
 20
29.78
 10
207.253
 20
29.672
 10
207.229
 20
29.803
 10
207.129
 20
29.749
 10
207.129
 20
29.594
 10
207.02
 20
29.625
 10
206.974
 20
29.517
 10
206.919
 20
29.571
 10
207.098
 20
29.935
 10
207.206
 20
29.982
 10
207.152
 20
30.036
 10
206.942
 20
29.935
 10
206.865
 20
29.703
 10
206.764
 20
29.648
 10
206.609
 20
29.726
 10
206.477
 20
29.548
 10
206.532
 20
29.493
 10
206.818
 20
29.548
 10
206.632
 20
29.129
 10
206.896
 20
29.052
 10
206.741
 20
28.897
 10
206.632
 20
29.052
 10
206.508
 20
29.052
 10
206.4
 20
28.85
 10
206.431
 20
28.742
 10
206.245
 20
28.819
 10
206.144
 20
29.028
 10
206.043
 20
28.974
 10
206.012
 20
28.773
 10
205.78
 20
28.664
 10
206.764
 20
28.641
 10
206.919
 20
28.718
 10
207.849
 20
28.718
 10
208.183
 20
28.85
 10
208.625
 20
29.726
 10
209.555
 20
31.974
 10
209.609
 20
32.183
 10
209.345
 20
32.617
 10
208.214
 20
33.733
 10
208.105
 20
33.935
 10
207.718
 20
34.323
 10
207.307
 20
34.609
 10
206.997
 20
34.687
 10
205.059
 20
34.687
 10
204.904
 20
34.764
 97
0
 92
2
 72
0
 73
1
 93
5
 10
207.873
 20
32.028
 10
208.082
 20
32.051
 10
208.159
 20
31.974
 10
208.105
 20
31.873
 10
207.927
 20
31.819
 97
0
 92
2
 72
0
 73
1
 93
5
 10
202.168
 20
31.563
 10
201.827
 20
31.408
 10
201.827
 20
31.299
 10
202.036
 20
31.354
 10
202.168
 20
31.299
 97
0
 92
2
 72
0
 73
1
 93
17
 10
206.353
 20
31.563
 10
206.222
 20
31.431
 10
206.276
 20
31.299
 10
206.167
 20
31.067
 10
206.322
 20
31.098
 10
206.431
 20
31.377
 10
206.508
 20
31.408
 10
206.508
 20
30.943
 10
206.663
 20
30.943
 10
207.051
 20
30.757
 10
207.02
 20
30.912
 10
206.71
 20
30.989
 10
206.609
 20
31.199
 10
206.741
 20
31.377
 10
206.71
 20
31.455
 10
206.586
 20
31.563
 10
206.4
 20
31.455
 97
0
 92
2
 72
0
 73
1
 93
6
 10
206.896
 20
31.486
 10
206.842
 20
31.431
 10
206.974
 20
31.175
 10
207.098
 20
31.175
 10
207.129
 20
31.331
 10
206.942
 20
31.377
 97
0
 92
2
 72
0
 73
1
 93
4
 10
202.09
 20
31.253
 10
201.827
 20
31.098
 10
201.958
 20
30.889
 10
202.113
 20
31.044
 97
0
 92
2
 72
0
 73
1
 93
9
 10
207.826
 20
31.175
 10
207.749
 20
30.912
 10
207.617
 20
30.811
 10
207.64
 20
30.757
 10
207.849
 20
30.811
 10
207.981
 20
30.679
 10
208.059
 20
30.865
 10
207.927
 20
30.966
 10
207.981
 20
31.098
 97
0
 92
2
 72
0
 73
1
 93
5
 10
205.966
 20
30.71
 10
205.935
 20
30.524
 10
206.043
 20
30.555
 10
206.276
 20
30.447
 10
206.276
 20
30.555
 97
0
 92
2
 72
0
 73
1
 93
6
 10
206.222
 20
29.571
 10
206.121
 20
29.517
 10
206.121
 20
29.393
 10
206.431
 20
29.207
 10
206.431
 20
29.393
 10
206.322
 20
29.362
 97
0
 75
0
 76
1
 98
0
  0
LWPOLYLINE
  5
45
330
17
100
AcDbEntity
  8
CUT
100
AcDbPolyline
 90
52
 70
1
 10
215.718
 20
40.319
 10
215.733
 20
40.657
 10
215.778
 20
40.971
 10
215.854
 20
41.259
 10
215.961
 20
41.52
 10
216.101
 20
41.752
 10
216.272
 20
41.955
 10
216.475
 20
42.126
 10
216.707
 20
42.266
 10
216.968
 20
42.373
 10
217.256
 20
42.449
 10
217.57
 20
42.494
 10
217.908
 20
42.509
 10
230.99
 20
42.509
 10
231.328
 20
42.494
 10
231.642
 20
42.449
 10
231.93
 20
42.373
 10
232.19
 20
42.266
 10
232.423
 20
42.126
 10
232.625
 20
41.955
 10
232.797
 20
41.752
 10
232.937
 20
41.52
 10
233.044
 20
41.259
 10
233.12
 20
40.971
 10
233.164
 20
40.657
 10
233.179
 20
40.319
 10
233.179
 20
27.237
 10
233.164
 20
26.899
 10
233.12
 20
26.585
 10
233.044
 20
26.297
 10
232.937
 20
26.037
 10
232.797
 20
25.804
 10
232.625
 20
25.602
 10
232.423
 20
25.43
 10
232.19
 20
25.29
 10
231.93
 20
25.183
 10
231.642
 20
25.107
 10
231.328
 20
25.063
 10
230.99
 20
25.048
 10
217.908
 20
25.048
 10
217.57
 20
25.063
 10
217.256
 20
25.107
 10
216.968
 20
25.183
 10
216.707
 20
25.29
 10
216.475
 20
25.43
 10
216.272
 20
25.602
 10
216.101
 20
25.804
 10
215.961
 20
26.037
 10
215.854
 20
26.297
 10
215.778
 20
26.585
 10
215.733
 20
26.899
 10
215.718
 20
27.237
  0
HATCH
  5
46
330
17
100
AcDbEntity
  8
RASTER
 62
7
100
AcDbHatch
 10
0.0
 20
0.0
 30
0.0
210
0.0
220
0.0
230
1.0
  2
SOLID
 70
1
 71
0
 91
14
 92
3
 72
0
 73
1
 93
39
 10
221.539
 20
39.469
 10
221.671
 20
39.493
 10
222.756
 20
39.183
 10
225.314
 20
38.33
 10
225.725
 20
38.121
 10
226.012
 20
37.555
 10
226.376
 20
35.129
 10
228.492
 20
35.074
 10
228.826
 20
34.943
 10
229.446
 20
34.4
 10
229.709
 20
34.043
 10
230.841
 20
32.927
 10
231.074
 20
32.617
 10
231.205
 20
32.361
 10
231.205
 20
31.896
 10
229.678
 20
28.385
 10
229.113
 20
28.253
 10
227.252
 20
28.176
 10
227.097
 20
28.098
 10
225.702
 20
28.098
 10
225.136
 20
28.618
 10
225.028
 20
28.819
 10
224.671
 20
29.16
 10
224.562
 20
29.362
 10
223.555
 20
30.524
 10
223.431
 20
30.524
 10
223.322
 20
30.4
 10
222.911
 20
30.191
 10
222.446
 20
30.269
 10
219.191
 20
31.509
 10
218.78
 20
31.718
 10
218.625
 20
31.873
 10
218.416
 20
32.439
 10
217.951
 20
34.764
 10
217.718
 20
35.539
 10
217.641
 20
36.392
 10
217.85
 20
36.803
 10
218.082
 20
37.035
 10
220.873
 20
39.128
 97
0
 92
2
 72
0
 73
1
 93
115
 10
221.516
 20
39.028
 10
218.315
 20
36.648
 10
218.106
 20
36.315
 10
218.106
 20
36.16
 10
218.284
 20
35.33
 10
218.47
 20
35.439
 10
218.648
 20
35.152
 10
218.571
 20
35.074
 10
218.361
 20
35.129
 10
218.338
 20
34.919
 10
218.547
 20
34.121
 10
218.702
 20
34.121
 10
218.881
 20
33.989
 10
218.78
 20
33.857
 10
218.625
 20
33.966
 10
218.571
 20
33.912
 10
219.013
 20
32.183
 10
219.191
 20
32.051
 10
220.144
 20
31.687
 10
220.144
 20
31.765
 10
219.989
 20
31.842
 10
220.098
 20
31.997
 10
220.067
 20
32.106
 10
220.431
 20
31.974
 10
220.454
 20
32.075
 10
220.299
 20
32.075
 10
220.431
 20
32.206
 10
220.563
 20
32.183
 10
220.609
 20
31.997
 10
220.718
 20
32.106
 10
220.764
 20
31.997
 10
220.896
 20
32.051
 10
221.129
 20
31.896
 10
221.26
 20
31.951
 10
221.384
 20
31.842
 10
221.493
 20
31.873
 10
221.361
 20
31.586
 10
221.415
 20
31.486
 10
221.493
 20
31.455
 10
221.648
 20
31.563
 10
221.694
 20
31.455
 10
221.826
 20
31.509
 10
222.005
 20
31.377
 10
222.005
 20
31.486
 10
222.113
 20
31.486
 10
222.191
 20
31.144
 10
221.927
 20
31.175
 10
222.036
 20
31.098
 10
221.927
 20
30.989
 10
222.756
 20
30.734
 10
222.888
 20
30.989
 10
222.834
 20
31.664
 10
222.756
 20
31.819
 10
222.756
 20
32.129
 10
222.834
 20
32.284
 10
222.679
 20
32.361
 10
222.601
 20
33.059
 10
222.656
 20
33.113
 10
222.733
 20
32.927
 10
222.989
 20
33.214
 10
223.09
 20
33.082
 10
223.198
 20
33.082
 10
223.198
 20
33.191
 10
223.09
 20
33.268
 10
223.299
 20
33.524
 10
223.167
 20
33.578
 10
222.966
 20
33.47
 10
222.966
 20
33.315
 10
222.834
 20
33.369
 10
222.811
 20
33.237
 10
222.679
 20
33.214
 10
222.656
 20
33.346
 10
222.524
 20
33.369
 10
222.547
 20
33.656
 10
222.756
 20
33.834
 10
222.966
 20
33.78
 10
222.989
 20
33.912
 10
222.911
 20
34.067
 10
223.012
 20
34.198
 10
223.167
 20
34.198
 10
223.198
 20
34.276
 10
223.09
 20
34.245
 10
223.066
 20
34.377
 10
223.222
 20
34.609
 10
223.4
 20
34.478
 10
223.532
 20
34.222
 10
223.632
 20
34.431
 10
223.787
 20
34.509
 10
223.973
 20
34.431
 10
224.051
 20
34.245
 10
223.919
 20
34.144
 10
224.206
 20
33.857
 10
224.593
 20
34.788
 10
224.826
 20
35.02
 10
225.082
 20
35.152
 10
225.834
 20
35.175
 10
225.779
 20
35.927
 10
225.725
 20
36.028
 10
225.547
 20
36.082
 10
225.702
 20
36.237
 10
225.702
 20
36.392
 10
225.648
 20
36.446
 10
225.493
 20
36.338
 10
225.183
 20
36.493
 10
225.314
 20
36.702
 10
225.183
 20
36.989
 10
225.338
 20
36.958
 10
225.524
 20
36.756
 10
225.601
 20
36.493
 10
225.624
 20
37.012
 10
225.547
 20
37.167
 10
225.547
 20
37.477
 10
225.415
 20
37.733
 10
225.082
 20
37.942
 10
221.981
 20
38.95
 97
0
 92
2
 72
0
 73
1
 93
8
 10
225.028
 20
37.066
 10
225.082
 20
36.78
 10
224.981
 20
36.57
 10
224.927
 20
36.625
 10
224.981
 20
36.756
 10
224.849
 20
36.857
 10
224.64
 20
36.725
 10
224.749
 20
36.88
 97
0
 92
2
 72
0
 73
1
 93
10
 10
223.245
 20
34.974
 10
223.663
 20
34.819
 10
223.687
 20
34.687
 10
223.508
 20
34.478
 10
223.454
 20
34.532
 10
223.586
 20
34.741
 10
223.454
 20
34.764
 10
223.431
 20
34.633
 10
223.322
 20
34.633
 10
223.377
 20
34.842
 97
0
 92
2
 72
0
 73
1
 93
7
 10
218.594
 20
34.819
 10
218.726
 20
34.842
 10
218.803
 20
34.764
 10
218.803
 20
34.532
 10
218.726
 20
34.454
 10
218.547
 20
34.509
 10
218.493
 20
34.609
 97
0
 92
2
 72
0
 73
1
 93
129
 10
225.237
 20
34.764
 10
225.028
 20
34.664
 10
224.849
 20
34.299
 10
224.849
 20
34.144
 10
224.539
 20
33.369
 10
224.617
 20
33.137
 10
224.562
 20
33.082
 10
224.485
 20
33.191
 10
224.384
 20
32.982
 10
223.842
 20
31.431
 10
223.842
 20
30.966
 10
223.973
 20
30.71
 10
224.95
 20
29.672
 10
225.756
 20
28.618
 10
225.834
 20
28.587
 10
225.989
 20
28.773
 10
225.958
 20
28.587
 10
226.167
 20
28.563
 10
226.221
 20
28.587
 10
226.167
 20
28.796
 10
226.012
 20
28.951
 10
226.345
 20
29.625
 10
226.477
 20
29.571
 10
226.555
 20
29.648
 10
226.4
 20
29.803
 10
226.686
 20
29.982
 10
226.555
 20
30.114
 10
226.578
 20
30.245
 10
226.787
 20
30.191
 10
226.865
 20
30.269
 10
226.655
 20
30.4
 10
227.384
 20
31.997
 10
227.562
 20
32.129
 10
227.95
 20
32.129
 10
228.237
 20
31.486
 10
228.415
 20
31.509
 10
228.702
 20
31.377
 10
228.516
 20
31.532
 10
228.516
 20
31.718
 10
228.702
 20
31.687
 10
228.702
 20
31.796
 10
228.492
 20
31.896
 10
228.26
 20
31.664
 10
228.206
 20
31.873
 10
228.283
 20
32.028
 10
228.57
 20
32.051
 10
228.702
 20
31.92
 10
228.88
 20
32.051
 10
228.934
 20
31.997
 10
228.826
 20
31.873
 10
228.857
 20
31.796
 10
229.012
 20
31.796
 10
229.089
 20
31.641
 10
229.244
 20
31.563
 10
229.035
 20
31.354
 10
229.089
 20
31.253
 10
229.322
 20
31.175
 10
229.268
 20
31.044
 10
229.399
 20
30.757
 10
229.268
 20
30.656
 10
229.345
 20
30.501
 10
229.291
 20
30.4
 10
229.058
 20
30.214
 10
229.089
 20
30.478
 10
228.934
 20
30.447
 10
228.903
 20
30.245
 10
228.779
 20
30.059
 10
228.671
 20
30.059
 10
228.802
 20
30.346
 10
228.748
 20
30.4
 10
228.593
 20
30.292
 10
228.547
 20
30.4
 10
228.415
 20
30.424
 10
228.415
 20
30.656
 10
228.57
 20
31.044
 10
228.438
 20
31.098
 10
228.206
 20
30.524
 10
228.337
 20
30.346
 10
228.314
 20
30.168
 10
228.469
 20
30.09
 10
228.516
 20
29.904
 10
228.702
 20
29.78
 10
228.547
 20
29.439
 10
228.492
 20
29.493
 10
228.624
 20
29.78
 10
228.438
 20
29.672
 10
228.415
 20
29.803
 10
228.314
 20
29.749
 10
228.314
 20
29.594
 10
228.206
 20
29.625
 10
228.159
 20
29.517
 10
228.105
 20
29.571
 10
228.283
 20
29.935
 10
228.392
 20
29.982
 10
228.337
 20
30.036
 10
228.128
 20
29.935
 10
228.051
 20
29.703
 10
227.95
 20
29.648
 10
227.795
 20
29.726
 10
227.663
 20
29.548
 10
227.717
 20
29.493
 10
228.004
 20
29.548
 10
227.818
 20
29.129
 10
228.082
 20
29.052
 10
227.927
 20
28.897
 10
227.818
 20
29.052
 10
227.694
 20
29.052
 10
227.586
 20
28.85
 10
227.617
 20
28.742
 10
227.43
 20
28.819
 10
227.33
 20
29.028
 10
227.229
 20
28.974
 10
227.198
 20
28.773
 10
226.965
 20
28.664
 10
227.95
 20
28.641
 10
228.105
 20
28.718
 10
229.035
 20
28.718
 10
229.368
 20
28.85
 10
229.81
 20
29.726
 10
230.74
 20
31.974
 10
230.795
 20
32.183
 10
230.531
 20
32.617
 10
229.399
 20
33.733
 10
229.291
 20
33.935
 10
228.903
 20
34.323
 10
228.492
 20
34.609
 10
228.182
 20
34.687
 10
226.245
 20
34.687
 10
226.089
 20
34.764
 97
0
 92
2
 72
0
 73
1
 93
5
 10
229.058
 20
32.028
 10
229.268
 20
32.051
 10
229.345
 20
31.974
 10
229.291
 20
31.873
 10
229.113
 20
31.819
 97
0
 92
2
 72
0
 73
1
 93
5
 10
223.353
 20
31.563
 10
223.012
 20
31.408
 10
223.012
 20
31.299
 10
223.222
 20
31.354
 10
223.353
 20
31.299
 97
0
 92
2
 72
0
 73
1
 93
17
 10
227.539
 20
31.563
 10
227.407
 20
31.431
 10
227.461
 20
31.299
 10
227.353
 20
31.067
 10
227.508
 20
31.098
 10
227.617
 20
31.377
 10
227.694
 20
31.408
 10
227.694
 20
30.943
 10
227.849
 20
30.943
 10
228.237
 20
30.757
 10
228.206
 20
30.912
 10
227.896
 20
30.989
 10
227.795
 20
31.199
 10
227.927
 20
31.377
 10
227.896
 20
31.455
 10
227.772
 20
31.563
 10
227.586
 20
31.455
 97
0
 92
2
 72
0
 73
1
 93
6
 10
228.082
 20
31.486
 10
228.027
 20
31.431
 10
228.159
 20
31.175
 10
228.283
 20
31.175
 10
228.314
 20
31.331
 10
228.128
 20
31.377
 97
0
 92
2
 72
0
 73
1
 93
4
 10
223.276
 20
31.253
 10
223.012
 20
31.098
 10
223.144
 20
30.889
 10
223.299
 20
31.044
 97
0
 92
2
 72
0
 73
1
 93
9
 10
229.012
 20
31.175
 10
228.934
 20
30.912
 10
228.802
 20
30.811
 10
228.826
 20
30.757
 10
229.035
 20
30.811
 10
229.167
 20
30.679
 10
229.244
 20
30.865
 10
229.113
 20
30.966
 10
229.167
 20
31.098
 97
0
 92
2
 72
0
 73
1
 93
5
 10
227.151
 20
30.71
 10
227.12
 20
30.524
 10
227.229
 20
30.555
 10
227.461
 20
30.447
 10
227.461
 20
30.555
 97
0
 92
2
 72
0
 73
1
 93
6
 10
227.407
 20
29.571
 10
227.306
 20
29.517
 10
227.306
 20
29.393
 10
227.617
 20
29.207
 10
227.617
 20
29.393
 10
227.508
 20
29.362
 97
0
 75
0
 76
1
 98
0
  0
LWPOLYLINE
  5
47
330
17
100
AcDbEntity
  8
CUT
100
AcDbPolyline
 90
52
 70
1
 10
236.904
 20
40.319
 10
236.919
 20
40.657
 10
236.964
 20
40.971
 10
237.039
 20
41.259
 10
237.147
 20
41.52
 10
237.286
 20
41.752
 10
237.458
 20
41.955
 10
237.66
 20
42.126
 10
237.893
 20
42.266
 10
238.154
 20
42.373
 10
238.441
 20
42.449
 10
238.755
 20
42.494
 10
239.093
 20
42.509
 10
252.175
 20
42.509
 10
252.513
 20
42.494
 10
252.828
 20
42.449
 10
253.115
 20
42.373
 10
253.376
 20
42.266
 10
253.608
 20
42.126
 10
253.811
 20
41.955
 10
253.983
 20
41.752
 10
254.122
 20
41.52
 10
254.229
 20
41.259
 10
254.305
 20
40.971
 10
254.35
 20
40.657
 10
254.365
 20
40.319
 10
254.365
 20
27.237
 10
254.35
 20
26.899
 10
254.305
 20
26.585
 10
254.229
 20
26.297
 10
254.122
 20
26.037
 10
253.983
 20
25.804
 10
253.811
 20
25.602
 10
253.608
 20
25.43
 10
253.376
 20
25.29
 10
253.115
 20
25.183
 10
252.828
 20
25.107
 10
252.513
 20
25.063
 10
252.175
 20
25.048
 10
239.093
 20
25.048
 10
238.755
 20
25.063
 10
238.441
 20
25.107
 10
238.154
 20
25.183
 10
237.893
 20
25.29
 10
237.66
 20
25.43
 10
237.458
 20
25.602
 10
237.286
 20
25.804
 10
237.147
 20
26.037
 10
237.039
 20
26.297
 10
236.964
 20
26.585
 10
236.919
 20
26.899
 10
236.904
 20
27.237
  0
HATCH
  5
48
330
17
100
AcDbEntity
  8
RASTER
 62
7
100
AcDbHatch
 10
0.0
 20
0.0
 30
0.0
210
0.0
220
0.0
230
1.0
  2
SOLID
 70
1
 71
0
 91
14
 92
3
 72
0
 73
1
 93
39
 10
242.725
 20
39.469
 10
242.857
 20
39.493
 10
243.942
 20
39.183
 10
246.5
 20
38.33
 10
246.911
 20
38.121
 10
247.198
 20
37.555
 10
247.562
 20
35.129
 10
249.678
 20
35.074
 10
250.011
 20
34.943
 10
250.631
 20
34.4
 10
250.895
 20
34.043
 10
252.027
 20
32.927
 10
252.259
 20
32.617
 10
252.391
 20
32.361
 10
252.391
 20
31.896
 10
250.864
 20
28.385
 10
250.298
 20
28.253
 10
248.438
 20
28.176
 10
248.283
 20
28.098
 10
246.888
 20
28.098
 10
246.322
 20
28.618
 10
246.213
 20
28.819
 10
245.857
 20
29.16
 10
245.748
 20
29.362
 10
244.74
 20
30.524
 10
244.616
 20
30.524
 10
244.508
 20
30.4
 10
244.097
 20
30.191
 10
243.632
 20
30.269
 10
240.376
 20
31.509
 10
239.966
 20
31.718
 10
239.811
 20
31.873
 10
239.601
 20
32.439
 10
239.136
 20
34.764
 10
238.904
 20
35.539
 10
238.826
 20
36.392
 10
239.035
 20
36.803
 10
239.268
 20
37.035
 10
242.058
 20
39.128
 97
0
 92
2
 72
0
 73
1
 93
115
 10
242.702
 20
39.028
 10
239.501
 20
36.648
 10
239.291
 20
36.315
 10
239.291
 20
36.16
 10
239.47
 20
35.33
 10
239.656
 20
35.439
 10
239.834
 20
35.152
 10
239.756
 20
35.074
 10
239.547
 20
35.129
 10
239.524
 20
34.919
 10
239.733
 20
34.121
 10
239.888
 20
34.121
 10
240.066
 20
33.989
 10
239.966
 20
33.857
 10
239.811
 20
33.966
 10
239.756
 20
33.912
 10
240.198
 20
32.183
 10
240.376
 20
32.051
 10
241.33
 20
31.687
 10
241.33
 20
31.765
 10
241.175
 20
31.842
 10
241.283
 20
31.997
 10
241.252
 20
32.106
 10
241.617
 20
31.974
 10
241.64
 20
32.075
 10
241.485
 20
32.075
 10
241.617
 20
32.206
 10
241.748
 20
32.183
 10
241.795
 20
31.997
 10
241.903
 20
32.106
 10
241.95
 20
31.997
 10
242.082
 20
32.051
 10
242.314
 20
31.896
 10
242.446
 20
31.951
 10
242.57
 20
31.842
 10
242.679
 20
31.873
 10
242.547
 20
31.586
 10
242.601
 20
31.486
 10
242.679
 20
31.455
 10
242.834
 20
31.563
 10
242.88
 20
31.455
 10
243.012
 20
31.509
 10
243.19
 20
31.377
 10
243.19
 20
31.486
 10
243.299
 20
31.486
 10
243.376
 20
31.144
 10
243.113
 20
31.175
 10
243.221
 20
31.098
 10
243.113
 20
30.989
 10
243.942
 20
30.734
 10
244.074
 20
30.989
 10
244.02
 20
31.664
 10
243.942
 20
31.819
 10
243.942
 20
32.129
 10
244.02
 20
32.284
 10
243.865
 20
32.361
 10
243.787
 20
33.059
 10
243.841
 20
33.113
 10
243.919
 20
32.927
 10
244.175
 20
33.214
 10
244.275
 20
33.082
 10
244.384
 20
33.082
 10
244.384
 20
33.191
 10
244.275
 20
33.268
 10
244.485
 20
33.524
 10
244.353
 20
33.578
 10
244.151
 20
33.47
 10
244.151
 20
33.315
 10
244.02
 20
33.369
 10
243.996
 20
33.237
 10
243.865
 20
33.214
 10
243.841
 20
33.346
 10
243.709
 20
33.369
 10
243.733
 20
33.656
 10
243.942
 20
33.834
 10
244.151
 20
33.78
 10
244.175
 20
33.912
 10
244.097
 20
34.067
 10
244.198
 20
34.198
 10
244.353
 20
34.198
 10
244.384
 20
34.276
 10
244.275
 20
34.245
 10
244.252
 20
34.377
 10
244.407
 20
34.609
 10
244.585
 20
34.478
 10
244.717
 20
34.222
 10
244.818
 20
34.431
 10
244.973
 20
34.509
 10
245.159
 20
34.431
 10
245.236
 20
34.245
 10
245.105
 20
34.144
 10
245.392
 20
33.857
 10
245.779
 20
34.788
 10
246.012
 20
35.02
 10
246.267
 20
35.152
 10
247.019
 20
35.175
 10
246.965
 20
35.927
 10
246.911
 20
36.028
 10
246.733
 20
36.082
 10
246.888
 20
36.237
 10
246.888
 20
36.392
 10
246.833
 20
36.446
 10
246.678
 20
36.338
 10
246.368
 20
36.493
 10
246.5
 20
36.702
 10
246.368
 20
36.989
 10
246.523
 20
36.958
 10
246.709
 20
36.756
 10
246.787
 20
36.493
 10
246.81
 20
37.012
 10
246.733
 20
37.167
 10
246.733
 20
37.477
 10
246.601
 20
37.733
 10
246.267
 20
37.942
 10
243.167
 20
38.95
 97
0
 92
2
 72
0
 73
1
 93
8
 10
246.213
 20
37.066
 10
246.267
 20
36.78
 10
246.167
 20
36.57
 10
246.112
 20
36.625
 10
246.167
 20
36.756
 10
246.035
 20
36.857
 10
245.826
 20
36.725
 10
245.934
 20
36.88
 97
0
 92
2
 72
0
 73
1
 93
10
 10
244.43
 20
34.974
 10
244.849
 20
34.819
 10
244.872
 20
34.687
 10
244.694
 20
34.478
 10
244.64
 20
34.532
 10
244.771
 20
34.741
 10
244.64
 20
34.764
 10
244.616
 20
34.633
 10
244.508
 20
34.633
 10
244.562
 20
34.842
 97
0
 92
2
 72
0
 73
1
 93
7
 10
239.78
 20
34.819
 10
239.911
 20
34.842
 10
239.989
 20
34.764
 10
239.989
 20
34.532
 10
239.911
 20
34.454
 10
239.733
 20
34.509
 10
239.679
 20
34.609
 97
0
 92
2
 72
0
 73
1
 93
129
 10
246.422
 20
34.764
 10
246.213
 20
34.664
 10
246.035
 20
34.299
 10
246.035
 20
34.144
 10
245.725
 20
33.369
 10
245.802
 20
33.137
 10
245.748
 20
33.082
 10
245.671
 20
33.191
 10
245.57
 20
32.982
 10
245.027
 20
31.431
 10
245.027
 20
30.966
 10
245.159
 20
30.71
 10
246.136
 20
29.672
 10
246.942
 20
28.618
 10
247.019
 20
28.587
 10
247.174
 20
28.773
 10
247.143
 20
28.587
 10
247.353
 20
28.563
 10
247.407
 20
28.587
 10
247.353
 20
28.796
 10
247.198
 20
28.951
 10
247.531
 20
29.625
 10
247.663
 20
29.571
 10
247.74
 20
29.648
 10
247.585
 20
29.803
 10
247.872
 20
29.982
 10
247.74
 20
30.114
 10
247.763
 20
30.245
 10
247.973
 20
30.191
 10
248.05
 20
30.269
 10
247.841
 20
30.4
 10
248.57
 20
31.997
 10
248.748
 20
32.129
 10
249.135
 20
32.129
 10
249.422
 20
31.486
 10
249.6
 20
31.509
 10
249.887
 20
31.377
 10
249.701
 20
31.532
 10
249.701
 20
31.718
 10
249.887
 20
31.687
 10
249.887
 20
31.796
 10
249.678
 20
31.896
 10
249.445
 20
31.664
 10
249.391
 20
31.873
 10
249.469
 20
32.028
 10
249.756
 20
32.051
 10
249.887
 20
31.92
 10
250.066
 20
32.051
 10
250.12
 20
31.997
 10
250.011
 20
31.873
 10
250.042
 20
31.796
 10
250.197
 20
31.796
 10
250.275
 20
31.641
 10
250.43
 20
31.563
 10
250.221
 20
31.354
 10
250.275
 20
31.253
 10
250.507
 20
31.175
 10
250.453
 20
31.044
 10
250.585
 20
30.757
 10
250.453
 20
30.656
 10
250.531
 20
30.501
 10
250.476
 20
30.4
 10
250.244
 20
30.214
 10
250.275
 20
30.478
 10
250.12
 20
30.447
 10
250.089
 20
30.245
 10
249.965
 20
30.059
 10
249.856
 20
30.059
 10
249.988
 20
30.346
 10
249.934
 20
30.4
 10
249.779
 20
30.292
 10
249.732
 20
30.4
 10
249.6
 20
30.424
 10
249.6
 20
30.656
 10
249.756
 20
31.044
 10
249.624
 20
31.098
 10
249.391
 20
30.524
 10
249.523
 20
30.346
 10
249.5
 20
30.168
 10
249.655
 20
30.09
 10
249.701
 20
29.904
 10
249.887
 20
29.78
 10
249.732
 20
29.439
 10
249.678
 20
29.493
 10
249.81
 20
29.78
 10
249.624
 20
29.672
 10
249.6
 20
29.803
 10
249.5
 20
29.749
 10
249.5
 20
29.594
 10
249.391
 20
29.625
 10
249.345
 20
29.517
 10
249.29
 20
29.571
 10
249.469
 20
29.935
 10
249.577
 20
29.982
 10
249.523
 20
30.036
 10
249.314
 20
29.935
 10
249.236
 20
29.703
 10
249.135
 20
29.648
 10
248.98
 20
29.726
 10
248.849
 20
29.548
 10
248.903
 20
29.493
 10
249.19
 20
29.548
 10
249.004
 20
29.129
 10
249.267
 20
29.052
 10
249.112
 20
28.897
 10
249.004
 20
29.052
 10
248.88
 20
29.052
 10
248.771
 20
28.85
 10
248.802
 20
28.742
 10
248.616
 20
28.819
 10
248.515
 20
29.028
 10
248.415
 20
28.974
 10
248.384
 20
28.773
 10
248.151
 20
28.664
 10
249.135
 20
28.641
 10
249.29
 20
28.718
 10
250.221
 20
28.718
 10
250.554
 20
28.85
 10
250.996
 20
29.726
 10
251.926
 20
31.974
 10
251.98
 20
32.183
 10
251.717
 20
32.617
 10
250.585
 20
33.733
 10
250.476
 20
33.935
 10
250.089
 20
34.323
 10
249.678
 20
34.609
 10
249.368
 20
34.687
 10
247.43
 20
34.687
 10
247.275
 20
34.764
 97
0
 92
2
 72
0
 73
1
 93
5
 10
250.244
 20
32.028
 10
250.453
 20
32.051
 10
250.531
 20
31.974
 10
250.476
 20
31.873
 10
250.298
 20
31.819
 97
0
 92
2
 72
0
 73
1
 93
5
 10
244.539
 20
31.563
 10
244.198
 20
31.408
 10
244.198
 20
31.299
 10
244.407
 20
31.354
 10
244.539
 20
31.299
 97
0
 92
2
 72
0
 73
1
 93
17
 10
248.725
 20
31.563
 10
248.593
 20
31.431
 10
248.647
 20
31.299
 10
248.539
 20
31.067
 10
248.694
 20
31.098
 10
248.802
 20
31.377
 10
248.88
 20
31.408
 10
248.88
 20
30.943
 10
249.035
 20
30.943
 10
249.422
 20
30.757
 10
249.391
 20
30.912
 10
249.081
 20
30.989
 10
248.98
 20
31.199
 10
249.112
 20
31.377
 10
249.081
 20
31.455
 10
248.957
 20
31.563
 10
248.771
 20
31.455
 97
0
 92
2
 72
0
 73
1
 93
6
 10
249.267
 20
31.486
 10
249.213
 20
31.431
 10
249.345
 20
31.175
 10
249.469
 20
31.175
 10
249.5
 20
31.331
 10
249.314
 20
31.377
 97
0
 92
2
 72
0
 73
1
 93
4
 10
244.461
 20
31.253
 10
244.198
 20
31.098
 10
244.33
 20
30.889
 10
244.485
 20
31.044
 97
0
 92
2
 72
0
 73
1
 93
9
 10
250.197
 20
31.175
 10
250.12
 20
30.912
 10
249.988
 20
30.811
 10
250.011
 20
30.757
 10
250.221
 20
30.811
 10
250.352
 20
30.679
 10
250.43
 20
30.865
 10
250.298
 20
30.966
 10
250.352
 20
31.098
 97
0
 92
2
 72
0
 73
1
 93
5
 10
248.337
 20
30.71
 10
248.306
 20
30.524
 10
248.415
 20
30.555
 10
248.647
 20
30.447
 10
248.647
 20
30.555
 97
0
 92
2
 72
0
 73
1
 93
6
 10
248.593
 20
29.571
 10
248.492
 20
29.517
 10
248.492
 20
29.393
 10
248.802
 20
29.207
 10
248.802
 20
29.393
 10
248.694
 20
29.362
 97
0
 75
0
 76
1
 98
0
  0
LWPOLYLINE
  5
49
330
17
100
AcDbEntity
  8
CUT
100
AcDbPolyline
 90
52
 70
1
 10
258.09
 20
40.319
 10
258.104
 20
40.657
 10
258.149
 20
40.971
 10
258.225
 20
41.259
 10
258.332
 20
41.52
 10
258.472
 20
41.752
 10
258.643
 20
41.955
 10
258.846
 20
42.126
 10
259.079
 20
42.266
 10
259.339
 20
42.373
 10
259.627
 20
42.449
 10
259.941
 20
42.494
 10
260.279
 20
42.509
 10
273.361
 20
42.509
 10
273.699
 20
42.494
 10
274.013
 20
42.449
 10
274.301
 20
42.373
 10
274.561
 20
42.266
 10
274.794
 20
42.126
 10
274.997
 20
41.955
 10
275.168
 20
41.752
 10
275.308
 20
41.52
 10
275.415
 20
41.259
 10
275.491
 20
40.971
 10
275.536
 20
40.657
 10
275.55
 20
40.319
 10
275.55
 20
27.237
 10
275.536
 20
26.899
 10
275.491
 20
26.585
 10
275.415
 20
26.297
 10
275.308
 20
26.037
 10
275.168
 20
25.804
 10
274.997
 20
25.602
 10
274.794
 20
25.43
 10
274.561
 20
25.29
 10
274.301
 20
25.183
 10
274.013
 20
25.107
 10
273.699
 20
25.063
 10
273.361
 20
25.048
 10
260.279
 20
25.048
 10
259.941
 20
25.063
 10
259.627
 20
25.107
 10
259.339
 20
25.183
 10
259.079
 20
25.29
 10
258.846
 20
25.43
 10
258.643
 20
25.602
 10
258.472
 20
25.804
 10
258.332
 20
26.037
 10
258.225
 20
26.297
 10
258.149
 20
26.585
 10
258.104
 20
26.899
 10
258.09
 20
27.237
  0
HATCH
  5
4A
330
17
100
AcDbEntity
  8
RASTER
 62
7
100
AcDbHatch
 10
0.0
 20
0.0
 30
0.0
210
0.0
220
0.0
230
1.0
  2
SOLID
 70
1
 71
0
 91
12
 92
3
 72
0
 73
1
 93
33
 10
266.208
 20
40.448
 10
267.458
 20
40.474
 10
267.968
 20
40.304
 10
269.014
 20
39.734
 10
269.95
 20
38.799
 10
270.545
 20
37.948
 10
271.2
 20
36.732
 10
271.795
 20
35.201
 10
272.135
 20
33.755
 10
272.135
 20
31.714
 10
272.05
 20
31.289
 10
271.625
 20
30.013
 10
271.225
 20
29.307
 10
270.205
 20
28.202
 10
269.695
 20
27.862
 10
268.904
 20
27.462
 10
267.628
 20
27.122
 10
266.097
 20
27.122
 10
265.672
 20
27.207
 10
264.651
 20
27.547
 10
263.775
 20
28.032
 10
263.01
 20
28.627
 10
262.5
 20
29.222
 10
261.76
 20
30.694
 10
261.505
 20
31.714
 10
261.505
 20
33.585
 10
261.59
 20
33.755
 10
261.675
 20
34.606
 10
261.93
 20
35.456
 10
262.67
 20
37.183
 10
263.35
 20
38.288
 10
264.286
 20
39.394
 10
265.221
 20
40.074
 97
0
 92
2
 72
0
 73
1
 93
35
 10
266.352
 20
40.049
 10
265.842
 20
39.879
 10
264.881
 20
39.309
 10
264.201
 20
38.628
 10
263.35
 20
37.438
 10
262.695
 20
36.137
 10
262.185
 20
34.691
 10
262.015
 20
33.84
 10
262.015
 20
33.33
 10
261.93
 20
33.16
 10
261.93
 20
32.224
 10
262.015
 20
32.054
 10
262.1
 20
31.204
 10
262.27
 20
30.694
 10
262.755
 20
29.733
 10
263.52
 20
28.797
 10
264.821
 20
27.972
 10
265.927
 20
27.632
 10
267.203
 20
27.547
 10
267.373
 20
27.632
 10
268.223
 20
27.717
 10
268.734
 20
27.887
 10
270.035
 20
28.627
 10
270.545
 20
29.137
 10
271.225
 20
30.243
 10
271.54
 20
31.119
 10
271.71
 20
31.884
 10
271.71
 20
33.415
 10
271.455
 20
34.691
 10
270.945
 20
36.137
 10
270.205
 20
37.608
 10
269.354
 20
38.799
 10
268.674
 20
39.394
 10
267.628
 20
39.964
 10
267.288
 20
40.049
 97
0
 92
2
 72
0
 73
1
 93
11
 10
263.996
 20
37.302
 10
264.141
 20
37.242
 10
264.056
 20
37.072
 10
264.226
 20
36.562
 10
263.996
 20
36.281
 10
263.656
 20
36.162
 10
263.435
 20
36.281
 10
263.376
 20
36.647
 10
263.605
 20
37.098
 10
263.801
 20
37.242
 10
264.031
 20
37.183
 97
0
 92
2
 72
0
 73
1
 93
8
 10
263.061
 20
34.665
 10
263.291
 20
34.691
 10
263.546
 20
34.436
 10
263.546
 20
34.01
 10
263.206
 20
33.67
 10
262.925
 20
33.815
 10
262.78
 20
34.095
 10
262.78
 20
34.266
 97
0
 92
2
 72
0
 73
1
 93
14
 10
266.718
 20
34.495
 10
267.373
 20
34.521
 10
267.653
 20
34.376
 10
267.858
 20
34.155
 10
268.053
 20
33.585
 10
268.053
 20
33.245
 10
267.824
 20
32.624
 10
267.483
 20
32.284
 10
267.203
 20
32.139
 10
266.692
 20
32.139
 10
266.293
 20
32.335
 10
266.012
 20
32.82
 10
266.012
 20
33.585
 10
266.327
 20
34.206
 97
0
 92
2
 72
0
 73
1
 93
7
 10
270.12
 20
34.24
 10
270.349
 20
34.266
 10
270.519
 20
34.095
 10
270.519
 20
33.755
 10
270.264
 20
33.5
 10
270.069
 20
33.56
 10
269.924
 20
33.84
 97
0
 92
2
 72
0
 73
1
 93
4
 10
266.922
 20
34.07
 10
266.863
 20
34.01
 10
267.007
 20
33.611
 10
267.118
 20
33.755
 97
0
 92
2
 72
0
 73
1
 93
9
 10
267.288
 20
33.67
 10
267.228
 20
33.611
 10
267.517
 20
33.475
 10
267.483
 20
33.356
 10
267.568
 20
33.271
 10
267.687
 20
33.526
 10
267.858
 20
33.526
 10
267.713
 20
33.67
 10
267.602
 20
33.611
 97
0
 92
2
 72
0
 73
1
 93
13
 10
266.837
 20
33.475
 10
266.837
 20
33.356
 10
266.633
 20
33.305
 10
266.718
 20
32.93
 10
266.803
 20
33.049
 10
266.922
 20
33.015
 10
266.888
 20
33.22
 10
266.948
 20
33.245
 10
267.058
 20
33.015
 10
267.288
 20
33.16
 10
267.432
 20
32.93
 10
267.517
 20
33.22
 10
267.398
 20
33.185
 97
0
 92
2
 72
0
 73
1
 93
14
 10
263.061
 20
31.944
 10
263.291
 20
31.969
 10
263.911
 20
31.655
 10
264.422
 20
31.059
 10
264.736
 20
30.268
 10
264.651
 20
29.673
 10
264.422
 20
29.392
 10
264.056
 20
29.333
 10
263.605
 20
29.563
 10
263.35
 20
29.733
 10
263.01
 20
30.158
 10
262.695
 20
30.779
 10
262.61
 20
31.289
 10
262.755
 20
31.74
 97
0
 92
2
 72
0
 73
1
 93
30
 10
269.609
 20
31.774
 10
270.094
 20
31.799
 10
270.324
 20
31.689
 10
270.519
 20
31.374
 10
270.519
 20
30.694
 10
270.12
 20
29.818
 10
269.695
 20
29.392
 10
269.244
 20
29.163
 10
268.989
 20
29.163
 10
268.538
 20
29.478
 10
268.393
 20
29.843
 10
268.393
 20
30.268
 10
268.589
 20
30.838
 10
268.708
 20
30.804
 10
269.014
 20
31.008
 10
269.133
 20
30.889
 10
269.159
 20
31.204
 10
269.303
 20
31.314
 10
269.269
 20
31.434
 10
269.388
 20
31.434
 10
269.499
 20
31.289
 10
269.584
 20
31.374
 10
269.388
 20
31.604
 10
269.303
 20
31.57
 10
268.708
 20
30.889
 10
268.648
 20
30.949
 10
268.878
 20
31.314
 10
269.303
 20
31.655
 10
269.414
 20
31.714
 10
269.558
 20
31.655
 97
0
 92
2
 72
0
 73
1
 93
9
 10
266.123
 20
28.797
 10
266.633
 20
28.763
 10
266.863
 20
28.482
 10
266.803
 20
28.287
 10
266.522
 20
28.142
 10
266.072
 20
28.202
 10
265.902
 20
28.372
 10
265.842
 20
28.568
 10
265.902
 20
28.678
 97
0
 75
0
 76
1
 98
0
  0
LWPOLYLINE
  5
4B
330
17
100
AcDbEntity
  8
CUT
100
AcDbPolyline
 90
52
 70
1
 10
279.275
 20
40.319
 10
279.29
 20
40.657
 10
279.335
 20
40.971
 10
279.411
 20
41.259
 10
279.518
 20
41.52
 10
279.657
 20
41.752
 10
279.829
 20
41.955
 10
280.032
 20
42.126
 10
280.264
 20
42.266
 10
280.525
 20
42.373
 10
280.812
 20
42.449
 10
281.127
 20
42.494
 10
281.465
 20
42.509
 10
294.547
 20
42.509
 10
294.885
 20
42.494
 10
295.199
 20
42.449
 10
295.486
 20
42.373
 10
295.747
 20
42.266
 10
295.98
 20
42.126
 10
296.182
 20
41.955
 10
296.354
 20
41.752
 10
296.493
 20
41.52
 10
296.601
 20
41.259
 10
296.676
 20
40.971
 10
296.721
 20
40.657
 10
296.736
 20
40.319
 10
296.736
 20
27.237
 10
296.721
 20
26.899
 10
296.676
 20
26.585
 10
296.601
 20
26.297
 10
296.493
 20
26.037
 10
296.354
 20
25.804
 10
296.182
 20
25.602
 10
295.98
 20
25.43
 10
295.747
 20
25.29
 10
295.486
 20
25.183
 10
295.199
 20
25.107
 10
294.885
 20
25.063
 10
294.547
 20
25.048
 10
281.465
 20
25.048
 10
281.127
 20
25.063
 10
280.812
 20
25.107
 10
280.525
 20
25.183
 10
280.264
 20
25.29
 10
280.032
 20
25.43
 10
279.829
 20
25.602
 10
279.657
 20
25.804
 10
279.518
 20
26.037
 10
279.411
 20
26.297
 10
279.335
 20
26.585
 10
279.29
 20
26.899
 10
279.275
 20
27.237
  0
HATCH
  5
4C
330
17
100
AcDbEntity
  8
RASTER
 62
7
100
AcDbHatch
 10
0.0
 20
0.0
 30
0.0
210
0.0
220
0.0
230
1.0
  2
SOLID
 70
1
 71
0
 91
12
 92
3
 72
0
 73
1
 93
33
 10
287.393
 20
40.448
 10
288.643
 20
40.474
 10
289.154
 20
40.304
 10
290.2
 20
39.734
 10
291.135
 20
38.799
 10
291.731
 20
37.948
 10
292.385
 20
36.732
 10
292.981
 20
35.201
 10
293.321
 20
33.755
 10
293.321
 20
31.714
 10
293.236
 20
31.289
 10
292.811
 20
30.013
 10
292.411
 20
29.307
 10
291.39
 20
28.202
 10
290.88
 20
27.862
 10
290.089
 20
27.462
 10
288.814
 20
27.122
 10
287.283
 20
27.122
 10
286.857
 20
27.207
 10
285.837
 20
27.547
 10
284.961
 20
28.032
 10
284.196
 20
28.627
 10
283.685
 20
29.222
 10
282.945
 20
30.694
 10
282.69
 20
31.714
 10
282.69
 20
33.585
 10
282.775
 20
33.755
 10
282.86
 20
34.606
 10
283.115
 20
35.456
 10
283.855
 20
37.183
 10
284.536
 20
38.288
 10
285.471
 20
39.394
 10
286.407
 20
40.074
 97
0
 92
2
 72
0
 73
1
 93
35
 10
287.538
 20
40.049
 10
287.028
 20
39.879
 10
286.067
 20
39.309
 10
285.386
 20
38.628
 10
284.536
 20
37.438
 10
283.881
 20
36.137
 10
283.371
 20
34.691
 10
283.201
 20
33.84
 10
283.201
 20
33.33
 10
283.115
 20
33.16
 10
283.115
 20
32.224
 10
283.201
 20
32.054
 10
283.286
 20
31.204
 10
283.456
 20
30.694
 10
283.94
 20
29.733
 10
284.706
 20
28.797
 10
286.007
 20
27.972
 10
287.113
 20
27.632
 10
288.388
 20
27.547
 10
288.558
 20
27.632
 10
289.409
 20
27.717
 10
289.919
 20
27.887
 10
291.22
 20
28.627
 10
291.731
 20
29.137
 10
292.411
 20
30.243
 10
292.726
 20
31.119
 10
292.896
 20
31.884
 10
292.896
 20
33.415
 10
292.641
 20
34.691
 10
292.13
 20
36.137
 10
291.39
 20
37.608
 10
290.54
 20
38.799
 10
289.86
 20
39.394
 10
288.814
 20
39.964
 10
288.473
 20
40.049
 97
0
 92
2
 72
0
 73
1
 93
11
 10
285.182
 20
37.302
 10
285.327
 20
37.242
 10
285.242
 20
37.072
 10
285.412
 20
36.562
 10
285.182
 20
36.281
 10
284.842
 20
36.162
 10
284.621
 20
36.281
 10
284.561
 20
36.647
 10
284.791
 20
37.098
 10
284.986
 20
37.242
 10
285.216
 20
37.183
 97
0
 92
2
 72
0
 73
1
 93
8
 10
284.247
 20
34.665
 10
284.476
 20
34.691
 10
284.731
 20
34.436
 10
284.731
 20
34.01
 10
284.391
 20
33.67
 10
284.111
 20
33.815
 10
283.966
 20
34.095
 10
283.966
 20
34.266
 97
0
 92
2
 72
0
 73
1
 93
14
 10
287.904
 20
34.495
 10
288.558
 20
34.521
 10
288.839
 20
34.376
 10
289.043
 20
34.155
 10
289.239
 20
33.585
 10
289.239
 20
33.245
 10
289.009
 20
32.624
 10
288.669
 20
32.284
 10
288.388
 20
32.139
 10
287.878
 20
32.139
 10
287.478
 20
32.335
 10
287.198
 20
32.82
 10
287.198
 20
33.585
 10
287.512
 20
34.206
 97
0
 92
2
 72
0
 73
1
 93
7
 10
291.305
 20
34.24
 10
291.535
 20
34.266
 10
291.705
 20
34.095
 10
291.705
 20
33.755
 10
291.45
 20
33.5
 10
291.254
 20
33.56
 10
291.11
 20
33.84
 97
0
 92
2
 72
0
 73
1
 93
4
 10
288.108
 20
34.07
 10
288.048
 20
34.01
 10
288.193
 20
33.611
 10
288.303
 20
33.755
 97
0
 92
2
 72
0
 73
1
 93
9
 10
288.473
 20
33.67
 10
288.414
 20
33.611
 10
288.703
 20
33.475
 10
288.669
 20
33.356
 10
288.754
 20
33.271
 10
288.873
 20
33.526
 10
289.043
 20
33.526
 10
288.899
 20
33.67
 10
288.788
 20
33.611
 97
0
 92
2
 72
0
 73
1
 93
13
 10
288.023
 20
33.475
 10
288.023
 20
33.356
 10
287.818
 20
33.305
 10
287.904
 20
32.93
 10
287.989
 20
33.049
 10
288.108
 20
33.015
 10
288.074
 20
33.22
 10
288.133
 20
33.245
 10
288.244
 20
33.015
 10
288.473
 20
33.16
 10
288.618
 20
32.93
 10
288.703
 20
33.22
 10
288.584
 20
33.185
 97
0
 92
2
 72
0
 73
1
 93
14
 10
284.247
 20
31.944
 10
284.476
 20
31.969
 10
285.097
 20
31.655
 10
285.607
 20
31.059
 10
285.922
 20
30.268
 10
285.837
 20
29.673
 10
285.607
 20
29.392
 10
285.242
 20
29.333
 10
284.791
 20
29.563
 10
284.536
 20
29.733
 10
284.196
 20
30.158
 10
283.881
 20
30.779
 10
283.796
 20
31.289
 10
283.94
 20
31.74
 97
0
 92
2
 72
0
 73
1
 93
30
 10
290.795
 20
31.774
 10
291.28
 20
31.799
 10
291.509
 20
31.689
 10
291.705
 20
31.374
 10
291.705
 20
30.694
 10
291.305
 20
29.818
 10
290.88
 20
29.392
 10
290.429
 20
29.163
 10
290.174
 20
29.163
 10
289.724
 20
29.478
 10
289.579
 20
29.843
 10
289.579
 20
30.268
 10
289.775
 20
30.838
 10
289.894
 20
30.804
 10
290.2
 20
31.008
 10
290.319
 20
30.889
 10
290.344
 20
31.204
 10
290.489
 20
31.314
 10
290.455
 20
31.434
 10
290.574
 20
31.434
 10
290.685
 20
31.289
 10
290.77
 20
31.374
 10
290.574
 20
31.604
 10
290.489
 20
31.57
 10
289.894
 20
30.889
 10
289.834
 20
30.949
 10
290.064
 20
31.314
 10
290.489
 20
31.655
 10
290.599
 20
31.714
 10
290.744
 20
31.655
 97
0
 92
2
 72
0
 73
1
 93
9
 10
287.308
 20
28.797
 10
287.818
 20
28.763
 10
288.048
 20
28.482
 10
287.989
 20
28.287
 10
287.708
 20
28.142
 10
287.257
 20
28.202
 10
287.087
 20
28.372
 10
287.028
 20
28.568
 10
287.087
 20
28.678
 97
0
 75
0
 76
1
 98
0
  0
LWPOLYLINE
  5
4D
330
17
100
AcDbEntity
  8
CUT
100
AcDbPolyline
 90
52
 70
1
 10
3.863
 20
19.134
 10
3.877
 20
19.472
 10
3.922
 20
19.786
 10
3.998
 20
20.073
 10
4.105
 20
20.334
 10
4.245
 20
20.567
 10
4.416
 20
20.769
 10
4.619
 20
20.941
 10
4.851
 20
21.08
 10
5.112
 20
21.188
 10
5.4
 20
21.263
 10
5.714
 20
21.308
 10
6.052
 20
21.323
 10
19.134
 20
21.323
 10
19.472
 20
21.308
 10
19.786
 20
21.263
 10
20.074
 20
21.188
 10
20.334
 20
21.08
 10
20.567
 20
20.941
 10
20.769
 20
20.769
 10
20.941
 20
20.567
 10
21.081
 20
20.334
 10
21.188
 20
20.073
 10
21.264
 20
19.786
 10
21.308
 20
19.472
 10
21.323
 20
19.134
 10
21.323
 20
6.052
 10
21.308
 20
5.714
 10
21.264
 20
5.399
 10
21.188
 20
5.112
 10
21.081
 20
4.851
 10
20.941
 20
4.619
 10
20.769
 20
4.416
 10
20.567
 20
4.244
 10
20.334
 20
4.105
 10
20.074
 20
3.998
 10
19.786
 20
3.922
 10
19.472
 20
3.877
 10
19.134
 20
3.862
 10
6.052
 20
3.862
 10
5.714
 20
3.877
 10
5.4
 20
3.922
 10
5.112
 20
3.998
 10
4.851
 20
4.105
 10
4.619
 20
4.244
 10
4.416
 20
4.416
 10
4.245
 20
4.619
 10
4.105
 20
4.851
 10
3.998
 20
5.112
 10
3.922
 20
5.399
 10
3.877
 20
5.714
 10
3.863
 20
6.052
  0
HATCH
  5
4E
330
17
100
AcDbEntity
  8
RASTER
 62
7
100
AcDbHatch
 10
0.0
 20
0.0
 30
0.0
210
0.0
220
0.0
230
1.0
  2
SOLID
 70
1
 71
0
 91
12
 92
3
 72
0
 73
1
 93
33
 10
11.98
 20
19.263
 10
13.231
 20
19.288
 10
13.741
 20
19.118
 10
14.787
 20
18.548
 10
15.722
 20
17.613
 10
16.318
 20
16.762
 10
16.973
 20
15.546
 10
17.568
 20
14.015
 10
17.908
 20
12.57
 10
17.908
 20
10.529
 10
17.823
 20
10.103
 10
17.398
 20
8.828
 10
16.998
 20
8.122
 10
15.978
 20
7.016
 10
15.467
 20
6.676
 10
14.676
 20
6.276
 10
13.401
 20
5.936
 10
11.87
 20
5.936
 10
11.445
 20
6.021
 10
10.424
 20
6.361
 10
9.548
 20
6.846
 10
8.783
 20
7.441
 10
8.272
 20
8.037
 10
7.533
 20
9.508
 10
7.277
 20
10.529
 10
7.277
 20
12.4
 10
7.362
 20
12.57
 10
7.448
 20
13.42
 10
7.703
 20
14.271
 10
8.443
 20
15.997
 10
9.123
 20
17.103
 10
10.058
 20
18.208
 10
10.994
 20
18.889
 97
0
 92
2
 72
0
 73
1
 93
35
 10
12.125
 20
18.863
 10
11.615
 20
18.693
 10
10.654
 20
18.123
 10
9.973
 20
17.443
 10
9.123
 20
16.252
 10
8.468
 20
14.951
 10
7.958
 20
13.505
 10
7.788
 20
12.655
 10
7.788
 20
12.144
 10
7.703
 20
11.974
 10
7.703
 20
11.039
 10
7.788
 20
10.869
 10
7.873
 20
10.018
 10
8.043
 20
9.508
 10
8.528
 20
8.547
 10
9.293
 20
7.612
 10
10.594
 20
6.787
 10
11.7
 20
6.446
 10
12.976
 20
6.361
 10
13.146
 20
6.446
 10
13.996
 20
6.531
 10
14.506
 20
6.702
 10
15.808
 20
7.441
 10
16.318
 20
7.952
 10
16.998
 20
9.057
 10
17.313
 20
9.933
 10
17.483
 20
10.699
 10
17.483
 20
12.23
 10
17.228
 20
13.505
 10
16.718
 20
14.951
 10
15.978
 20
16.422
 10
15.127
 20
17.613
 10
14.447
 20
18.208
 10
13.401
 20
18.778
 10
13.061
 20
18.863
 97
0
 92
2
 72
0
 73
1
 93
11
 10
9.769
 20
16.116
 10
9.914
 20
16.057
 10
9.829
 20
15.886
 10
9.999
 20
15.376
 10
9.769
 20
15.096
 10
9.429
 20
14.976
 10
9.208
 20
15.096
 10
9.148
 20
15.461
 10
9.378
 20
15.912
 10
9.574
 20
16.057
 10
9.803
 20
15.997
 97
0
 92
2
 72
0
 73
1
 93
8
 10
8.834
 20
13.48
 10
9.063
 20
13.505
 10
9.319
 20
13.25
 10
9.319
 20
12.825
 10
8.978
 20
12.485
 10
8.698
 20
12.629
 10
8.553
 20
12.91
 10
8.553
 20
13.08
 97
0
 92
2
 72
0
 73
1
 93
14
 10
12.491
 20
13.31
 10
13.146
 20
13.335
 10
13.426
 20
13.191
 10
13.63
 20
12.969
 10
13.826
 20
12.4
 10
13.826
 20
12.059
 10
13.596
 20
11.439
 10
13.256
 20
11.098
 10
12.976
 20
10.954
 10
12.465
 20
10.954
 10
12.066
 20
11.149
 10
11.785
 20
11.634
 10
11.785
 20
12.4
 10
12.1
 20
13.02
 97
0
 92
2
 72
0
 73
1
 93
7
 10
15.893
 20
13.054
 10
16.122
 20
13.08
 10
16.292
 20
12.91
 10
16.292
 20
12.57
 10
16.037
 20
12.315
 10
15.842
 20
12.374
 10
15.697
 20
12.655
 97
0
 92
2
 72
0
 73
1
 93
4
 10
12.695
 20
12.884
 10
12.635
 20
12.825
 10
12.78
 20
12.425
 10
12.89
 20
12.57
 97
0
 92
2
 72
0
 73
1
 93
9
 10
13.061
 20
12.485
 10
13.001
 20
12.425
 10
13.29
 20
12.289
 10
13.256
 20
12.17
 10
13.341
 20
12.085
 10
13.46
 20
12.34
 10
13.63
 20
12.34
 10
13.486
 20
12.485
 10
13.375
 20
12.425
 97
0
 92
2
 72
0
 73
1
 93
13
 10
12.61
 20
12.289
 10
12.61
 20
12.17
 10
12.406
 20
12.119
 10
12.491
 20
11.745
 10
12.576
 20
11.864
 10
12.695
 20
11.83
 10
12.661
 20
12.034
 10
12.72
 20
12.059
 10
12.831
 20
11.83
 10
13.061
 20
11.974
 10
13.205
 20
11.745
 10
13.29
 20
12.034
 10
13.171
 20
12.0
 97
0
 92
2
 72
0
 73
1
 93
14
 10
8.834
 20
10.758
 10
9.063
 20
10.784
 10
9.684
 20
10.469
 10
10.195
 20
9.874
 10
10.509
 20
9.083
 10
10.424
 20
8.488
 10
10.195
 20
8.207
 10
9.829
 20
8.147
 10
9.378
 20
8.377
 10
9.123
 20
8.547
 10
8.783
 20
8.972
 10
8.468
 20
9.593
 10
8.383
 20
10.103
 10
8.528
 20
10.554
 97
0
 92
2
 72
0
 73
1
 93
30
 10
15.382
 20
10.588
 10
15.867
 20
10.614
 10
16.097
 20
10.503
 10
16.292
 20
10.188
 10
16.292
 20
9.508
 10
15.893
 20
8.632
 10
15.467
 20
8.207
 10
15.017
 20
7.977
 10
14.761
 20
7.977
 10
14.311
 20
8.292
 10
14.166
 20
8.658
 10
14.166
 20
9.083
 10
14.362
 20
9.653
 10
14.481
 20
9.619
 10
14.787
 20
9.823
 10
14.906
 20
9.704
 10
14.932
 20
10.018
 10
15.076
 20
10.129
 10
15.042
 20
10.248
 10
15.161
 20
10.248
 10
15.272
 20
10.103
 10
15.357
 20
10.188
 10
15.161
 20
10.418
 10
15.076
 20
10.384
 10
14.481
 20
9.704
 10
14.421
 20
9.763
 10
14.651
 20
10.129
 10
15.076
 20
10.469
 10
15.187
 20
10.529
 10
15.331
 20
10.469
 97
0
 92
2
 72
0
 73
1
 93
9
 10
11.895
 20
7.612
 10
12.406
 20
7.578
 10
12.635
 20
7.297
 10
12.576
 20
7.101
 10
12.295
 20
6.957
 10
11.844
 20
7.016
 10
11.674
 20
7.186
 10
11.615
 20
7.382
 10
11.674
 20
7.492
 97
0
 75
0
 76
1
 98
0
  0
LWPOLYLINE
  5
4F
330
17
100
AcDbEntity
  8
CUT
100
AcDbPolyline
 90
52
 70
1
 10
25.048
 20
19.134
 10
25.063
 20
19.472
 10
25.108
 20
19.786
 10
25.183
 20
20.073
 10
25.291
 20
20.334
 10
25.43
 20
20.567
 10
25.602
 20
20.769
 10
25.804
 20
20.941
 10
26.037
 20
21.08
 10
26.298
 20
21.188
 10
26.585
 20
21.263
 10
26.899
 20
21.308
 10
27.237
 20
21.323
 10
40.319
 20
21.323
 10
40.657
 20
21.308
 10
40.972
 20
21.263
 10
41.259
 20
21.188
 10
41.52
 20
21.08
 10
41.752
 20
20.941
 10
41.955
 20
20.769
 10
42.127
 20
20.567
 10
42.266
 20
20.334
 10
42.373
 20
20.073
 10
42.449
 20
19.786
 10
42.494
 20
19.472
 10
42.509
 20
19.134
 10
42.509
 20
6.052
 10
42.494
 20
5.714
 10
42.449
 20
5.399
 10
42.373
 20
5.112
 10
42.266
 20
4.851
 10
42.127
 20
4.619
 10
41.955
 20
4.416
 10
41.752
 20
4.244
 10
41.52
 20
4.105
 10
41.259
 20
3.998
 10
40.972
 20
3.922
 10
40.657
 20
3.877
 10
40.319
 20
3.862
 10
27.237
 20
3.862
 10
26.899
 20
3.877
 10
26.585
 20
3.922
 10
26.298
 20
3.998
 10
26.037
 20
4.105
 10
25.804
 20
4.244
 10
25.602
 20
4.416
 10
25.43
 20
4.619
 10
25.291
 20
4.851
 10
25.183
 20
5.112
 10
25.108
 20
5.399
 10
25.063
 20
5.714
 10
25.048
 20
6.052
  0
HATCH
  5
50
330
17
100
AcDbEntity
  8
RASTER
 62
7
100
AcDbHatch
 10
0.0
 20
0.0
 30
0.0
210
0.0
220
0.0
230
1.0
  2
SOLID
 70
1
 71
0
 91
12
 92
3
 72
0
 73
1
 93
33
 10
33.166
 20
19.263
 10
34.416
 20
19.288
 10
34.927
 20
19.118
 10
35.973
 20
18.548
 10
36.908
 20
17.613
 10
37.503
 20
16.762
 10
38.158
 20
15.546
 10
38.754
 20
14.015
 10
39.094
 20
12.57
 10
39.094
 20
10.529
 10
39.009
 20
10.103
 10
38.583
 20
8.828
 10
38.184
 20
8.122
 10
37.163
 20
7.016
 10
36.653
 20
6.676
 10
35.862
 20
6.276
 10
34.586
 20
5.936
 10
33.056
 20
5.936
 10
32.63
 20
6.021
 10
31.61
 20
6.361
 10
30.734
 20
6.846
 10
29.968
 20
7.441
 10
29.458
 20
8.037
 10
28.718
 20
9.508
 10
28.463
 20
10.529
 10
28.463
 20
12.4
 10
28.548
 20
12.57
 10
28.633
 20
13.42
 10
28.888
 20
14.271
 10
29.628
 20
15.997
 10
30.309
 20
17.103
 10
31.244
 20
18.208
 10
32.18
 20
18.889
 97
0
 92
2
 72
0
 73
1
 93
35
 10
33.311
 20
18.863
 10
32.8
 20
18.693
 10
31.839
 20
18.123
 10
31.159
 20
17.443
 10
30.309
 20
16.252
 10
29.654
 20
14.951
 10
29.143
 20
13.505
 10
28.973
 20
12.655
 10
28.973
 20
12.144
 10
28.888
 20
11.974
 10
28.888
 20
11.039
 10
28.973
 20
10.869
 10
29.058
 20
10.018
 10
29.228
 20
9.508
 10
29.713
 20
8.547
 10
30.479
 20
7.612
 10
31.78
 20
6.787
 10
32.885
 20
6.446
 10
34.161
 20
6.361
 10
34.331
 20
6.446
 10
35.182
 20
6.531
 10
35.692
 20
6.702
 10
36.993
 20
7.441
 10
37.503
 20
7.952
 10
38.184
 20
9.057
 10
38.498
 20
9.933
 10
38.669
 20
10.699
 10
38.669
 20
12.23
 10
38.413
 20
13.505
 10
37.903
 20
14.951
 10
37.163
 20
16.422
 10
36.313
 20
17.613
 10
35.632
 20
18.208
 10
34.586
 20
18.778
 10
34.246
 20
18.863
 97
0
 92
2
 72
0
 73
1
 93
11
 10
30.955
 20
16.116
 10
31.099
 20
16.057
 10
31.014
 20
15.886
 10
31.185
 20
15.376
 10
30.955
 20
15.096
 10
30.615
 20
14.976
 10
30.394
 20
15.096
 10
30.334
 20
15.461
 10
30.564
 20
15.912
 10
30.759
 20
16.057
 10
30.989
 20
15.997
 97
0
 92
2
 72
0
 73
1
 93
8
 10
30.019
 20
13.48
 10
30.249
 20
13.505
 10
30.504
 20
13.25
 10
30.504
 20
12.825
 10
30.164
 20
12.485
 10
29.883
 20
12.629
 10
29.739
 20
12.91
 10
29.739
 20
13.08
 97
0
 92
2
 72
0
 73
1
 93
14
 10
33.676
 20
13.31
 10
34.331
 20
13.335
 10
34.612
 20
13.191
 10
34.816
 20
12.969
 10
35.012
 20
12.4
 10
35.012
 20
12.059
 10
34.782
 20
11.439
 10
34.442
 20
11.098
 10
34.161
 20
10.954
 10
33.651
 20
10.954
 10
33.251
 20
11.149
 10
32.97
 20
11.634
 10
32.97
 20
12.4
 10
33.285
 20
13.02
 97
0
 92
2
 72
0
 73
1
 93
7
 10
37.078
 20
13.054
 10
37.308
 20
13.08
 10
37.478
 20
12.91
 10
37.478
 20
12.57
 10
37.223
 20
12.315
 10
37.027
 20
12.374
 10
36.883
 20
12.655
 97
0
 92
2
 72
0
 73
1
 93
4
 10
33.88
 20
12.884
 10
33.821
 20
12.825
 10
33.966
 20
12.425
 10
34.076
 20
12.57
 97
0
 92
2
 72
0
 73
1
 93
9
 10
34.246
 20
12.485
 10
34.187
 20
12.425
 10
34.476
 20
12.289
 10
34.442
 20
12.17
 10
34.527
 20
12.085
 10
34.646
 20
12.34
 10
34.816
 20
12.34
 10
34.671
 20
12.485
 10
34.561
 20
12.425
 97
0
 92
2
 72
0
 73
1
 93
13
 10
33.795
 20
12.289
 10
33.795
 20
12.17
 10
33.591
 20
12.119
 10
33.676
 20
11.745
 10
33.761
 20
11.864
 10
33.88
 20
11.83
 10
33.846
 20
12.034
 10
33.906
 20
12.059
 10
34.017
 20
11.83
 10
34.246
 20
11.974
 10
34.391
 20
11.745
 10
34.476
 20
12.034
 10
34.357
 20
12.0
 97
0
 92
2
 72
0
 73
1
 93
14
 10
30.019
 20
10.758
 10
30.249
 20
10.784
 10
30.87
 20
10.469
 10
31.38
 20
9.874
 10
31.695
 20
9.083
 10
31.61
 20
8.488
 10
31.38
 20
8.207
 10
31.014
 20
8.147
 10
30.564
 20
8.377
 10
30.309
 20
8.547
 10
29.968
 20
8.972
 10
29.654
 20
9.593
 10
29.569
 20
10.103
 10
29.713
 20
10.554
 97
0
 92
2
 72
0
 73
1
 93
30
 10
36.568
 20
10.588
 10
37.053
 20
10.614
 10
37.282
 20
10.503
 10
37.478
 20
10.188
 10
37.478
 20
9.508
 10
37.078
 20
8.632
 10
36.653
 20
8.207
 10
36.202
 20
7.977
 10
35.947
 20
7.977
 10
35.496
 20
8.292
 10
35.352
 20
8.658
 10
35.352
 20
9.083
 10
35.547
 20
9.653
 10
35.666
 20
9.619
 10
35.973
 20
9.823
 10
36.092
 20
9.704
 10
36.117
 20
10.018
 10
36.262
 20
10.129
 10
36.228
 20
10.248
 10
36.347
 20
10.248
 10
36.457
 20
10.103
 10
36.542
 20
10.188
 10
36.347
 20
10.418
 10
36.262
 20
10.384
 10
35.666
 20
9.704
 10
35.607
 20
9.763
 10
35.837
 20
10.129
 10
36.262
 20
10.469
 10
36.372
 20
10.529
 10
36.517
 20
10.469
 97
0
 92
2
 72
0
 73
1
 93
9
 10
33.081
 20
7.612
 10
33.591
 20
7.578
 10
33.821
 20
7.297
 10
33.761
 20
7.101
 10
33.481
 20
6.957
 10
33.03
 20
7.016
 10
32.86
 20
7.186
 10
32.8
 20
7.382
 10
32.86
 20
7.492
 97
0
 75
0
 76
1
 98
0
  0
LWPOLYLINE
  5
51
330
17
100
AcDbEntity
  8
CUT
100
AcDbPolyline
 90
52
 70
1
 10
46.234
 20
19.134
 10
46.248
 20
19.472
 10
46.293
 20
19.786
 10
46.369
 20
20.073
 10
46.476
 20
20.334
 10
46.616
 20
20.567
 10
46.787
 20
20.769
 10
46.99
 20
20.941
 10
47.223
 20
21.08
 10
47.483
 20
21.188
 10
47.771
 20
21.263
 10
48.085
 20
21.308
 10
48.423
 20
21.323
 10
61.505
 20
21.323
 10
61.843
 20
21.308
 10
62.157
 20
21.263
 10
62.445
 20
21.188
 10
62.705
 20
21.08
 10
62.938
 20
20.941
 10
63.141
 20
20.769
 10
63.312
 20
20.567
 10
63.452
 20
20.334
 10
63.559
 20
20.073
 10
63.635
 20
19.786
 10
63.68
 20
19.472
 10
63.694
 20
19.134
 10
63.694
 20
6.052
 10
63.68
 20
5.714
 10
63.635
 20
5.399
 10
63.559
 20
5.112
 10
63.452
 20
4.851
 10
63.312
 20
4.619
 10
63.141
 20
4.416
 10
62.938
 20
4.244
 10
62.705
 20
4.105
 10
62.445
 20
3.998
 10
62.157
 20
3.922
 10
61.843
 20
3.877
 10
61.505
 20
3.862
 10
48.423
 20
3.862
 10
48.085
 20
3.877
 10
47.771
 20
3.922
 10
47.483
 20
3.998
 10
47.223
 20
4.105
 10
46.99
 20
4.244
 10
46.787
 20
4.416
 10
46.616
 20
4.619
 10
46.476
 20
4.851
 10
46.369
 20
5.112
 10
46.293
 20
5.399
 10
46.248
 20
5.714
 10
46.234
 20
6.052
  0
HATCH
  5
52
330
17
100
AcDbEntity
  8
RASTER
 62
7
100
AcDbHatch
 10
0.0
 20
0.0
 30
0.0
210
0.0
220
0.0
230
1.0
  2
SOLID
 70
1
 71
0
 91
15
 92
3
 72
0
 73
1
 93
99
 10
52.625
 20
19.27
 10
52.875
 20
19.29
 10
53.55
 20
19.02
 10
57.195
 20
17.468
 10
57.891
 20
17.083
 10
58.073
 20
16.658
 10
56.811
 20
13.775
 10
57.33
 20
14.025
 10
58.478
 20
14.363
 10
59.355
 20
14.43
 10
59.895
 20
14.295
 10
60.051
 20
14.41
 10
60.213
 20
14.788
 10
60.368
 20
14.903
 10
60.773
 20
14.903
 10
61.131
 20
14.72
 10
61.246
 20
14.498
 10
61.246
 20
14.093
 10
61.178
 20
13.89
 10
60.996
 20
13.532
 10
60.861
 20
13.397
 10
61.178
 20
12.743
 10
61.246
 20
12.405
 10
61.246
 20
11.663
 10
61.178
 20
11.528
 10
61.111
 20
10.853
 10
60.706
 20
9.502
 10
60.388
 20
8.875
 10
59.713
 20
7.93
 10
58.971
 20
7.187
 10
58.363
 20
6.782
 10
57.6
 20
6.397
 10
56.925
 20
6.195
 10
56.25
 20
6.127
 10
56.115
 20
6.06
 10
55.71
 20
6.06
 10
55.035
 20
5.925
 10
54.09
 20
5.925
 10
53.732
 20
6.107
 10
53.483
 20
6.532
 10
53.483
 20
7.612
 10
53.435
 20
7.7
 10
51.525
 20
8.49
 10
49.588
 20
9.388
 10
49.702
 20
9.435
 10
49.905
 20
9.367
 10
53.213
 20
7.95
 10
53.462
 20
7.97
 10
53.55
 20
8.152
 10
53.618
 20
8.355
 10
53.55
 20
8.625
 10
53.55
 20
9.165
 10
53.685
 20
9.637
 10
53.685
 20
9.907
 10
53.955
 20
10.718
 10
54.293
 20
11.325
 10
54.293
 20
11.46
 10
54.245
 20
11.548
 10
53.955
 20
11.663
 10
53.28
 20
11.663
 10
53.145
 20
11.595
 10
52.875
 20
11.595
 10
52.403
 20
11.393
 10
52.247
 20
11.44
 10
51.795
 20
12.473
 10
51.64
 20
13.06
 10
51.478
 20
13.303
 10
51.255
 20
13.418
 10
50.648
 20
13.553
 10
50.31
 20
13.553
 10
50.04
 20
13.755
 10
49.75
 20
13.708
 10
49.318
 20
12.857
 10
49.075
 20
12.493
 10
48.825
 20
11.865
 10
48.555
 20
11.393
 10
48.42
 20
11.055
 10
48.42
 20
10.853
 10
48.285
 20
10.582
 10
48.285
 20
10.38
 10
48.4
 20
10.157
 10
48.602
 20
9.955
 10
49.547
 20
9.455
 10
49.297
 20
9.502
 10
48.535
 20
9.887
 10
48.332
 20
10.09
 10
48.217
 20
10.312
 10
48.217
 20
10.718
 10
48.42
 20
11.325
 10
49.702
 20
13.89
 10
49.277
 20
14.072
 10
49.23
 20
14.43
 10
49.52
 20
14.815
 10
49.655
 20
14.882
 10
50.087
 20
15.328
 10
50.465
 20
15.558
 10
50.627
 20
15.53
 10
52.315
 20
18.973
 10
52.45
 20
19.176
 97
0
 92
2
 72
0
 73
1
 93
12
 10
52.74
 20
18.818
 10
52.625
 20
18.73
 10
51.863
 20
17.063
 10
52.065
 20
16.928
 10
52.335
 20
16.928
 10
53.28
 20
16.455
 10
53.618
 20
16.388
 10
53.773
 20
16.503
 10
54.407
 20
17.826
 10
54.61
 20
18.055
 10
54.495
 20
18.21
 10
53.145
 20
18.75
 97
0
 92
2
 72
0
 73
1
 93
12
 10
52.895
 20
18.325
 10
53.233
 20
18.298
 10
53.435
 20
18.163
 10
53.503
 20
17.961
 10
53.597
 20
17.893
 10
53.415
 20
17.94
 10
53.03
 20
17.583
 10
52.74
 20
17.535
 10
52.605
 20
17.4
 10
52.538
 20
17.468
 10
52.673
 20
17.738
 10
52.605
 20
17.873
 97
0
 92
2
 72
0
 73
1
 93
17
 10
55.305
 20
17.805
 10
55.103
 20
17.603
 10
55.103
 20
17.468
 10
54.428
 20
15.983
 10
54.495
 20
15.915
 10
54.698
 20
15.915
 10
55.373
 20
15.713
 10
55.98
 20
15.375
 10
56.25
 20
15.308
 10
56.453
 20
15.51
 10
56.655
 20
16.118
 10
56.635
 20
16.408
 10
56.77
 20
16.408
 10
56.811
 20
16.773
 10
57.013
 20
16.84
 10
57.128
 20
17.063
 10
56.183
 20
17.535
 97
0
 92
2
 72
0
 73
1
 93
21
 10
51.525
 20
16.32
 10
51.323
 20
16.118
 10
50.918
 20
15.173
 10
50.918
 20
14.97
 10
51.005
 20
14.855
 10
51.1
 20
14.882
 10
51.66
 20
14.633
 10
51.842
 20
14.653
 10
51.93
 20
14.835
 10
51.998
 20
14.768
 10
52.045
 20
14.477
 10
52.18
 20
14.342
 10
52.335
 20
14.295
 10
52.517
 20
14.45
 10
52.558
 20
14.747
 10
52.76
 20
14.882
 10
52.828
 20
15.085
 10
53.125
 20
15.193
 10
53.395
 20
15.49
 10
53.3
 20
15.598
 10
52.943
 20
15.78
 97
0
 92
2
 72
0
 73
1
 93
25
 10
50.492
 20
15.287
 10
50.29
 20
15.193
 10
49.615
 20
14.518
 10
49.52
 20
14.315
 10
50.155
 20
14.072
 10
50.29
 20
13.802
 10
50.445
 20
13.688
 10
50.985
 20
13.688
 10
51.323
 20
13.62
 10
51.68
 20
13.438
 10
51.863
 20
13.08
 10
52.065
 20
12.203
 10
52.315
 20
11.71
 10
52.605
 20
11.663
 10
53.145
 20
11.798
 10
54.023
 20
11.798
 10
54.36
 20
11.663
 10
54.515
 20
11.777
 10
54.812
 20
12.223
 10
54.63
 20
12.338
 10
53.078
 20
12.27
 10
52.855
 20
12.385
 10
52.018
 20
13.978
 10
50.897
 20
14.612
 10
50.695
 20
14.815
 97
0
 92
2
 72
0
 73
1
 93
34
 10
54.158
 20
15.105
 10
54.002
 20
14.99
 10
53.888
 20
14.768
 10
53.3
 20
13.37
 10
53.685
 20
13.148
 10
55.035
 20
12.608
 10
55.17
 20
12.81
 10
55.17
 20
13.013
 10
55.305
 20
13.35
 10
55.258
 20
13.64
 10
55.035
 20
13.823
 10
55.083
 20
14.005
 10
54.853
 20
14.005
 10
54.765
 20
13.823
 10
54.63
 20
14.025
 10
54.542
 20
13.775
 10
54.225
 20
13.755
 10
54.09
 20
13.823
 10
54.002
 20
13.64
 10
53.888
 20
13.62
 10
53.753
 20
13.755
 10
53.908
 20
14.275
 10
54.293
 20
14.7
 10
54.698
 20
14.565
 10
54.9
 20
14.43
 10
55.083
 20
14.41
 10
55.123
 20
14.18
 10
55.305
 20
14.228
 10
55.44
 20
14.093
 10
55.798
 20
14.14
 10
55.913
 20
14.363
 10
55.575
 20
14.565
 10
55.373
 20
14.565
 10
55.17
 20
14.7
 97
0
 92
2
 72
0
 73
1
 93
8
 10
60.571
 20
14.565
 10
60.483
 20
14.518
 10
60.301
 20
14.093
 10
60.55
 20
13.87
 10
60.706
 20
13.823
 10
60.841
 20
14.025
 10
60.908
 20
14.295
 10
60.793
 20
14.45
 97
0
 92
2
 72
0
 73
1
 93
45
 10
58.748
 20
14.093
 10
58.613
 20
14.025
 10
58.275
 20
14.025
 10
57.6
 20
13.823
 10
56.028
 20
12.898
 10
55.285
 20
12.223
 10
54.61
 20
11.278
 10
54.023
 20
10.042
 10
54.023
 20
9.84
 10
53.888
 20
9.502
 10
53.888
 20
9.232
 10
53.753
 20
8.76
 10
53.82
 20
6.802
 10
54.002
 20
6.377
 10
54.38
 20
6.283
 10
55.238
 20
6.33
 10
55.778
 20
6.465
 10
56.453
 20
6.465
 10
56.723
 20
6.6
 10
56.925
 20
6.6
 10
57.128
 20
6.735
 10
57.263
 20
6.735
 10
57.621
 20
6.985
 10
57.688
 20
7.12
 10
57.891
 20
7.187
 10
57.985
 20
7.363
 10
58.431
 20
7.592
 10
58.795
 20
7.903
 10
58.93
 20
7.93
 10
58.815
 20
7.747
 10
58.903
 20
7.727
 10
59.511
 20
8.335
 10
59.848
 20
8.807
 10
60.031
 20
9.435
 10
60.456
 20
10.022
 10
60.571
 20
10.312
 10
60.638
 20
10.785
 10
60.908
 20
11.663
 10
60.908
 20
12.473
 10
60.726
 20
13.033
 10
60.523
 20
13.438
 10
60.321
 20
13.64
 10
60.051
 20
13.843
 10
59.423
 20
14.093
 10
58.863
 20
14.045
 97
0
 92
2
 72
0
 73
1
 93
10
 10
57.891
 20
13.195
 10
58.053
 20
13.168
 10
56.878
 20
12.385
 10
56.811
 20
12.25
 10
56.068
 20
11.548
 10
56.048
 20
11.663
 10
56.298
 20
12.02
 10
56.703
 20
12.29
 10
57.175
 20
12.763
 10
57.85
 20
13.1
 97
0
 92
2
 72
0
 73
1
 93
5
 10
59.106
 20
11.71
 10
59.153
 20
11.663
 10
58.971
 20
11.372
 10
58.768
 20
11.21
 10
58.795
 20
11.345
 97
0
 92
2
 72
0
 73
1
 93
10
 10
60.388
 20
11.71
 10
60.503
 20
11.663
 10
60.368
 20
11.325
 10
60.368
 20
11.055
 10
60.051
 20
10.292
 10
59.403
 20
9.388
 10
59.038
 20
9.05
 10
59.065
 20
9.253
 10
59.443
 20
9.752
 10
59.781
 20
10.36
 97
0
 92
2
 72
0
 73
1
 93
5
 10
55.123
 20
10.292
 10
54.515
 20
8.983
 10
54.495
 20
9.097
 10
54.63
 20
9.502
 10
54.88
 20
9.995
 97
0
 92
2
 72
0
 73
1
 93
15
 10
56.946
 20
9.145
 10
56.993
 20
9.097
 10
56.946
 20
9.01
 10
56.743
 20
8.74
 10
56.365
 20
8.443
 10
56.271
 20
8.267
 10
56.095
 20
8.173
 10
55.663
 20
7.727
 10
55.191
 20
7.498
 10
55.285
 20
7.7
 10
55.488
 20
7.903
 10
55.663
 20
7.997
 10
56.095
 20
8.443
 10
56.271
 20
8.537
 10
56.703
 20
8.983
 97
0
 92
2
 72
0
 73
1
 93
11
 10
58.498
 20
8.537
 10
58.545
 20
8.49
 10
58.498
 20
8.402
 10
58.296
 20
8.132
 10
57.553
 20
7.457
 10
56.385
 20
6.87
 10
55.71
 20
6.667
 10
55.596
 20
6.688
 10
55.596
 20
6.782
 10
55.893
 20
6.958
 10
57.081
 20
7.525
 97
0
 75
0
 76
1
 98
0
  0
LWPOLYLINE
  5
53
330
17
100
AcDbEntity
  8
CUT
100
AcDbPolyline
 90
52
 70
1
 10
67.419
 20
19.134
 10
67.434
 20
19.472
 10
67.479
 20
19.786
 10
67.555
 20
20.073
 10
67.662
 20
20.334
 10
67.801
 20
20.567
 10
67.973
 20
20.769
 10
68.176
 20
20.941
 10
68.408
 20
21.08
 10
68.669
 20
21.188
 10
68.956
 20
21.263
 10
69.271
 20
21.308
 10
69.609
 20
21.323
 10
82.691
 20
21.323
 10
83.029
 20
21.308
 10
83.343
 20
21.263
 10
83.63
 20
21.188
 10
83.891
 20
21.08
 10
84.124
 20
20.941
 10
84.326
 20
20.769
 10
84.498
 20
20.567
 10
84.637
 20
20.334
 10
84.745
 20
20.073
 10
84.82
 20
19.786
 10
84.865
 20
19.472
 10
84.88
 20
19.134
 10
84.88
 20
6.052
 10
84.865
 20
5.714
 10
84.82
 20
5.399
 10
84.745
 20
5.112
 10
84.637
 20
4.851
 10
84.498
 20
4.619
 10
84.326
 20
4.416
 10
84.124
 20
4.244
 10
83.891
 20
4.105
 10
83.63
 20
3.998
 10
83.343
 20
3.922
 10
83.029
 20
3.877
 10
82.691
 20
3.862
 10
69.609
 20
3.862
 10
69.271
 20
3.877
 10
68.956
 20
3.922
 10
68.669
 20
3.998
 10
68.408
 20
4.105
 10
68.176
 20
4.244
 10
67.973
 20
4.416
 10
67.801
 20
4.619
 10
67.662
 20
4.851
 10
67.555
 20
5.112
 10
67.479
 20
5.399
 10
67.434
 20
5.714
 10
67.419
 20
6.052
  0
HATCH
  5
54
330
17
100
AcDbEntity
  8
RASTER
 62
7
100
AcDbHatch
 10
0.0
 20
0.0
 30
0.0
210
0.0
220
0.0
230
1.0
  2
SOLID
 70
1
 71
0
 91
15
 92
3
 72
0
 73
1
 93
99
 10
73.811
 20
19.27
 10
74.061
 20
19.29
 10
74.736
 20
19.02
 10
78.381
 20
17.468
 10
79.076
 20
17.083
 10
79.259
 20
16.658
 10
77.996
 20
13.775
 10
78.516
 20
14.025
 10
79.664
 20
14.363
 10
80.541
 20
14.43
 10
81.081
 20
14.295
 10
81.236
 20
14.41
 10
81.398
 20
14.788
 10
81.554
 20
14.903
 10
81.959
 20
14.903
 10
82.316
 20
14.72
 10
82.431
 20
14.498
 10
82.431
 20
14.093
 10
82.364
 20
13.89
 10
82.181
 20
13.532
 10
82.046
 20
13.397
 10
82.364
 20
12.743
 10
82.431
 20
12.405
 10
82.431
 20
11.663
 10
82.364
 20
11.528
 10
82.296
 20
10.853
 10
81.891
 20
9.502
 10
81.574
 20
8.875
 10
80.899
 20
7.93
 10
80.156
 20
7.187
 10
79.549
 20
6.782
 10
78.786
 20
6.397
 10
78.111
 20
6.195
 10
77.436
 20
6.127
 10
77.301
 20
6.06
 10
76.896
 20
6.06
 10
76.221
 20
5.925
 10
75.276
 20
5.925
 10
74.918
 20
6.107
 10
74.668
 20
6.532
 10
74.668
 20
7.612
 10
74.621
 20
7.7
 10
72.711
 20
8.49
 10
70.773
 20
9.388
 10
70.888
 20
9.435
 10
71.091
 20
9.367
 10
74.398
 20
7.95
 10
74.648
 20
7.97
 10
74.736
 20
8.152
 10
74.803
 20
8.355
 10
74.736
 20
8.625
 10
74.736
 20
9.165
 10
74.871
 20
9.637
 10
74.871
 20
9.907
 10
75.141
 20
10.718
 10
75.478
 20
11.325
 10
75.478
 20
11.46
 10
75.431
 20
11.548
 10
75.141
 20
11.663
 10
74.466
 20
11.663
 10
74.331
 20
11.595
 10
74.061
 20
11.595
 10
73.588
 20
11.393
 10
73.433
 20
11.44
 10
72.981
 20
12.473
 10
72.825
 20
13.06
 10
72.663
 20
13.303
 10
72.441
 20
13.418
 10
71.833
 20
13.553
 10
71.496
 20
13.553
 10
71.226
 20
13.755
 10
70.935
 20
13.708
 10
70.503
 20
12.857
 10
70.26
 20
12.493
 10
70.011
 20
11.865
 10
69.741
 20
11.393
 10
69.606
 20
11.055
 10
69.606
 20
10.853
 10
69.471
 20
10.582
 10
69.471
 20
10.38
 10
69.585
 20
10.157
 10
69.788
 20
9.955
 10
70.733
 20
9.455
 10
70.483
 20
9.502
 10
69.72
 20
9.887
 10
69.518
 20
10.09
 10
69.403
 20
10.312
 10
69.403
 20
10.718
 10
69.606
 20
11.325
 10
70.888
 20
13.89
 10
70.463
 20
14.072
 10
70.416
 20
14.43
 10
70.706
 20
14.815
 10
70.841
 20
14.882
 10
71.273
 20
15.328
 10
71.651
 20
15.558
 10
71.813
 20
15.53
 10
73.5
 20
18.973
 10
73.635
 20
19.176
 97
0
 92
2
 72
0
 73
1
 93
12
 10
73.926
 20
18.818
 10
73.811
 20
18.73
 10
73.048
 20
17.063
 10
73.251
 20
16.928
 10
73.521
 20
16.928
 10
74.466
 20
16.455
 10
74.803
 20
16.388
 10
74.959
 20
16.503
 10
75.593
 20
17.826
 10
75.796
 20
18.055
 10
75.681
 20
18.21
 10
74.331
 20
18.75
 97
0
 92
2
 72
0
 73
1
 93
12
 10
74.081
 20
18.325
 10
74.419
 20
18.298
 10
74.621
 20
18.163
 10
74.689
 20
17.961
 10
74.783
 20
17.893
 10
74.601
 20
17.94
 10
74.216
 20
17.583
 10
73.926
 20
17.535
 10
73.791
 20
17.4
 10
73.723
 20
17.468
 10
73.858
 20
17.738
 10
73.791
 20
17.873
 97
0
 92
2
 72
0
 73
1
 93
17
 10
76.491
 20
17.805
 10
76.288
 20
17.603
 10
76.288
 20
17.468
 10
75.613
 20
15.983
 10
75.681
 20
15.915
 10
75.883
 20
15.915
 10
76.558
 20
15.713
 10
77.166
 20
15.375
 10
77.436
 20
15.308
 10
77.638
 20
15.51
 10
77.841
 20
16.118
 10
77.821
 20
16.408
 10
77.956
 20
16.408
 10
77.996
 20
16.773
 10
78.199
 20
16.84
 10
78.313
 20
17.063
 10
77.368
 20
17.535
 97
0
 92
2
 72
0
 73
1
 93
21
 10
72.711
 20
16.32
 10
72.508
 20
16.118
 10
72.103
 20
15.173
 10
72.103
 20
14.97
 10
72.191
 20
14.855
 10
72.285
 20
14.882
 10
72.846
 20
14.633
 10
73.028
 20
14.653
 10
73.116
 20
14.835
 10
73.183
 20
14.768
 10
73.23
 20
14.477
 10
73.365
 20
14.342
 10
73.521
 20
14.295
 10
73.703
 20
14.45
 10
73.743
 20
14.747
 10
73.946
 20
14.882
 10
74.013
 20
15.085
 10
74.311
 20
15.193
 10
74.581
 20
15.49
 10
74.486
 20
15.598
 10
74.128
 20
15.78
 97
0
 92
2
 72
0
 73
1
 93
25
 10
71.678
 20
15.287
 10
71.475
 20
15.193
 10
70.8
 20
14.518
 10
70.706
 20
14.315
 10
71.34
 20
14.072
 10
71.475
 20
13.802
 10
71.631
 20
13.688
 10
72.171
 20
13.688
 10
72.508
 20
13.62
 10
72.866
 20
13.438
 10
73.048
 20
13.08
 10
73.251
 20
12.203
 10
73.5
 20
11.71
 10
73.791
 20
11.663
 10
74.331
 20
11.798
 10
75.208
 20
11.798
 10
75.546
 20
11.663
 10
75.701
 20
11.777
 10
75.998
 20
12.223
 10
75.816
 20
12.338
 10
74.263
 20
12.27
 10
74.04
 20
12.385
 10
73.203
 20
13.978
 10
72.083
 20
14.612
 10
71.88
 20
14.815
 97
0
 92
2
 72
0
 73
1
 93
34
 10
75.343
 20
15.105
 10
75.188
 20
14.99
 10
75.073
 20
14.768
 10
74.486
 20
13.37
 10
74.871
 20
13.148
 10
76.221
 20
12.608
 10
76.356
 20
12.81
 10
76.356
 20
13.013
 10
76.491
 20
13.35
 10
76.444
 20
13.64
 10
76.221
 20
13.823
 10
76.268
 20
14.005
 10
76.039
 20
14.005
 10
75.951
 20
13.823
 10
75.816
 20
14.025
 10
75.728
 20
13.775
 10
75.411
 20
13.755
 10
75.276
 20
13.823
 10
75.188
 20
13.64
 10
75.073
 20
13.62
 10
74.938
 20
13.755
 10
75.094
 20
14.275
 10
75.478
 20
14.7
 10
75.883
 20
14.565
 10
76.086
 20
14.43
 10
76.268
 20
14.41
 10
76.309
 20
14.18
 10
76.491
 20
14.228
 10
76.626
 20
14.093
 10
76.984
 20
14.14
 10
77.098
 20
14.363
 10
76.761
 20
14.565
 10
76.558
 20
14.565
 10
76.356
 20
14.7
 97
0
 92
2
 72
0
 73
1
 93
8
 10
81.756
 20
14.565
 10
81.668
 20
14.518
 10
81.486
 20
14.093
 10
81.736
 20
13.87
 10
81.891
 20
13.823
 10
82.026
 20
14.025
 10
82.094
 20
14.295
 10
81.979
 20
14.45
 97
0
 92
2
 72
0
 73
1
 93
45
 10
79.934
 20
14.093
 10
79.799
 20
14.025
 10
79.461
 20
14.025
 10
78.786
 20
13.823
 10
77.213
 20
12.898
 10
76.471
 20
12.223
 10
75.796
 20
11.278
 10
75.208
 20
10.042
 10
75.208
 20
9.84
 10
75.073
 20
9.502
 10
75.073
 20
9.232
 10
74.938
 20
8.76
 10
75.006
 20
6.802
 10
75.188
 20
6.377
 10
75.566
 20
6.283
 10
76.423
 20
6.33
 10
76.963
 20
6.465
 10
77.638
 20
6.465
 10
77.908
 20
6.6
 10
78.111
 20
6.6
 10
78.313
 20
6.735
 10
78.448
 20
6.735
 10
78.806
 20
6.985
 10
78.874
 20
7.12
 10
79.076
 20
7.187
 10
79.171
 20
7.363
 10
79.616
 20
7.592
 10
79.981
 20
7.903
 10
80.116
 20
7.93
 10
80.001
 20
7.747
 10
80.089
 20
7.727
 10
80.696
 20
8.335
 10
81.034
 20
8.807
 10
81.216
 20
9.435
 10
81.641
 20
10.022
 10
81.756
 20
10.312
 10
81.824
 20
10.785
 10
82.094
 20
11.663
 10
82.094
 20
12.473
 10
81.911
 20
13.033
 10
81.709
 20
13.438
 10
81.506
 20
13.64
 10
81.236
 20
13.843
 10
80.609
 20
14.093
 10
80.048
 20
14.045
 97
0
 92
2
 72
0
 73
1
 93
10
 10
79.076
 20
13.195
 10
79.238
 20
13.168
 10
78.064
 20
12.385
 10
77.996
 20
12.25
 10
77.254
 20
11.548
 10
77.233
 20
11.663
 10
77.483
 20
12.02
 10
77.888
 20
12.29
 10
78.361
 20
12.763
 10
79.036
 20
13.1
 97
0
 92
2
 72
0
 73
1
 93
5
 10
80.291
 20
11.71
 10
80.339
 20
11.663
 10
80.156
 20
11.372
 10
79.954
 20
11.21
 10
79.981
 20
11.345
 97
0
 92
2
 72
0
 73
1
 93
10
 10
81.574
 20
11.71
 10
81.689
 20
11.663
 10
81.554
 20
11.325
 10
81.554
 20
11.055
 10
81.236
 20
10.292
 10
80.588
 20
9.388
 10
80.224
 20
9.05
 10
80.251
 20
9.253
 10
80.629
 20
9.752
 10
80.966
 20
10.36
 97
0
 92
2
 72
0
 73
1
 93
5
 10
76.309
 20
10.292
 10
75.701
 20
8.983
 10
75.681
 20
9.097
 10
75.816
 20
9.502
 10
76.066
 20
9.995
 97
0
 92
2
 72
0
 73
1
 93
15
 10
78.131
 20
9.145
 10
78.178
 20
9.097
 10
78.131
 20
9.01
 10
77.929
 20
8.74
 10
77.551
 20
8.443
 10
77.456
 20
8.267
 10
77.281
 20
8.173
 10
76.849
 20
7.727
 10
76.376
 20
7.498
 10
76.471
 20
7.7
 10
76.673
 20
7.903
 10
76.849
 20
7.997
 10
77.281
 20
8.443
 10
77.456
 20
8.537
 10
77.888
 20
8.983
 97
0
 92
2
 72
0
 73
1
 93
11
 10
79.684
 20
8.537
 10
79.731
 20
8.49
 10
79.684
 20
8.402
 10
79.481
 20
8.132
 10
78.739
 20
7.457
 10
77.571
 20
6.87
 10
76.896
 20
6.667
 10
76.781
 20
6.688
 10
76.781
 20
6.782
 10
77.078
 20
6.958
 10
78.266
 20
7.525
 97
0
 75
0
 76
1
 98
0
  0
LWPOLYLINE
  5
55
330
17
100
AcDbEntity
  8
CUT
100
AcDbPolyline
 90
52
 70
1
 10
88.605
 20
19.134
 10
88.62
 20
19.472
 10
88.664
 20
19.786
 10
88.74
 20
20.073
 10
88.847
 20
20.334
 10
88.987
 20
20.567
 10
89.159
 20
20.769
 10
89.361
 20
20.941
 10
89.594
 20
21.08
 10
89.854
 20
21.188
 10
90.142
 20
21.263
 10
90.456
 20
21.308
 10
90.794
 20
21.323
 10
103.876
 20
21.323
 10
104.214
 20
21.308
 10
104.528
 20
21.263
 10
104.816
 20
21.188
 10
105.077
 20
21.08
 10
105.309
 20
20.941
 10
105.512
 20
20.769
 10
105.683
 20
20.567
 10
105.823
 20
20.334
 10
105.93
 20
20.073
 10
106.006
 20
19.786
 10
106.051
 20
19.472
 10
106.066
 20
19.134
 10
106.066
 20
6.052
 10
106.051
 20
5.714
 10
106.006
 20
5.399
 10
105.93
 20
5.112
 10
105.823
 20
4.851
 10
105.683
 20
4.619
 10
105.512
 20
4.416
 10
105.309
 20
4.244
 10
105.077
 20
4.105
 10
104.816
 20
3.998
 10
104.528
 20
3.922
 10
104.214
 20
3.877
 10
103.876
 20
3.862
 10
90.794
 20
3.862
 10
90.456
 20
3.877
 10
90.142
 20
3.922
 10
89.854
 20
3.998
 10
89.594
 20
4.105
 10
89.361
 20
4.244
 10
89.159
 20
4.416
 10
88.987
 20
4.619
 10
88.847
 20
4.851
 10
88.74
 20
5.112
 10
88.664
 20
5.399
 10
88.62
 20
5.714
 10
88.605
 20
6.052
  0
HATCH
  5
56
330
17
100
AcDbEntity
  8
RASTER
 62
7
100
AcDbHatch
 10
0.0
 20
0.0
 30
0.0
210
0.0
220
0.0
230
1.0
  2
SOLID
 70
1
 71
0
 91
15
 92
3
 72
0
 73
1
 93
99
 10
94.997
 20
19.27
 10
95.246
 20
19.29
 10
95.921
 20
19.02
 10
99.567
 20
17.468
 10
100.262
 20
17.083
 10
100.444
 20
16.658
 10
99.182
 20
13.775
 10
99.702
 20
14.025
 10
100.849
 20
14.363
 10
101.727
 20
14.43
 10
102.267
 20
14.295
 10
102.422
 20
14.41
 10
102.584
 20
14.788
 10
102.739
 20
14.903
 10
103.144
 20
14.903
 10
103.502
 20
14.72
 10
103.617
 20
14.498
 10
103.617
 20
14.093
 10
103.549
 20
13.89
 10
103.367
 20
13.532
 10
103.232
 20
13.397
 10
103.549
 20
12.743
 10
103.617
 20
12.405
 10
103.617
 20
11.663
 10
103.549
 20
11.528
 10
103.482
 20
10.853
 10
103.077
 20
9.502
 10
102.759
 20
8.875
 10
102.084
 20
7.93
 10
101.342
 20
7.187
 10
100.734
 20
6.782
 10
99.972
 20
6.397
 10
99.297
 20
6.195
 10
98.622
 20
6.127
 10
98.487
 20
6.06
 10
98.081
 20
6.06
 10
97.406
 20
5.925
 10
96.461
 20
5.925
 10
96.104
 20
6.107
 10
95.854
 20
6.532
 10
95.854
 20
7.612
 10
95.807
 20
7.7
 10
93.896
 20
8.49
 10
91.959
 20
9.388
 10
92.074
 20
9.435
 10
92.276
 20
9.367
 10
95.584
 20
7.95
 10
95.834
 20
7.97
 10
95.921
 20
8.152
 10
95.989
 20
8.355
 10
95.921
 20
8.625
 10
95.921
 20
9.165
 10
96.056
 20
9.637
 10
96.056
 20
9.907
 10
96.326
 20
10.718
 10
96.664
 20
11.325
 10
96.664
 20
11.46
 10
96.617
 20
11.548
 10
96.326
 20
11.663
 10
95.651
 20
11.663
 10
95.516
 20
11.595
 10
95.246
 20
11.595
 10
94.774
 20
11.393
 10
94.619
 20
11.44
 10
94.166
 20
12.473
 10
94.011
 20
13.06
 10
93.849
 20
13.303
 10
93.626
 20
13.418
 10
93.019
 20
13.553
 10
92.681
 20
13.553
 10
92.411
 20
13.755
 10
92.121
 20
13.708
 10
91.689
 20
12.857
 10
91.446
 20
12.493
 10
91.196
 20
11.865
 10
90.926
 20
11.393
 10
90.791
 20
11.055
 10
90.791
 20
10.853
 10
90.656
 20
10.582
 10
90.656
 20
10.38
 10
90.771
 20
10.157
 10
90.973
 20
9.955
 10
91.918
 20
9.455
 10
91.669
 20
9.502
 10
90.906
 20
9.887
 10
90.703
 20
10.09
 10
90.589
 20
10.312
 10
90.589
 20
10.718
 10
90.791
 20
11.325
 10
92.074
 20
13.89
 10
91.648
 20
14.072
 10
91.601
 20
14.43
 10
91.891
 20
14.815
 10
92.026
 20
14.882
 10
92.458
 20
15.328
 10
92.836
 20
15.558
 10
92.998
 20
15.53
 10
94.686
 20
18.973
 10
94.821
 20
19.176
 97
0
 92
2
 72
0
 73
1
 93
12
 10
95.111
 20
18.818
 10
94.997
 20
18.73
 10
94.234
 20
17.063
 10
94.436
 20
16.928
 10
94.706
 20
16.928
 10
95.651
 20
16.455
 10
95.989
 20
16.388
 10
96.144
 20
16.503
 10
96.779
 20
17.826
 10
96.981
 20
18.055
 10
96.866
 20
18.21
 10
95.516
 20
18.75
 97
0
 92
2
 72
0
 73
1
 93
12
 10
95.267
 20
18.325
 10
95.604
 20
18.298
 10
95.807
 20
18.163
 10
95.874
 20
17.961
 10
95.969
 20
17.893
 10
95.786
 20
17.94
 10
95.402
 20
17.583
 10
95.111
 20
17.535
 10
94.976
 20
17.4
 10
94.909
 20
17.468
 10
95.044
 20
17.738
 10
94.976
 20
17.873
 97
0
 92
2
 72
0
 73
1
 93
17
 10
97.676
 20
17.805
 10
97.474
 20
17.603
 10
97.474
 20
17.468
 10
96.799
 20
15.983
 10
96.866
 20
15.915
 10
97.069
 20
15.915
 10
97.744
 20
15.713
 10
98.352
 20
15.375
 10
98.622
 20
15.308
 10
98.824
 20
15.51
 10
99.027
 20
16.118
 10
99.006
 20
16.408
 10
99.141
 20
16.408
 10
99.182
 20
16.773
 10
99.384
 20
16.84
 10
99.499
 20
17.063
 10
98.554
 20
17.535
 97
0
 92
2
 72
0
 73
1
 93
21
 10
93.896
 20
16.32
 10
93.694
 20
16.118
 10
93.289
 20
15.173
 10
93.289
 20
14.97
 10
93.376
 20
14.855
 10
93.471
 20
14.882
 10
94.031
 20
14.633
 10
94.214
 20
14.653
 10
94.301
 20
14.835
 10
94.369
 20
14.768
 10
94.416
 20
14.477
 10
94.551
 20
14.342
 10
94.706
 20
14.295
 10
94.889
 20
14.45
 10
94.929
 20
14.747
 10
95.132
 20
14.882
 10
95.199
 20
15.085
 10
95.496
 20
15.193
 10
95.766
 20
15.49
 10
95.672
 20
15.598
 10
95.314
 20
15.78
 97
0
 92
2
 72
0
 73
1
 93
25
 10
92.863
 20
15.287
 10
92.661
 20
15.193
 10
91.986
 20
14.518
 10
91.891
 20
14.315
 10
92.526
 20
14.072
 10
92.661
 20
13.802
 10
92.816
 20
13.688
 10
93.356
 20
13.688
 10
93.694
 20
13.62
 10
94.052
 20
13.438
 10
94.234
 20
13.08
 10
94.436
 20
12.203
 10
94.686
 20
11.71
 10
94.976
 20
11.663
 10
95.516
 20
11.798
 10
96.394
 20
11.798
 10
96.731
 20
11.663
 10
96.887
 20
11.777
 10
97.184
 20
12.223
 10
97.001
 20
12.338
 10
95.449
 20
12.27
 10
95.226
 20
12.385
 10
94.389
 20
13.978
 10
93.268
 20
14.612
 10
93.066
 20
14.815
 97
0
 92
2
 72
0
 73
1
 93
34
 10
96.529
 20
15.105
 10
96.374
 20
14.99
 10
96.259
 20
14.768
 10
95.672
 20
13.37
 10
96.056
 20
13.148
 10
97.406
 20
12.608
 10
97.541
 20
12.81
 10
97.541
 20
13.013
 10
97.676
 20
13.35
 10
97.629
 20
13.64
 10
97.406
 20
13.823
 10
97.454
 20
14.005
 10
97.224
 20
14.005
 10
97.136
 20
13.823
 10
97.001
 20
14.025
 10
96.914
 20
13.775
 10
96.596
 20
13.755
 10
96.461
 20
13.823
 10
96.374
 20
13.64
 10
96.259
 20
13.62
 10
96.124
 20
13.755
 10
96.279
 20
14.275
 10
96.664
 20
14.7
 10
97.069
 20
14.565
 10
97.271
 20
14.43
 10
97.454
 20
14.41
 10
97.494
 20
14.18
 10
97.676
 20
14.228
 10
97.811
 20
14.093
 10
98.169
 20
14.14
 10
98.284
 20
14.363
 10
97.946
 20
14.565
 10
97.744
 20
14.565
 10
97.541
 20
14.7
 97
0
 92
2
 72
0
 73
1
 93
8
 10
102.942
 20
14.565
 10
102.854
 20
14.518
 10
102.672
 20
14.093
 10
102.921
 20
13.87
 10
103.077
 20
13.823
 10
103.212
 20
14.025
 10
103.279
 20
14.295
 10
103.164
 20
14.45
 97
0
 92
2
 72
0
 73
1
 93
45
 10
101.119
 20
14.093
 10
100.984
 20
14.025
 10
100.647
 20
14.025
 10
99.972
 20
13.823
 10
98.399
 20
12.898
 10
97.656
 20
12.223
 10
96.981
 20
11.278
 10
96.394
 20
10.042
 10
96.394
 20
9.84
 10
96.259
 20
9.502
 10
96.259
 20
9.232
 10
96.124
 20
8.76
 10
96.191
 20
6.802
 10
96.374
 20
6.377
 10
96.752
 20
6.283
 10
97.609
 20
6.33
 10
98.149
 20
6.465
 10
98.824
 20
6.465
 10
99.094
 20
6.6
 10
99.297
 20
6.6
 10
99.499
 20
6.735
 10
99.634
 20
6.735
 10
99.992
 20
6.985
 10
100.059
 20
7.12
 10
100.262
 20
7.187
 10
100.356
 20
7.363
 10
100.802
 20
7.592
 10
101.166
 20
7.903
 10
101.301
 20
7.93
 10
101.187
 20
7.747
 10
101.274
 20
7.727
 10
101.882
 20
8.335
 10
102.219
 20
8.807
 10
102.402
 20
9.435
 10
102.827
 20
10.022
 10
102.942
 20
10.312
 10
103.009
 20
10.785
 10
103.279
 20
11.663
 10
103.279
 20
12.473
 10
103.097
 20
13.033
 10
102.894
 20
13.438
 10
102.692
 20
13.64
 10
102.422
 20
13.843
 10
101.794
 20
14.093
 10
101.234
 20
14.045
 97
0
 92
2
 72
0
 73
1
 93
10
 10
100.262
 20
13.195
 10
100.424
 20
13.168
 10
99.249
 20
12.385
 10
99.182
 20
12.25
 10
98.439
 20
11.548
 10
98.419
 20
11.663
 10
98.669
 20
12.02
 10
99.074
 20
12.29
 10
99.546
 20
12.763
 10
100.221
 20
13.1
 97
0
 92
2
 72
0
 73
1
 93
5
 10
101.477
 20
11.71
 10
101.524
 20
11.663
 10
101.342
 20
11.372
 10
101.139
 20
11.21
 10
101.166
 20
11.345
 97
0
 92
2
 72
0
 73
1
 93
10
 10
102.759
 20
11.71
 10
102.874
 20
11.663
 10
102.739
 20
11.325
 10
102.739
 20
11.055
 10
102.422
 20
10.292
 10
101.774
 20
9.388
 10
101.409
 20
9.05
 10
101.436
 20
9.253
 10
101.814
 20
9.752
 10
102.152
 20
10.36
 97
0
 92
2
 72
0
 73
1
 93
5
 10
97.494
 20
10.292
 10
96.887
 20
8.983
 10
96.866
 20
9.097
 10
97.001
 20
9.502
 10
97.251
 20
9.995
 97
0
 92
2
 72
0
 73
1
 93
15
 10
99.317
 20
9.145
 10
99.364
 20
9.097
 10
99.317
 20
9.01
 10
99.114
 20
8.74
 10
98.736
 20
8.443
 10
98.642
 20
8.267
 10
98.466
 20
8.173
 10
98.034
 20
7.727
 10
97.562
 20
7.498
 10
97.656
 20
7.7
 10
97.859
 20
7.903
 10
98.034
 20
7.997
 10
98.466
 20
8.443
 10
98.642
 20
8.537
 10
99.074
 20
8.983
 97
0
 92
2
 72
0
 73
1
 93
11
 10
100.869
 20
8.537
 10
100.917
 20
8.49
 10
100.869
 20
8.402
 10
100.667
 20
8.132
 10
99.924
 20
7.457
 10
98.757
 20
6.87
 10
98.081
 20
6.667
 10
97.967
 20
6.688
 10
97.967
 20
6.782
 10
98.264
 20
6.958
 10
99.452
 20
7.525
 97
0
 75
0
 76
1
 98
0
  0
LWPOLYLINE
  5
57
330
17
100
AcDbEntity
  8
CUT
100
AcDbPolyline
 90
52
 70
1
 10
109.791
 20
19.134
 10
109.805
 20
19.472
 10
109.85
 20
19.786
 10
109.926
 20
20.073
 10
110.033
 20
20.334
 10
110.173
 20
20.567
 10
110.344
 20
20.769
 10
110.547
 20
20.941
 10
110.779
 20
21.08
 10
111.04
 20
21.188
 10
111.328
 20
21.263
 10
111.642
 20
21.308
 10
111.98
 20
21.323
 10
125.062
 20
21.323
 10
125.4
 20
21.308
 10
125.714
 20
21.263
 10
126.002
 20
21.188
 10
126.262
 20
21.08
 10
126.495
 20
20.941
 10
126.697
 20
20.769
 10
126.869
 20
20.567
 10
127.009
 20
20.334
 10
127.116
 20
20.073
 10
127.192
 20
19.786
 10
127.236
 20
19.472
 10
127.251
 20
19.134
 10
127.251
 20
6.052
 10
127.236
 20
5.714
 10
127.192
 20
5.399
 10
127.116
 20
5.112
 10
127.009
 20
4.851
 10
126.869
 20
4.619
 10
126.697
 20
4.416
 10
126.495
 20
4.244
 10
126.262
 20
4.105
 10
126.002
 20
3.998
 10
125.714
 20
3.922
 10
125.4
 20
3.877
 10
125.062
 20
3.862
 10
111.98
 20
3.862
 10
111.642
 20
3.877
 10
111.328
 20
3.922
 10
111.04
 20
3.998
 10
110.779
 20
4.105
 10
110.547
 20
4.244
 10
110.344
 20
4.416
 10
110.173
 20
4.619
 10
110.033
 20
4.851
 10
109.926
 20
5.112
 10
109.85
 20
5.399
 10
109.805
 20
5.714
 10
109.791
 20
6.052
  0
HATCH
  5
58
330
17
100
AcDbEntity
  8
RASTER
 62
7
100
AcDbHatch
 10
0.0
 20
0.0
 30
0.0
210
0.0
220
0.0
230
1.0
  2
SOLID
 70
1
 71
0
 91
15
 92
3
 72
0
 73
1
 93
99
 10
116.182
 20
19.27
 10
116.432
 20
19.29
 10
117.107
 20
19.02
 10
120.752
 20
17.468
 10
121.447
 20
17.083
 10
121.63
 20
16.658
 10
120.367
 20
13.775
 10
120.887
 20
14.025
 10
122.035
 20
14.363
 10
122.912
 20
14.43
 10
123.452
 20
14.295
 10
123.608
 20
14.41
 10
123.77
 20
14.788
 10
123.925
 20
14.903
 10
124.33
 20
14.903
 10
124.688
 20
14.72
 10
124.802
 20
14.498
 10
124.802
 20
14.093
 10
124.735
 20
13.89
 10
124.553
 20
13.532
 10
124.418
 20
13.397
 10
124.735
 20
12.743
 10
124.802
 20
12.405
 10
124.802
 20
11.663
 10
124.735
 20
11.528
 10
124.667
 20
10.853
 10
124.262
 20
9.502
 10
123.945
 20
8.875
 10
123.27
 20
7.93
 10
122.528
 20
7.187
 10
121.92
 20
6.782
 10
121.157
 20
6.397
 10
120.482
 20
6.195
 10
119.807
 20
6.127
 10
119.672
 20
6.06
 10
119.267
 20
6.06
 10
118.592
 20
5.925
 10
117.647
 20
5.925
 10
117.289
 20
6.107
 10
117.039
 20
6.532
 10
117.039
 20
7.612
 10
116.992
 20
7.7
 10
115.082
 20
8.49
 10
113.145
 20
9.388
 10
113.259
 20
9.435
 10
113.462
 20
9.367
 10
116.769
 20
7.95
 10
117.019
 20
7.97
 10
117.107
 20
8.152
 10
117.174
 20
8.355
 10
117.107
 20
8.625
 10
117.107
 20
9.165
 10
117.242
 20
9.637
 10
117.242
 20
9.907
 10
117.512
 20
10.718
 10
117.85
 20
11.325
 10
117.85
 20
11.46
 10
117.802
 20
11.548
 10
117.512
 20
11.663
 10
116.837
 20
11.663
 10
116.702
 20
11.595
 10
116.432
 20
11.595
 10
115.959
 20
11.393
 10
115.804
 20
11.44
 10
115.352
 20
12.473
 10
115.197
 20
13.06
 10
115.035
 20
13.303
 10
114.812
 20
13.418
 10
114.204
 20
13.553
 10
113.867
 20
13.553
 10
113.597
 20
13.755
 10
113.307
 20
13.708
 10
112.875
 20
12.857
 10
112.632
 20
12.493
 10
112.382
 20
11.865
 10
112.112
 20
11.393
 10
111.977
 20
11.055
 10
111.977
 20
10.853
 10
111.842
 20
10.582
 10
111.842
 20
10.38
 10
111.956
 20
10.157
 10
112.159
 20
9.955
 10
113.104
 20
9.455
 10
112.854
 20
9.502
 10
112.091
 20
9.887
 10
111.889
 20
10.09
 10
111.774
 20
10.312
 10
111.774
 20
10.718
 10
111.977
 20
11.325
 10
113.259
 20
13.89
 10
112.834
 20
14.072
 10
112.787
 20
14.43
 10
113.077
 20
14.815
 10
113.212
 20
14.882
 10
113.644
 20
15.328
 10
114.022
 20
15.558
 10
114.184
 20
15.53
 10
115.872
 20
18.973
 10
116.007
 20
19.176
 97
0
 92
2
 72
0
 73
1
 93
12
 10
116.297
 20
18.818
 10
116.182
 20
18.73
 10
115.419
 20
17.063
 10
115.622
 20
16.928
 10
115.892
 20
16.928
 10
116.837
 20
16.455
 10
117.174
 20
16.388
 10
117.33
 20
16.503
 10
117.964
 20
17.826
 10
118.167
 20
18.055
 10
118.052
 20
18.21
 10
116.702
 20
18.75
 97
0
 92
2
 72
0
 73
1
 93
12
 10
116.452
 20
18.325
 10
116.79
 20
18.298
 10
116.992
 20
18.163
 10
117.06
 20
17.961
 10
117.154
 20
17.893
 10
116.972
 20
17.94
 10
116.587
 20
17.583
 10
116.297
 20
17.535
 10
116.162
 20
17.4
 10
116.094
 20
17.468
 10
116.229
 20
17.738
 10
116.162
 20
17.873
 97
0
 92
2
 72
0
 73
1
 93
17
 10
118.862
 20
17.805
 10
118.66
 20
17.603
 10
118.66
 20
17.468
 10
117.985
 20
15.983
 10
118.052
 20
15.915
 10
118.255
 20
15.915
 10
118.93
 20
15.713
 10
119.537
 20
15.375
 10
119.807
 20
15.308
 10
120.01
 20
15.51
 10
120.212
 20
16.118
 10
120.192
 20
16.408
 10
120.327
 20
16.408
 10
120.367
 20
16.773
 10
120.57
 20
16.84
 10
120.685
 20
17.063
 10
119.74
 20
17.535
 97
0
 92
2
 72
0
 73
1
 93
21
 10
115.082
 20
16.32
 10
114.879
 20
16.118
 10
114.474
 20
15.173
 10
114.474
 20
14.97
 10
114.562
 20
14.855
 10
114.657
 20
14.882
 10
115.217
 20
14.633
 10
115.399
 20
14.653
 10
115.487
 20
14.835
 10
115.554
 20
14.768
 10
115.602
 20
14.477
 10
115.737
 20
14.342
 10
115.892
 20
14.295
 10
116.074
 20
14.45
 10
116.115
 20
14.747
 10
116.317
 20
14.882
 10
116.385
 20
15.085
 10
116.682
 20
15.193
 10
116.952
 20
15.49
 10
116.857
 20
15.598
 10
116.499
 20
15.78
 97
0
 92
2
 72
0
 73
1
 93
25
 10
114.049
 20
15.287
 10
113.847
 20
15.193
 10
113.172
 20
14.518
 10
113.077
 20
14.315
 10
113.712
 20
14.072
 10
113.847
 20
13.802
 10
114.002
 20
13.688
 10
114.542
 20
13.688
 10
114.879
 20
13.62
 10
115.237
 20
13.438
 10
115.419
 20
13.08
 10
115.622
 20
12.203
 10
115.872
 20
11.71
 10
116.162
 20
11.663
 10
116.702
 20
11.798
 10
117.58
 20
11.798
 10
117.917
 20
11.663
 10
118.072
 20
11.777
 10
118.369
 20
12.223
 10
118.187
 20
12.338
 10
116.634
 20
12.27
 10
116.412
 20
12.385
 10
115.575
 20
13.978
 10
114.454
 20
14.612
 10
114.252
 20
14.815
 97
0
 92
2
 72
0
 73
1
 93
34
 10
117.715
 20
15.105
 10
117.559
 20
14.99
 10
117.444
 20
14.768
 10
116.857
 20
13.37
 10
117.242
 20
13.148
 10
118.592
 20
12.608
 10
118.727
 20
12.81
 10
118.727
 20
13.013
 10
118.862
 20
13.35
 10
118.815
 20
13.64
 10
118.592
 20
13.823
 10
118.639
 20
14.005
 10
118.41
 20
14.005
 10
118.322
 20
13.823
 10
118.187
 20
14.025
 10
118.099
 20
13.775
 10
117.782
 20
13.755
 10
117.647
 20
13.823
 10
117.559
 20
13.64
 10
117.444
 20
13.62
 10
117.309
 20
13.755
 10
117.465
 20
14.275
 10
117.85
 20
14.7
 10
118.255
 20
14.565
 10
118.457
 20
14.43
 10
118.639
 20
14.41
 10
118.68
 20
14.18
 10
118.862
 20
14.228
 10
118.997
 20
14.093
 10
119.355
 20
14.14
 10
119.47
 20
14.363
 10
119.132
 20
14.565
 10
118.93
 20
14.565
 10
118.727
 20
14.7
 97
0
 92
2
 72
0
 73
1
 93
8
 10
124.127
 20
14.565
 10
124.04
 20
14.518
 10
123.857
 20
14.093
 10
124.107
 20
13.87
 10
124.262
 20
13.823
 10
124.397
 20
14.025
 10
124.465
 20
14.295
 10
124.35
 20
14.45
 97
0
 92
2
 72
0
 73
1
 93
45
 10
122.305
 20
14.093
 10
122.17
 20
14.025
 10
121.832
 20
14.025
 10
121.157
 20
13.823
 10
119.584
 20
12.898
 10
118.842
 20
12.223
 10
118.167
 20
11.278
 10
117.58
 20
10.042
 10
117.58
 20
9.84
 10
117.444
 20
9.502
 10
117.444
 20
9.232
 10
117.309
 20
8.76
 10
117.377
 20
6.802
 10
117.559
 20
6.377
 10
117.937
 20
6.283
 10
118.795
 20
6.33
 10
119.335
 20
6.465
 10
120.01
 20
6.465
 10
120.28
 20
6.6
 10
120.482
 20
6.6
 10
120.685
 20
6.735
 10
120.82
 20
6.735
 10
121.177
 20
6.985
 10
121.245
 20
7.12
 10
121.447
 20
7.187
 10
121.542
 20
7.363
 10
121.987
 20
7.592
 10
122.352
 20
7.903
 10
122.487
 20
7.93
 10
122.372
 20
7.747
 10
122.46
 20
7.727
 10
123.068
 20
8.335
 10
123.405
 20
8.807
 10
123.587
 20
9.435
 10
124.013
 20
10.022
 10
124.127
 20
10.312
 10
124.195
 20
10.785
 10
124.465
 20
11.663
 10
124.465
 20
12.473
 10
124.283
 20
13.033
 10
124.08
 20
13.438
 10
123.878
 20
13.64
 10
123.608
 20
13.843
 10
122.98
 20
14.093
 10
122.419
 20
14.045
 97
0
 92
2
 72
0
 73
1
 93
10
 10
121.447
 20
13.195
 10
121.609
 20
13.168
 10
120.435
 20
12.385
 10
120.367
 20
12.25
 10
119.625
 20
11.548
 10
119.605
 20
11.663
 10
119.854
 20
12.02
 10
120.259
 20
12.29
 10
120.732
 20
12.763
 10
121.407
 20
13.1
 97
0
 92
2
 72
0
 73
1
 93
5
 10
122.663
 20
11.71
 10
122.71
 20
11.663
 10
122.528
 20
11.372
 10
122.325
 20
11.21
 10
122.352
 20
11.345
 97
0
 92
2
 72
0
 73
1
 93
10
 10
123.945
 20
11.71
 10
124.06
 20
11.663
 10
123.925
 20
11.325
 10
123.925
 20
11.055
 10
123.608
 20
10.292
 10
122.96
 20
9.388
 10
122.595
 20
9.05
 10
122.622
 20
9.253
 10
123.0
 20
9.752
 10
123.338
 20
10.36
 97
0
 92
2
 72
0
 73
1
 93
5
 10
118.68
 20
10.292
 10
118.072
 20
8.983
 10
118.052
 20
9.097
 10
118.187
 20
9.502
 10
118.437
 20
9.995
 97
0
 92
2
 72
0
 73
1
 93
15
 10
120.502
 20
9.145
 10
120.55
 20
9.097
 10
120.502
 20
9.01
 10
120.3
 20
8.74
 10
119.922
 20
8.443
 10
119.827
 20
8.267
 10
119.652
 20
8.173
 10
119.22
 20
7.727
 10
118.747
 20
7.498
 10
118.842
 20
7.7
 10
119.044
 20
7.903
 10
119.22
 20
7.997
 10
119.652
 20
8.443
 10
119.827
 20
8.537
 10
120.259
 20
8.983
 97
0
 92
2
 72
0
 73
1
 93
11
 10
122.055
 20
8.537
 10
122.102
 20
8.49
 10
122.055
 20
8.402
 10
121.852
 20
8.132
 10
121.11
 20
7.457
 10
119.942
 20
6.87
 10
119.267
 20
6.667
 10
119.152
 20
6.688
 10
119.152
 20
6.782
 10
119.449
 20
6.958
 10
120.637
 20
7.525
 97
0
 75
0
 76
1
 98
0
  0
LWPOLYLINE
  5
59
330
17
100
AcDbEntity
  8
CUT
100
AcDbPolyline
 90
52
 70
1
 10
130.976
 20
19.134
 10
130.991
 20
19.472
 10
131.036
 20
19.786
 10
131.111
 20
20.073
 10
131.219
 20
20.334
 10
131.358
 20
20.567
 10
131.53
 20
20.769
 10
131.732
 20
20.941
 10
131.965
 20
21.08
 10
132.226
 20
21.188
 10
132.513
 20
21.263
 10
132.827
 20
21.308
 10
133.165
 20
21.323
 10
146.247
 20
21.323
 10
146.585
 20
21.308
 10
146.9
 20
21.263
 10
147.187
 20
21.188
 10
147.448
 20
21.08
 10
147.68
 20
20.941
 10
147.883
 20
20.769
 10
148.055
 20
20.567
 10
148.194
 20
20.334
 10
148.301
 20
20.073
 10
148.377
 20
19.786
 10
148.422
 20
19.472
 10
148.437
 20
19.134
 10
148.437
 20
6.052
 10
148.422
 20
5.714
 10
148.377
 20
5.399
 10
148.301
 20
5.112
 10
148.194
 20
4.851
 10
148.055
 20
4.619
 10
147.883
 20
4.416
 10
147.68
 20
4.244
 10
147.448
 20
4.105
 10
147.187
 20
3.998
 10
146.9
 20
3.922
 10
146.585
 20
3.877
 10
146.247
 20
3.862
 10
133.165
 20
3.862
 10
132.827
 20
3.877
 10
132.513
 20
3.922
 10
132.226
 20
3.998
 10
131.965
 20
4.105
 10
131.732
 20
4.244
 10
131.53
 20
4.416
 10
131.358
 20
4.619
 10
131.219
 20
4.851
 10
131.111
 20
5.112
 10
131.036
 20
5.399
 10
130.991
 20
5.714
 10
130.976
 20
6.052
  0
HATCH
  5
5A
330
17
100
AcDbEntity
  8
RASTER
 62
7
100
AcDbHatch
 10
0.0
 20
0.0
 30
0.0
210
0.0
220
0.0
230
1.0
  2
SOLID
 70
1
 71
0
 91
15
 92
3
 72
0
 73
1
 93
62
 10
137.883
 20
18.924
 10
138.357
 20
18.946
 10
138.874
 20
18.684
 10
140.573
 20
16.276
 10
142.797
 20
17.763
 10
143.455
 20
18.096
 10
144.022
 20
18.096
 10
144.397
 20
17.905
 10
144.539
 20
17.763
 10
144.779
 20
17.296
 10
145.225
 20
17.246
 10
145.53
 20
17.055
 10
145.792
 20
16.538
 10
145.792
 20
15.901
 10
145.672
 20
15.596
 10
145.53
 20
15.426
 10
146.026
 20
15.214
 10
146.238
 20
15.002
 10
146.5
 20
14.343
 10
146.429
 20
13.847
 10
146.096
 20
13.26
 10
144.213
 20
11.036
 10
144.163
 20
10.52
 10
144.022
 20
10.095
 10
143.831
 20
9.79
 10
143.335
 20
9.365
 10
142.372
 20
8.983
 10
142.06
 20
8.586
 10
141.664
 20
8.204
 10
141.565
 20
8.02
 10
141.027
 20
7.496
 10
140.927
 20
7.312
 10
140.149
 20
6.533
 10
139.632
 20
6.271
 10
138.64
 20
6.271
 10
137.932
 20
6.483
 10
137.345
 20
6.816
 10
137.061
 20
7.1
 10
136.799
 20
7.546
 10
136.729
 20
7.758
 10
136.707
 20
8.586
 10
135.95
 20
8.112
 10
135.454
 20
7.97
 10
134.888
 20
8.041
 10
134.087
 20
8.374
 10
133.875
 20
8.516
 10
133.309
 20
9.153
 10
132.976
 20
9.882
 10
132.976
 20
10.236
 10
132.905
 20
10.378
 10
133.047
 20
11.157
 10
133.379
 20
11.744
 10
137.486
 20
14.364
 10
136.679
 20
15.639
 10
136.282
 20
16.163
 10
136.02
 20
16.68
 10
135.95
 20
17.175
 10
136.183
 20
17.791
 10
136.353
 20
17.976
 10
136.729
 20
18.167
 10
137.132
 20
18.188
 10
137.415
 20
18.684
 97
0
 92
2
 72
0
 73
1
 93
17
 10
138.003
 20
18.592
 10
137.628
 20
18.4
 10
137.507
 20
18.167
 10
137.557
 20
17.862
 10
138.166
 20
17.055
 10
139.186
 20
15.526
 10
140.219
 20
14.152
 10
140.814
 20
13.189
 10
141.423
 20
12.382
 10
141.947
 20
11.56
 10
142.018
 20
11.532
 10
142.301
 20
11.957
 10
142.747
 20
12.148
 10
143.151
 20
12.169
 10
141.31
 20
14.605
 10
138.732
 20
18.33
 10
138.357
 20
18.592
 97
0
 92
2
 72
0
 73
1
 93
25
 10
136.729
 20
17.813
 10
136.495
 20
17.692
 10
136.304
 20
17.317
 10
136.304
 20
16.892
 10
136.424
 20
16.659
 10
138.945
 20
12.948
 10
140.248
 20
10.824
 10
140.531
 20
11.32
 10
140.743
 20
11.532
 10
141.451
 20
11.815
 10
141.423
 20
11.886
 10
139.894
 20
13.897
 10
137.769
 20
16.942
 10
137.67
 20
16.913
 10
137.67
 20
17.013
 10
137.529
 20
16.843
 10
137.628
 20
17.083
 10
137.486
 20
16.984
 10
137.415
 20
17.013
 10
136.991
 20
17.508
 10
136.941
 20
17.6
 10
137.012
 20
17.671
 10
137.316
 20
17.48
 10
137.316
 20
17.551
 10
136.87
 20
17.813
 97
0
 92
2
 72
0
 73
1
 93
17
 10
143.738
 20
17.813
 10
143.455
 20
17.742
 10
142.868
 20
17.409
 10
140.885
 20
16.064
 10
140.835
 20
15.901
 10
141.027
 20
15.596
 10
141.239
 20
15.426
 10
141.805
 20
15.851
 10
143.009
 20
16.559
 10
143.101
 20
16.609
 10
143.222
 20
16.559
 10
143.292
 20
16.659
 10
143.384
 20
16.397
 10
144.255
 20
16.942
 10
144.425
 20
17.126
 10
144.326
 20
17.409
 10
144.185
 20
17.622
 97
0
 92
2
 72
0
 73
1
 93
26
 10
144.942
 20
16.892
 10
144.284
 20
16.559
 10
141.706
 20
14.818
 10
141.735
 20
14.605
 10
142.443
 20
13.685
 10
142.556
 20
13.685
 10
143.406
 20
14.322
 10
143.455
 20
14.414
 10
143.406
 20
14.463
 10
143.122
 20
14.223
 10
143.222
 20
14.463
 10
143.052
 20
14.364
 10
143.08
 20
14.534
 10
142.768
 20
14.506
 10
142.868
 20
14.718
 10
143.151
 20
14.931
 10
144.114
 20
15.526
 10
144.185
 20
15.497
 10
144.234
 20
15.334
 10
144.496
 20
15.384
 10
144.447
 20
15.193
 10
144.496
 20
15.143
 10
145.346
 20
15.71
 10
145.438
 20
15.901
 10
145.438
 20
16.467
 10
145.247
 20
16.843
 97
0
 92
2
 72
0
 73
1
 93
29
 10
145.367
 20
15.051
 10
143.172
 20
12.785
 10
143.434
 20
12.339
 10
144.093
 20
11.511
 10
144.326
 20
11.702
 10
144.425
 20
11.886
 10
144.751
 20
12.198
 10
144.85
 20
12.382
 10
145.579
 20
13.21
 10
145.53
 20
13.26
 10
145.459
 20
13.118
 10
144.992
 20
12.665
 10
144.822
 20
12.665
 10
144.992
 20
12.906
 10
144.751
 20
12.807
 10
144.779
 20
12.977
 10
144.609
 20
12.948
 10
144.751
 20
13.189
 10
145.318
 20
13.755
 10
145.388
 20
13.585
 10
145.459
 20
13.685
 10
145.53
 20
13.585
 10
145.771
 20
13.614
 10
145.65
 20
13.423
 10
145.742
 20
13.401
 10
146.075
 20
13.918
 10
146.146
 20
14.272
 10
145.955
 20
14.789
 10
145.65
 20
15.051
 97
0
 92
2
 72
0
 73
1
 93
11
 10
137.224
 20
13.777
 10
135.433
 20
12.665
 10
134.583
 20
12.099
 10
134.555
 20
12.028
 10
135.05
 20
11.815
 10
135.433
 20
11.419
 10
135.546
 20
11.419
 10
137.67
 20
12.977
 10
137.72
 20
13.139
 10
137.529
 20
13.515
 10
137.387
 20
13.727
 97
0
 92
2
 72
0
 73
1
 93
7
 10
142.818
 20
13.352
 10
142.747
 20
13.281
 10
142.797
 20
13.189
 10
142.96
 20
13.069
 10
143.222
 20
13.302
 10
142.981
 20
13.161
 10
142.839
 20
13.231
 97
0
 92
2
 72
0
 73
1
 93
12
 10
138.265
 20
12.339
 10
138.053
 20
12.24
 10
135.95
 20
10.732
 10
136.396
 20
10.47
 10
136.679
 20
10.116
 10
136.799
 20
9.811
 10
136.821
 20
9.266
 10
137.954
 20
10.144
 10
138.69
 20
10.824
 10
138.711
 20
11.369
 10
138.64
 20
11.723
 10
138.449
 20
12.169
 97
0
 92
2
 72
0
 73
1
 93
47
 10
142.747
 20
11.865
 10
142.514
 20
11.744
 10
142.301
 20
11.532
 10
142.252
 20
11.086
 10
142.443
 20
10.852
 10
142.747
 20
10.803
 10
142.768
 20
10.895
 10
142.535
 20
11.157
 10
142.584
 20
11.39
 10
142.889
 20
11.582
 10
143.335
 20
11.39
 10
143.526
 20
11.015
 10
143.526
 20
10.661
 10
143.406
 20
10.357
 10
143.193
 20
10.073
 10
142.676
 20
9.741
 10
142.181
 20
9.599
 10
141.685
 20
9.67
 10
141.239
 20
9.861
 10
141.027
 20
10.073
 10
140.835
 20
10.52
 10
140.956
 20
10.895
 10
141.189
 20
11.086
 10
141.565
 20
11.036
 10
141.614
 20
10.732
 10
141.473
 20
10.52
 10
141.543
 20
10.449
 10
141.706
 20
10.498
 10
141.897
 20
10.732
 10
141.848
 20
11.249
 10
141.636
 20
11.461
 10
141.331
 20
11.511
 10
140.814
 20
11.249
 10
140.552
 20
10.803
 10
140.552
 20
10.307
 10
140.743
 20
9.932
 10
140.956
 20
9.719
 10
141.685
 20
9.387
 10
142.393
 20
9.387
 10
142.676
 20
9.457
 10
143.335
 20
9.79
 10
143.547
 20
10.003
 10
143.809
 20
10.52
 10
143.809
 20
11.086
 10
143.618
 20
11.461
 10
143.335
 20
11.744
 10
143.101
 20
11.865
 97
0
 92
2
 72
0
 73
1
 93
52
 10
134.321
 20
11.794
 10
133.946
 20
11.674
 10
133.521
 20
11.39
 10
133.259
 20
10.732
 10
133.259
 20
10.165
 10
133.33
 20
9.882
 10
133.663
 20
9.224
 10
134.158
 20
8.728
 10
134.675
 20
8.466
 10
135.171
 20
8.324
 10
135.808
 20
8.395
 10
136.254
 20
8.657
 10
136.516
 20
9.174
 10
136.516
 20
9.811
 10
136.396
 20
10.116
 10
136.113
 20
10.399
 10
135.525
 20
10.449
 10
135.291
 20
10.258
 10
135.171
 20
10.024
 10
135.171
 20
9.67
 10
135.263
 20
9.479
 10
135.362
 20
9.479
 10
135.504
 20
9.903
 10
135.737
 20
10.024
 10
136.042
 20
9.833
 10
136.141
 20
9.507
 10
135.971
 20
9.011
 10
135.829
 20
8.87
 10
135.383
 20
8.679
 10
135.029
 20
8.679
 10
134.441
 20
8.941
 10
133.946
 20
9.365
 10
133.684
 20
9.811
 10
133.542
 20
10.236
 10
133.542
 20
10.52
 10
133.733
 20
11.036
 10
133.946
 20
11.249
 10
134.179
 20
11.369
 10
134.534
 20
11.369
 10
134.767
 20
11.249
 10
134.888
 20
11.015
 10
134.888
 20
10.732
 10
134.796
 20
10.541
 10
134.484
 20
10.427
 10
134.512
 20
10.286
 10
134.604
 20
10.236
 10
134.888
 20
10.236
 10
135.15
 20
10.399
 10
135.383
 20
10.874
 10
135.334
 20
11.107
 10
135.05
 20
11.532
 10
134.675
 20
11.723
 97
0
 92
2
 72
0
 73
1
 93
14
 10
138.024
 20
11.065
 10
138.123
 20
11.065
 10
138.095
 20
10.966
 10
138.237
 20
10.824
 10
138.308
 20
10.923
 10
138.407
 20
10.923
 10
138.265
 20
10.612
 10
138.145
 20
10.661
 10
137.982
 20
10.541
 10
137.812
 20
10.541
 10
137.84
 20
10.711
 10
137.699
 20
10.612
 10
137.529
 20
10.612
 10
137.699
 20
10.824
 97
0
 92
2
 72
0
 73
1
 93
13
 10
139.186
 20
10.711
 10
138.69
 20
10.328
 10
138.237
 20
9.861
 10
138.053
 20
9.762
 10
137.812
 20
9.479
 10
138.145
 20
9.387
 10
138.548
 20
9.125
 10
138.619
 20
9.266
 10
139.327
 20
9.974
 10
139.54
 20
10.003
 10
139.61
 20
9.903
 10
139.561
 20
10.236
 10
139.44
 20
10.47
 97
0
 92
2
 72
0
 73
1
 93
9
 10
139.964
 20
9.79
 10
139.299
 20
9.125
 10
140.007
 20
8.841
 10
140.361
 20
8.417
 10
140.481
 20
8.041
 10
140.602
 20
7.921
 10
140.694
 20
8.749
 10
140.552
 20
9.174
 10
140.361
 20
9.479
 97
0
 92
2
 72
0
 73
1
 93
51
 10
137.578
 20
9.174
 10
137.203
 20
8.912
 10
137.012
 20
8.537
 10
137.012
 20
7.97
 10
137.203
 20
7.524
 10
137.699
 20
7.029
 10
138.428
 20
6.696
 10
139.157
 20
6.576
 10
139.561
 20
6.625
 10
139.936
 20
6.816
 10
140.078
 20
6.958
 10
140.269
 20
7.333
 10
140.269
 20
8.041
 10
140.078
 20
8.417
 10
139.865
 20
8.629
 10
139.49
 20
8.82
 10
139.136
 20
8.82
 10
138.803
 20
8.657
 10
138.64
 20
8.324
 10
138.64
 20
8.112
 10
138.832
 20
7.808
 10
139.044
 20
7.708
 10
139.115
 20
7.808
 10
138.924
 20
8.041
 10
138.973
 20
8.275
 10
139.136
 20
8.395
 10
139.511
 20
8.346
 10
139.653
 20
8.204
 10
139.844
 20
7.758
 10
139.844
 20
7.546
 10
139.61
 20
7.142
 10
139.065
 20
6.908
 10
138.57
 20
6.908
 10
138.053
 20
7.1
 10
137.628
 20
7.383
 10
137.486
 20
7.524
 10
137.295
 20
7.9
 10
137.245
 20
8.162
 10
137.345
 20
8.558
 10
137.72
 20
8.82
 10
138.095
 20
8.7
 10
138.216
 20
8.537
 10
138.216
 20
8.324
 10
137.954
 20
8.062
 10
138.145
 20
7.97
 10
138.237
 20
8.02
 10
138.357
 20
8.254
 10
138.357
 20
8.466
 10
138.477
 20
8.799
 10
138.378
 20
8.983
 10
138.145
 20
9.174
 97
0
 75
0
 76
1
 98
0
  0
LWPOLYLINE
  5
5B
330
17
100
AcDbEntity
  8
CUT
100
AcDbPolyline
 90
52
 70
1
 10
152.162
 20
19.134
 10
152.176
 20
19.472
 10
152.221
 20
19.786
 10
152.297
 20
20.073
 10
152.404
 20
20.334
 10
152.544
 20
20.567
 10
152.715
 20
20.769
 10
152.918
 20
20.941
 10
153.151
 20
21.08
 10
153.411
 20
21.188
 10
153.699
 20
21.263
 10
154.013
 20
21.308
 10
154.351
 20
21.323
 10
167.433
 20
21.323
 10
167.771
 20
21.308
 10
168.085
 20
21.263
 10
168.373
 20
21.188
 10
168.633
 20
21.08
 10
168.866
 20
20.941
 10
169.069
 20
20.769
 10
169.24
 20
20.567
 10
169.38
 20
20.334
 10
169.487
 20
20.073
 10
169.563
 20
19.786
 10
169.608
 20
19.472
 10
169.622
 20
19.134
 10
169.622
 20
6.052
 10
169.608
 20
5.714
 10
169.563
 20
5.399
 10
169.487
 20
5.112
 10
169.38
 20
4.851
 10
169.24
 20
4.619
 10
169.069
 20
4.416
 10
168.866
 20
4.244
 10
168.633
 20
4.105
 10
168.373
 20
3.998
 10
168.085
 20
3.922
 10
167.771
 20
3.877
 10
167.433
 20
3.862
 10
154.351
 20
3.862
 10
154.013
 20
3.877
 10
153.699
 20
3.922
 10
153.411
 20
3.998
 10
153.151
 20
4.105
 10
152.918
 20
4.244
 10
152.715
 20
4.416
 10
152.544
 20
4.619
 10
152.404
 20
4.851
 10
152.297
 20
5.112
 10
152.221
 20
5.399
 10
152.176
 20
5.714
 10
152.162
 20
6.052
  0
HATCH
  5
5C
330
17
100
AcDbEntity
  8
RASTER
 62
7
100
AcDbHatch
 10
0.0
 20
0.0
 30
0.0
210
0.0
220
0.0
230
1.0
  2
SOLID
 70
1
 71
0
 91
15
 92
3
 72
0
 73
1
 93
62
 10
159.068
 20
18.924
 10
159.543
 20
18.946
 10
160.06
 20
18.684
 10
161.759
 20
16.276
 10
163.982
 20
17.763
 10
164.641
 20
18.096
 10
165.207
 20
18.096
 10
165.583
 20
17.905
 10
165.724
 20
17.763
 10
165.965
 20
17.296
 10
166.411
 20
17.246
 10
166.716
 20
17.055
 10
166.978
 20
16.538
 10
166.978
 20
15.901
 10
166.857
 20
15.596
 10
166.716
 20
15.426
 10
167.211
 20
15.214
 10
167.424
 20
15.002
 10
167.686
 20
14.343
 10
167.615
 20
13.847
 10
167.282
 20
13.26
 10
165.399
 20
11.036
 10
165.349
 20
10.52
 10
165.207
 20
10.095
 10
165.016
 20
9.79
 10
164.52
 20
9.365
 10
163.558
 20
8.983
 10
163.246
 20
8.586
 10
162.849
 20
8.204
 10
162.75
 20
8.02
 10
162.212
 20
7.496
 10
162.113
 20
7.312
 10
161.334
 20
6.533
 10
160.817
 20
6.271
 10
159.826
 20
6.271
 10
159.118
 20
6.483
 10
158.53
 20
6.816
 10
158.247
 20
7.1
 10
157.985
 20
7.546
 10
157.914
 20
7.758
 10
157.893
 20
8.586
 10
157.135
 20
8.112
 10
156.64
 20
7.97
 10
156.073
 20
8.041
 10
155.273
 20
8.374
 10
155.061
 20
8.516
 10
154.494
 20
9.153
 10
154.161
 20
9.882
 10
154.161
 20
10.236
 10
154.091
 20
10.378
 10
154.232
 20
11.157
 10
154.565
 20
11.744
 10
158.672
 20
14.364
 10
157.865
 20
15.639
 10
157.468
 20
16.163
 10
157.206
 20
16.68
 10
157.135
 20
17.175
 10
157.369
 20
17.791
 10
157.539
 20
17.976
 10
157.914
 20
18.167
 10
158.318
 20
18.188
 10
158.601
 20
18.684
 97
0
 92
2
 72
0
 73
1
 93
17
 10
159.189
 20
18.592
 10
158.813
 20
18.4
 10
158.693
 20
18.167
 10
158.743
 20
17.862
 10
159.352
 20
17.055
 10
160.371
 20
15.526
 10
161.405
 20
14.152
 10
162.0
 20
13.189
 10
162.609
 20
12.382
 10
163.133
 20
11.56
 10
163.203
 20
11.532
 10
163.487
 20
11.957
 10
163.933
 20
12.148
 10
164.336
 20
12.169
 10
162.495
 20
14.605
 10
159.918
 20
18.33
 10
159.543
 20
18.592
 97
0
 92
2
 72
0
 73
1
 93
25
 10
157.914
 20
17.813
 10
157.68
 20
17.692
 10
157.489
 20
17.317
 10
157.489
 20
16.892
 10
157.61
 20
16.659
 10
160.13
 20
12.948
 10
161.433
 20
10.824
 10
161.717
 20
11.32
 10
161.929
 20
11.532
 10
162.637
 20
11.815
 10
162.609
 20
11.886
 10
161.079
 20
13.897
 10
158.955
 20
16.942
 10
158.856
 20
16.913
 10
158.856
 20
17.013
 10
158.714
 20
16.843
 10
158.813
 20
17.083
 10
158.672
 20
16.984
 10
158.601
 20
17.013
 10
158.176
 20
17.508
 10
158.127
 20
17.6
 10
158.197
 20
17.671
 10
158.502
 20
17.48
 10
158.502
 20
17.551
 10
158.056
 20
17.813
 97
0
 92
2
 72
0
 73
1
 93
17
 10
164.924
 20
17.813
 10
164.641
 20
17.742
 10
164.053
 20
17.409
 10
162.071
 20
16.064
 10
162.021
 20
15.901
 10
162.212
 20
15.596
 10
162.425
 20
15.426
 10
162.991
 20
15.851
 10
164.195
 20
16.559
 10
164.287
 20
16.609
 10
164.407
 20
16.559
 10
164.478
 20
16.659
 10
164.57
 20
16.397
 10
165.441
 20
16.942
 10
165.611
 20
17.126
 10
165.512
 20
17.409
 10
165.37
 20
17.622
 97
0
 92
2
 72
0
 73
1
 93
26
 10
166.128
 20
16.892
 10
165.469
 20
16.559
 10
162.892
 20
14.818
 10
162.92
 20
14.605
 10
163.628
 20
13.685
 10
163.742
 20
13.685
 10
164.591
 20
14.322
 10
164.641
 20
14.414
 10
164.591
 20
14.463
 10
164.308
 20
14.223
 10
164.407
 20
14.463
 10
164.237
 20
14.364
 10
164.266
 20
14.534
 10
163.954
 20
14.506
 10
164.053
 20
14.718
 10
164.336
 20
14.931
 10
165.299
 20
15.526
 10
165.37
 20
15.497
 10
165.42
 20
15.334
 10
165.682
 20
15.384
 10
165.632
 20
15.193
 10
165.682
 20
15.143
 10
166.531
 20
15.71
 10
166.623
 20
15.901
 10
166.623
 20
16.467
 10
166.432
 20
16.843
 97
0
 92
2
 72
0
 73
1
 93
29
 10
166.553
 20
15.051
 10
164.358
 20
12.785
 10
164.62
 20
12.339
 10
165.278
 20
11.511
 10
165.512
 20
11.702
 10
165.611
 20
11.886
 10
165.937
 20
12.198
 10
166.036
 20
12.382
 10
166.765
 20
13.21
 10
166.716
 20
13.26
 10
166.645
 20
13.118
 10
166.177
 20
12.665
 10
166.007
 20
12.665
 10
166.177
 20
12.906
 10
165.937
 20
12.807
 10
165.965
 20
12.977
 10
165.795
 20
12.948
 10
165.937
 20
13.189
 10
166.503
 20
13.755
 10
166.574
 20
13.585
 10
166.645
 20
13.685
 10
166.716
 20
13.585
 10
166.956
 20
13.614
 10
166.836
 20
13.423
 10
166.928
 20
13.401
 10
167.261
 20
13.918
 10
167.332
 20
14.272
 10
167.14
 20
14.789
 10
166.836
 20
15.051
 97
0
 92
2
 72
0
 73
1
 93
11
 10
158.41
 20
13.777
 10
156.618
 20
12.665
 10
155.769
 20
12.099
 10
155.74
 20
12.028
 10
156.236
 20
11.815
 10
156.618
 20
11.419
 10
156.732
 20
11.419
 10
158.856
 20
12.977
 10
158.905
 20
13.139
 10
158.714
 20
13.515
 10
158.573
 20
13.727
 97
0
 92
2
 72
0
 73
1
 93
7
 10
164.004
 20
13.352
 10
163.933
 20
13.281
 10
163.982
 20
13.189
 10
164.145
 20
13.069
 10
164.407
 20
13.302
 10
164.166
 20
13.161
 10
164.025
 20
13.231
 97
0
 92
2
 72
0
 73
1
 93
12
 10
159.451
 20
12.339
 10
159.238
 20
12.24
 10
157.135
 20
10.732
 10
157.581
 20
10.47
 10
157.865
 20
10.116
 10
157.985
 20
9.811
 10
158.006
 20
9.266
 10
159.139
 20
10.144
 10
159.876
 20
10.824
 10
159.897
 20
11.369
 10
159.826
 20
11.723
 10
159.635
 20
12.169
 97
0
 92
2
 72
0
 73
1
 93
47
 10
163.933
 20
11.865
 10
163.699
 20
11.744
 10
163.487
 20
11.532
 10
163.437
 20
11.086
 10
163.628
 20
10.852
 10
163.933
 20
10.803
 10
163.954
 20
10.895
 10
163.72
 20
11.157
 10
163.77
 20
11.39
 10
164.074
 20
11.582
 10
164.52
 20
11.39
 10
164.712
 20
11.015
 10
164.712
 20
10.661
 10
164.591
 20
10.357
 10
164.379
 20
10.073
 10
163.862
 20
9.741
 10
163.366
 20
9.599
 10
162.871
 20
9.67
 10
162.425
 20
9.861
 10
162.212
 20
10.073
 10
162.021
 20
10.52
 10
162.141
 20
10.895
 10
162.375
 20
11.086
 10
162.75
 20
11.036
 10
162.8
 20
10.732
 10
162.658
 20
10.52
 10
162.729
 20
10.449
 10
162.892
 20
10.498
 10
163.083
 20
10.732
 10
163.034
 20
11.249
 10
162.821
 20
11.461
 10
162.517
 20
11.511
 10
162.0
 20
11.249
 10
161.738
 20
10.803
 10
161.738
 20
10.307
 10
161.929
 20
9.932
 10
162.141
 20
9.719
 10
162.871
 20
9.387
 10
163.579
 20
9.387
 10
163.862
 20
9.457
 10
164.52
 20
9.79
 10
164.733
 20
10.003
 10
164.995
 20
10.52
 10
164.995
 20
11.086
 10
164.804
 20
11.461
 10
164.52
 20
11.744
 10
164.287
 20
11.865
 97
0
 92
2
 72
0
 73
1
 93
52
 10
155.507
 20
11.794
 10
155.131
 20
11.674
 10
154.707
 20
11.39
 10
154.445
 20
10.732
 10
154.445
 20
10.165
 10
154.515
 20
9.882
 10
154.848
 20
9.224
 10
155.344
 20
8.728
 10
155.861
 20
8.466
 10
156.356
 20
8.324
 10
156.994
 20
8.395
 10
157.44
 20
8.657
 10
157.702
 20
9.174
 10
157.702
 20
9.811
 10
157.581
 20
10.116
 10
157.298
 20
10.399
 10
156.71
 20
10.449
 10
156.477
 20
10.258
 10
156.356
 20
10.024
 10
156.356
 20
9.67
 10
156.448
 20
9.479
 10
156.548
 20
9.479
 10
156.689
 20
9.903
 10
156.923
 20
10.024
 10
157.227
 20
9.833
 10
157.326
 20
9.507
 10
157.157
 20
9.011
 10
157.015
 20
8.87
 10
156.569
 20
8.679
 10
156.215
 20
8.679
 10
155.627
 20
8.941
 10
155.131
 20
9.365
 10
154.869
 20
9.811
 10
154.728
 20
10.236
 10
154.728
 20
10.52
 10
154.919
 20
11.036
 10
155.131
 20
11.249
 10
155.365
 20
11.369
 10
155.719
 20
11.369
 10
155.953
 20
11.249
 10
156.073
 20
11.015
 10
156.073
 20
10.732
 10
155.981
 20
10.541
 10
155.67
 20
10.427
 10
155.698
 20
10.286
 10
155.79
 20
10.236
 10
156.073
 20
10.236
 10
156.335
 20
10.399
 10
156.569
 20
10.874
 10
156.519
 20
11.107
 10
156.236
 20
11.532
 10
155.861
 20
11.723
 97
0
 92
2
 72
0
 73
1
 93
14
 10
159.21
 20
11.065
 10
159.309
 20
11.065
 10
159.281
 20
10.966
 10
159.422
 20
10.824
 10
159.493
 20
10.923
 10
159.592
 20
10.923
 10
159.451
 20
10.612
 10
159.33
 20
10.661
 10
159.167
 20
10.541
 10
158.998
 20
10.541
 10
159.026
 20
10.711
 10
158.884
 20
10.612
 10
158.714
 20
10.612
 10
158.884
 20
10.824
 97
0
 92
2
 72
0
 73
1
 93
13
 10
160.371
 20
10.711
 10
159.876
 20
10.328
 10
159.422
 20
9.861
 10
159.238
 20
9.762
 10
158.998
 20
9.479
 10
159.33
 20
9.387
 10
159.734
 20
9.125
 10
159.805
 20
9.266
 10
160.513
 20
9.974
 10
160.725
 20
10.003
 10
160.796
 20
9.903
 10
160.746
 20
10.236
 10
160.626
 20
10.47
 97
0
 92
2
 72
0
 73
1
 93
9
 10
161.15
 20
9.79
 10
160.484
 20
9.125
 10
161.193
 20
8.841
 10
161.547
 20
8.417
 10
161.667
 20
8.041
 10
161.787
 20
7.921
 10
161.879
 20
8.749
 10
161.738
 20
9.174
 10
161.547
 20
9.479
 97
0
 92
2
 72
0
 73
1
 93
51
 10
158.764
 20
9.174
 10
158.389
 20
8.912
 10
158.197
 20
8.537
 10
158.197
 20
7.97
 10
158.389
 20
7.524
 10
158.884
 20
7.029
 10
159.614
 20
6.696
 10
160.343
 20
6.576
 10
160.746
 20
6.625
 10
161.122
 20
6.816
 10
161.263
 20
6.958
 10
161.455
 20
7.333
 10
161.455
 20
8.041
 10
161.263
 20
8.417
 10
161.051
 20
8.629
 10
160.676
 20
8.82
 10
160.322
 20
8.82
 10
159.989
 20
8.657
 10
159.826
 20
8.324
 10
159.826
 20
8.112
 10
160.017
 20
7.808
 10
160.23
 20
7.708
 10
160.3
 20
7.808
 10
160.109
 20
8.041
 10
160.159
 20
8.275
 10
160.322
 20
8.395
 10
160.697
 20
8.346
 10
160.839
 20
8.204
 10
161.03
 20
7.758
 10
161.03
 20
7.546
 10
160.796
 20
7.142
 10
160.251
 20
6.908
 10
159.755
 20
6.908
 10
159.238
 20
7.1
 10
158.813
 20
7.383
 10
158.672
 20
7.524
 10
158.481
 20
7.9
 10
158.431
 20
8.162
 10
158.53
 20
8.558
 10
158.905
 20
8.82
 10
159.281
 20
8.7
 10
159.401
 20
8.537
 10
159.401
 20
8.324
 10
159.139
 20
8.062
 10
159.33
 20
7.97
 10
159.422
 20
8.02
 10
159.543
 20
8.254
 10
159.543
 20
8.466
 10
159.663
 20
8.799
 10
159.564
 20
8.983
 10
159.33
 20
9.174
 97
0
 75
0
 76
1
 98
0
  0
LWPOLYLINE
  5
5D
330
17
100
AcDbEntity
  8
CUT
100
AcDbPolyline
 90
52
 70
1
 10
173.347
 20
19.134
 10
173.362
 20
19.472
 10
173.407
 20
19.786
 10
173.483
 20
20.073
 10
173.59
 20
20.334
 10
173.729
 20
20.567
 10
173.901
 20
20.769
 10
174.104
 20
20.941
 10
174.336
 20
21.08
 10
174.597
 20
21.188
 10
174.884
 20
21.263
 10
175.199
 20
21.308
 10
175.537
 20
21.323
 10
188.619
 20
21.323
 10
188.957
 20
21.308
 10
189.271
 20
21.263
 10
189.558
 20
21.188
 10
189.819
 20
21.08
 10
190.052
 20
20.941
 10
190.254
 20
20.769
 10
190.426
 20
20.567
 10
190.565
 20
20.334
 10
190.673
 20
20.073
 10
190.748
 20
19.786
 10
190.793
 20
19.472
 10
190.808
 20
19.134
 10
190.808
 20
6.052
 10
190.793
 20
5.714
 10
190.748
 20
5.399
 10
190.673
 20
5.112
 10
190.565
 20
4.851
 10
190.426
 20
4.619
 10
190.254
 20
4.416
 10
190.052
 20
4.244
 10
189.819
 20
4.105
 10
189.558
 20
3.998
 10
189.271
 20
3.922
 10
188.957
 20
3.877
 10
188.619
 20
3.862
 10
175.537
 20
3.862
 10
175.199
 20
3.877
 10
174.884
 20
3.922
 10
174.597
 20
3.998
 10
174.336
 20
4.105
 10
174.104
 20
4.244
 10
173.901
 20
4.416
 10
173.729
 20
4.619
 10
173.59
 20
4.851
 10
173.483
 20
5.112
 10
173.407
 20
5.399
 10
173.362
 20
5.714
 10
173.347
 20
6.052
  0
HATCH
  5
5E
330
17
100
AcDbEntity
  8
RASTER
 62
7
100
AcDbHatch
 10
0.0
 20
0.0
 30
0.0
210
0.0
220
0.0
230
1.0
  2
SOLID
 70
1
 71
0
 91
15
 92
3
 72
0
 73
1
 93
62
 10
180.254
 20
18.924
 10
180.728
 20
18.946
 10
181.245
 20
18.684
 10
182.945
 20
16.276
 10
185.168
 20
17.763
 10
185.826
 20
18.096
 10
186.393
 20
18.096
 10
186.768
 20
17.905
 10
186.91
 20
17.763
 10
187.151
 20
17.296
 10
187.597
 20
17.246
 10
187.901
 20
17.055
 10
188.163
 20
16.538
 10
188.163
 20
15.901
 10
188.043
 20
15.596
 10
187.901
 20
15.426
 10
188.397
 20
15.214
 10
188.609
 20
15.002
 10
188.871
 20
14.343
 10
188.8
 20
13.847
 10
188.468
 20
13.26
 10
186.584
 20
11.036
 10
186.535
 20
10.52
 10
186.393
 20
10.095
 10
186.202
 20
9.79
 10
185.706
 20
9.365
 10
184.743
 20
8.983
 10
184.432
 20
8.586
 10
184.035
 20
8.204
 10
183.936
 20
8.02
 10
183.398
 20
7.496
 10
183.299
 20
7.312
 10
182.52
 20
6.533
 10
182.003
 20
6.271
 10
181.012
 20
6.271
 10
180.303
 20
6.483
 10
179.716
 20
6.816
 10
179.433
 20
7.1
 10
179.171
 20
7.546
 10
179.1
 20
7.758
 10
179.079
 20
8.586
 10
178.321
 20
8.112
 10
177.825
 20
7.97
 10
177.259
 20
8.041
 10
176.459
 20
8.374
 10
176.246
 20
8.516
 10
175.68
 20
9.153
 10
175.347
 20
9.882
 10
175.347
 20
10.236
 10
175.276
 20
10.378
 10
175.418
 20
11.157
 10
175.751
 20
11.744
 10
179.857
 20
14.364
 10
179.05
 20
15.639
 10
178.654
 20
16.163
 10
178.392
 20
16.68
 10
178.321
 20
17.175
 10
178.555
 20
17.791
 10
178.724
 20
17.976
 10
179.1
 20
18.167
 10
179.503
 20
18.188
 10
179.787
 20
18.684
 97
0
 92
2
 72
0
 73
1
 93
17
 10
180.374
 20
18.592
 10
179.999
 20
18.4
 10
179.879
 20
18.167
 10
179.928
 20
17.862
 10
180.537
 20
17.055
 10
181.557
 20
15.526
 10
182.591
 20
14.152
 10
183.185
 20
13.189
 10
183.794
 20
12.382
 10
184.318
 20
11.56
 10
184.389
 20
11.532
 10
184.672
 20
11.957
 10
185.118
 20
12.148
 10
185.522
 20
12.169
 10
183.681
 20
14.605
 10
181.104
 20
18.33
 10
180.728
 20
18.592
 97
0
 92
2
 72
0
 73
1
 93
25
 10
179.1
 20
17.813
 10
178.866
 20
17.692
 10
178.675
 20
17.317
 10
178.675
 20
16.892
 10
178.795
 20
16.659
 10
181.316
 20
12.948
 10
182.619
 20
10.824
 10
182.902
 20
11.32
 10
183.115
 20
11.532
 10
183.823
 20
11.815
 10
183.794
 20
11.886
 10
182.265
 20
13.897
 10
180.141
 20
16.942
 10
180.041
 20
16.913
 10
180.041
 20
17.013
 10
179.9
 20
16.843
 10
179.999
 20
17.083
 10
179.857
 20
16.984
 10
179.787
 20
17.013
 10
179.362
 20
17.508
 10
179.312
 20
17.6
 10
179.383
 20
17.671
 10
179.687
 20
17.48
 10
179.687
 20
17.551
 10
179.241
 20
17.813
 97
0
 92
2
 72
0
 73
1
 93
17
 10
186.11
 20
17.813
 10
185.826
 20
17.742
 10
185.239
 20
17.409
 10
183.256
 20
16.064
 10
183.207
 20
15.901
 10
183.398
 20
15.596
 10
183.61
 20
15.426
 10
184.177
 20
15.851
 10
185.38
 20
16.559
 10
185.472
 20
16.609
 10
185.593
 20
16.559
 10
185.664
 20
16.659
 10
185.756
 20
16.397
 10
186.627
 20
16.942
 10
186.797
 20
17.126
 10
186.697
 20
17.409
 10
186.556
 20
17.622
 97
0
 92
2
 72
0
 73
1
 93
26
 10
187.313
 20
16.892
 10
186.655
 20
16.559
 10
184.078
 20
14.818
 10
184.106
 20
14.605
 10
184.814
 20
13.685
 10
184.927
 20
13.685
 10
185.777
 20
14.322
 10
185.826
 20
14.414
 10
185.777
 20
14.463
 10
185.494
 20
14.223
 10
185.593
 20
14.463
 10
185.423
 20
14.364
 10
185.451
 20
14.534
 10
185.14
 20
14.506
 10
185.239
 20
14.718
 10
185.522
 20
14.931
 10
186.485
 20
15.526
 10
186.556
 20
15.497
 10
186.605
 20
15.334
 10
186.867
 20
15.384
 10
186.818
 20
15.193
 10
186.867
 20
15.143
 10
187.717
 20
15.71
 10
187.809
 20
15.901
 10
187.809
 20
16.467
 10
187.618
 20
16.843
 97
0
 92
2
 72
0
 73
1
 93
29
 10
187.738
 20
15.051
 10
185.543
 20
12.785
 10
185.805
 20
12.339
 10
186.464
 20
11.511
 10
186.697
 20
11.702
 10
186.797
 20
11.886
 10
187.122
 20
12.198
 10
187.221
 20
12.382
 10
187.951
 20
13.21
 10
187.901
 20
13.26
 10
187.83
 20
13.118
 10
187.363
 20
12.665
 10
187.193
 20
12.665
 10
187.363
 20
12.906
 10
187.122
 20
12.807
 10
187.151
 20
12.977
 10
186.981
 20
12.948
 10
187.122
 20
13.189
 10
187.689
 20
13.755
 10
187.76
 20
13.585
 10
187.83
 20
13.685
 10
187.901
 20
13.585
 10
188.142
 20
13.614
 10
188.021
 20
13.423
 10
188.114
 20
13.401
 10
188.446
 20
13.918
 10
188.517
 20
14.272
 10
188.326
 20
14.789
 10
188.021
 20
15.051
 97
0
 92
2
 72
0
 73
1
 93
11
 10
179.595
 20
13.777
 10
177.804
 20
12.665
 10
176.954
 20
12.099
 10
176.926
 20
12.028
 10
177.422
 20
11.815
 10
177.804
 20
11.419
 10
177.917
 20
11.419
 10
180.041
 20
12.977
 10
180.091
 20
13.139
 10
179.9
 20
13.515
 10
179.758
 20
13.727
 97
0
 92
2
 72
0
 73
1
 93
7
 10
185.189
 20
13.352
 10
185.118
 20
13.281
 10
185.168
 20
13.189
 10
185.331
 20
13.069
 10
185.593
 20
13.302
 10
185.352
 20
13.161
 10
185.21
 20
13.231
 97
0
 92
2
 72
0
 73
1
 93
12
 10
180.636
 20
12.339
 10
180.424
 20
12.24
 10
178.321
 20
10.732
 10
178.767
 20
10.47
 10
179.05
 20
10.116
 10
179.171
 20
9.811
 10
179.192
 20
9.266
 10
180.325
 20
10.144
 10
181.061
 20
10.824
 10
181.082
 20
11.369
 10
181.012
 20
11.723
 10
180.82
 20
12.169
 97
0
 92
2
 72
0
 73
1
 93
47
 10
185.118
 20
11.865
 10
184.885
 20
11.744
 10
184.672
 20
11.532
 10
184.623
 20
11.086
 10
184.814
 20
10.852
 10
185.118
 20
10.803
 10
185.14
 20
10.895
 10
184.906
 20
11.157
 10
184.956
 20
11.39
 10
185.26
 20
11.582
 10
185.706
 20
11.39
 10
185.897
 20
11.015
 10
185.897
 20
10.661
 10
185.777
 20
10.357
 10
185.564
 20
10.073
 10
185.048
 20
9.741
 10
184.552
 20
9.599
 10
184.056
 20
9.67
 10
183.61
 20
9.861
 10
183.398
 20
10.073
 10
183.207
 20
10.52
 10
183.327
 20
10.895
 10
183.561
 20
11.086
 10
183.936
 20
11.036
 10
183.985
 20
10.732
 10
183.844
 20
10.52
 10
183.915
 20
10.449
 10
184.078
 20
10.498
 10
184.269
 20
10.732
 10
184.219
 20
11.249
 10
184.007
 20
11.461
 10
183.702
 20
11.511
 10
183.185
 20
11.249
 10
182.923
 20
10.803
 10
182.923
 20
10.307
 10
183.115
 20
9.932
 10
183.327
 20
9.719
 10
184.056
 20
9.387
 10
184.764
 20
9.387
 10
185.048
 20
9.457
 10
185.706
 20
9.79
 10
185.919
 20
10.003
 10
186.181
 20
10.52
 10
186.181
 20
11.086
 10
185.989
 20
11.461
 10
185.706
 20
11.744
 10
185.472
 20
11.865
 97
0
 92
2
 72
0
 73
1
 93
52
 10
176.692
 20
11.794
 10
176.317
 20
11.674
 10
175.892
 20
11.39
 10
175.63
 20
10.732
 10
175.63
 20
10.165
 10
175.701
 20
9.882
 10
176.034
 20
9.224
 10
176.529
 20
8.728
 10
177.046
 20
8.466
 10
177.542
 20
8.324
 10
178.179
 20
8.395
 10
178.625
 20
8.657
 10
178.887
 20
9.174
 10
178.887
 20
9.811
 10
178.767
 20
10.116
 10
178.484
 20
10.399
 10
177.896
 20
10.449
 10
177.662
 20
10.258
 10
177.542
 20
10.024
 10
177.542
 20
9.67
 10
177.634
 20
9.479
 10
177.733
 20
9.479
 10
177.875
 20
9.903
 10
178.108
 20
10.024
 10
178.413
 20
9.833
 10
178.512
 20
9.507
 10
178.342
 20
9.011
 10
178.2
 20
8.87
 10
177.754
 20
8.679
 10
177.4
 20
8.679
 10
176.813
 20
8.941
 10
176.317
 20
9.365
 10
176.055
 20
9.811
 10
175.913
 20
10.236
 10
175.913
 20
10.52
 10
176.105
 20
11.036
 10
176.317
 20
11.249
 10
176.551
 20
11.369
 10
176.905
 20
11.369
 10
177.138
 20
11.249
 10
177.259
 20
11.015
 10
177.259
 20
10.732
 10
177.167
 20
10.541
 10
176.855
 20
10.427
 10
176.883
 20
10.286
 10
176.976
 20
10.236
 10
177.259
 20
10.236
 10
177.521
 20
10.399
 10
177.754
 20
10.874
 10
177.705
 20
11.107
 10
177.422
 20
11.532
 10
177.046
 20
11.723
 97
0
 92
2
 72
0
 73
1
 93
14
 10
180.396
 20
11.065
 10
180.495
 20
11.065
 10
180.466
 20
10.966
 10
180.608
 20
10.824
 10
180.679
 20
10.923
 10
180.778
 20
10.923
 10
180.636
 20
10.612
 10
180.516
 20
10.661
 10
180.353
 20
10.541
 10
180.183
 20
10.541
 10
180.211
 20
10.711
 10
180.07
 20
10.612
 10
179.9
 20
10.612
 10
180.07
 20
10.824
 97
0
 92
2
 72
0
 73
1
 93
13
 10
181.557
 20
10.711
 10
181.061
 20
10.328
 10
180.608
 20
9.861
 10
180.424
 20
9.762
 10
180.183
 20
9.479
 10
180.516
 20
9.387
 10
180.92
 20
9.125
 10
180.99
 20
9.266
 10
181.698
 20
9.974
 10
181.911
 20
10.003
 10
181.982
 20
9.903
 10
181.932
 20
10.236
 10
181.812
 20
10.47
 97
0
 92
2
 72
0
 73
1
 93
9
 10
182.336
 20
9.79
 10
181.67
 20
9.125
 10
182.378
 20
8.841
 10
182.732
 20
8.417
 10
182.853
 20
8.041
 10
182.973
 20
7.921
 10
183.065
 20
8.749
 10
182.923
 20
9.174
 10
182.732
 20
9.479
 97
0
 92
2
 72
0
 73
1
 93
51
 10
179.949
 20
9.174
 10
179.574
 20
8.912
 10
179.383
 20
8.537
 10
179.383
 20
7.97
 10
179.574
 20
7.524
 10
180.07
 20
7.029
 10
180.799
 20
6.696
 10
181.528
 20
6.576
 10
181.932
 20
6.625
 10
182.307
 20
6.816
 10
182.449
 20
6.958
 10
182.64
 20
7.333
 10
182.64
 20
8.041
 10
182.449
 20
8.417
 10
182.237
 20
8.629
 10
181.861
 20
8.82
 10
181.507
 20
8.82
 10
181.174
 20
8.657
 10
181.012
 20
8.324
 10
181.012
 20
8.112
 10
181.203
 20
7.808
 10
181.415
 20
7.708
 10
181.486
 20
7.808
 10
181.295
 20
8.041
 10
181.344
 20
8.275
 10
181.507
 20
8.395
 10
181.882
 20
8.346
 10
182.024
 20
8.204
 10
182.215
 20
7.758
 10
182.215
 20
7.546
 10
181.982
 20
7.142
 10
181.436
 20
6.908
 10
180.941
 20
6.908
 10
180.424
 20
7.1
 10
179.999
 20
7.383
 10
179.857
 20
7.524
 10
179.666
 20
7.9
 10
179.617
 20
8.162
 10
179.716
 20
8.558
 10
180.091
 20
8.82
 10
180.466
 20
8.7
 10
180.587
 20
8.537
 10
180.587
 20
8.324
 10
180.325
 20
8.062
 10
180.516
 20
7.97
 10
180.608
 20
8.02
 10
180.728
 20
8.254
 10
180.728
 20
8.466
 10
180.849
 20
8.799
 10
180.75
 20
8.983
 10
180.516
 20
9.174
 97
0
 75
0
 76
1
 98
0
  0
LWPOLYLINE
  5
5F
330
17
100
AcDbEntity
  8
CUT
100
AcDbPolyline
 90
52
 70
1
 10
194.533
 20
19.134
 10
194.548
 20
19.472
 10
194.592
 20
19.786
 10
194.668
 20
20.073
 10
194.775
 20
20.334
 10
194.915
 20
20.567
 10
195.087
 20
20.769
 10
195.289
 20
20.941
 10
195.522
 20
21.08
 10
195.782
 20
21.188
 10
196.07
 20
21.263
 10
196.384
 20
21.308
 10
196.722
 20
21.323
 10
209.804
 20
21.323
 10
210.142
 20
21.308
 10
210.456
 20
21.263
 10
210.744
 20
21.188
 10
211.005
 20
21.08
 10
211.237
 20
20.941
 10
211.44
 20
20.769
 10
211.611
 20
20.567
 10
211.751
 20
20.334
 10
211.858
 20
20.073
 10
211.934
 20
19.786
 10
211.979
 20
19.472
 10
211.993
 20
19.134
 10
211.993
 20
6.052
 10
211.979
 20
5.714
 10
211.934
 20
5.399
 10
211.858
 20
5.112
 10
211.751
 20
4.851
 10
211.611
 20
4.619
 10
211.44
 20
4.416
 10
211.237
 20
4.244
 10
211.005
 20
4.105
 10
210.744
 20
3.998
 10
210.456
 20
3.922
 10
210.142
 20
3.877
 10
209.804
 20
3.862
 10
196.722
 20
3.862
 10
196.384
 20
3.877
 10
196.07
 20
3.922
 10
195.782
 20
3.998
 10
195.522
 20
4.105
 10
195.289
 20
4.244
 10
195.087
 20
4.416
 10
194.915
 20
4.619
 10
194.775
 20
4.851
 10
194.668
 20
5.112
 10
194.592
 20
5.399
 10
194.548
 20
5.714
 10
194.533
 20
6.052
  0
HATCH
  5
60
330
17
100
AcDbEntity
  8
RASTER
 62
7
100
AcDbHatch
 10
0.0
 20
0.0
 30
0.0
210
0.0
220
0.0
230
1.0
  2
SOLID
 70
1
 71
0
 91
15
 92
3
 72
0
 73
1
 93
62
 10
201.44
 20
18.924
 10
201.914
 20
18.946
 10
202.431
 20
18.684
 10
204.13
 20
16.276
 10
206.354
 20
17.763
 10
207.012
 20
18.096
 10
207.579
 20
18.096
 10
207.954
 20
17.905
 10
208.095
 20
17.763
 10
208.336
 20
17.296
 10
208.782
 20
17.246
 10
209.087
 20
17.055
 10
209.349
 20
16.538
 10
209.349
 20
15.901
 10
209.228
 20
15.596
 10
209.087
 20
15.426
 10
209.582
 20
15.214
 10
209.795
 20
15.002
 10
210.057
 20
14.343
 10
209.986
 20
13.847
 10
209.653
 20
13.26
 10
207.77
 20
11.036
 10
207.72
 20
10.52
 10
207.579
 20
10.095
 10
207.387
 20
9.79
 10
206.892
 20
9.365
 10
205.929
 20
8.983
 10
205.617
 20
8.586
 10
205.221
 20
8.204
 10
205.122
 20
8.02
 10
204.583
 20
7.496
 10
204.484
 20
7.312
 10
203.705
 20
6.533
 10
203.188
 20
6.271
 10
202.197
 20
6.271
 10
201.489
 20
6.483
 10
200.901
 20
6.816
 10
200.618
 20
7.1
 10
200.356
 20
7.546
 10
200.285
 20
7.758
 10
200.264
 20
8.586
 10
199.506
 20
8.112
 10
199.011
 20
7.97
 10
198.444
 20
8.041
 10
197.644
 20
8.374
 10
197.432
 20
8.516
 10
196.865
 20
9.153
 10
196.533
 20
9.882
 10
196.533
 20
10.236
 10
196.462
 20
10.378
 10
196.603
 20
11.157
 10
196.936
 20
11.744
 10
201.043
 20
14.364
 10
200.236
 20
15.639
 10
199.839
 20
16.163
 10
199.577
 20
16.68
 10
199.506
 20
17.175
 10
199.74
 20
17.791
 10
199.91
 20
17.976
 10
200.285
 20
18.167
 10
200.689
 20
18.188
 10
200.972
 20
18.684
 97
0
 92
2
 72
0
 73
1
 93
17
 10
201.56
 20
18.592
 10
201.185
 20
18.4
 10
201.064
 20
18.167
 10
201.114
 20
17.862
 10
201.723
 20
17.055
 10
202.742
 20
15.526
 10
203.776
 20
14.152
 10
204.371
 20
13.189
 10
204.98
 20
12.382
 10
205.504
 20
11.56
 10
205.575
 20
11.532
 10
205.858
 20
11.957
 10
206.304
 20
12.148
 10
206.708
 20
12.169
 10
204.867
 20
14.605
 10
202.289
 20
18.33
 10
201.914
 20
18.592
 97
0
 92
2
 72
0
 73
1
 93
25
 10
200.285
 20
17.813
 10
200.052
 20
17.692
 10
199.861
 20
17.317
 10
199.861
 20
16.892
 10
199.981
 20
16.659
 10
202.502
 20
12.948
 10
203.804
 20
10.824
 10
204.088
 20
11.32
 10
204.3
 20
11.532
 10
205.008
 20
11.815
 10
204.98
 20
11.886
 10
203.45
 20
13.897
 10
201.326
 20
16.942
 10
201.227
 20
16.913
 10
201.227
 20
17.013
 10
201.085
 20
16.843
 10
201.185
 20
17.083
 10
201.043
 20
16.984
 10
200.972
 20
17.013
 10
200.547
 20
17.508
 10
200.498
 20
17.6
 10
200.569
 20
17.671
 10
200.873
 20
17.48
 10
200.873
 20
17.551
 10
200.427
 20
17.813
 97
0
 92
2
 72
0
 73
1
 93
17
 10
207.295
 20
17.813
 10
207.012
 20
17.742
 10
206.424
 20
17.409
 10
204.442
 20
16.064
 10
204.392
 20
15.901
 10
204.583
 20
15.596
 10
204.796
 20
15.426
 10
205.362
 20
15.851
 10
206.566
 20
16.559
 10
206.658
 20
16.609
 10
206.778
 20
16.559
 10
206.849
 20
16.659
 10
206.941
 20
16.397
 10
207.812
 20
16.942
 10
207.982
 20
17.126
 10
207.883
 20
17.409
 10
207.741
 20
17.622
 97
0
 92
2
 72
0
 73
1
 93
26
 10
208.499
 20
16.892
 10
207.841
 20
16.559
 10
205.263
 20
14.818
 10
205.291
 20
14.605
 10
206.0
 20
13.685
 10
206.113
 20
13.685
 10
206.962
 20
14.322
 10
207.012
 20
14.414
 10
206.962
 20
14.463
 10
206.679
 20
14.223
 10
206.778
 20
14.463
 10
206.608
 20
14.364
 10
206.637
 20
14.534
 10
206.325
 20
14.506
 10
206.424
 20
14.718
 10
206.708
 20
14.931
 10
207.671
 20
15.526
 10
207.741
 20
15.497
 10
207.791
 20
15.334
 10
208.053
 20
15.384
 10
208.003
 20
15.193
 10
208.053
 20
15.143
 10
208.903
 20
15.71
 10
208.995
 20
15.901
 10
208.995
 20
16.467
 10
208.803
 20
16.843
 97
0
 92
2
 72
0
 73
1
 93
29
 10
208.924
 20
15.051
 10
206.729
 20
12.785
 10
206.991
 20
12.339
 10
207.649
 20
11.511
 10
207.883
 20
11.702
 10
207.982
 20
11.886
 10
208.308
 20
12.198
 10
208.407
 20
12.382
 10
209.136
 20
13.21
 10
209.087
 20
13.26
 10
209.016
 20
13.118
 10
208.549
 20
12.665
 10
208.379
 20
12.665
 10
208.549
 20
12.906
 10
208.308
 20
12.807
 10
208.336
 20
12.977
 10
208.166
 20
12.948
 10
208.308
 20
13.189
 10
208.874
 20
13.755
 10
208.945
 20
13.585
 10
209.016
 20
13.685
 10
209.087
 20
13.585
 10
209.327
 20
13.614
 10
209.207
 20
13.423
 10
209.299
 20
13.401
 10
209.632
 20
13.918
 10
209.703
 20
14.272
 10
209.512
 20
14.789
 10
209.207
 20
15.051
 97
0
 92
2
 72
0
 73
1
 93
11
 10
200.781
 20
13.777
 10
198.99
 20
12.665
 10
198.14
 20
12.099
 10
198.112
 20
12.028
 10
198.607
 20
11.815
 10
198.99
 20
11.419
 10
199.103
 20
11.419
 10
201.227
 20
12.977
 10
201.277
 20
13.139
 10
201.085
 20
13.515
 10
200.944
 20
13.727
 97
0
 92
2
 72
0
 73
1
 93
7
 10
206.375
 20
13.352
 10
206.304
 20
13.281
 10
206.354
 20
13.189
 10
206.516
 20
13.069
 10
206.778
 20
13.302
 10
206.538
 20
13.161
 10
206.396
 20
13.231
 97
0
 92
2
 72
0
 73
1
 93
12
 10
201.822
 20
12.339
 10
201.609
 20
12.24
 10
199.506
 20
10.732
 10
199.953
 20
10.47
 10
200.236
 20
10.116
 10
200.356
 20
9.811
 10
200.377
 20
9.266
 10
201.51
 20
10.144
 10
202.247
 20
10.824
 10
202.268
 20
11.369
 10
202.197
 20
11.723
 10
202.006
 20
12.169
 97
0
 92
2
 72
0
 73
1
 93
47
 10
206.304
 20
11.865
 10
206.07
 20
11.744
 10
205.858
 20
11.532
 10
205.808
 20
11.086
 10
206.0
 20
10.852
 10
206.304
 20
10.803
 10
206.325
 20
10.895
 10
206.092
 20
11.157
 10
206.141
 20
11.39
 10
206.446
 20
11.582
 10
206.892
 20
11.39
 10
207.083
 20
11.015
 10
207.083
 20
10.661
 10
206.962
 20
10.357
 10
206.75
 20
10.073
 10
206.233
 20
9.741
 10
205.738
 20
9.599
 10
205.242
 20
9.67
 10
204.796
 20
9.861
 10
204.583
 20
10.073
 10
204.392
 20
10.52
 10
204.513
 20
10.895
 10
204.746
 20
11.086
 10
205.122
 20
11.036
 10
205.171
 20
10.732
 10
205.029
 20
10.52
 10
205.1
 20
10.449
 10
205.263
 20
10.498
 10
205.454
 20
10.732
 10
205.405
 20
11.249
 10
205.192
 20
11.461
 10
204.888
 20
11.511
 10
204.371
 20
11.249
 10
204.109
 20
10.803
 10
204.109
 20
10.307
 10
204.3
 20
9.932
 10
204.513
 20
9.719
 10
205.242
 20
9.387
 10
205.95
 20
9.387
 10
206.233
 20
9.457
 10
206.892
 20
9.79
 10
207.104
 20
10.003
 10
207.366
 20
10.52
 10
207.366
 20
11.086
 10
207.175
 20
11.461
 10
206.892
 20
11.744
 10
206.658
 20
11.865
 97
0
 92
2
 72
0
 73
1
 93
52
 10
197.878
 20
11.794
 10
197.503
 20
11.674
 10
197.078
 20
11.39
 10
196.816
 20
10.732
 10
196.816
 20
10.165
 10
196.887
 20
9.882
 10
197.219
 20
9.224
 10
197.715
 20
8.728
 10
198.232
 20
8.466
 10
198.728
 20
8.324
 10
199.365
 20
8.395
 10
199.811
 20
8.657
 10
200.073
 20
9.174
 10
200.073
 20
9.811
 10
199.953
 20
10.116
 10
199.669
 20
10.399
 10
199.082
 20
10.449
 10
198.848
 20
10.258
 10
198.728
 20
10.024
 10
198.728
 20
9.67
 10
198.82
 20
9.479
 10
198.919
 20
9.479
 10
199.06
 20
9.903
 10
199.294
 20
10.024
 10
199.599
 20
9.833
 10
199.698
 20
9.507
 10
199.528
 20
9.011
 10
199.386
 20
8.87
 10
198.94
 20
8.679
 10
198.586
 20
8.679
 10
197.998
 20
8.941
 10
197.503
 20
9.365
 10
197.241
 20
9.811
 10
197.099
 20
10.236
 10
197.099
 20
10.52
 10
197.29
 20
11.036
 10
197.503
 20
11.249
 10
197.736
 20
11.369
 10
198.09
 20
11.369
 10
198.324
 20
11.249
 10
198.444
 20
11.015
 10
198.444
 20
10.732
 10
198.352
 20
10.541
 10
198.041
 20
10.427
 10
198.069
 20
10.286
 10
198.161
 20
10.236
 10
198.444
 20
10.236
 10
198.706
 20
10.399
 10
198.94
 20
10.874
 10
198.89
 20
11.107
 10
198.607
 20
11.532
 10
198.232
 20
11.723
 97
0
 92
2
 72
0
 73
1
 93
14
 10
201.581
 20
11.065
 10
201.68
 20
11.065
 10
201.652
 20
10.966
 10
201.794
 20
10.824
 10
201.864
 20
10.923
 10
201.963
 20
10.923
 10
201.822
 20
10.612
 10
201.702
 20
10.661
 10
201.539
 20
10.541
 10
201.369
 20
10.541
 10
201.397
 20
10.711
 10
201.255
 20
10.612
 10
201.085
 20
10.612
 10
201.255
 20
10.824
 97
0
 92
2
 72
0
 73
1
 93
13
 10
202.742
 20
10.711
 10
202.247
 20
10.328
 10
201.794
 20
9.861
 10
201.609
 20
9.762
 10
201.369
 20
9.479
 10
201.702
 20
9.387
 10
202.105
 20
9.125
 10
202.176
 20
9.266
 10
202.884
 20
9.974
 10
203.096
 20
10.003
 10
203.167
 20
9.903
 10
203.118
 20
10.236
 10
202.997
 20
10.47
 97
0
 92
2
 72
0
 73
1
 93
9
 10
203.521
 20
9.79
 10
202.856
 20
9.125
 10
203.564
 20
8.841
 10
203.918
 20
8.417
 10
204.038
 20
8.041
 10
204.159
 20
7.921
 10
204.251
 20
8.749
 10
204.109
 20
9.174
 10
203.918
 20
9.479
 97
0
 92
2
 72
0
 73
1
 93
51
 10
201.135
 20
9.174
 10
200.76
 20
8.912
 10
200.569
 20
8.537
 10
200.569
 20
7.97
 10
200.76
 20
7.524
 10
201.255
 20
7.029
 10
201.985
 20
6.696
 10
202.714
 20
6.576
 10
203.118
 20
6.625
 10
203.493
 20
6.816
 10
203.635
 20
6.958
 10
203.826
 20
7.333
 10
203.826
 20
8.041
 10
203.635
 20
8.417
 10
203.422
 20
8.629
 10
203.047
 20
8.82
 10
202.693
 20
8.82
 10
202.36
 20
8.657
 10
202.197
 20
8.324
 10
202.197
 20
8.112
 10
202.388
 20
7.808
 10
202.601
 20
7.708
 10
202.672
 20
7.808
 10
202.48
 20
8.041
 10
202.53
 20
8.275
 10
202.693
 20
8.395
 10
203.068
 20
8.346
 10
203.21
 20
8.204
 10
203.401
 20
7.758
 10
203.401
 20
7.546
 10
203.167
 20
7.142
 10
202.622
 20
6.908
 10
202.126
 20
6.908
 10
201.609
 20
7.1
 10
201.185
 20
7.383
 10
201.043
 20
7.524
 10
200.852
 20
7.9
 10
200.802
 20
8.162
 10
200.901
 20
8.558
 10
201.277
 20
8.82
 10
201.652
 20
8.7
 10
201.772
 20
8.537
 10
201.772
 20
8.324
 10
201.51
 20
8.062
 10
201.702
 20
7.97
 10
201.794
 20
8.02
 10
201.914
 20
8.254
 10
201.914
 20
8.466
 10
202.034
 20
8.799
 10
201.935
 20
8.983
 10
201.702
 20
9.174
 97
0
 75
0
 76
1
 98
0
  0
LWPOLYLINE
  5
61
330
17
100
AcDbEntity
  8
CUT
100
AcDbPolyline
 90
52
 70
1
 10
215.718
 20
19.134
 10
215.733
 20
19.472
 10
215.778
 20
19.786
 10
215.854
 20
20.073
 10
215.961
 20
20.334
 10
216.101
 20
20.567
 10
216.272
 20
20.769
 10
216.475
 20
20.941
 10
216.707
 20
21.08
 10
216.968
 20
21.188
 10
217.256
 20
21.263
 10
217.57
 20
21.308
 10
217.908
 20
21.323
 10
230.99
 20
21.323
 10
231.328
 20
21.308
 10
231.642
 20
21.263
 10
231.93
 20
21.188
 10
232.19
 20
21.08
 10
232.423
 20
20.941
 10
232.625
 20
20.769
 10
232.797
 20
20.567
 10
232.937
 20
20.334
 10
233.044
 20
20.073
 10
233.12
 20
19.786
 10
233.164
 20
19.472
 10
233.179
 20
19.134
 10
233.179
 20
6.052
 10
233.164
 20
5.714
 10
233.12
 20
5.399
 10
233.044
 20
5.112
 10
232.937
 20
4.851
 10
232.797
 20
4.619
 10
232.625
 20
4.416
 10
232.423
 20
4.244
 10
232.19
 20
4.105
 10
231.93
 20
3.998
 10
231.642
 20
3.922
 10
231.328
 20
3.877
 10
230.99
 20
3.862
 10
217.908
 20
3.862
 10
217.57
 20
3.877
 10
217.256
 20
3.922
 10
216.968
 20
3.998
 10
216.707
 20
4.105
 10
216.475
 20
4.244
 10
216.272
 20
4.416
 10
216.101
 20
4.619
 10
215.961
 20
4.851
 10
215.854
 20
5.112
 10
215.778
 20
5.399
 10
215.733
 20
5.714
 10
215.718
 20
6.052
  0
HATCH
  5
62
330
17
100
AcDbEntity
  8
RASTER
 62
7
100
AcDbHatch
 10
0.0
 20
0.0
 30
0.0
210
0.0
220
0.0
230
1.0
  2
SOLID
 70
1
 71
0
 91
7
 92
3
 72
0
 73
1
 93
137
 10
228.285
 20
18.076
 10
228.606
 20
18.093
 10
228.791
 20
17.997
 10
229.016
 20
17.828
 10
229.168
 20
17.53
 10
229.168
 20
17.024
 10
229.112
 20
16.8
 10
228.791
 20
16.108
 10
228.398
 20
15.467
 10
229.561
 20
15.956
 10
230.292
 20
16.125
 10
230.742
 20
16.069
 10
231.04
 20
15.917
 10
231.152
 20
15.804
 10
231.248
 20
15.563
 10
231.119
 20
15.13
 10
230.928
 20
14.927
 10
230.854
 20
14.888
 10
230.556
 20
14.927
 10
230.517
 20
15.282
 10
230.405
 20
15.338
 10
229.657
 20
14.961
 10
228.566
 20
14.197
 10
228.623
 20
14.118
 10
228.718
 20
14.157
 10
228.887
 20
14.101
 10
229.41
 20
13.837
 10
229.691
 20
13.612
 10
229.73
 20
13.37
 10
229.618
 20
13.089
 10
229.41
 20
12.679
 10
229.129
 20
12.285
 10
228.566
 20
11.723
 10
228.044
 20
11.403
 10
227.594
 20
11.234
 10
227.144
 20
11.178
 10
227.088
 20
11.122
 10
227.33
 20
10.857
 10
227.594
 20
10.335
 10
227.819
 20
9.435
 10
227.819
 20
8.367
 10
227.611
 20
7.732
 10
227.425
 20
7.636
 10
226.975
 20
7.692
 10
225.795
 20
8.03
 10
225.272
 20
8.294
 10
224.597
 20
8.912
 10
224.389
 20
9.266
 10
224.238
 20
9.699
 10
223.732
 20
8.912
 10
223.17
 20
8.519
 10
222.534
 20
8.198
 10
221.41
 20
7.917
 10
221.073
 20
7.917
 10
220.808
 20
8.181
 10
220.55
 20
7.934
 10
220.398
 20
7.692
 10
220.454
 20
7.467
 10
220.415
 20
7.226
 10
220.117
 20
7.018
 10
219.819
 20
7.113
 10
219.611
 20
7.411
 10
219.611
 20
7.805
 10
219.723
 20
8.142
 10
220.1
 20
8.777
 10
220.584
 20
9.306
 10
220.718
 20
9.531
 10
220.606
 20
9.508
 10
219.965
 20
9.081
 10
219.442
 20
8.817
 10
218.88
 20
8.648
 10
218.374
 20
8.648
 10
218.02
 20
8.8
 10
217.795
 20
9.081
 10
217.7
 20
9.379
 10
217.795
 20
9.733
 10
217.885
 20
9.868
 10
218.037
 20
9.941
 10
218.206
 20
9.997
 10
218.391
 20
9.902
 10
218.582
 20
9.531
 10
218.655
 20
9.491
 10
219.347
 20
9.924
 10
220.1
 20
10.52
 10
219.78
 20
10.447
 10
219.499
 20
10.447
 10
219.386
 20
10.391
 10
218.543
 20
10.391
 10
217.908
 20
10.655
 10
217.7
 20
11.009
 10
217.7
 20
11.29
 10
217.795
 20
11.476
 10
217.964
 20
11.644
 10
218.149
 20
11.684
 10
218.335
 20
11.588
 10
218.47
 20
11.273
 10
218.543
 20
11.234
 10
218.824
 20
11.234
 10
219.667
 20
11.459
 10
220.679
 20
11.852
 10
220.96
 20
12.021
 10
220.662
 20
12.229
 10
220.213
 20
12.679
 10
219.931
 20
13.072
 10
219.723
 20
13.426
 10
219.499
 20
13.989
 10
219.538
 20
14.343
 10
219.819
 20
14.568
 10
220.173
 20
14.719
 10
220.679
 20
14.888
 10
221.241
 20
15.001
 10
222.028
 20
15.001
 10
222.591
 20
14.832
 10
223.136
 20
14.568
 10
223.096
 20
15.338
 10
223.265
 20
15.9
 10
223.529
 20
16.423
 10
223.754
 20
16.76
 10
224.373
 20
17.435
 10
224.952
 20
17.811
 10
225.193
 20
17.716
 10
225.418
 20
17.491
 10
225.98
 20
16.704
 10
226.357
 20
15.844
 10
226.413
 20
15.619
 10
226.413
 20
15.169
 10
226.469
 20
15.113
 10
227.779
 20
16.389
 10
228.229
 20
17.008
 10
228.381
 20
17.305
 10
228.364
 20
17.401
 10
228.268
 20
17.418
 10
228.156
 20
17.362
 10
227.914
 20
17.401
 10
227.819
 20
17.53
 10
227.819
 20
17.699
 10
227.97
 20
17.941
 97
0
 92
2
 72
0
 73
1
 93
43
 10
224.952
 20
17.53
 10
224.766
 20
17.435
 10
224.148
 20
16.816
 10
223.81
 20
16.367
 10
223.49
 20
15.731
 10
223.321
 20
14.888
 10
223.378
 20
14.776
 10
223.378
 20
14.438
 10
223.586
 20
13.916
 10
223.996
 20
13.82
 10
224.221
 20
13.708
 10
224.502
 20
13.82
 10
224.839
 20
13.82
 10
225.025
 20
13.668
 10
225.16
 20
13.41
 10
225.345
 20
13.314
 10
225.514
 20
13.314
 10
225.756
 20
13.162
 10
225.924
 20
12.937
 10
226.076
 20
12.583
 10
226.02
 20
12.246
 10
225.795
 20
11.852
 10
226.301
 20
11.571
 10
226.638
 20
11.459
 10
227.2
 20
11.459
 10
228.117
 20
11.779
 10
228.454
 20
12.004
 10
229.072
 20
12.679
 10
229.449
 20
13.37
 10
229.41
 20
13.5
 10
228.96
 20
13.781
 10
228.1
 20
14.157
 10
227.65
 20
14.27
 10
227.032
 20
14.27
 10
226.638
 20
14.157
 10
226.115
 20
13.893
 10
225.531
 20
13.387
 10
226.076
 20
14.495
 10
226.172
 20
15.13
 10
226.132
 20
15.619
 10
225.907
 20
16.294
 10
225.643
 20
16.76
 10
225.362
 20
17.154
 97
0
 92
2
 72
0
 73
1
 93
26
 10
221.41
 20
14.776
 10
221.298
 20
14.719
 10
220.792
 20
14.663
 10
220.286
 20
14.495
 10
219.763
 20
14.23
 10
219.723
 20
14.101
 10
219.78
 20
13.932
 10
220.1
 20
13.297
 10
220.325
 20
12.96
 10
220.831
 20
12.454
 10
221.056
 20
12.285
 10
221.579
 20
12.021
 10
221.972
 20
11.909
 10
222.815
 20
11.909
 10
222.888
 20
11.948
 10
223.04
 20
12.302
 10
223.04
 20
12.471
 10
222.928
 20
12.808
 10
222.984
 20
13.145
 10
223.136
 20
13.5
 10
223.394
 20
13.747
 10
223.434
 20
13.82
 10
223.394
 20
13.893
 10
223.057
 20
14.287
 10
222.366
 20
14.663
 10
221.916
 20
14.776
 97
0
 92
2
 72
0
 73
1
 93
31
 10
223.771
 20
13.82
 10
223.417
 20
13.668
 10
223.304
 20
13.556
 10
223.096
 20
13.089
 10
223.096
 20
12.752
 10
223.321
 20
12.358
 10
223.04
 20
11.965
 10
223.04
 20
11.459
 10
223.192
 20
11.161
 10
223.434
 20
11.009
 10
223.602
 20
11.009
 10
223.94
 20
11.234
 10
224.204
 20
10.936
 10
224.389
 20
10.84
 10
224.614
 20
10.84
 10
224.856
 20
10.936
 10
225.081
 20
11.105
 10
225.233
 20
11.403
 10
225.25
 20
11.892
 10
225.514
 20
11.909
 10
225.722
 20
12.038
 10
225.907
 20
12.358
 10
225.907
 20
12.639
 10
225.699
 20
12.994
 10
225.345
 20
13.202
 10
225.081
 20
13.218
 10
225.064
 20
13.37
 10
224.912
 20
13.612
 10
224.558
 20
13.651
 10
224.294
 20
13.443
 10
224.013
 20
13.724
 97
0
 92
2
 72
0
 73
1
 93
17
 10
224.069
 20
12.735
 10
224.221
 20
12.752
 10
224.277
 20
12.696
 10
224.052
 20
12.358
 10
224.052
 20
12.077
 10
224.165
 20
11.965
 10
224.463
 20
12.06
 10
224.766
 20
12.375
 10
224.895
 20
12.415
 10
224.952
 20
12.358
 10
224.856
 20
12.173
 10
224.687
 20
12.004
 10
224.277
 20
11.74
 10
224.108
 20
11.74
 10
223.957
 20
11.813
 10
223.884
 20
11.965
 10
223.884
 20
12.415
 97
0
 92
2
 72
0
 73
1
 93
23
 10
222.703
 20
11.74
 10
221.955
 20
11.363
 10
221.449
 20
10.857
 10
221.129
 20
10.278
 10
220.96
 20
9.604
 10
220.96
 20
8.76
 10
221.016
 20
8.479
 10
221.185
 20
8.198
 10
221.41
 20
8.198
 10
222.141
 20
8.367
 10
222.759
 20
8.592
 10
223.226
 20
8.856
 10
223.619
 20
9.193
 10
224.108
 20
9.997
 10
224.221
 20
10.335
 10
224.238
 20
10.632
 10
224.035
 20
10.767
 10
223.884
 20
10.953
 10
223.659
 20
10.84
 10
223.378
 20
10.84
 10
223.192
 20
10.936
 10
222.928
 20
11.234
 10
222.855
 20
11.723
 97
0
 92
2
 72
0
 73
1
 93
23
 10
225.57
 20
11.684
 10
225.497
 20
11.644
 10
225.401
 20
11.29
 10
225.193
 20
10.936
 10
224.727
 20
10.672
 10
224.485
 20
10.632
 10
224.446
 20
10.559
 10
224.406
 20
10.374
 10
224.446
 20
9.997
 10
224.614
 20
9.491
 10
224.879
 20
9.025
 10
225.216
 20
8.687
 10
225.553
 20
8.463
 10
226.526
 20
8.086
 10
227.369
 20
7.917
 10
227.481
 20
8.03
 10
227.594
 20
8.479
 10
227.594
 20
9.323
 10
227.425
 20
10.053
 10
227.049
 20
10.745
 10
226.711
 20
11.082
 10
226.318
 20
11.363
 10
225.682
 20
11.684
 97
0
 75
0
 76
1
 98
0
  0
LWPOLYLINE
  5
63
330
17
100
AcDbEntity
  8
CUT
100
AcDbPolyline
 90
52
 70
1
 10
236.904
 20
19.134
 10
236.919
 20
19.472
 10
236.964
 20
19.786
 10
237.039
 20
20.073
 10
237.147
 20
20.334
 10
237.286
 20
20.567
 10
237.458
 20
20.769
 10
237.66
 20
20.941
 10
237.893
 20
21.08
 10
238.154
 20
21.188
 10
238.441
 20
21.263
 10
238.755
 20
21.308
 10
239.093
 20
21.323
 10
252.175
 20
21.323
 10
252.513
 20
21.308
 10
252.828
 20
21.263
 10
253.115
 20
21.188
 10
253.376
 20
21.08
 10
253.608
 20
20.941
 10
253.811
 20
20.769
 10
253.983
 20
20.567
 10
254.122
 20
20.334
 10
254.229
 20
20.073
 10
254.305
 20
19.786
 10
254.35
 20
19.472
 10
254.365
 20
19.134
 10
254.365
 20
6.052
 10
254.35
 20
5.714
 10
254.305
 20
5.399
 10
254.229
 20
5.112
 10
254.122
 20
4.851
 10
253.983
 20
4.619
 10
253.811
 20
4.416
 10
253.608
 20
4.244
 10
253.376
 20
4.105
 10
253.115
 20
3.998
 10
252.828
 20
3.922
 10
252.513
 20
3.877
 10
252.175
 20
3.862
 10
239.093
 20
3.862
 10
238.755
 20
3.877
 10
238.441
 20
3.922
 10
238.154
 20
3.998
 10
237.893
 20
4.105
 10
237.66
 20
4.244
 10
237.458
 20
4.416
 10
237.286
 20
4.619
 10
237.147
 20
4.851
 10
237.039
 20
5.112
 10
236.964
 20
5.399
 10
236.919
 20
5.714
 10
236.904
 20
6.052
  0
HATCH
  5
64
330
17
100
AcDbEntity
  8
RASTER
 62
7
100
AcDbHatch
 10
0.0
 20
0.0
 30
0.0
210
0.0
220
0.0
230
1.0
  2
SOLID
 70
1
 71
0
 91
7
 92
3
 72
0
 73
1
 93
137
 10
249.471
 20
18.076
 10
249.791
 20
18.093
 10
249.977
 20
17.997
 10
250.202
 20
17.828
 10
250.354
 20
17.53
 10
250.354
 20
17.024
 10
250.297
 20
16.8
 10
249.977
 20
16.108
 10
249.583
 20
15.467
 10
250.747
 20
15.956
 10
251.478
 20
16.125
 10
251.928
 20
16.069
 10
252.226
 20
15.917
 10
252.338
 20
15.804
 10
252.434
 20
15.563
 10
252.304
 20
15.13
 10
252.113
 20
14.927
 10
252.04
 20
14.888
 10
251.742
 20
14.927
 10
251.703
 20
15.282
 10
251.59
 20
15.338
 10
250.843
 20
14.961
 10
249.752
 20
14.197
 10
249.808
 20
14.118
 10
249.904
 20
14.157
 10
250.072
 20
14.101
 10
250.595
 20
13.837
 10
250.876
 20
13.612
 10
250.916
 20
13.37
 10
250.803
 20
13.089
 10
250.595
 20
12.679
 10
250.314
 20
12.285
 10
249.752
 20
11.723
 10
249.229
 20
11.403
 10
248.779
 20
11.234
 10
248.33
 20
11.178
 10
248.273
 20
11.122
 10
248.515
 20
10.857
 10
248.779
 20
10.335
 10
249.004
 20
9.435
 10
249.004
 20
8.367
 10
248.796
 20
7.732
 10
248.611
 20
7.636
 10
248.161
 20
7.692
 10
246.98
 20
8.03
 10
246.458
 20
8.294
 10
245.783
 20
8.912
 10
245.575
 20
9.266
 10
245.423
 20
9.699
 10
244.917
 20
8.912
 10
244.355
 20
8.519
 10
243.72
 20
8.198
 10
242.596
 20
7.917
 10
242.258
 20
7.917
 10
241.994
 20
8.181
 10
241.735
 20
7.934
 10
241.584
 20
7.692
 10
241.64
 20
7.467
 10
241.6
 20
7.226
 10
241.303
 20
7.018
 10
241.005
 20
7.113
 10
240.797
 20
7.411
 10
240.797
 20
7.805
 10
240.909
 20
8.142
 10
241.286
 20
8.777
 10
241.769
 20
9.306
 10
241.904
 20
9.531
 10
241.792
 20
9.508
 10
241.151
 20
9.081
 10
240.628
 20
8.817
 10
240.066
 20
8.648
 10
239.56
 20
8.648
 10
239.206
 20
8.8
 10
238.981
 20
9.081
 10
238.885
 20
9.379
 10
238.981
 20
9.733
 10
239.071
 20
9.868
 10
239.223
 20
9.941
 10
239.391
 20
9.997
 10
239.577
 20
9.902
 10
239.768
 20
9.531
 10
239.841
 20
9.491
 10
240.532
 20
9.924
 10
241.286
 20
10.52
 10
240.965
 20
10.447
 10
240.684
 20
10.447
 10
240.572
 20
10.391
 10
239.728
 20
10.391
 10
239.093
 20
10.655
 10
238.885
 20
11.009
 10
238.885
 20
11.29
 10
238.981
 20
11.476
 10
239.149
 20
11.644
 10
239.335
 20
11.684
 10
239.52
 20
11.588
 10
239.655
 20
11.273
 10
239.728
 20
11.234
 10
240.01
 20
11.234
 10
240.853
 20
11.459
 10
241.865
 20
11.852
 10
242.146
 20
12.021
 10
241.848
 20
12.229
 10
241.398
 20
12.679
 10
241.117
 20
13.072
 10
240.909
 20
13.426
 10
240.684
 20
13.989
 10
240.724
 20
14.343
 10
241.005
 20
14.568
 10
241.359
 20
14.719
 10
241.865
 20
14.888
 10
242.427
 20
15.001
 10
243.214
 20
15.001
 10
243.776
 20
14.832
 10
244.321
 20
14.568
 10
244.282
 20
15.338
 10
244.451
 20
15.9
 10
244.715
 20
16.423
 10
244.94
 20
16.76
 10
245.558
 20
17.435
 10
246.137
 20
17.811
 10
246.379
 20
17.716
 10
246.604
 20
17.491
 10
247.166
 20
16.704
 10
247.543
 20
15.844
 10
247.599
 20
15.619
 10
247.599
 20
15.169
 10
247.655
 20
15.113
 10
248.965
 20
16.389
 10
249.415
 20
17.008
 10
249.566
 20
17.305
 10
249.55
 20
17.401
 10
249.454
 20
17.418
 10
249.342
 20
17.362
 10
249.1
 20
17.401
 10
249.004
 20
17.53
 10
249.004
 20
17.699
 10
249.156
 20
17.941
 97
0
 92
2
 72
0
 73
1
 93
43
 10
246.137
 20
17.53
 10
245.952
 20
17.435
 10
245.333
 20
16.816
 10
244.996
 20
16.367
 10
244.676
 20
15.731
 10
244.507
 20
14.888
 10
244.563
 20
14.776
 10
244.563
 20
14.438
 10
244.771
 20
13.916
 10
245.182
 20
13.82
 10
245.406
 20
13.708
 10
245.687
 20
13.82
 10
246.025
 20
13.82
 10
246.21
 20
13.668
 10
246.345
 20
13.41
 10
246.531
 20
13.314
 10
246.699
 20
13.314
 10
246.941
 20
13.162
 10
247.11
 20
12.937
 10
247.262
 20
12.583
 10
247.205
 20
12.246
 10
246.98
 20
11.852
 10
247.486
 20
11.571
 10
247.824
 20
11.459
 10
248.386
 20
11.459
 10
249.302
 20
11.779
 10
249.64
 20
12.004
 10
250.258
 20
12.679
 10
250.635
 20
13.37
 10
250.595
 20
13.5
 10
250.146
 20
13.781
 10
249.285
 20
14.157
 10
248.836
 20
14.27
 10
248.217
 20
14.27
 10
247.824
 20
14.157
 10
247.301
 20
13.893
 10
246.716
 20
13.387
 10
247.262
 20
14.495
 10
247.357
 20
15.13
 10
247.318
 20
15.619
 10
247.093
 20
16.294
 10
246.829
 20
16.76
 10
246.548
 20
17.154
 97
0
 92
2
 72
0
 73
1
 93
26
 10
242.596
 20
14.776
 10
242.483
 20
14.719
 10
241.977
 20
14.663
 10
241.471
 20
14.495
 10
240.948
 20
14.23
 10
240.909
 20
14.101
 10
240.965
 20
13.932
 10
241.286
 20
13.297
 10
241.511
 20
12.96
 10
242.017
 20
12.454
 10
242.241
 20
12.285
 10
242.764
 20
12.021
 10
243.158
 20
11.909
 10
244.001
 20
11.909
 10
244.074
 20
11.948
 10
244.226
 20
12.302
 10
244.226
 20
12.471
 10
244.113
 20
12.808
 10
244.17
 20
13.145
 10
244.321
 20
13.5
 10
244.58
 20
13.747
 10
244.619
 20
13.82
 10
244.58
 20
13.893
 10
244.243
 20
14.287
 10
243.551
 20
14.663
 10
243.102
 20
14.776
 97
0
 92
2
 72
0
 73
1
 93
31
 10
244.957
 20
13.82
 10
244.603
 20
13.668
 10
244.49
 20
13.556
 10
244.282
 20
13.089
 10
244.282
 20
12.752
 10
244.507
 20
12.358
 10
244.226
 20
11.965
 10
244.226
 20
11.459
 10
244.378
 20
11.161
 10
244.619
 20
11.009
 10
244.788
 20
11.009
 10
245.125
 20
11.234
 10
245.39
 20
10.936
 10
245.575
 20
10.84
 10
245.8
 20
10.84
 10
246.042
 20
10.936
 10
246.267
 20
11.105
 10
246.418
 20
11.403
 10
246.435
 20
11.892
 10
246.699
 20
11.909
 10
246.907
 20
12.038
 10
247.093
 20
12.358
 10
247.093
 20
12.639
 10
246.885
 20
12.994
 10
246.531
 20
13.202
 10
246.267
 20
13.218
 10
246.25
 20
13.37
 10
246.098
 20
13.612
 10
245.744
 20
13.651
 10
245.479
 20
13.443
 10
245.198
 20
13.724
 97
0
 92
2
 72
0
 73
1
 93
17
 10
245.255
 20
12.735
 10
245.406
 20
12.752
 10
245.463
 20
12.696
 10
245.238
 20
12.358
 10
245.238
 20
12.077
 10
245.35
 20
11.965
 10
245.648
 20
12.06
 10
245.952
 20
12.375
 10
246.081
 20
12.415
 10
246.137
 20
12.358
 10
246.042
 20
12.173
 10
245.873
 20
12.004
 10
245.463
 20
11.74
 10
245.294
 20
11.74
 10
245.142
 20
11.813
 10
245.069
 20
11.965
 10
245.069
 20
12.415
 97
0
 92
2
 72
0
 73
1
 93
23
 10
243.889
 20
11.74
 10
243.141
 20
11.363
 10
242.635
 20
10.857
 10
242.314
 20
10.278
 10
242.146
 20
9.604
 10
242.146
 20
8.76
 10
242.202
 20
8.479
 10
242.371
 20
8.198
 10
242.596
 20
8.198
 10
243.326
 20
8.367
 10
243.945
 20
8.592
 10
244.411
 20
8.856
 10
244.805
 20
9.193
 10
245.294
 20
9.997
 10
245.406
 20
10.335
 10
245.423
 20
10.632
 10
245.221
 20
10.767
 10
245.069
 20
10.953
 10
244.844
 20
10.84
 10
244.563
 20
10.84
 10
244.378
 20
10.936
 10
244.113
 20
11.234
 10
244.04
 20
11.723
 97
0
 92
2
 72
0
 73
1
 93
23
 10
246.756
 20
11.684
 10
246.683
 20
11.644
 10
246.587
 20
11.29
 10
246.379
 20
10.936
 10
245.912
 20
10.672
 10
245.671
 20
10.632
 10
245.631
 20
10.559
 10
245.592
 20
10.374
 10
245.631
 20
9.997
 10
245.8
 20
9.491
 10
246.064
 20
9.025
 10
246.401
 20
8.687
 10
246.739
 20
8.463
 10
247.711
 20
8.086
 10
248.555
 20
7.917
 10
248.667
 20
8.03
 10
248.779
 20
8.479
 10
248.779
 20
9.323
 10
248.611
 20
10.053
 10
248.234
 20
10.745
 10
247.897
 20
11.082
 10
247.503
 20
11.363
 10
246.868
 20
11.684
 97
0
 75
0
 76
1
 98
0
  0
LWPOLYLINE
  5
65
330
17
100
AcDbEntity
  8
CUT
100
AcDbPolyline
 90
52
 70
1
 10
258.09
 20
19.134
 10
258.104
 20
19.472
 10
258.149
 20
19.786
 10
258.225
 20
20.073
 10
258.332
 20
20.334
 10
258.472
 20
20.567
 10
258.643
 20
20.769
 10
258.846
 20
20.941
 10
259.079
 20
21.08
 10
259.339
 20
21.188
 10
259.627
 20
21.263
 10
259.941
 20
21.308
 10
260.279
 20
21.323
 10
273.361
 20
21.323
 10
273.699
 20
21.308
 10
274.013
 20
21.263
 10
274.301
 20
21.188
 10
274.561
 20
21.08
 10
274.794
 20
20.941
 10
274.997
 20
20.769
 10
275.168
 20
20.567
 10
275.308
 20
20.334
 10
275.415
 20
20.073
 10
275.491
 20
19.786
 10
275.536
 20
19.472
 10
275.55
 20
19.134
 10
275.55
 20
6.052
 10
275.536
 20
5.714
 10
275.491
 20
5.399
 10
275.415
 20
5.112
 10
275.308
 20
4.851
 10
275.168
 20
4.619
 10
274.997
 20
4.416
 10
274.794
 20
4.244
 10
274.561
 20
4.105
 10
274.301
 20
3.998
 10
274.013
 20
3.922
 10
273.699
 20
3.877
 10
273.361
 20
3.862
 10
260.279
 20
3.862
 10
259.941
 20
3.877
 10
259.627
 20
3.922
 10
259.339
 20
3.998
 10
259.079
 20
4.105
 10
258.846
 20
4.244
 10
258.643
 20
4.416
 10
258.472
 20
4.619
 10
258.332
 20
4.851
 10
258.225
 20
5.112
 10
258.149
 20
5.399
 10
258.104
 20
5.714
 10
258.09
 20
6.052
  0
HATCH
  5
66
330
17
100
AcDbEntity
  8
RASTER
 62
7
100
AcDbHatch
 10
0.0
 20
0.0
 30
0.0
210
0.0
220
0.0
230
1.0
  2
SOLID
 70
1
 71
0
 91
7
 92
3
 72
0
 73
1
 93
137
 10
270.657
 20
18.076
 10
270.977
 20
18.093
 10
271.162
 20
17.997
 10
271.387
 20
17.828
 10
271.539
 20
17.53
 10
271.539
 20
17.024
 10
271.483
 20
16.8
 10
271.162
 20
16.108
 10
270.769
 20
15.467
 10
271.933
 20
15.956
 10
272.663
 20
16.125
 10
273.113
 20
16.069
 10
273.411
 20
15.917
 10
273.524
 20
15.804
 10
273.619
 20
15.563
 10
273.49
 20
15.13
 10
273.299
 20
14.927
 10
273.226
 20
14.888
 10
272.928
 20
14.927
 10
272.888
 20
15.282
 10
272.776
 20
15.338
 10
272.028
 20
14.961
 10
270.938
 20
14.197
 10
270.994
 20
14.118
 10
271.089
 20
14.157
 10
271.258
 20
14.101
 10
271.781
 20
13.837
 10
272.062
 20
13.612
 10
272.101
 20
13.37
 10
271.989
 20
13.089
 10
271.781
 20
12.679
 10
271.5
 20
12.285
 10
270.938
 20
11.723
 10
270.415
 20
11.403
 10
269.965
 20
11.234
 10
269.515
 20
11.178
 10
269.459
 20
11.122
 10
269.701
 20
10.857
 10
269.965
 20
10.335
 10
270.19
 20
9.435
 10
270.19
 20
8.367
 10
269.982
 20
7.732
 10
269.796
 20
7.636
 10
269.347
 20
7.692
 10
268.166
 20
8.03
 10
267.643
 20
8.294
 10
266.969
 20
8.912
 10
266.761
 20
9.266
 10
266.609
 20
9.699
 10
266.103
 20
8.912
 10
265.541
 20
8.519
 10
264.905
 20
8.198
 10
263.781
 20
7.917
 10
263.444
 20
7.917
 10
263.18
 20
8.181
 10
262.921
 20
7.934
 10
262.769
 20
7.692
 10
262.825
 20
7.467
 10
262.786
 20
7.226
 10
262.488
 20
7.018
 10
262.19
 20
7.113
 10
261.982
 20
7.411
 10
261.982
 20
7.805
 10
262.095
 20
8.142
 10
262.471
 20
8.777
 10
262.955
 20
9.306
 10
263.09
 20
9.531
 10
262.977
 20
9.508
 10
262.336
 20
9.081
 10
261.814
 20
8.817
 10
261.251
 20
8.648
 10
260.745
 20
8.648
 10
260.391
 20
8.8
 10
260.166
 20
9.081
 10
260.071
 20
9.379
 10
260.166
 20
9.733
 10
260.256
 20
9.868
 10
260.408
 20
9.941
 10
260.577
 20
9.997
 10
260.762
 20
9.902
 10
260.953
 20
9.531
 10
261.026
 20
9.491
 10
261.718
 20
9.924
 10
262.471
 20
10.52
 10
262.151
 20
10.447
 10
261.87
 20
10.447
 10
261.757
 20
10.391
 10
260.914
 20
10.391
 10
260.279
 20
10.655
 10
260.071
 20
11.009
 10
260.071
 20
11.29
 10
260.166
 20
11.476
 10
260.335
 20
11.644
 10
260.521
 20
11.684
 10
260.706
 20
11.588
 10
260.841
 20
11.273
 10
260.914
 20
11.234
 10
261.195
 20
11.234
 10
262.038
 20
11.459
 10
263.05
 20
11.852
 10
263.331
 20
12.021
 10
263.033
 20
12.229
 10
262.584
 20
12.679
 10
262.303
 20
13.072
 10
262.095
 20
13.426
 10
261.87
 20
13.989
 10
261.909
 20
14.343
 10
262.19
 20
14.568
 10
262.544
 20
14.719
 10
263.05
 20
14.888
 10
263.612
 20
15.001
 10
264.4
 20
15.001
 10
264.962
 20
14.832
 10
265.507
 20
14.568
 10
265.468
 20
15.338
 10
265.636
 20
15.9
 10
265.901
 20
16.423
 10
266.125
 20
16.76
 10
266.744
 20
17.435
 10
267.323
 20
17.811
 10
267.565
 20
17.716
 10
267.789
 20
17.491
 10
268.352
 20
16.704
 10
268.728
 20
15.844
 10
268.784
 20
15.619
 10
268.784
 20
15.169
 10
268.841
 20
15.113
 10
270.151
 20
16.389
 10
270.6
 20
17.008
 10
270.752
 20
17.305
 10
270.735
 20
17.401
 10
270.64
 20
17.418
 10
270.527
 20
17.362
 10
270.285
 20
17.401
 10
270.19
 20
17.53
 10
270.19
 20
17.699
 10
270.342
 20
17.941
 97
0
 92
2
 72
0
 73
1
 93
43
 10
267.323
 20
17.53
 10
267.137
 20
17.435
 10
266.519
 20
16.816
 10
266.182
 20
16.367
 10
265.861
 20
15.731
 10
265.693
 20
14.888
 10
265.749
 20
14.776
 10
265.749
 20
14.438
 10
265.957
 20
13.916
 10
266.367
 20
13.82
 10
266.592
 20
13.708
 10
266.873
 20
13.82
 10
267.21
 20
13.82
 10
267.396
 20
13.668
 10
267.531
 20
13.41
 10
267.716
 20
13.314
 10
267.885
 20
13.314
 10
268.127
 20
13.162
 10
268.295
 20
12.937
 10
268.447
 20
12.583
 10
268.391
 20
12.246
 10
268.166
 20
11.852
 10
268.672
 20
11.571
 10
269.009
 20
11.459
 10
269.572
 20
11.459
 10
270.488
 20
11.779
 10
270.825
 20
12.004
 10
271.444
 20
12.679
 10
271.82
 20
13.37
 10
271.781
 20
13.5
 10
271.331
 20
13.781
 10
270.471
 20
14.157
 10
270.021
 20
14.27
 10
269.403
 20
14.27
 10
269.009
 20
14.157
 10
268.487
 20
13.893
 10
267.902
 20
13.387
 10
268.447
 20
14.495
 10
268.543
 20
15.13
 10
268.503
 20
15.619
 10
268.279
 20
16.294
 10
268.014
 20
16.76
 10
267.733
 20
17.154
 97
0
 92
2
 72
0
 73
1
 93
26
 10
263.781
 20
14.776
 10
263.669
 20
14.719
 10
263.163
 20
14.663
 10
262.657
 20
14.495
 10
262.134
 20
14.23
 10
262.095
 20
14.101
 10
262.151
 20
13.932
 10
262.471
 20
13.297
 10
262.696
 20
12.96
 10
263.202
 20
12.454
 10
263.427
 20
12.285
 10
263.95
 20
12.021
 10
264.343
 20
11.909
 10
265.187
 20
11.909
 10
265.26
 20
11.948
 10
265.411
 20
12.302
 10
265.411
 20
12.471
 10
265.299
 20
12.808
 10
265.355
 20
13.145
 10
265.507
 20
13.5
 10
265.766
 20
13.747
 10
265.805
 20
13.82
 10
265.766
 20
13.893
 10
265.428
 20
14.287
 10
264.737
 20
14.663
 10
264.287
 20
14.776
 97
0
 92
2
 72
0
 73
1
 93
31
 10
266.142
 20
13.82
 10
265.788
 20
13.668
 10
265.676
 20
13.556
 10
265.468
 20
13.089
 10
265.468
 20
12.752
 10
265.693
 20
12.358
 10
265.411
 20
11.965
 10
265.411
 20
11.459
 10
265.563
 20
11.161
 10
265.805
 20
11.009
 10
265.974
 20
11.009
 10
266.311
 20
11.234
 10
266.575
 20
10.936
 10
266.761
 20
10.84
 10
266.986
 20
10.84
 10
267.227
 20
10.936
 10
267.452
 20
11.105
 10
267.604
 20
11.403
 10
267.621
 20
11.892
 10
267.885
 20
11.909
 10
268.093
 20
12.038
 10
268.279
 20
12.358
 10
268.279
 20
12.639
 10
268.071
 20
12.994
 10
267.716
 20
13.202
 10
267.452
 20
13.218
 10
267.435
 20
13.37
 10
267.283
 20
13.612
 10
266.929
 20
13.651
 10
266.665
 20
13.443
 10
266.384
 20
13.724
 97
0
 92
2
 72
0
 73
1
 93
17
 10
266.44
 20
12.735
 10
266.592
 20
12.752
 10
266.648
 20
12.696
 10
266.423
 20
12.358
 10
266.423
 20
12.077
 10
266.536
 20
11.965
 10
266.834
 20
12.06
 10
267.137
 20
12.375
 10
267.267
 20
12.415
 10
267.323
 20
12.358
 10
267.227
 20
12.173
 10
267.059
 20
12.004
 10
266.648
 20
11.74
 10
266.48
 20
11.74
 10
266.328
 20
11.813
 10
266.255
 20
11.965
 10
266.255
 20
12.415
 97
0
 92
2
 72
0
 73
1
 93
23
 10
265.074
 20
11.74
 10
264.326
 20
11.363
 10
263.82
 20
10.857
 10
263.5
 20
10.278
 10
263.331
 20
9.604
 10
263.331
 20
8.76
 10
263.388
 20
8.479
 10
263.556
 20
8.198
 10
263.781
 20
8.198
 10
264.512
 20
8.367
 10
265.13
 20
8.592
 10
265.597
 20
8.856
 10
265.99
 20
9.193
 10
266.48
 20
9.997
 10
266.592
 20
10.335
 10
266.609
 20
10.632
 10
266.406
 20
10.767
 10
266.255
 20
10.953
 10
266.03
 20
10.84
 10
265.749
 20
10.84
 10
265.563
 20
10.936
 10
265.299
 20
11.234
 10
265.226
 20
11.723
 97
0
 92
2
 72
0
 73
1
 93
23
 10
267.941
 20
11.684
 10
267.868
 20
11.644
 10
267.773
 20
11.29
 10
267.565
 20
10.936
 10
267.098
 20
10.672
 10
266.856
 20
10.632
 10
266.817
 20
10.559
 10
266.778
 20
10.374
 10
266.817
 20
9.997
 10
266.986
 20
9.491
 10
267.25
 20
9.025
 10
267.587
 20
8.687
 10
267.924
 20
8.463
 10
268.897
 20
8.086
 10
269.74
 20
7.917
 10
269.853
 20
8.03
 10
269.965
 20
8.479
 10
269.965
 20
9.323
 10
269.796
 20
10.053
 10
269.42
 20
10.745
 10
269.082
 20
11.082
 10
268.689
 20
11.363
 10
268.054
 20
11.684
 97
0
 75
0
 76
1
 98
0
  0
LWPOLYLINE
  5
67
330
17
100
AcDbEntity
  8
CUT
100
AcDbPolyline
 90
52
 70
1
 10
279.275
 20
19.134
 10
279.29
 20
19.472
 10
279.335
 20
19.786
 10
279.411
 20
20.073
 10
279.518
 20
20.334
 10
279.657
 20
20.567
 10
279.829
 20
20.769
 10
280.032
 20
20.941
 10
280.264
 20
21.08
 10
280.525
 20
21.188
 10
280.812
 20
21.263
 10
281.127
 20
21.308
 10
281.465
 20
21.323
 10
294.547
 20
21.323
 10
294.885
 20
21.308
 10
295.199
 20
21.263
 10
295.486
 20
21.188
 10
295.747
 20
21.08
 10
295.98
 20
20.941
 10
296.182
 20
20.769
 10
296.354
 20
20.567
 10
296.493
 20
20.334
 10
296.601
 20
20.073
 10
296.676
 20
19.786
 10
296.721
 20
19.472
 10
296.736
 20
19.134
 10
296.736
 20
6.052
 10
296.721
 20
5.714
 10
296.676
 20
5.399
 10
296.601
 20
5.112
 10
296.493
 20
4.851
 10
296.354
 20
4.619
 10
296.182
 20
4.416
 10
295.98
 20
4.244
 10
295.747
 20
4.105
 10
295.486
 20
3.998
 10
295.199
 20
3.922
 10
294.885
 20
3.877
 10
294.547
 20
3.862
 10
281.465
 20
3.862
 10
281.127
 20
3.877
 10
280.812
 20
3.922
 10
280.525
 20
3.998
 10
280.264
 20
4.105
 10
280.032
 20
4.244
 10
279.829
 20
4.416
 10
279.657
 20
4.619
 10
279.518
 20
4.851
 10
279.411
 20
5.112
 10
279.335
 20
5.399
 10
279.29
 20
5.714
 10
279.275
 20
6.052
  0
HATCH
  5
68
330
17
100
AcDbEntity
  8
RASTER
 62
7
100
AcDbHatch
 10
0.0
 20
0.0
 30
0.0
210
0.0
220
0.0
230
1.0
  2
SOLID
 70
1
 71
0
 91
7
 92
3
 72
0
 73
1
 93
137
 10
291.842
 20
18.076
 10
292.163
 20
18.093
 10
292.348
 20
17.997
 10
292.573
 20
17.828
 10
292.725
 20
17.53
 10
292.725
 20
17.024
 10
292.669
 20
16.8
 10
292.348
 20
16.108
 10
291.955
 20
15.467
 10
293.118
 20
15.956
 10
293.849
 20
16.125
 10
294.299
 20
16.069
 10
294.597
 20
15.917
 10
294.709
 20
15.804
 10
294.805
 20
15.563
 10
294.675
 20
15.13
 10
294.484
 20
14.927
 10
294.411
 20
14.888
 10
294.113
 20
14.927
 10
294.074
 20
15.282
 10
293.962
 20
15.338
 10
293.214
 20
14.961
 10
292.123
 20
14.197
 10
292.179
 20
14.118
 10
292.275
 20
14.157
 10
292.444
 20
14.101
 10
292.966
 20
13.837
 10
293.248
 20
13.612
 10
293.287
 20
13.37
 10
293.174
 20
13.089
 10
292.966
 20
12.679
 10
292.685
 20
12.285
 10
292.123
 20
11.723
 10
291.6
 20
11.403
 10
291.151
 20
11.234
 10
290.701
 20
11.178
 10
290.645
 20
11.122
 10
290.886
 20
10.857
 10
291.151
 20
10.335
 10
291.376
 20
9.435
 10
291.376
 20
8.367
 10
291.168
 20
7.732
 10
290.982
 20
7.636
 10
290.532
 20
7.692
 10
289.352
 20
8.03
 10
288.829
 20
8.294
 10
288.154
 20
8.912
 10
287.946
 20
9.266
 10
287.794
 20
9.699
 10
287.289
 20
8.912
 10
286.726
 20
8.519
 10
286.091
 20
8.198
 10
284.967
 20
7.917
 10
284.629
 20
7.917
 10
284.365
 20
8.181
 10
284.107
 20
7.934
 10
283.955
 20
7.692
 10
284.011
 20
7.467
 10
283.972
 20
7.226
 10
283.674
 20
7.018
 10
283.376
 20
7.113
 10
283.168
 20
7.411
 10
283.168
 20
7.805
 10
283.28
 20
8.142
 10
283.657
 20
8.777
 10
284.14
 20
9.306
 10
284.275
 20
9.531
 10
284.163
 20
9.508
 10
283.522
 20
9.081
 10
282.999
 20
8.817
 10
282.437
 20
8.648
 10
281.931
 20
8.648
 10
281.577
 20
8.8
 10
281.352
 20
9.081
 10
281.256
 20
9.379
 10
281.352
 20
9.733
 10
281.442
 20
9.868
 10
281.594
 20
9.941
 10
281.762
 20
9.997
 10
281.948
 20
9.902
 10
282.139
 20
9.531
 10
282.212
 20
9.491
 10
282.904
 20
9.924
 10
283.657
 20
10.52
 10
283.336
 20
10.447
 10
283.055
 20
10.447
 10
282.943
 20
10.391
 10
282.1
 20
10.391
 10
281.464
 20
10.655
 10
281.256
 20
11.009
 10
281.256
 20
11.29
 10
281.352
 20
11.476
 10
281.521
 20
11.644
 10
281.706
 20
11.684
 10
281.892
 20
11.588
 10
282.027
 20
11.273
 10
282.1
 20
11.234
 10
282.381
 20
11.234
 10
283.224
 20
11.459
 10
284.236
 20
11.852
 10
284.517
 20
12.021
 10
284.219
 20
12.229
 10
283.769
 20
12.679
 10
283.488
 20
13.072
 10
283.28
 20
13.426
 10
283.055
 20
13.989
 10
283.095
 20
14.343
 10
283.376
 20
14.568
 10
283.73
 20
14.719
 10
284.236
 20
14.888
 10
284.798
 20
15.001
 10
285.585
 20
15.001
 10
286.147
 20
14.832
 10
286.693
 20
14.568
 10
286.653
 20
15.338
 10
286.822
 20
15.9
 10
287.086
 20
16.423
 10
287.311
 20
16.76
 10
287.929
 20
17.435
 10
288.508
 20
17.811
 10
288.75
 20
17.716
 10
288.975
 20
17.491
 10
289.537
 20
16.704
 10
289.914
 20
15.844
 10
289.97
 20
15.619
 10
289.97
 20
15.169
 10
290.026
 20
15.113
 10
291.336
 20
16.389
 10
291.786
 20
17.008
 10
291.938
 20
17.305
 10
291.921
 20
17.401
 10
291.825
 20
17.418
 10
291.713
 20
17.362
 10
291.471
 20
17.401
 10
291.376
 20
17.53
 10
291.376
 20
17.699
 10
291.527
 20
17.941
 97
0
 92
2
 72
0
 73
1
 93
43
 10
288.508
 20
17.53
 10
288.323
 20
17.435
 10
287.705
 20
16.816
 10
287.367
 20
16.367
 10
287.047
 20
15.731
 10
286.878
 20
14.888
 10
286.934
 20
14.776
 10
286.934
 20
14.438
 10
287.142
 20
13.916
 10
287.553
 20
13.82
 10
287.778
 20
13.708
 10
288.059
 20
13.82
 10
288.396
 20
13.82
 10
288.582
 20
13.668
 10
288.716
 20
13.41
 10
288.902
 20
13.314
 10
289.071
 20
13.314
 10
289.312
 20
13.162
 10
289.481
 20
12.937
 10
289.633
 20
12.583
 10
289.577
 20
12.246
 10
289.352
 20
11.852
 10
289.858
 20
11.571
 10
290.195
 20
11.459
 10
290.757
 20
11.459
 10
291.673
 20
11.779
 10
292.011
 20
12.004
 10
292.629
 20
12.679
 10
293.006
 20
13.37
 10
292.966
 20
13.5
 10
292.517
 20
13.781
 10
291.657
 20
14.157
 10
291.207
 20
14.27
 10
290.588
 20
14.27
 10
290.195
 20
14.157
 10
289.672
 20
13.893
 10
289.087
 20
13.387
 10
289.633
 20
14.495
 10
289.728
 20
15.13
 10
289.689
 20
15.619
 10
289.464
 20
16.294
 10
289.2
 20
16.76
 10
288.919
 20
17.154
 97
0
 92
2
 72
0
 73
1
 93
26
 10
284.967
 20
14.776
 10
284.854
 20
14.719
 10
284.348
 20
14.663
 10
283.842
 20
14.495
 10
283.32
 20
14.23
 10
283.28
 20
14.101
 10
283.336
 20
13.932
 10
283.657
 20
13.297
 10
283.882
 20
12.96
 10
284.388
 20
12.454
 10
284.613
 20
12.285
 10
285.135
 20
12.021
 10
285.529
 20
11.909
 10
286.372
 20
11.909
 10
286.445
 20
11.948
 10
286.597
 20
12.302
 10
286.597
 20
12.471
 10
286.485
 20
12.808
 10
286.541
 20
13.145
 10
286.693
 20
13.5
 10
286.951
 20
13.747
 10
286.991
 20
13.82
 10
286.951
 20
13.893
 10
286.614
 20
14.287
 10
285.922
 20
14.663
 10
285.473
 20
14.776
 97
0
 92
2
 72
0
 73
1
 93
31
 10
287.328
 20
13.82
 10
286.974
 20
13.668
 10
286.861
 20
13.556
 10
286.653
 20
13.089
 10
286.653
 20
12.752
 10
286.878
 20
12.358
 10
286.597
 20
11.965
 10
286.597
 20
11.459
 10
286.749
 20
11.161
 10
286.991
 20
11.009
 10
287.159
 20
11.009
 10
287.497
 20
11.234
 10
287.761
 20
10.936
 10
287.946
 20
10.84
 10
288.171
 20
10.84
 10
288.413
 20
10.936
 10
288.638
 20
11.105
 10
288.79
 20
11.403
 10
288.806
 20
11.892
 10
289.071
 20
11.909
 10
289.279
 20
12.038
 10
289.464
 20
12.358
 10
289.464
 20
12.639
 10
289.256
 20
12.994
 10
288.902
 20
13.202
 10
288.638
 20
13.218
 10
288.621
 20
13.37
 10
288.469
 20
13.612
 10
288.115
 20
13.651
 10
287.851
 20
13.443
 10
287.57
 20
13.724
 97
0
 92
2
 72
0
 73
1
 93
17
 10
287.626
 20
12.735
 10
287.778
 20
12.752
 10
287.834
 20
12.696
 10
287.609
 20
12.358
 10
287.609
 20
12.077
 10
287.721
 20
11.965
 10
288.019
 20
12.06
 10
288.323
 20
12.375
 10
288.452
 20
12.415
 10
288.508
 20
12.358
 10
288.413
 20
12.173
 10
288.244
 20
12.004
 10
287.834
 20
11.74
 10
287.665
 20
11.74
 10
287.513
 20
11.813
 10
287.44
 20
11.965
 10
287.44
 20
12.415
 97
0
 92
2
 72
0
 73
1
 93
23
 10
286.26
 20
11.74
 10
285.512
 20
11.363
 10
285.006
 20
10.857
 10
284.686
 20
10.278
 10
284.517
 20
9.604
 10
284.517
 20
8.76
 10
284.573
 20
8.479
 10
284.742
 20
8.198
 10
284.967
 20
8.198
 10
285.698
 20
8.367
 10
286.316
 20
8.592
 10
286.783
 20
8.856
 10
287.176
 20
9.193
 10
287.665
 20
9.997
 10
287.778
 20
10.335
 10
287.794
 20
10.632
 10
287.592
 20
10.767
 10
287.44
 20
10.953
 10
287.215
 20
10.84
 10
286.934
 20
10.84
 10
286.749
 20
10.936
 10
286.485
 20
11.234
 10
286.412
 20
11.723
 97
0
 92
2
 72
0
 73
1
 93
23
 10
289.127
 20
11.684
 10
289.054
 20
11.644
 10
288.958
 20
11.29
 10
288.75
 20
10.936
 10
288.284
 20
10.672
 10
288.042
 20
10.632
 10
288.002
 20
10.559
 10
287.963
 20
10.374
 10
288.002
 20
9.997
 10
288.171
 20
9.491
 10
288.435
 20
9.025
 10
288.773
 20
8.687
 10
289.11
 20
8.463
 10
290.083
 20
8.086
 10
290.926
 20
7.917
 10
291.038
 20
8.03
 10
291.151
 20
8.479
 10
291.151
 20
9.323
 10
290.982
 20
10.053
 10
290.605
 20
10.745
 10
290.268
 20
11.082
 10
289.875
 20
11.363
 10
289.239
 20
11.684
 97
0
 75
0
 76
1
 98
0
  0
ENDSEC
  0
SECTION
  2
OBJECTS
  0
DICTIONARY
  5
A
330
0
100
AcDbDictionary
281
1
  3
ACAD_COLOR
350
B
  3
ACAD_GROUP
350
C
  3
ACAD_LAYOUT
350
D
  3
ACAD_MATERIAL
350
E
  3
ACAD_MLEADERSTYLE
350
F
  3
ACAD_MLINESTYLE
350
10
  3
ACAD_PLOTSETTINGS
350
11
  3
ACAD_PLOTSTYLENAME
350
12
  3
ACAD_SCALELIST
350
14
  3
ACAD_TABLESTYLE
350
15
  3
ACAD_VISUALSTYLE
350
16
  3
EZDXF_META
350
2D
  0
DICTIONARY
  5
B
330
A
100
AcDbDictionary
281
1
  0
DICTIONARY
  5
C
330
A
100
AcDbDictionary
281
1
  0
DICTIONARY
  5
D
330
A
100
AcDbDictionary
281
1
  3
Model
350
1A
  3
Layout1
350
1E
  0
DICTIONARY
  5
E
330
A
100
AcDbDictionary
281
1
  3
ByBlock
350
1F
  3
ByLayer
350
20
  3
Global
350
21
  0
DICTIONARY
  5
F
330
A
100
AcDbDictionary
281
1
  3
Standard
350
2C
  0
DICTIONARY
  5
10
330
A
100
AcDbDictionary
281
1
  3
Standard
350
22
  0
DICTIONARY
  5
11
330
A
100
AcDbDictionary
281
1
  0
ACDBDICTIONARYWDFLT
  5
12
330
A
100
AcDbDictionary
281
1
  3
Normal
350
13
100
AcDbDictionaryWithDefault
340
13
  0
ACDBPLACEHOLDER
  5
13
330
12
  0
DICTIONARY
  5
14
330
A
100
AcDbDictionary
281
1
  0
DICTIONARY
  5
15
330
A
100
AcDbDictionary
281
1
  0
DICTIONARY
  5
16
330
A
100
AcDbDictionary
281
1
  0
LAYOUT
  5
1A
330
D
100
AcDbPlotSettings
  1

  4
A3
  6

 40
7.5
 41
20.0
 42
7.5
 43
20.0
 44
420.0
 45
297.0
 46
0.0
 47
0.0
 48
0.0
 49
0.0
140
0.0
141
0.0
142
1.0
143
1.0
 70
1024
 72
1
 73
0
 74
5
  7

 75
16
 76
0
 77
2
 78
300
147
1.0
148
0.0
149
0.0
100
AcDbLayout
  1
Model
 70
1
 71
0
 10
0.0
 20
0.0
 11
420.0
 21
297.0
 12
0.0
 22
0.0
 32
0.0
 14
1e+20
 24
1e+20
 34
1e+20
 15
-1e+20
 25
-1e+20
 35
-1e+20
146
0.0
 13
0.0
 23
0.0
 33
0.0
 16
1.0
 26
0.0
 36
0.0
 17
0.0
 27
1.0
 37
0.0
 76
1
330
17
  0
LAYOUT
  5
1E
330
D
100
AcDbPlotSettings
  1

  4
A3
  6

 40
7.5
 41
20.0
 42
7.5
 43
20.0
 44
420.0
 45
297.0
 46
0.0
 47
0.0
 48
0.0
 49
0.0
140
0.0
141
0.0
142
1.0
143
1.0
 70
0
 72
1
 73
0
 74
5
  7

 75
16
 76
0
 77
2
 78
300
147
1.0
148
0.0
149
0.0
100
AcDbLayout
  1
Layout1
 70
1
 71
1
 10
0.0
 20
0.0
 11
420.0
 21
297.0
 12
0.0
 22
0.0
 32
0.0
 14
1e+20
 24
1e+20
 34
1e+20
 15
-1e+20
 25
-1e+20
 35
-1e+20
146
0.0
 13
0.0
 23
0.0
 33
0.0
 16
1.0
 26
0.0
 36
0.0
 17
0.0
 27
1.0
 37
0.0
 76
1
330
1B
  0
MATERIAL
  5
1F
102
{ACAD_REACTORS
330
E
102
}
330
E
100
AcDbMaterial
  1
ByBlock
  2

 70
0
 40
1.0
 71
1
 41
1.0
 91
-1023410177
 42
1.0
 72
1
  3

 73
1
 74
1
 75
1
 44
0.5
 73
0
 45
1.0
 46
1.0
 77
1
  4

 78
1
 79
1
170
1
 48
1.0
171
1
  6

172
1
173
1
174
1
140
1.0
141
1.0
175
1
  7

176
1
177
1
178
1
143
1.0
179
1
  8

270
1
271
1
272
1
145
1.0
146
1.0
273
1
  9

274
1
275
1
276
1
 42
1.0
 72
1
  3

 73
1
 74
1
 75
1
 94
63
  0
MATERIAL
  5
20
102
{ACAD_REACTORS
330
E
102
}
330
E
100
AcDbMaterial
  1
ByLayer
  2

 70
0
 40
1.0
 71
1
 41
1.0
 91
-1023410177
 42
1.0
 72
1
  3

 73
1
 74
1
 75
1
 44
0.5
 73
0
 45
1.0
 46
1.0
 77
1
  4

 78
1
 79
1
170
1
 48
1.0
171
1
  6

172
1
173
1
174
1
140
1.0
141
1.0
175
1
  7

176
1
177
1
178
1
143
1.0
179
1
  8

270
1
271
1
272
1
145
1.0
146
1.0
273
1
  9

274
1
275
1
276
1
 42
1.0
 72
1
  3

 73
1
 74
1
 75
1
 94
63
  0
MATERIAL
  5
21
102
{ACAD_REACTORS
330
E
102
}
330
E
100
AcDbMaterial
  1
Global
  2

 70
0
 40
1.0
 71
1
 41
1.0
 91
-1023410177
 42
1.0
 72
1
  3

 73
1
 74
1
 75
1
 44
0.5
 73
0
 45
1.0
 46
1.0
 77
1
  4

 78
1
 79
1
170
1
 48
1.0
171
1
  6

172
1
173
1
174
1
140
1.0
141
1.0
175
1
  7

176
1
177
1
178
1
143
1.0
179
1
  8

270
1
271
1
272
1
145
1.0
146
1.0
273
1
  9

274
1
275
1
276
1
 42
1.0
 72
1
  3

 73
1
 74
1
 75
1
 94
63
  0
MLINESTYLE
  5
22
102
{ACAD_REACTORS
330
10
102
}
330
10
100
AcDbMlineStyle
  2
Standard
 70
0
  3

 62
256
 51
90.0
 52
90.0
 71
2
 49
0.5
 62
256
  6
BYLAYER
 49
-0.5
 62
256
  6
BYLAYER
  0
MLEADERSTYLE
  5
2C
102
{ACAD_REACTORS
330
F
102
}
330
F
100
AcDbMLeaderStyle
179
2
170
2
171
1
172
0
 90
2
 40
0.0
 41
0.0
173
1
 91
-1056964608
 92
-2
290
1
 42
2.0
291
1
 43
8.0
  3
Standard
 44
4.0
300

342
29
174
1
175
1
176
0
178
1
 93
-1056964608
 45
4.0
292
0
297
0
 46
4.0
 94
-1056964608
 47
1.0
 49
1.0
140
1.0
294
1
141
0.0
177
0
142
1.0
295
0
296
0
143
3.75
271
0
272
9
273
9
  0
DICTIONARY
  5
2D
330
A
100
AcDbDictionary
280
1
281
1
  3
CREATED_BY_EZDXF
350
2E
  3
WRITTEN_BY_EZDXF
350
6B
  0
DICTIONARYVAR
  5
2E
330
2D
100
DictionaryVariables
280
0
  1
1.4.2 @ 2026-09-12T13:38:40.442782+00:00
  0
DICTIONARYVAR
  5
6B
330
2D
100
DictionaryVariables
280
0
  1
1.4.2 @ 2026-09-12T13:38:40.534946+00:00
  0
ENDSEC
  0
EOF
