  0
SECTION
  2
HEADER
  9
$ACADVER
  1
AC1015
  9
$ACADMAINTVER
 70
6
  9
$DWGCODEPAGE
  3
ANSI_1252
  9
$INSBASE
 10
0.0
 20
0.0
 30
0.0
  9
$EXTMIN
 10
1e+20
 20
1e+20
 30
1e+20
  9
$EXTMAX
 10
-1e+20
 20
-1e+20
 30
-1e+20
  9
$LIMMIN
 10
0.0
 20
0.0
  9
$LIMMAX
 10
420.0
 20
297.0
  9
$ORTHOMODE
 70
0
  9
$REGENMODE
 70
1
  9
$FILLMODE
 70
1
  9
$QTEXTMODE
 70
0
  9
$MIRRTEXT
 70
1
  9
$LTSCALE
 40
1.0
  9
$ATTMODE
 70
1
  9
$TEXTSIZE
 40
2.5
  9
$TRACEWID
 40
1.0
  9
$TEXTSTYLE
  7
Standard
  9
$CLAYER
  8
0
  9
$CELTYPE
  6
ByLayer
  9
$CECOLOR
 62
256
  9
$CELTSCALE
 40
1.0
  9
$DISPSILH
 70
0
  9
$DIMSCALE
 40
1.0
  9
$DIMASZ
 40
2.5
  9
$DIMEXO
 40
0.625
  9
$DIMDLI
 40
3.75
  9
$DIMRND
 40
0.0
  9
$DIMDLE
 40
0.0
  9
$DIMEXE
 40
1.25
  9
$DIMTP
 40
0.0
  9
$DIMTM
 40
0.0
  9
$DIMTXT
 40
2.5
  9
$DIMCEN
 40
2.5
  9
$DIMTSZ
 40
0.0
  9
$DIMTOL
 70
0
  9
$DIMLIM
 70
0
  9
$DIMTIH
 70
0
  9
$DIMTOH
 70
0
  9
$DIMSE1
 70
0
  9
$DIMSE2
 70
0
  9
$DIMTAD
 70
1
  9
$DIMZIN
 70
8
  9
$DIMBLK
  1

  9
$DIMASO
 70
1
  9
$DIMSHO
 70
1
  9
$DIMPOST
  1

  9
$DIMAPOST
  1

  9
$DIMALT
 70
0
  9
$DIMALTD
 70
3
  9
$DIMALTF
 40
0.03937007874
  9
$DIMLFAC
 40
1.0
  9
$DIMTOFL
 70
1
  9
$DIMTVP
 40
0.0
  9
$DIMTIX
 70
0
  9
$DIMSOXD
 70
0
  9
$DIMSAH
 70
0
  9
$DIMBLK1
  1

  9
$DIMBLK2
  1

  9
$DIMSTYLE
  2
ISO-25
  9
$DIMCLRD
 70
0
  9
$DIMCLRE
 70
0
  9
$DIMCLRT
 70
0
  9
$DIMTFAC
 40
1.0
  9
$DIMGAP
 40
0.625
  9
$DIMJUST
 70
0
  9
$DIMSD1
 70
0
  9
$DIMSD2
 70
0
  9
$DIMTOLJ
 70
0
  9
$DIMTZIN
 70
8
  9
$DIMALTZ
 70
0
  9
$DIMALTTZ
 70
0
  9
$DIMUPT
 70
0
  9
$DIMDEC
 70
2
  9
$DIMTDEC
 70
2
  9
$DIMALTU
 70
2
  9
$DIMALTTD
 70
3
  9
$DIMTXSTY
  7
Standard
  9
$DIMAUNIT
 70
0
  9
$DIMADEC
 70
0
  9
$DIMALTRND
 40
0.0
  9
$DIMAZIN
 70
0
  9
$DIMDSEP
 70
44
  9
$DIMATFIT
 70
3
  9
$DIMFRAC
 70
0
  9
$DIMLDRBLK
  1

  9
$DIMLUNIT
 70
2
  9
$DIMLWD
 70
-2
  9
$DIMLWE
 70
-2
  9
$DIMTMOVE
 70
0
  9
$LUNITS
 70
2
  9
$LUPREC
 70
4
  9
$SKETCHINC
 40
1.0
  9
$FILLETRAD
 40
10.0
  9
$AUNITS
 70
0
  9
$AUPREC
 70
2
  9
$MENU
  1
.
  9
$ELEVATION
 40
0.0
  9
$PELEVATION
 40
0.0
  9
$THICKNESS
 40
0.0
  9
$LIMCHECK
 70
0
  9
$CHAMFERA
 40
0.0
  9
$CHAMFERB
 40
0.0
  9
$CHAMFERC
 40
0.0
  9
$CHAMFERD
 40
0.0
  9
$SKPOLY
 70
0
  9
$TDCREATE
 40
2461296.4324189816
  9
$TDUCREATE
 40
2458532.153996898
  9
$TDUPDATE
 40
2461296.4324189816
  9
$TDUUPDATE
 40
2458532.1544311
  9
$TDINDWG
 40
0.0
  9
$TDUSRTIMER
 40
0.0
  9
$USRTIMER
 70
1
  9
$ANGBASE
 50
0.0
  9
$ANGDIR
 70
0
  9
$PDMODE
 70
0
  9
$PDSIZE
 40
0.0
  9
$PLINEWID
 40
0.0
  9
$SPLFRAME
 70
0
  9
$SPLINETYPE
 70
6
  9
$SPLINESEGS
 70
8
  9
$HANDSEED
  5
7A
  9
$SURFTAB1
 70
6
  9
$SURFTAB2
 70
6
  9
$SURFTYPE
 70
6
  9
$SURFU
 70
6
  9
$SURFV
 70
6
  9
$UCSBASE
  2

  9
$UCSNAME
  2

  9
$UCSORG
 10
0.0
 20
0.0
 30
0.0
  9
$UCSXDIR
 10
1.0
 20
0.0
 30
0.0
  9
$UCSYDIR
 10
0.0
 20
1.0
 30
0.0
  9
$UCSORTHOREF
  2

  9
$UCSORTHOVIEW
 70
0
  9
$UCSORGTOP
 10
0.0
 20
0.0
 30
0.0
  9
$UCSORGBOTTOM
 10
0.0
 20
0.0
 30
0.0
  9
$UCSORGLEFT
 10
0.0
 20
0.0
 30
0.0
  9
$UCSORGRIGHT
 10
0.0
 20
0.0
 30
0.0
  9
$UCSORGFRONT
 10
0.0
 20
0.0
 30
0.0
  9
$UCSORGBACK
 10
0.0
 20
0.0
 30
0.0
  9
$PUCSBASE
  2

  9
$PUCSNAME
  2

  9
$PUCSORG
 10
0.0
 20
0.0
 30
0.0
  9
$PUCSXDIR
 10
1.0
 20
0.0
 30
0.0
  9
$PUCSYDIR
 10
0.0
 20
1.0
 30
0.0
  9
$PUCSORTHOREF
  2

  9
$PUCSORTHOVIEW
 70
0
  9
$PUCSORGTOP
 10
0.0
 20
0.0
 30
0.0
  9
$PUCSORGBOTTOM
 10
0.0
 20
0.0
 30
0.0
  9
$PUCSORGLEFT
 10
0.0
 20
0.0
 30
0.0
  9
$PUCSORGRIGHT
 10
0.0
 20
0.0
 30
0.0
  9
$PUCSORGFRONT
 10
0.0
 20
0.0
 30
0.0
  9
$PUCSORGBACK
 10
0.0
 20
0.0
 30
0.0
  9
$USERI1
 70
0
  9
$USERI2
 70
0
  9
$USERI3
 70
0
  9
$USERI4
 70
0
  9
$USERI5
 70
0
  9
$USERR1
 40
0.0
  9
$USERR2
 40
0.0
  9
$USERR3
 40
0.0
  9
$USERR4
 40
0.0
  9
$USERR5
 40
0.0
  9
$WORLDVIEW
 70
1
  9
$SHADEDGE
 70
3
  9
$SHADEDIF
 70
70
  9
$TILEMODE
 70
1
  9
$MAXACTVP
 70
64
  9
$PINSBASE
 10
0.0
 20
0.0
 30
0.0
  9
$PLIMCHECK
 70
0
  9
$PEXTMIN
 10
1e+20
 20
1e+20
 30
1e+20
  9
$PEXTMAX
 10
-1e+20
 20
-1e+20
 30
-1e+20
  9
$PLIMMIN
 10
0.0
 20
0.0
  9
$PLIMMAX
 10
420.0
 20
297.0
  9
$UNITMODE
 70
0
  9
$VISRETAIN
 70
1
  9
$PLINEGEN
 70
0
  9
$PSLTSCALE
 70
1
  9
$TREEDEPTH
 70
3020
  9
$CMLSTYLE
  2
Standard
  9
$CMLJUST
 70
0
  9
$CMLSCALE
 40
20.0
  9
$PROXYGRAPHICS
 70
1
  9
$MEASUREMENT
 70
1
  9
$CELWEIGHT
370
-1
  9
$ENDCAPS
280
0
  9
$JOINSTYLE
280
0
  9
$LWDISPLAY
290
0
  9
$INSUNITS
 70
4
  9
$HYPERLINKBASE
  1

  9
$STYLESHEET
  1

  9
$XEDIT
290
1
  9
$CEPSNTYPE
380
0
  9
$PSTYLEMODE
290
1
  9
$FINGERPRINTGUID
  2
{EFD653D8-5FB9-4C56-B628-B9A8B90AC7E8}
  9
$VERSIONGUID
  2
{2D70F808-1200-4870-BE2D-C04A3F9C1A02}
  9
$EXTNAMES
290
1
  9
$PSVPSCALE
 40
0.0
  9
$OLESTARTUP
290
0
  0
ENDSEC
  0
SECTION
  2
CLASSES
  0
CLASS
  1
ACDBDICTIONARYWDFLT
  2
AcDbDictionaryWithDefault
  3
ObjectDBX Classes
 90
0
280
0
281
0
  0
CLASS
  1
SUN
  2
AcDbSun
  3
SCENEOE
 90
1153
280
0
281
0
  0
CLASS
  1
VISUALSTYLE
  2
AcDbVisualStyle
  3
ObjectDBX Classes
 90
4095
280
0
281
0
  0
CLASS
  1
MATERIAL
  2
AcDbMaterial
  3
ObjectDBX Classes
 90
1153
280
0
281
0
  0
CLASS
  1
SCALE
  2
AcDbScale
  3
ObjectDBX Classes
 90
1153
280
0
281
0
  0
CLASS
  1
TABLESTYLE
  2
AcDbTableStyle
  3
ObjectDBX Classes
 90
4095
280
0
281
0
  0
CLASS
  1
MLEADERSTYLE
  2
AcDbMLeaderStyle
  3
ACDB_MLEADERSTYLE_CLASS
 90
4095
280
0
281
0
  0
CLASS
  1
DICTIONARYVAR
  2
AcDbDictionaryVar
  3
ObjectDBX Classes
 90
0
280
0
281
0
  0
CLASS
  1
CELLSTYLEMAP
  2
AcDbCellStyleMap
  3
ObjectDBX Classes
 90
1152
280
0
281
0
  0
CLASS
  1
MENTALRAYRENDERSETTINGS
  2
AcDbMentalRayRenderSettings
  3
SCENEOE
 90
1024
280
0
281
0
  0
CLASS
  1
ACDBDETAILVIEWSTYLE
  2
AcDbDetailViewStyle
  3
ObjectDBX Classes
 90
1025
280
0
281
0
  0
CLASS
  1
ACDBSECTIONVIEWSTYLE
  2
AcDbSectionViewStyle
  3
ObjectDBX Classes
 90
1025
280
0
281
0
  0
CLASS
  1
RASTERVARIABLES
  2
AcDbRasterVariables
  3
ISM
 90
0
280
0
281
0
  0
CLASS
  1
ACDBPLACEHOLDER
  2
AcDbPlaceHolder
  3
ObjectDBX Classes
 90
0
280
0
281
0
  0
CLASS
  1
LAYOUT
  2
AcDbLayout
  3
ObjectDBX Classes
 90
0
280
0
281
0
  0
ENDSEC
  0
SECTION
  2
TABLES
  0
TABLE
  2
VPORT
  5
8
330
0
100
AcDbSymbolTable
 70
1
  0
VPORT
  5
23
330
8
100
AcDbSymbolTableRecord
100
AcDbViewportTableRecord
  2
*Active
 70
0
 10
0.0
 20
0.0
 11
1.0
 21
1.0
 12
0.0
 22
0.0
 13
0.0
 23
0.0
 14
0.5
 24
0.5
 15
0.5
 25
0.5
 16
0.0
 26
0.0
 36
1.0
 17
0.0
 27
0.0
 37
0.0
 40
1000.0
 41
1.34
 42
50.0
 43
0.0
 44
0.0
 50
0.0
 51
0.0
 71
0
 72
1000
 73
1
 74
3
 75
0
 76
0
 77
0
 78
0
281
0
 65
0
146
0.0
  0
ENDTAB
  0
TABLE
  2
LTYPE
  5
2
330
0
100
AcDbSymbolTable
 70
3
  0
LTYPE
  5
24
330
2
100
AcDbSymbolTableRecord
100
AcDbLinetypeTableRecord
  2
ByBlock
 70
0
  3

 72
65
 73
0
 40
0.0
  0
LTYPE
  5
25
330
2
100
AcDbSymbolTableRecord
100
AcDbLinetypeTableRecord
  2
ByLayer
 70
0
  3

 72
65
 73
0
 40
0.0
  0
LTYPE
  5
26
330
2
100
AcDbSymbolTableRecord
100
AcDbLinetypeTableRecord
  2
Continuous
 70
0
  3

 72
65
 73
0
 40
0.0
  0
ENDTAB
  0
TABLE
  2
LAYER
  5
1
330
0
100
AcDbSymbolTable
 70
4
  0
LAYER
  5
27
330
1
100
AcDbSymbolTableRecord
100
AcDbLayerTableRecord
  2
0
 70
0
 62
7
  6
Continuous
370
-3
390
13
  0
LAYER
  5
28
330
1
100
AcDbSymbolTableRecord
100
AcDbLayerTableRecord
  2
Defpoints
 70
0
 62
7
  6
Continuous
290
0
370
-3
390
13
  0
LAYER
  5
2F
330
1
100
AcDbSymbolTableRecord
100
AcDbLayerTableRecord
  2
CUT
 70
0
 62
1
  6
Continuous
370
-3
390
13
  0
LAYER
  5
30
330
1
100
AcDbSymbolTableRecord
100
AcDbLayerTableRecord
  2
RASTER
 70
0
 62
7
  6
Continuous
370
-3
390
13
  0
ENDTAB
  0
TABLE
  2
STYLE
  5
5
330
0
100
AcDbSymbolTable
 70
1
  0
STYLE
  5
29
330
5
100
AcDbSymbolTableRecord
100
AcDbTextStyleTableRecord
  2
Standard
 70
0
 40
0.0
 41
1.0
 50
0.0
 71
0
 42
2.5
  3
txt
  4

  0
ENDTAB
  0
TABLE
  2
VIEW
  5
7
330
0
100
AcDbSymbolTable
 70
0
  0
ENDTAB
  0
TABLE
  2
UCS
  5
6
330
0
100
AcDbSymbolTable
 70
0
  0
ENDTAB
  0
TABLE
  2
APPID
  5
3
330
0
100
AcDbSymbolTable
 70
3
  0
APPID
  5
2A
330
3
100
AcDbSymbolTableRecord
100
AcDbRegAppTableRecord
  2
ACAD
 70
0
  0
APPID
  5
77
330
3
100
AcDbSymbolTableRecord
100
AcDbRegAppTableRecord
  2
HATCHBACKGROUNDCOLOR
 70
0
  0
APPID
  5
78
330
3
100
AcDbSymbolTableRecord
100
AcDbRegAppTableRecord
  2
EZDXF
 70
0
  0
ENDTAB
  0
TABLE
  2
DIMSTYLE
  5
4
330
0
100
AcDbSymbolTable
 70
1
100
AcDbDimStyleTable
  0
DIMSTYLE
105
2B
330
4
100
AcDbSymbolTableRecord
100
AcDbDimStyleTableRecord
  2
Standard
 70
0
  3

  4

 40
1.0
 41
2.5
 42
0.625
 43
3.75
 44
1.25
 45
0.0
 46
0.0
 47
0.0
 48
0.0
140
2.5
141
2.5
142
0.0
143
0.03937007874
144
1.0
145
0.0
146
1.0
147
0.625
148
0.0
 71
0
 72
0
 73
0
 74
0
 75
0
 76
0
 77
1
 78
8
 79
3
170
0
171
3
172
1
173
0
174
0
175
0
176
0
177
0
178
0
179
2
271
2
272
2
273
2
274
3
275
0
276
0
277
2
278
44
279
0
280
0
281
0
282
0
283
0
284
8
285
0
286
0
288
0
289
3
371
-2
372
-2
  0
ENDTAB
  0
TABLE
  2
BLOCK_RECORD
  5
9
330
0
100
AcDbSymbolTable
 70
2
  0
BLOCK_RECORD
  5
17
330
9
100
AcDbSymbolTableRecord
100
AcDbBlockTableRecord
  2
*Model_Space
340
1A
  0
BLOCK_RECORD
  5
1B
330
9
100
AcDbSymbolTableRecord
100
AcDbBlockTableRecord
  2
*Paper_Space
340
1E
  0
ENDTAB
  0
ENDSEC
  0
SECTION
  2
BLOCKS
  0
BLOCK
  5
18
330
17
100
AcDbEntity
  8
0
100
AcDbBlockBegin
  2
*Model_Space
 70
0
 10
0.0
 20
0.0
 30
0.0
  3
*Model_Space
  1

  0
ENDBLK
  5
19
330
17
100
AcDbEntity
  8
0
100
AcDbBlockEnd
  0
BLOCK
  5
1C
330
1B
100
AcDbEntity
  8
0
100
AcDbBlockBegin
  2
*Paper_Space
 70
0
 10
0.0
 20
0.0
 30
0.0
  3
*Paper_Space
  1

  0
ENDBLK
  5
1D
330
1B
100
AcDbEntity
  8
0
100
AcDbBlockEnd
  0
ENDSEC
  0
SECTION
  2
ENTITIES
  0
LWPOLYLINE
  5
31
330
17
100
AcDbEntity
  8
CUT
100
AcDbPolyline
 90
477
 70
1
 10
5.016
 20
68.075
 10
4.802
 20
68.444
 10
4.617
 20
68.851
 10
4.538
 20
69.072
 10
4.453
 20
69.294
 10
4.38
 20
69.534
 10
4.3
 20
69.777
 10
4.231
 20
70.039
 10
4.158
 20
70.305
 10
4.099
 20
70.591
 10
4.043
 20
70.878
 10
3.983
 20
71.347
 10
3.96
 20
71.814
 10
3.984
 20
72.282
 10
4.056
 20
72.749
 10
4.166
 20
73.215
 10
4.291
 20
73.678
 10
4.409
 20
74.14
 10
4.497
 20
74.601
 10
4.542
 20
75.06
 10
4.54
 20
75.52
 10
4.5
 20
75.981
 10
4.436
 20
76.443
 10
4.365
 20
76.907
 10
4.302
 20
77.371
 10
4.254
 20
77.836
 10
4.221
 20
78.3
 10
4.196
 20
78.764
 10
4.169
 20
79.227
 10
4.134
 20
79.69
 10
4.092
 20
80.153
 10
4.051
 20
80.617
 10
4.024
 20
81.082
 10
4.024
 20
81.549
 10
4.064
 20
82.015
 10
4.142
 20
82.482
 10
4.251
 20
82.947
 10
4.372
 20
83.41
 10
4.481
 20
83.872
 10
4.556
 20
84.332
 10
4.583
 20
84.791
 10
4.558
 20
85.25
 10
4.49
 20
85.711
 10
4.394
 20
86.173
 10
4.292
 20
86.637
 10
4.204
 20
87.102
 10
4.141
 20
87.568
 10
4.107
 20
88.033
 10
4.096
 20
88.498
 10
4.098
 20
88.962
 10
4.102
 20
89.426
 10
4.103
 20
89.889
 10
4.101
 20
90.353
 10
4.104
 20
90.817
 10
4.123
 20
91.282
 10
4.167
 20
91.748
 10
4.239
 20
92.213
 10
4.332
 20
92.678
 10
4.433
 20
93.141
 10
4.519
 20
93.603
 10
4.572
 20
94.063
 10
4.577
 20
94.522
 10
4.531
 20
94.981
 10
4.441
 20
95.442
 10
4.324
 20
95.904
 10
4.205
 20
96.368
 10
4.104
 20
96.834
 10
4.039
 20
97.301
 10
4.016
 20
97.767
 10
4.028
 20
98.233
 10
4.064
 20
98.698
 10
4.109
 20
99.162
 10
4.151
 20
99.625
 10
4.185
 20
100.088
 10
4.211
 20
100.551
 10
4.239
 20
101.015
 10
4.276
 20
101.479
 10
4.328
 20
101.944
 10
4.393
 20
102.408
 10
4.461
 20
102.871
 10
4.517
 20
103.333
 10
4.543
 20
103.793
 10
4.527
 20
104.253
 10
4.465
 20
104.713
 10
4.364
 20
105.174
 10
4.241
 20
105.636
 10
4.119
 20
106.101
 10
4.021
 20
106.567
 10
3.966
 20
107.034
 10
3.961
 20
107.506
 10
3.99
 20
107.797
 10
4.034
 20
108.09
 10
4.103
 20
108.362
 10
4.177
 20
108.63
 10
4.269
 20
108.876
 10
4.358
 20
109.119
 10
4.46
 20
109.341
 10
4.556
 20
109.561
 10
4.767
 20
109.962
 10
4.993
 20
110.327
 10
5.242
 20
110.657
 10
5.523
 20
110.95
 10
5.838
 20
111.203
 10
6.188
 20
111.412
 10
6.57
 20
111.582
 10
6.985
 20
111.72
 10
7.202
 20
111.775
 10
7.421
 20
111.838
 10
7.656
 20
111.892
 10
7.891
 20
111.956
 10
8.145
 20
112.017
 10
8.401
 20
112.089
 10
8.679
 20
112.157
 10
8.96
 20
112.233
 10
9.424
 20
112.349
 10
9.89
 20
112.451
 10
10.357
 20
112.518
 10
10.825
 20
112.536
 10
11.292
 20
112.501
 10
11.759
 20
112.421
 10
12.223
 20
112.316
 10
12.686
 20
112.207
 10
13.148
 20
112.115
 10
13.609
 20
112.052
 10
14.069
 20
112.023
 10
14.531
 20
112.02
 10
14.994
 20
112.033
 10
15.457
 20
112.051
 10
15.921
 20
112.066
 10
16.384
 20
112.076
 10
16.847
 20
112.088
 10
17.309
 20
112.112
 10
17.771
 20
112.156
 10
18.233
 20
112.223
 10
18.695
 20
112.309
 10
19.159
 20
112.4
 10
19.624
 20
112.476
 10
20.091
 20
112.519
 10
20.559
 20
112.514
 10
21.026
 20
112.458
 10
21.493
 20
112.36
 10
21.957
 20
112.238
 10
22.419
 20
112.117
 10
22.88
 20
112.019
 10
23.34
 20
111.959
 10
23.8
 20
111.943
 10
24.261
 20
111.966
 10
24.723
 20
112.015
 10
25.186
 20
112.073
 10
25.65
 20
112.127
 10
26.115
 20
112.17
 10
26.579
 20
112.202
 10
27.042
 20
112.23
 10
27.505
 20
112.262
 10
27.968
 20
112.305
 10
28.43
 20
112.358
 10
28.894
 20
112.414
 10
29.359
 20
112.458
 10
29.826
 20
112.474
 10
30.293
 20
112.45
 10
30.76
 20
112.382
 10
31.225
 20
112.277
 10
31.689
 20
112.155
 10
32.152
 20
112.036
 10
32.612
 20
111.946
 10
33.071
 20
111.9
 10
33.531
 20
111.904
 10
33.991
 20
111.955
 10
34.453
 20
112.036
 10
34.916
 20
112.129
 10
35.381
 20
112.214
 10
35.846
 20
112.28
 10
36.311
 20
112.32
 10
36.776
 20
112.341
 10
37.24
 20
112.351
 10
37.703
 20
112.359
 10
38.166
 20
112.372
 10
38.63
 20
112.387
 10
39.094
 20
112.397
 10
39.56
 20
112.389
 10
40.026
 20
112.354
 10
40.492
 20
112.285
 10
40.957
 20
112.19
 10
41.421
 20
112.081
 10
41.883
 20
111.981
 10
42.343
 20
111.91
 10
42.802
 20
111.884
 10
43.261
 20
111.911
 10
43.721
 20
111.985
 10
44.183
 20
112.092
 10
44.647
 20
112.208
 10
45.112
 20
112.312
 10
45.581
 20
112.387
 10
45.871
 20
112.405
 10
46.164
 20
112.409
 10
46.44
 20
112.382
 10
46.714
 20
112.346
 10
46.969
 20
112.286
 10
47.223
 20
112.223
 10
47.456
 20
112.141
 10
47.691
 20
112.058
 10
48.115
 20
111.863
 10
48.504
 20
111.636
 10
48.854
 20
111.375
 10
49.16
 20
111.074
 10
49.416
 20
110.732
 10
49.615
 20
110.351
 10
49.755
 20
109.937
 10
49.844
 20
109.494
 10
49.866
 20
109.264
 10
49.893
 20
109.036
 10
49.907
 20
108.795
 10
49.93
 20
108.557
 10
49.949
 20
108.304
 10
49.983
 20
108.052
 10
50.018
 20
107.781
 10
50.07
 20
107.506
 10
50.171
 20
107.052
 10
50.293
 20
106.596
 10
50.414
 20
106.137
 10
50.511
 20
105.677
 10
50.567
 20
105.216
 10
50.578
 20
104.755
 10
50.547
 20
104.295
 10
50.489
 20
103.836
 10
50.419
 20
103.378
 10
50.353
 20
102.922
 10
50.301
 20
102.466
 10
50.264
 20
102.009
 10
50.237
 20
101.553
 10
50.212
 20
101.095
 10
50.181
 20
100.637
 10
50.142
 20
100.179
 10
50.1
 20
99.722
 10
50.066
 20
99.266
 10
50.053
 20
98.811
 10
50.073
 20
98.357
 10
50.132
 20
97.903
 10
50.226
 20
97.448
 10
50.342
 20
96.991
 10
50.458
 20
96.533
 10
50.553
 20
96.073
 10
50.607
 20
95.612
 10
50.611
 20
95.15
 10
50.565
 20
94.689
 10
50.483
 20
94.227
 10
50.412
 20
93.941
 10
50.34
 20
93.656
 10
50.256
 20
93.394
 10
50.178
 20
93.136
 10
50.093
 20
92.898
 10
50.017
 20
92.662
 10
49.932
 20
92.445
 10
49.856
 20
92.23
 10
49.684
 20
91.825
 10
49.491
 20
91.455
 10
49.272
 20
91.114
 10
49.016
 20
90.806
 10
48.722
 20
90.532
 10
48.39
 20
90.291
 10
48.023
 20
90.078
 10
47.618
 20
89.889
 10
47.397
 20
89.809
 10
47.175
 20
89.727
 10
46.931
 20
89.661
 10
46.686
 20
89.596
 10
46.421
 20
89.553
 10
46.154
 20
89.515
 10
45.868
 20
89.503
 10
45.583
 20
89.499
 10
45.115
 20
89.521
 10
44.649
 20
89.527
 10
44.182
 20
89.527
 10
43.715
 20
89.527
 10
43.194
 20
89.527
 10
43.194
 20
88.669
 10
43.469
 20
88.863
 10
43.881
 20
88.954
 10
44.296
 20
88.879
 10
44.65
 20
88.649
 10
44.887
 20
88.3
 10
44.97
 20
87.886
 10
44.887
 20
87.473
 10
44.65
 20
87.124
 10
44.296
 20
86.894
 10
43.881
 20
86.818
 10
43.469
 20
86.91
 10
43.194
 20
87.104
 10
43.194
 20
83.625
 10
43.469
 20
83.819
 10
43.881
 20
83.911
 10
44.296
 20
83.835
 10
44.65
 20
83.605
 10
44.887
 20
83.256
 10
44.97
 20
82.843
 10
44.887
 20
82.429
 10
44.65
 20
82.08
 10
44.296
 20
81.85
 10
43.881
 20
81.775
 10
43.469
 20
81.866
 10
43.194
 20
82.06
 10
43.194
 20
81.201
 10
46.427
 20
81.201
 10
46.797
 20
81.128
 10
47.113
 20
80.917
 10
47.324
 20
80.601
 10
47.397
 20
80.231
 10
47.397
 20
78.823
 10
47.324
 20
78.453
 10
47.113
 20
78.137
 10
46.797
 20
77.926
 10
46.427
 20
77.852
 10
31.476
 20
77.852
 10
31.106
 20
77.926
 10
30.79
 20
78.137
 10
30.579
 20
78.453
 10
30.505
 20
78.823
 10
30.505
 20
80.231
 10
30.579
 20
80.601
 10
30.79
 20
80.917
 10
31.106
 20
81.128
 10
31.476
 20
81.201
 10
34.708
 20
81.201
 10
34.708
 20
82.06
 10
34.434
 20
81.866
 10
34.022
 20
81.775
 10
33.607
 20
81.85
 10
33.253
 20
82.08
 10
33.016
 20
82.429
 10
32.933
 20
82.843
 10
33.016
 20
83.256
 10
33.253
 20
83.605
 10
33.607
 20
83.835
 10
34.022
 20
83.911
 10
34.434
 20
83.819
 10
34.708
 20
83.625
 10
34.708
 20
87.104
 10
34.434
 20
86.91
 10
34.022
 20
86.818
 10
33.607
 20
86.894
 10
33.253
 20
87.124
 10
33.016
 20
87.473
 10
32.933
 20
87.886
 10
33.016
 20
88.3
 10
33.253
 20
88.649
 10
33.607
 20
88.879
 10
34.022
 20
88.954
 10
34.434
 20
88.863
 10
34.708
 20
88.669
 10
34.708
 20
89.527
 10
34.375
 20
89.527
 10
33.908
 20
89.527
 10
33.441
 20
89.527
 10
32.973
 20
89.527
 10
32.505
 20
89.547
 10
32.037
 20
89.58
 10
31.57
 20
89.611
 10
31.287
 20
89.613
 10
31.004
 20
89.608
 10
30.739
 20
89.576
 10
30.475
 20
89.536
 10
30.23
 20
89.474
 10
29.988
 20
89.408
 10
29.766
 20
89.323
 10
29.546
 20
89.239
 10
29.146
 20
89.04
 10
28.787
 20
88.816
 10
28.466
 20
88.567
 10
28.182
 20
88.291
 10
27.936
 20
87.984
 10
27.732
 20
87.643
 10
27.566
 20
87.269
 10
27.43
 20
86.86
 10
27.376
 20
86.644
 10
27.313
 20
86.427
 10
27.259
 20
86.192
 10
27.194
 20
85.956
 10
27.134
 20
85.702
 10
27.062
 20
85.446
 10
26.994
 20
85.169
 10
26.917
 20
84.888
 10
26.801
 20
84.421
 10
26.699
 20
83.956
 10
26.634
 20
83.493
 10
26.618
 20
83.03
 10
26.654
 20
82.567
 10
26.735
 20
82.103
 10
26.841
 20
81.637
 10
26.951
 20
81.17
 10
27.042
 20
80.701
 10
27.104
 20
80.231
 10
27.132
 20
79.762
 10
27.132
 20
79.293
 10
27.118
 20
78.825
 10
27.1
 20
78.358
 10
27.086
 20
77.891
 10
27.076
 20
77.424
 10
27.063
 20
76.957
 10
27.036
 20
76.488
 10
26.988
 20
76.019
 10
26.917
 20
75.551
 10
26.828
 20
75.083
 10
26.738
 20
74.617
 10
26.666
 20
74.152
 10
26.631
 20
73.689
 10
26.646
 20
73.226
 10
26.71
 20
72.763
 10
26.815
 20
72.298
 10
26.939
 20
71.832
 10
27.058
 20
71.363
 10
27.151
 20
70.891
 10
27.178
 20
70.599
 10
27.188
 20
70.303
 10
27.162
 20
70.025
 10
27.124
 20
69.749
 10
27.057
 20
69.493
 10
26.984
 20
69.239
 10
26.89
 20
69.007
 10
26.793
 20
68.776
 10
26.572
 20
68.363
 10
26.326
 20
67.99
 10
26.057
 20
67.654
 10
25.76
 20
67.357
 10
25.43
 20
67.101
 10
25.065
 20
66.89
 10
24.666
 20
66.728
 10
24.233
 20
66.616
 10
24.005
 20
66.583
 10
23.777
 20
66.547
 10
23.535
 20
66.528
 10
23.295
 20
66.502
 10
23.039
 20
66.485
 10
22.785
 20
66.455
 10
22.513
 20
66.428
 10
22.237
 20
66.383
 10
21.784
 20
66.295
 10
21.328
 20
66.18
 10
20.87
 20
66.058
 10
20.411
 20
65.953
 10
19.95
 20
65.884
 10
19.488
 20
65.863
 10
19.027
 20
65.892
 10
18.567
 20
65.959
 10
18.109
 20
66.047
 10
17.652
 20
66.137
 10
17.197
 20
66.214
 10
16.741
 20
66.267
 10
16.285
 20
66.298
 10
15.829
 20
66.313
 10
15.372
 20
66.321
 10
14.914
 20
66.331
 10
14.457
 20
66.345
 10
14.0
 20
66.359
 10
13.544
 20
66.364
 10
13.089
 20
66.349
 10
12.634
 20
66.304
 10
12.179
 20
66.229
 10
11.723
 20
66.13
 10
11.265
 20
66.022
 10
10.806
 20
65.928
 10
10.345
 20
65.866
 10
9.884
 20
65.853
 10
9.422
 20
65.891
 10
8.959
 20
65.973
 10
8.672
 20
66.049
 10
8.388
 20
66.129
 10
8.126
 20
66.223
 10
7.87
 20
66.313
 10
7.635
 20
66.409
 10
7.403
 20
66.495
 10
7.19
 20
66.586
 10
6.98
 20
66.666
 10
6.581
 20
66.837
 10
6.212
 20
67.017
 10
5.867
 20
67.222
 10
5.55
 20
67.464
 10
5.265
 20
67.748
  0
HATCH
  5
32
330
17
100
AcDbEntity
  8
RASTER
 62
7
100
AcDbHatch
 10
0.0
 20
0.0
 30
0.0
210
0.0
220
0.0
230
1.0
  2
SOLID
 70
1
 71
0
 91
1
 92
3
 72
0
 73
1
 93
566
 10
33.467
 20
92.552
 10
32.916
 20
92.575
 10
32.35
 20
92.55
 10
31.783
 20
92.464
 10
31.223
 20
92.322
 10
30.677
 20
92.149
 10
30.148
 20
91.983
 10
29.636
 20
91.862
 10
29.129
 20
91.81
 10
28.885
 20
91.807
 10
28.64
 20
91.826
 10
28.125
 20
91.88
 10
27.617
 20
91.934
 10
27.102
 20
91.949
 10
26.592
 20
91.893
 10
26.104
 20
91.75
 10
25.658
 20
91.519
 10
25.27
 20
91.21
 10
24.945
 20
90.84
 10
24.684
 20
90.427
 10
24.476
 20
89.983
 10
24.311
 20
89.513
 10
24.18
 20
89.017
 10
24.082
 20
88.486
 10
24.028
 20
87.922
 10
24.03
 20
87.607
 10
24.043
 20
87.298
 10
24.123
 20
86.716
 10
24.25
 20
86.139
 10
24.401
 20
85.574
 10
24.54
 20
85.026
 10
24.63
 20
84.497
 10
24.645
 20
83.978
 10
24.575
 20
83.458
 10
24.432
 20
82.924
 10
24.245
 20
82.371
 10
24.058
 20
81.799
 10
23.916
 20
81.211
 10
23.846
 20
80.616
 10
23.851
 20
80.025
 10
23.909
 20
79.447
 10
23.986
 20
78.883
 10
24.056
 20
78.33
 10
24.104
 20
77.779
 10
24.135
 20
77.223
 10
24.165
 20
76.659
 10
24.214
 20
76.086
 10
24.294
 20
75.512
 10
24.4
 20
74.945
 10
24.506
 20
74.391
 10
24.582
 20
73.853
 10
24.597
 20
73.317
 10
24.568
 20
73.061
 10
24.523
 20
72.802
 10
24.347
 20
72.306
 10
24.108
 20
71.868
 10
23.836
 20
71.483
 10
23.559
 20
71.147
 10
23.292
 20
70.847
 10
23.041
 20
70.568
 10
22.801
 20
70.299
 10
22.56
 20
70.033
 10
22.301
 20
69.771
 10
22.009
 20
69.519
 10
21.67
 20
69.288
 10
21.28
 20
69.093
 10
20.837
 20
68.947
 10
20.336
 20
68.856
 10
20.069
 20
68.835
 10
19.791
 20
68.815
 10
19.228
 20
68.791
 10
18.66
 20
68.75
 10
18.095
 20
68.693
 10
17.54
 20
68.635
 10
16.999
 20
68.603
 10
16.469
 20
68.622
 10
15.94
 20
68.706
 10
15.401
 20
68.85
 10
14.847
 20
69.033
 10
14.273
 20
69.214
 10
13.681
 20
69.344
 10
13.078
 20
69.389
 10
12.477
 20
69.336
 10
11.89
 20
69.208
 10
11.325
 20
69.047
 10
11.051
 20
68.976
 10
10.79
 20
68.915
 10
10.278
 20
68.86
 10
9.806
 20
68.89
 10
9.367
 20
68.991
 10
8.963
 20
69.152
 10
8.593
 20
69.357
 10
8.257
 20
69.598
 10
7.952
 20
69.871
 10
7.679
 20
70.173
 10
7.44
 20
70.508
 10
7.243
 20
70.877
 10
7.098
 20
71.281
 10
7.017
 20
71.72
 10
7.011
 20
72.193
 10
7.085
 20
72.705
 10
7.152
 20
72.968
 10
7.224
 20
73.249
 10
7.369
 20
73.817
 10
7.458
 20
74.409
 10
7.458
 20
75.01
 10
7.363
 20
75.605
 10
7.2
 20
76.184
 10
7.012
 20
76.744
 10
6.844
 20
77.287
 10
6.729
 20
77.816
 10
6.68
 20
78.341
 10
6.69
 20
78.871
 10
6.741
 20
79.415
 10
6.805
 20
79.972
 10
6.86
 20
80.536
 10
6.895
 20
81.101
 10
6.919
 20
81.659
 10
6.95
 20
82.208
 10
7.006
 20
82.75
 10
7.095
 20
83.292
 10
7.211
 20
83.844
 10
7.329
 20
84.41
 10
7.412
 20
84.992
 10
7.425
 20
85.587
 10
7.349
 20
86.183
 10
7.196
 20
86.768
 10
7.002
 20
87.335
 10
6.814
 20
87.883
 10
6.673
 20
88.413
 10
6.603
 20
88.932
 10
6.61
 20
89.452
 10
6.681
 20
89.984
 10
6.788
 20
90.533
 10
6.899
 20
91.095
 10
6.987
 20
91.666
 10
7.043
 20
92.237
 10
7.075
 20
92.8
 10
7.102
 20
93.355
 10
7.143
 20
93.903
 10
7.204
 20
94.453
 10
7.277
 20
95.011
 10
7.337
 20
95.582
 10
7.354
 20
96.167
 10
7.3
 20
96.758
 10
7.174
 20
97.344
 10
6.995
 20
97.916
 10
6.807
 20
98.47
 10
6.652
 20
99.006
 10
6.564
 20
99.525
 10
6.56
 20
100.039
 10
6.634
 20
100.562
 10
6.765
 20
101.102
 10
6.919
 20
101.659
 10
7.057
 20
102.23
 10
7.153
 20
102.809
 10
7.198
 20
103.387
 10
7.208
 20
103.956
 10
7.204
 20
104.515
 10
7.207
 20
105.063
 10
7.223
 20
105.33
 10
7.24
 20
105.587
 10
7.312
 20
106.085
 10
7.405
 20
106.544
 10
7.506
 20
106.978
 10
7.611
 20
107.391
 10
7.724
 20
107.789
 10
7.861
 20
108.174
 10
8.034
 20
108.544
 10
8.26
 20
108.89
 10
8.545
 20
109.198
 10
8.89
 20
109.448
 10
9.29
 20
109.622
 10
9.739
 20
109.707
 10
10.231
 20
109.696
 10
10.761
 20
109.595
 10
11.037
 20
109.515
 10
11.325
 20
109.433
 10
11.896
 20
109.28
 10
12.483
 20
109.183
 10
13.069
 20
109.154
 10
13.645
 20
109.179
 10
14.209
 20
109.229
 10
14.762
 20
109.277
 10
15.312
 20
109.31
 10
15.865
 20
109.329
 10
16.428
 20
109.35
 10
17.0
 20
109.394
 10
17.575
 20
109.475
 10
18.144
 20
109.593
 10
18.701
 20
109.724
 10
19.242
 20
109.835
 10
19.766
 20
109.893
 10
20.282
 20
109.876
 10
20.803
 20
109.779
 10
21.34
 20
109.617
 10
21.895
 20
109.421
 10
22.469
 20
109.239
 10
23.058
 20
109.113
 10
23.653
 20
109.068
 10
24.241
 20
109.101
 10
24.815
 20
109.186
 10
25.374
 20
109.288
 10
25.922
 20
109.377
 10
26.466
 20
109.439
 10
27.015
 20
109.477
 10
27.572
 20
109.507
 10
28.138
 20
109.547
 10
28.705
 20
109.61
 10
29.267
 20
109.692
 10
29.817
 20
109.774
 10
30.352
 20
109.824
 10
30.876
 20
109.819
 10
31.398
 20
109.743
 10
31.931
 20
109.601
 10
32.48
 20
109.415
 10
33.048
 20
109.225
 10
33.634
 20
109.079
 10
34.232
 20
109.014
 10
34.829
 20
109.043
 10
35.414
 20
109.147
 10
35.98
 20
109.289
 10
36.531
 20
109.428
 10
37.07
 20
109.536
 10
37.607
 20
109.6
 10
38.15
 20
109.628
 10
38.702
 20
109.636
 10
39.263
 20
109.645
 10
39.826
 20
109.668
 10
40.385
 20
109.703
 10
40.932
 20
109.73
 10
41.468
 20
109.727
 10
41.997
 20
109.674
 10
42.53
 20
109.563
 10
43.07
 20
109.406
 10
43.339
 20
109.311
 10
43.603
 20
109.217
 10
44.098
 20
109.028
 10
44.553
 20
108.867
 10
44.98
 20
108.742
 10
45.385
 20
108.645
 10
45.771
 20
108.553
 10
46.141
 20
108.443
 10
46.493
 20
108.293
 10
46.82
 20
108.088
 10
47.11
 20
107.822
 10
47.351
 20
107.493
 10
47.534
 20
107.106
 10
47.655
 20
106.666
 10
47.718
 20
106.179
 10
47.737
 20
105.65
 10
47.729
 20
105.366
 10
47.726
 20
105.08
 10
47.711
 20
104.518
 10
47.702
 20
103.96
 10
47.676
 20
103.413
 10
47.616
 20
102.872
 10
47.514
 20
102.329
 10
47.379
 20
101.776
 10
47.238
 20
101.208
 10
47.132
 20
100.622
 10
47.099
 20
100.022
 10
47.16
 20
99.42
 10
47.304
 20
98.83
 10
47.495
 20
98.257
 10
47.684
 20
97.705
 10
47.83
 20
97.169
 10
47.908
 20
96.634
 10
47.91
 20
96.377
 10
47.897
 20
96.112
 10
47.795
 20
95.598
 10
47.635
 20
95.127
 10
47.44
 20
94.695
 10
47.224
 20
94.304
 10
46.993
 20
93.952
 10
46.746
 20
93.639
 10
46.477
 20
93.365
 10
46.182
 20
93.133
 10
45.856
 20
92.946
 10
45.497
 20
92.809
 10
45.102
 20
92.723
 10
44.671
 20
92.683
 10
44.198
 20
92.676
 10
44.206
 20
92.116
 10
44.7
 20
92.123
 10
45.188
 20
92.169
 10
45.657
 20
92.272
 10
46.096
 20
92.44
 10
46.495
 20
92.668
 10
46.851
 20
92.947
 10
47.167
 20
93.268
 10
47.448
 20
93.625
 10
47.704
 20
94.015
 10
47.941
 20
94.445
 10
48.157
 20
94.922
 10
48.337
 20
95.454
 10
48.451
 20
96.031
 10
48.47
 20
96.365
 10
48.466
 20
96.69
 10
48.378
 20
97.284
 10
48.22
 20
97.869
 10
48.026
 20
98.437
 10
47.843
 20
98.985
 10
47.712
 20
99.516
 10
47.659
 20
100.035
 10
47.689
 20
100.556
 10
47.786
 20
101.09
 10
47.923
 20
101.643
 10
48.062
 20
102.211
 10
48.17
 20
102.789
 10
48.235
 20
103.369
 10
48.262
 20
103.942
 10
48.272
 20
104.505
 10
48.286
 20
105.068
 10
48.29
 20
105.356
 10
48.297
 20
105.658
 10
48.277
 20
106.224
 10
48.204
 20
106.776
 10
48.06
 20
107.3
 10
47.833
 20
107.779
 10
47.528
 20
108.195
 10
47.16
 20
108.533
 10
46.754
 20
108.789
 10
46.332
 20
108.97
 10
45.916
 20
109.095
 10
45.515
 20
109.19
 10
45.124
 20
109.284
 10
44.725
 20
109.4
 10
44.292
 20
109.553
 10
43.799
 20
109.742
 10
43.526
 20
109.839
 10
43.237
 20
109.941
 10
42.665
 20
110.107
 10
42.083
 20
110.228
 10
41.498
 20
110.287
 10
40.92
 20
110.291
 10
40.353
 20
110.262
 10
39.797
 20
110.228
 10
39.247
 20
110.205
 10
38.693
 20
110.196
 10
38.131
 20
110.188
 10
37.559
 20
110.159
 10
36.982
 20
110.089
 10
36.407
 20
109.974
 10
35.843
 20
109.832
 10
35.296
 20
109.695
 10
34.766
 20
109.6
 10
34.249
 20
109.574
 10
33.733
 20
109.631
 10
33.205
 20
109.763
 10
32.658
 20
109.946
 10
32.093
 20
110.137
 10
31.511
 20
110.292
 10
30.919
 20
110.378
 10
30.329
 20
110.384
 10
29.75
 20
110.33
 10
29.186
 20
110.247
 10
28.633
 20
110.166
 10
28.087
 20
110.105
 10
27.538
 20
110.066
 10
26.981
 20
110.037
 10
26.415
 20
109.997
 10
25.845
 20
109.932
 10
25.279
 20
109.84
 10
24.724
 20
109.739
 10
24.184
 20
109.658
 10
23.658
 20
109.628
 10
23.138
 20
109.667
 10
22.613
 20
109.781
 10
22.073
 20
109.953
 10
21.514
 20
110.149
 10
20.936
 20
110.324
 10
20.343
 20
110.433
 10
19.745
 20
110.453
 10
19.155
 20
110.389
 10
18.581
 20
110.271
 10
18.023
 20
110.14
 10
17.479
 20
110.027
 10
16.939
 20
109.951
 10
16.397
 20
109.909
 10
15.845
 20
109.889
 10
15.285
 20
109.87
 10
14.721
 20
109.836
 10
14.16
 20
109.787
 10
13.609
 20
109.738
 10
13.071
 20
109.715
 10
12.542
 20
109.74
 10
12.015
 20
109.827
 10
11.473
 20
109.974
 10
11.191
 20
110.054
 10
10.882
 20
110.142
 10
10.29
 20
110.253
 10
9.695
 20
110.265
 10
9.127
 20
110.158
 10
8.613
 20
109.935
 10
8.174
 20
109.618
 10
7.818
 20
109.235
 10
7.545
 20
108.817
 10
7.342
 20
108.387
 10
7.191
 20
107.96
 10
7.07
 20
107.537
 10
6.962
 20
107.11
 10
6.858
 20
106.663
 10
6.76
 20
106.18
 10
6.684
 20
105.654
 10
6.663
 20
105.366
 10
6.647
 20
105.076
 10
6.644
 20
104.515
 10
6.647
 20
103.959
 10
6.639
 20
103.414
 10
6.597
 20
102.877
 10
6.508
 20
102.342
 10
6.377
 20
101.799
 10
6.223
 20
101.242
 10
6.083
 20
100.668
 10
6.0
 20
100.076
 10
6.006
 20
99.476
 10
6.105
 20
98.881
 10
6.272
 20
98.302
 10
6.463
 20
97.742
 10
6.632
 20
97.201
 10
6.746
 20
96.673
 10
6.794
 20
96.149
 10
6.778
 20
95.62
 10
6.721
 20
95.077
 10
6.648
 20
94.52
 10
6.585
 20
93.955
 10
6.543
 20
93.39
 10
6.515
 20
92.83
 10
6.484
 20
92.28
 10
6.431
 20
91.736
 10
6.347
 20
91.192
 10
6.238
 20
90.641
 10
6.128
 20
90.075
 10
6.051
 20
89.493
 10
6.044
 20
88.898
 10
6.123
 20
88.303
 10
6.278
 20
87.719
 10
6.472
 20
87.153
 10
6.66
 20
86.606
 10
6.799
 20
86.076
 10
6.865
 20
85.558
 10
6.854
 20
85.038
 10
6.777
 20
84.507
 10
6.663
 20
83.959
 10
6.544
 20
83.396
 10
6.45
 20
82.824
 10
6.391
 20
82.252
 10
6.359
 20
81.686
 10
6.336
 20
81.13
 10
6.301
 20
80.581
 10
6.248
 20
80.031
 10
6.184
 20
79.473
 10
6.131
 20
78.903
 10
6.12
 20
78.319
 10
6.176
 20
77.73
 10
6.302
 20
77.144
 10
6.479
 20
76.573
 10
6.664
 20
76.019
 10
6.816
 20
75.484
 10
6.899
 20
74.965
 10
6.899
 20
74.451
 10
6.82
 20
73.929
 10
6.682
 20
73.388
 10
6.609
 20
73.107
 10
6.533
 20
72.805
 10
6.452
 20
72.23
 10
6.459
 20
71.666
 10
6.556
 20
71.136
 10
6.73
 20
70.65
 10
6.964
 20
70.213
 10
7.242
 20
69.822
 10
7.557
 20
69.473
 10
7.906
 20
69.161
 10
8.294
 20
68.883
 10
8.724
 20
68.645
 10
9.201
 20
68.456
 10
9.726
 20
68.335
 10
10.291
 20
68.3
 10
10.872
 20
68.36
 10
11.184
 20
68.432
 10
11.475
 20
68.506
 10
12.028
 20
68.665
 10
12.562
 20
68.782
 10
13.082
 20
68.828
 10
13.599
 20
68.79
 10
14.128
 20
68.672
 10
14.675
 20
68.5
 10
15.241
 20
68.314
 10
15.823
 20
68.158
 10
16.415
 20
68.065
 10
17.006
 20
68.043
 10
17.586
 20
68.077
 10
18.152
 20
68.135
 10
18.708
 20
68.192
 10
19.26
 20
68.231
 10
19.82
 20
68.256
 10
20.111
 20
68.276
 10
20.418
 20
68.301
 10
20.974
 20
68.404
 10
21.492
 20
68.574
 10
21.953
 20
68.804
 10
22.349
 20
69.074
 10
22.683
 20
69.361
 10
22.966
 20
69.648
 10
23.217
 20
69.924
 10
23.458
 20
70.194
 10
23.71
 20
70.473
 10
23.985
 20
70.783
 10
24.282
 20
71.144
 10
24.585
 20
71.573
 10
24.86
 20
72.079
 10
25.061
 20
72.645
 10
25.123
 20
72.981
 10
25.157
 20
73.306
 10
25.14
 20
73.9
 10
25.059
 20
74.483
 10
24.95
 20
75.049
 10
24.847
 20
75.602
 10
24.771
 20
76.149
 10
24.724
 20
76.698
 10
24.695
 20
77.254
 10
24.663
 20
77.819
 10
24.613
 20
78.389
 10
24.542
 20
78.956
 10
24.465
 20
79.513
 10
24.411
 20
80.056
 10
24.406
 20
80.586
 10
24.468
 20
81.112
 10
24.597
 20
81.645
 10
24.777
 20
82.194
 10
24.968
 20
82.762
 10
25.125
 20
83.348
 10
25.204
 20
83.949
 10
25.188
 20
84.551
 10
25.089
 20
85.142
 10
24.943
 20
85.715
 10
24.794
 20
86.271
 10
24.675
 20
86.815
 10
24.601
 20
87.357
 10
24.59
 20
87.621
 10
24.588
 20
87.889
 10
24.637
 20
88.409
 10
24.727
 20
88.895
 10
24.847
 20
89.349
 10
24.995
 20
89.772
 10
25.176
 20
90.158
 10
25.394
 20
90.505
 10
25.657
 20
90.804
 10
25.963
 20
91.049
 10
26.312
 20
91.23
 10
26.701
 20
91.343
 10
27.124
 20
91.389
 10
27.579
 20
91.375
 10
28.066
 20
91.323
 10
28.586
 20
91.269
 10
28.868
 20
91.247
 10
29.17
 20
91.251
 10
29.73
 20
91.309
 10
30.296
 20
91.442
 10
30.845
 20
91.614
 10
31.377
 20
91.783
 10
31.895
 20
91.915
 10
32.405
 20
91.993
 10
32.917
 20
92.014
 10
33.444
 20
91.992
 97
0
 75
0
 76
1
 98
0
  0
HATCH
  5
33
330
17
100
AcDbEntity
  8
RASTER
 62
7
100
AcDbHatch
 10
0.0
 20
0.0
 30
0.0
210
0.0
220
0.0
230
1.0
  2
SOLID
 70
1
 71
0
 91
6
 92
3
 72
0
 73
1
 93
4
 10
43.154
 20
91.996
 10
34.748
 20
91.996
 10
34.748
 20
81.442
 10
43.154
 20
81.442
 97
0
 92
2
 72
0
 73
1
 93
5
 10
42.687
 20
90.408
 10
42.687
 20
90.034
 10
35.215
 20
90.034
 10
35.215
 20
90.408
 10
42.687
 20
90.408
 97
0
 92
2
 72
0
 73
1
 93
5
 10
42.687
 20
88.633
 10
42.687
 20
88.26
 10
35.215
 20
88.26
 10
35.215
 20
88.633
 10
42.687
 20
88.633
 97
0
 92
2
 72
0
 73
1
 93
5
 10
42.687
 20
86.859
 10
42.687
 20
86.485
 10
35.215
 20
86.485
 10
35.215
 20
86.859
 10
42.687
 20
86.859
 97
0
 92
2
 72
0
 73
1
 93
5
 10
42.687
 20
85.084
 10
42.687
 20
84.711
 10
35.215
 20
84.711
 10
35.215
 20
85.084
 10
42.687
 20
85.084
 97
0
 92
2
 72
0
 73
1
 93
5
 10
42.687
 20
83.31
 10
42.687
 20
82.936
 10
35.215
 20
82.936
 10
35.215
 20
83.31
 10
42.687
 20
83.31
 97
0
 75
0
 76
1
 98
0
  0
HATCH
  5
34
330
17
100
AcDbEntity
  8
RASTER
 62
7
100
AcDbHatch
 10
0.0
 20
0.0
 30
0.0
210
0.0
220
0.0
230
1.0
  2
SOLID
 70
1
 71
0
 91
8
 92
3
 72
0
 73
1
 93
4
 10
46.797
 20
80.881
 10
31.106
 20
80.881
 10
31.106
 20
78.453
 10
46.797
 20
78.453
 97
0
 92
2
 72
0
 73
1
 93
5
 10
44.462
 20
80.881
 10
44.462
 20
78.453
 10
44.088
 20
78.453
 10
44.088
 20
80.881
 10
44.462
 20
80.881
 97
0
 92
2
 72
0
 73
1
 93
5
 10
42.687
 20
80.881
 10
42.687
 20
78.453
 10
42.314
 20
78.453
 10
42.314
 20
80.881
 10
42.687
 20
80.881
 97
0
 92
2
 72
0
 73
1
 93
5
 10
40.913
 20
80.881
 10
40.913
 20
78.453
 10
40.539
 20
78.453
 10
40.539
 20
80.881
 10
40.913
 20
80.881
 97
0
 92
2
 72
0
 73
1
 93
5
 10
39.138
 20
80.881
 10
39.138
 20
78.453
 10
38.765
 20
78.453
 10
38.765
 20
80.881
 10
39.138
 20
80.881
 97
0
 92
2
 72
0
 73
1
 93
5
 10
37.364
 20
80.881
 10
37.364
 20
78.453
 10
36.99
 20
78.453
 10
36.99
 20
80.881
 10
37.364
 20
80.881
 97
0
 92
2
 72
0
 73
1
 93
5
 10
35.589
 20
80.881
 10
35.589
 20
78.453
 10
35.215
 20
78.453
 10
35.215
 20
80.881
 10
35.589
 20
80.881
 97
0
 92
2
 72
0
 73
1
 93
5
 10
33.814
 20
80.881
 10
33.814
 20
78.453
 10
33.441
 20
78.453
 10
33.441
 20
80.881
 10
33.814
 20
80.881
 97
0
 75
0
 76
1
 98
0
  0
HATCH
  5
35
330
17
100
AcDbEntity
  8
RASTER
 62
7
100
AcDbHatch
 10
0.0
 20
0.0
 30
0.0
210
0.0
220
0.0
230
1.0
  2
SOLID
 70
1
 71
0
 91
18
 92
3
 72
0
 73
1
 93
150
 10
10.779
 20
104.741
 10
10.943
 20
104.683
 10
11.107
 20
104.478
 10
11.259
 20
104.178
 10
11.394
 20
103.698
 10
11.792
 20
103.891
 10
11.887
 20
103.863
 10
11.956
 20
103.768
 10
11.956
 20
103.563
 10
11.997
 20
103.44
 10
11.915
 20
103.03
 10
11.833
 20
102.866
 10
12.01
 20
102.796
 10
12.079
 20
102.701
 10
12.079
 20
102.455
 10
11.956
 20
102.086
 10
11.985
 20
101.992
 10
12.051
 20
101.934
 10
12.202
 20
102.414
 10
12.313
 20
102.632
 10
12.449
 20
102.742
 10
12.6
 20
102.673
 10
12.654
 20
103.03
 10
12.736
 20
103.276
 10
12.888
 20
103.534
 10
13.023
 20
103.563
 10
13.134
 20
103.51
 10
13.158
 20
103.452
 10
13.216
 20
103.452
 10
13.269
 20
103.809
 10
13.544
 20
104.314
 10
13.68
 20
104.384
 10
13.733
 20
104.355
 10
14.036
 20
103.986
 10
14.16
 20
104.191
 10
14.488
 20
104.519
 10
14.746
 20
104.671
 10
15.033
 20
104.753
 10
15.087
 20
104.724
 10
15.157
 20
104.63
 10
15.157
 20
104.178
 10
15.033
 20
103.727
 10
14.869
 20
103.399
 10
14.91
 20
103.358
 10
15.239
 20
103.317
 10
15.374
 20
103.247
 10
15.403
 20
103.071
 10
15.292
 20
102.853
 10
15.185
 20
102.755
 10
15.128
 20
102.648
 10
14.775
 20
102.386
 10
14.775
 20
102.32
 10
14.869
 20
102.209
 10
14.8
 20
101.992
 10
14.594
 20
101.787
 10
14.242
 20
101.565
 10
14.225
 20
101.524
 10
14.336
 20
101.43
 10
14.336
 20
101.307
 10
14.266
 20
101.171
 10
13.733
 20
100.744
 10
13.885
 20
100.732
 10
13.967
 20
100.773
 10
14.119
 20
100.662
 10
14.582
 20
100.937
 10
14.828
 20
100.978
 10
14.951
 20
100.855
 10
14.923
 20
100.539
 10
15.731
 20
100.568
 10
15.948
 20
100.457
 10
15.977
 20
100.281
 10
15.907
 20
100.145
 10
15.579
 20
99.817
 10
15.115
 20
99.624
 10
15.333
 20
99.39
 10
15.403
 20
99.255
 10
15.374
 20
99.079
 10
15.28
 20
99.009
 10
15.115
 20
98.968
 10
14.582
 20
98.968
 10
14.541
 20
98.927
 10
14.512
 20
98.75
 10
14.418
 20
98.681
 10
13.885
 20
98.681
 10
13.803
 20
98.722
 10
13.774
 20
98.709
 10
13.803
 20
98.64
 10
13.774
 20
98.463
 10
13.597
 20
98.394
 10
13.023
 20
98.435
 10
12.97
 20
98.242
 10
12.859
 20
98.188
 10
12.326
 20
98.188
 10
12.161
 20
98.229
 10
11.862
 20
98.381
 10
11.575
 20
98.709
 10
10.943
 20
98.463
 10
10.725
 20
97.778
 10
10.451
 20
97.15
 10
10.369
 20
97.027
 10
10.233
 20
96.958
 10
10.11
 20
96.958
 10
9.975
 20
97.027
 10
9.905
 20
97.163
 10
9.905
 20
97.245
 10
10.098
 20
97.602
 10
9.852
 20
97.421
 10
9.671
 20
97.232
 10
9.454
 20
97.122
 10
9.331
 20
97.122
 10
9.22
 20
97.175
 10
9.166
 20
97.286
 10
9.195
 20
97.503
 10
9.646
 20
97.93
 10
9.536
 20
97.942
 10
9.331
 20
97.86
 10
9.166
 20
97.86
 10
9.084
 20
97.819
 10
8.908
 20
97.93
 10
8.879
 20
98.188
 10
8.908
 20
98.242
 10
9.043
 20
98.311
 10
9.905
 20
98.558
 10
10.492
 20
98.833
 10
10.602
 20
99.132
 10
10.684
 20
99.542
 10
10.684
 20
99.788
 10
10.385
 20
99.94
 10
10.139
 20
100.186
 10
9.946
 20
100.527
 10
9.864
 20
100.814
 10
9.893
 20
101.114
 10
10.069
 20
101.183
 10
9.905
 20
101.635
 10
9.905
 20
101.84
 10
9.934
 20
101.893
 10
10.11
 20
101.963
 10
9.905
 20
102.496
 10
9.905
 20
102.701
 10
9.934
 20
102.755
 10
10.11
 20
102.825
 10
9.987
 20
103.153
 10
9.958
 20
103.452
 10
9.987
 20
103.563
 10
10.069
 20
103.645
 10
10.233
 20
103.645
 10
10.508
 20
103.534
 10
10.479
 20
104.055
 10
10.561
 20
104.384
 10
10.713
 20
104.683
 97
0
 92
2
 72
0
 73
1
 93
13
 10
14.98
 20
104.576
 10
14.529
 20
104.355
 10
14.242
 20
104.027
 10
14.09
 20
103.727
 10
14.09
 20
103.399
 10
14.131
 20
103.317
 10
14.09
 20
103.235
 10
14.102
 20
103.124
 10
14.512
 20
103.346
 10
14.759
 20
103.551
 10
14.992
 20
104.055
 10
14.951
 20
104.137
 10
14.992
 20
104.22
 97
0
 92
2
 72
0
 73
1
 93
15
 10
10.849
 20
104.548
 10
10.767
 20
104.425
 10
10.643
 20
104.055
 10
10.602
 20
103.686
 10
10.713
 20
103.346
 10
10.902
 20
103.206
 10
10.959
 20
103.099
 10
11.013
 20
103.071
 10
11.054
 20
103.112
 10
11.107
 20
103.346
 10
11.218
 20
103.481
 10
11.247
 20
103.715
 10
11.177
 20
103.727
 10
11.136
 20
104.055
 10
10.902
 20
104.519
 97
0
 92
2
 72
0
 73
1
 93
24
 10
13.68
 20
104.178
 10
13.626
 20
104.15
 10
13.433
 20
103.768
 10
13.351
 20
103.481
 10
13.351
 20
103.153
 10
13.61
 20
102.345
 10
13.885
 20
102.373
 10
13.967
 20
102.414
 10
14.418
 20
102.414
 10
14.882
 20
102.648
 10
15.087
 20
102.853
 10
15.251
 20
103.099
 10
15.251
 20
103.165
 10
15.198
 20
103.194
 10
14.582
 20
103.194
 10
14.16
 20
103.001
 10
14.036
 20
102.919
 10
13.938
 20
102.771
 10
13.872
 20
102.771
 10
13.856
 20
102.812
 10
13.967
 20
103.071
 10
13.967
 20
103.604
 10
13.856
 20
103.904
 10
13.733
 20
104.15
 97
0
 92
2
 72
0
 73
1
 93
26
 10
11.71
 20
103.727
 10
11.64
 20
103.674
 10
11.657
 20
103.616
 10
11.587
 20
103.645
 10
11.37
 20
103.493
 10
11.353
 20
103.387
 10
11.164
 20
103.165
 10
11.095
 20
103.03
 10
11.041
 20
102.632
 10
10.972
 20
102.701
 10
10.972
 20
102.784
 10
10.861
 20
103.001
 10
10.656
 20
103.247
 10
10.122
 20
103.51
 10
10.11
 20
103.235
 10
10.303
 20
102.771
 10
10.426
 20
102.648
 10
10.779
 20
102.468
 10
11.0
 20
102.238
 10
11.066
 20
102.238
 10
11.123
 20
102.345
 10
11.517
 20
102.689
 10
11.71
 20
102.948
 10
11.833
 20
103.399
 10
11.833
 20
103.686
 10
11.792
 20
103.727
 97
0
 92
2
 72
0
 73
1
 93
19
 10
12.982
 20
103.358
 10
12.777
 20
102.907
 10
12.736
 20
102.496
 10
12.982
 20
101.881
 10
13.023
 20
101.717
 10
12.994
 20
101.524
 10
13.392
 20
101.635
 10
13.967
 20
101.635
 10
14.389
 20
101.828
 10
14.635
 20
102.033
 10
14.705
 20
102.168
 10
14.664
 20
102.209
 10
14.377
 20
102.291
 10
13.967
 20
102.291
 10
13.544
 20
102.139
 10
13.364
 20
101.975
 10
13.392
 20
102.619
 10
13.351
 20
102.784
 10
13.199
 20
103.124
 97
0
 92
2
 72
0
 73
1
 93
18
 10
11.915
 20
102.701
 10
11.616
 20
102.591
 10
11.247
 20
102.262
 10
11.095
 20
102.004
 10
11.041
 20
101.811
 10
10.902
 20
102.139
 10
10.656
 20
102.386
 10
10.192
 20
102.619
 10
10.069
 20
102.66
 10
10.028
 20
102.619
 10
10.11
 20
102.332
 10
10.344
 20
101.91
 10
10.779
 20
101.647
 10
11.041
 20
101.36
 10
11.329
 20
101.647
 10
11.435
 20
101.704
 10
11.763
 20
102.074
 10
11.956
 20
102.619
 97
0
 92
2
 72
0
 73
1
 93
20
 10
12.477
 20
102.566
 10
12.408
 20
102.496
 10
12.244
 20
102.004
 10
12.244
 20
101.635
 10
12.449
 20
101.101
 10
12.49
 20
100.896
 10
12.461
 20
100.785
 10
12.736
 20
100.855
 10
13.474
 20
100.855
 10
13.815
 20
101.007
 10
14.143
 20
101.294
 10
14.172
 20
101.348
 10
14.09
 20
101.43
 10
13.515
 20
101.512
 10
13.052
 20
101.36
 10
12.748
 20
101.114
 10
12.736
 20
101.224
 10
12.818
 20
101.348
 10
12.818
 20
101.881
 10
12.707
 20
102.18
 97
0
 92
2
 72
0
 73
1
 93
67
 10
11.903
 20
101.869
 10
11.862
 20
101.852
 10
11.792
 20
101.717
 10
11.71
 20
101.471
 10
11.669
 20
100.896
 10
11.821
 20
100.515
 10
11.928
 20
100.416
 10
11.985
 20
100.31
 10
11.928
 20
100.186
 10
11.64
 20
99.817
 10
11.452
 20
99.637
 10
11.394
 20
99.53
 10
10.656
 20
98.75
 10
10.315
 20
98.558
 10
9.905
 20
98.394
 10
9.043
 20
98.147
 10
9.002
 20
98.106
 10
9.015
 20
97.996
 10
9.207
 20
97.983
 10
9.372
 20
98.024
 10
10.233
 20
98.311
 10
10.849
 20
98.599
 10
11.628
 20
98.886
 10
11.698
 20
98.874
 10
11.78
 20
98.709
 10
11.985
 20
98.504
 10
12.202
 20
98.394
 10
12.572
 20
98.311
 10
12.847
 20
98.365
 10
12.789
 20
98.529
 10
12.543
 20
98.775
 10
12.215
 20
98.98
 10
11.915
 20
99.091
 10
12.215
 20
99.325
 10
12.326
 20
99.542
 10
12.408
 20
99.788
 10
12.408
 20
99.871
 10
12.326
 20
99.953
 10
12.202
 20
99.953
 10
12.067
 20
99.883
 10
12.01
 20
99.776
 10
11.862
 20
99.637
 10
11.669
 20
99.296
 10
11.657
 20
99.062
 10
10.943
 20
98.775
 10
11.394
 20
99.243
 10
11.452
 20
99.349
 10
11.969
 20
99.94
 10
12.108
 20
100.17
 10
12.49
 20
100.076
 10
12.9
 20
100.076
 10
13.199
 20
100.186
 10
13.446
 20
100.351
 10
13.638
 20
100.568
 10
13.515
 20
100.65
 10
13.351
 20
100.691
 10
13.105
 20
100.691
 10
13.023
 20
100.732
 10
12.9
 20
100.691
 10
12.695
 20
100.691
 10
12.395
 20
100.539
 10
12.174
 20
100.334
 10
12.174
 20
100.433
 10
12.326
 20
100.814
 10
12.326
 20
101.019
 10
12.19
 20
101.458
 10
12.01
 20
101.77
 97
0
 92
2
 72
0
 73
1
 93
19
 10
10.098
 20
101.787
 10
10.04
 20
101.746
 10
10.069
 20
101.635
 10
10.151
 20
101.389
 10
10.303
 20
101.13
 10
10.738
 20
100.826
 10
10.959
 20
100.597
 10
11.025
 20
100.597
 10
11.164
 20
100.744
 10
11.476
 20
100.966
 10
11.575
 20
101.663
 10
11.164
 20
101.319
 10
11.054
 20
100.937
 10
11.013
 20
100.896
 10
10.972
 20
100.937
 10
10.972
 20
101.142
 10
10.861
 20
101.36
 10
10.656
 20
101.565
 10
10.356
 20
101.717
 97
0
 92
2
 72
0
 73
1
 93
27
 10
10.028
 20
101.019
 10
9.987
 20
100.978
 10
10.028
 20
100.773
 10
10.262
 20
100.31
 10
10.508
 20
100.104
 10
10.861
 20
99.965
 10
10.89
 20
99.912
 10
10.849
 20
99.829
 10
10.808
 20
99.255
 10
10.725
 20
99.009
 10
10.767
 20
98.968
 10
10.902
 20
99.079
 10
11.013
 20
99.337
 10
11.013
 20
99.624
 10
11.054
 20
99.706
 10
11.066
 20
99.94
 10
11.517
 20
100.186
 10
11.669
 20
100.404
 10
11.534
 20
100.761
 10
11.464
 20
100.773
 10
11.288
 20
100.662
 10
11.123
 20
100.498
 10
10.984
 20
100.17
 10
10.931
 20
100.24
 10
10.931
 20
100.363
 10
10.861
 20
100.498
 10
10.656
 20
100.703
 97
0
 92
2
 72
0
 73
1
 93
21
 10
14.775
 20
100.843
 10
14.365
 20
100.662
 10
14.119
 20
100.416
 10
13.803
 20
99.624
 10
14.184
 20
99.349
 10
14.283
 20
99.243
 10
14.418
 20
99.173
 10
14.541
 20
99.132
 10
15.115
 20
99.132
 10
15.226
 20
99.185
 10
15.21
 20
99.267
 10
15.128
 20
99.39
 10
14.882
 20
99.596
 10
14.5
 20
99.747
 10
14.295
 20
99.747
 10
14.213
 20
99.706
 10
14.172
 20
99.747
 10
14.348
 20
99.858
 10
14.594
 20
100.145
 10
14.746
 20
100.486
 10
14.787
 20
100.65
 97
0
 92
2
 72
0
 73
1
 93
19
 10
13.926
 20
100.609
 10
13.339
 20
100.047
 10
13.035
 20
99.39
 10
13.446
 20
99.103
 10
13.626
 20
98.915
 10
13.762
 20
98.845
 10
14.254
 20
98.804
 10
14.365
 20
98.857
 10
14.307
 20
98.98
 10
14.184
 20
99.144
 10
13.979
 20
99.308
 10
13.597
 20
99.501
 10
13.405
 20
99.432
 10
13.462
 20
99.555
 10
13.569
 20
99.612
 10
13.733
 20
99.776
 10
13.885
 20
100.076
 10
13.967
 20
100.363
 10
13.967
 20
100.568
 97
0
 92
2
 72
0
 73
1
 93
11
 10
15.239
 20
100.445
 10
15.033
 20
100.404
 10
14.816
 20
100.293
 10
14.553
 20
99.883
 10
14.828
 20
99.788
 10
15.033
 20
99.788
 10
15.497
 20
99.981
 10
15.784
 20
100.268
 10
15.813
 20
100.322
 10
15.784
 20
100.375
 10
15.526
 20
100.445
 97
0
 92
2
 72
0
 73
1
 93
6
 10
11.575
 20
100.022
 10
11.206
 20
99.801
 10
11.189
 20
99.596
 10
11.247
 20
99.596
 10
11.288
 20
99.678
 10
11.558
 20
99.94
 97
0
 92
2
 72
0
 73
1
 93
16
 10
13.105
 20
99.994
 10
12.9
 20
99.912
 10
12.584
 20
99.858
 10
12.449
 20
99.501
 10
12.256
 20
99.144
 10
12.625
 20
98.898
 10
12.765
 20
98.75
 10
13.023
 20
98.599
 10
13.146
 20
98.558
 10
13.597
 20
98.558
 10
13.638
 20
98.64
 10
13.569
 20
98.775
 10
13.364
 20
98.98
 10
12.736
 20
99.296
 10
12.953
 20
99.53
 10
13.146
 20
99.953
 97
0
 92
2
 72
0
 73
1
 93
10
 10
10.479
 20
98.352
 10
9.975
 20
98.037
 10
9.548
 20
97.602
 10
9.318
 20
97.421
 10
9.302
 20
97.298
 10
9.4
 20
97.257
 10
9.671
 20
97.438
 10
9.958
 20
97.725
 10
10.016
 20
97.831
 10
10.492
 20
98.299
 97
0
 92
2
 72
0
 73
1
 93
10
 10
10.725
 20
98.352
 10
10.672
 20
98.324
 10
10.467
 20
98.037
 10
10.069
 20
97.245
 10
10.098
 20
97.15
 10
10.151
 20
97.122
 10
10.245
 20
97.15
 10
10.438
 20
97.491
 10
10.643
 20
97.983
 10
10.754
 20
98.324
 97
0
 75
0
 76
1
 98
0
  0
HATCH
  5
36
330
17
100
AcDbEntity
  8
RASTER
 62
7
100
AcDbHatch
 10
0.0
 20
0.0
 30
0.0
210
0.0
220
0.0
230
1.0
  2
SOLID
 70
1
 71
0
 91
2
 92
3
 72
0
 73
1
 93
48
 10
24.381
 20
100.869
 10
24.354
 20
100.454
 10
24.273
 20
100.047
 10
24.139
 20
99.654
 10
23.956
 20
99.281
 10
23.725
 20
98.936
 10
23.451
 20
98.623
 10
23.139
 20
98.349
 10
22.793
 20
98.119
 10
22.421
 20
97.935
 10
22.027
 20
97.801
 10
21.62
 20
97.72
 10
21.205
 20
97.693
 10
20.791
 20
97.72
 10
20.384
 20
97.801
 10
19.99
 20
97.935
 10
19.618
 20
98.119
 10
19.272
 20
98.349
 10
18.96
 20
98.623
 10
18.686
 20
98.936
 10
18.455
 20
99.281
 10
18.272
 20
99.654
 10
18.138
 20
100.047
 10
18.057
 20
100.454
 10
18.03
 20
100.869
 10
18.057
 20
101.283
 10
18.138
 20
101.691
 10
18.272
 20
102.084
 10
18.455
 20
102.457
 10
18.686
 20
102.802
 10
18.96
 20
103.114
 10
19.272
 20
103.388
 10
19.618
 20
103.619
 10
19.99
 20
103.803
 10
20.384
 20
103.936
 10
20.791
 20
104.017
 10
21.205
 20
104.044
 10
21.62
 20
104.017
 10
22.027
 20
103.936
 10
22.421
 20
103.803
 10
22.793
 20
103.619
 10
23.139
 20
103.388
 10
23.451
 20
103.114
 10
23.725
 20
102.802
 10
23.956
 20
102.457
 10
24.139
 20
102.084
 10
24.273
 20
101.691
 10
24.354
 20
101.283
 97
0
 92
2
 72
0
 73
1
 93
327
 10
20.857
 20
101.12
 10
20.857
 20
100.76
 10
20.969
 20
100.76
 10
20.996
 20
100.76
 10
21.022
 20
100.759
 10
21.049
 20
100.757
 10
21.077
 20
100.755
 10
21.104
 20
100.751
 10
21.132
 20
100.748
 10
21.16
 20
100.743
 10
21.189
 20
100.738
 10
21.217
 20
100.732
 10
21.244
 20
100.725
 10
21.271
 20
100.717
 10
21.298
 20
100.708
 10
21.323
 20
100.699
 10
21.348
 20
100.688
 10
21.373
 20
100.677
 10
21.397
 20
100.665
 10
21.42
 20
100.651
 10
21.441
 20
100.637
 10
21.462
 20
100.621
 10
21.482
 20
100.605
 10
21.501
 20
100.587
 10
21.519
 20
100.568
 10
21.536
 20
100.547
 10
21.552
 20
100.526
 10
21.567
 20
100.503
 10
21.579
 20
100.48
 10
21.59
 20
100.454
 10
21.598
 20
100.428
 10
21.605
 20
100.401
 10
21.61
 20
100.372
 10
21.613
 20
100.342
 10
21.614
 20
100.311
 10
21.613
 20
100.281
 10
21.611
 20
100.253
 10
21.608
 20
100.226
 10
21.603
 20
100.2
 10
21.597
 20
100.175
 10
21.59
 20
100.152
 10
21.581
 20
100.129
 10
21.571
 20
100.108
 10
21.56
 20
100.088
 10
21.548
 20
100.069
 10
21.535
 20
100.051
 10
21.521
 20
100.033
 10
21.507
 20
100.017
 10
21.491
 20
100.001
 10
21.475
 20
99.987
 10
21.458
 20
99.973
 10
21.441
 20
99.961
 10
21.423
 20
99.949
 10
21.404
 20
99.938
 10
21.384
 20
99.928
 10
21.364
 20
99.919
 10
21.344
 20
99.91
 10
21.323
 20
99.903
 10
21.301
 20
99.896
 10
21.279
 20
99.891
 10
21.257
 20
99.886
 10
21.235
 20
99.882
 10
21.213
 20
99.878
 10
21.192
 20
99.876
 10
21.17
 20
99.874
 10
21.148
 20
99.872
 10
21.127
 20
99.872
 10
21.075
 20
99.874
 10
21.025
 20
99.879
 10
20.978
 20
99.887
 10
20.933
 20
99.899
 10
20.891
 20
99.915
 10
20.852
 20
99.933
 10
20.815
 20
99.955
 10
20.78
 20
99.981
 10
20.748
 20
100.009
 10
20.719
 20
100.038
 10
20.692
 20
100.069
 10
20.668
 20
100.102
 10
20.647
 20
100.136
 10
20.628
 20
100.171
 10
20.612
 20
100.208
 10
20.598
 20
100.247
 10
20.179
 20
100.116
 10
20.193
 20
100.075
 10
20.208
 20
100.036
 10
20.224
 20
99.998
 10
20.242
 20
99.962
 10
20.261
 20
99.927
 10
20.282
 20
99.894
 10
20.304
 20
99.862
 10
20.327
 20
99.831
 10
20.351
 20
99.802
 10
20.376
 20
99.774
 10
20.403
 20
99.747
 10
20.43
 20
99.722
 10
20.458
 20
99.699
 10
20.487
 20
99.676
 10
20.517
 20
99.655
 10
20.548
 20
99.636
 10
20.58
 20
99.618
 10
20.612
 20
99.601
 10
20.645
 20
99.585
 10
20.679
 20
99.571
 10
20.714
 20
99.558
 10
20.75
 20
99.546
 10
20.786
 20
99.535
 10
20.823
 20
99.525
 10
20.861
 20
99.517
 10
20.899
 20
99.51
 10
20.938
 20
99.504
 10
20.978
 20
99.499
 10
21.018
 20
99.495
 10
21.059
 20
99.492
 10
21.1
 20
99.49
 10
21.142
 20
99.49
 10
21.184
 20
99.491
 10
21.226
 20
99.493
 10
21.268
 20
99.497
 10
21.309
 20
99.503
 10
21.351
 20
99.51
 10
21.393
 20
99.518
 10
21.434
 20
99.529
 10
21.475
 20
99.54
 10
21.516
 20
99.554
 10
21.556
 20
99.569
 10
21.594
 20
99.586
 10
21.632
 20
99.604
 10
21.669
 20
99.623
 10
21.705
 20
99.645
 10
21.739
 20
99.668
 10
21.773
 20
99.692
 10
21.806
 20
99.718
 10
21.836
 20
99.746
 10
21.866
 20
99.776
 10
21.893
 20
99.807
 10
21.919
 20
99.839
 10
21.943
 20
99.874
 10
21.966
 20
99.909
 10
21.987
 20
99.947
 10
22.006
 20
99.986
 10
22.022
 20
100.027
 10
22.036
 20
100.07
 10
22.047
 20
100.114
 10
22.056
 20
100.16
 10
22.062
 20
100.207
 10
22.066
 20
100.256
 10
22.067
 20
100.307
 10
22.065
 20
100.367
 10
22.058
 20
100.426
 10
22.046
 20
100.481
 10
22.029
 20
100.535
 10
22.008
 20
100.586
 10
21.982
 20
100.635
 10
21.951
 20
100.681
 10
21.916
 20
100.725
 10
21.876
 20
100.765
 10
21.834
 20
100.802
 10
21.789
 20
100.835
 10
21.741
 20
100.865
 10
21.69
 20
100.89
 10
21.636
 20
100.912
 10
21.58
 20
100.93
 10
21.52
 20
100.944
 10
21.52
 20
100.951
 10
21.573
 20
100.966
 10
21.623
 20
100.985
 10
21.671
 20
101.007
 10
21.716
 20
101.032
 10
21.758
 20
101.062
 10
21.797
 20
101.094
 10
21.833
 20
101.131
 10
21.867
 20
101.171
 10
21.897
 20
101.213
 10
21.923
 20
101.257
 10
21.946
 20
101.302
 10
21.964
 20
101.349
 10
21.978
 20
101.397
 10
21.988
 20
101.447
 10
21.994
 20
101.498
 10
21.996
 20
101.551
 10
21.995
 20
101.595
 10
21.992
 20
101.638
 10
21.987
 20
101.679
 10
21.979
 20
101.719
 10
21.97
 20
101.758
 10
21.958
 20
101.795
 10
21.944
 20
101.831
 10
21.929
 20
101.866
 10
21.911
 20
101.899
 10
21.892
 20
101.93
 10
21.871
 20
101.961
 10
21.849
 20
101.99
 10
21.825
 20
102.017
 10
21.799
 20
102.044
 10
21.772
 20
102.069
 10
21.743
 20
102.092
 10
21.713
 20
102.115
 10
21.682
 20
102.135
 10
21.649
 20
102.155
 10
21.616
 20
102.173
 10
21.581
 20
102.19
 10
21.545
 20
102.205
 10
21.508
 20
102.219
 10
21.47
 20
102.231
 10
21.431
 20
102.242
 10
21.391
 20
102.251
 10
21.351
 20
102.26
 10
21.31
 20
102.266
 10
21.269
 20
102.271
 10
21.227
 20
102.275
 10
21.185
 20
102.277
 10
21.142
 20
102.278
 10
21.103
 20
102.277
 10
21.064
 20
102.275
 10
21.026
 20
102.271
 10
20.988
 20
102.267
 10
20.951
 20
102.26
 10
20.914
 20
102.253
 10
20.878
 20
102.243
 10
20.842
 20
102.233
 10
20.807
 20
102.221
 10
20.773
 20
102.208
 10
20.739
 20
102.194
 10
20.707
 20
102.179
 10
20.675
 20
102.163
 10
20.644
 20
102.145
 10
20.614
 20
102.127
 10
20.585
 20
102.107
 10
20.557
 20
102.087
 10
20.53
 20
102.065
 10
20.504
 20
102.043
 10
20.479
 20
102.019
 10
20.456
 20
101.995
 10
20.433
 20
101.97
 10
20.411
 20
101.943
 10
20.39
 20
101.916
 10
20.371
 20
101.888
 10
20.353
 20
101.859
 10
20.337
 20
101.83
 10
20.322
 20
101.8
 10
20.308
 20
101.769
 10
20.296
 20
101.737
 10
20.285
 20
101.704
 10
20.276
 20
101.671
 10
20.7
 20
101.562
 10
20.711
 20
101.6
 10
20.724
 20
101.635
 10
20.74
 20
101.669
 10
20.758
 20
101.701
 10
20.777
 20
101.731
 10
20.799
 20
101.759
 10
20.823
 20
101.785
 10
20.849
 20
101.809
 10
20.878
 20
101.831
 10
20.907
 20
101.85
 10
20.939
 20
101.867
 10
20.972
 20
101.88
 10
21.007
 20
101.89
 10
21.044
 20
101.897
 10
21.083
 20
101.902
 10
21.123
 20
101.903
 10
21.144
 20
101.903
 10
21.164
 20
101.901
 10
21.184
 20
101.899
 10
21.204
 20
101.897
 10
21.224
 20
101.893
 10
21.244
 20
101.888
 10
21.263
 20
101.883
 10
21.282
 20
101.877
 10
21.301
 20
101.87
 10
21.32
 20
101.862
 10
21.337
 20
101.854
 10
21.354
 20
101.845
 10
21.371
 20
101.835
 10
21.387
 20
101.825
 10
21.402
 20
101.814
 10
21.417
 20
101.802
 10
21.431
 20
101.789
 10
21.445
 20
101.776
 10
21.457
 20
101.762
 10
21.469
 20
101.748
 10
21.48
 20
101.732
 10
21.491
 20
101.716
 10
21.5
 20
101.699
 10
21.509
 20
101.682
 10
21.517
 20
101.664
 10
21.524
 20
101.645
 10
21.53
 20
101.626
 10
21.534
 20
101.606
 10
21.538
 20
101.586
 10
21.541
 20
101.565
 10
21.542
 20
101.543
 10
21.543
 20
101.521
 10
21.542
 20
101.491
 10
21.54
 20
101.462
 10
21.536
 20
101.435
 10
21.53
 20
101.409
 10
21.523
 20
101.385
 10
21.514
 20
101.362
 10
21.504
 20
101.34
 10
21.492
 20
101.32
 10
21.479
 20
101.302
 10
21.465
 20
101.284
 10
21.45
 20
101.267
 10
21.434
 20
101.252
 10
21.416
 20
101.237
 10
21.398
 20
101.223
 10
21.379
 20
101.21
 10
21.359
 20
101.199
 10
21.338
 20
101.188
 10
21.317
 20
101.178
 10
21.295
 20
101.169
 10
21.272
 20
101.161
 10
21.249
 20
101.153
 10
21.226
 20
101.147
 10
21.202
 20
101.141
 10
21.177
 20
101.137
 10
21.153
 20
101.133
 10
21.128
 20
101.129
 10
21.103
 20
101.127
 10
21.078
 20
101.124
 10
21.053
 20
101.122
 10
21.027
 20
101.121
 10
21.002
 20
101.12
 10
20.977
 20
101.12
 10
20.857
 20
101.12
 97
0
 75
0
 76
1
 98
0
  0
HATCH
  5
37
330
17
100
AcDbEntity
  8
RASTER
 62
7
100
AcDbHatch
 10
0.0
 20
0.0
 30
0.0
210
0.0
220
0.0
230
1.0
  2
SOLID
 70
1
 71
0
 91
18
 92
3
 72
0
 73
1
 93
150
 10
34.129
 20
104.741
 10
34.293
 20
104.683
 10
34.457
 20
104.478
 10
34.609
 20
104.178
 10
34.744
 20
103.698
 10
35.142
 20
103.891
 10
35.237
 20
103.863
 10
35.306
 20
103.768
 10
35.306
 20
103.563
 10
35.347
 20
103.44
 10
35.265
 20
103.03
 10
35.183
 20
102.866
 10
35.36
 20
102.796
 10
35.429
 20
102.701
 10
35.429
 20
102.455
 10
35.306
 20
102.086
 10
35.335
 20
101.992
 10
35.401
 20
101.934
 10
35.552
 20
102.414
 10
35.663
 20
102.632
 10
35.799
 20
102.742
 10
35.95
 20
102.673
 10
36.004
 20
103.03
 10
36.086
 20
103.276
 10
36.238
 20
103.534
 10
36.373
 20
103.563
 10
36.484
 20
103.51
 10
36.508
 20
103.452
 10
36.566
 20
103.452
 10
36.619
 20
103.809
 10
36.894
 20
104.314
 10
37.03
 20
104.384
 10
37.083
 20
104.355
 10
37.386
 20
103.986
 10
37.51
 20
104.191
 10
37.838
 20
104.519
 10
38.096
 20
104.671
 10
38.383
 20
104.753
 10
38.437
 20
104.724
 10
38.507
 20
104.63
 10
38.507
 20
104.178
 10
38.383
 20
103.727
 10
38.219
 20
103.399
 10
38.26
 20
103.358
 10
38.589
 20
103.317
 10
38.724
 20
103.247
 10
38.753
 20
103.071
 10
38.642
 20
102.853
 10
38.535
 20
102.755
 10
38.478
 20
102.648
 10
38.125
 20
102.386
 10
38.125
 20
102.32
 10
38.219
 20
102.209
 10
38.15
 20
101.992
 10
37.944
 20
101.787
 10
37.592
 20
101.565
 10
37.575
 20
101.524
 10
37.686
 20
101.43
 10
37.686
 20
101.307
 10
37.616
 20
101.171
 10
37.083
 20
100.744
 10
37.235
 20
100.732
 10
37.317
 20
100.773
 10
37.469
 20
100.662
 10
37.932
 20
100.937
 10
38.178
 20
100.978
 10
38.301
 20
100.855
 10
38.273
 20
100.539
 10
39.081
 20
100.568
 10
39.298
 20
100.457
 10
39.327
 20
100.281
 10
39.257
 20
100.145
 10
38.929
 20
99.817
 10
38.465
 20
99.624
 10
38.683
 20
99.39
 10
38.753
 20
99.255
 10
38.724
 20
99.079
 10
38.63
 20
99.009
 10
38.465
 20
98.968
 10
37.932
 20
98.968
 10
37.891
 20
98.927
 10
37.862
 20
98.75
 10
37.768
 20
98.681
 10
37.235
 20
98.681
 10
37.153
 20
98.722
 10
37.124
 20
98.709
 10
37.153
 20
98.64
 10
37.124
 20
98.463
 10
36.947
 20
98.394
 10
36.373
 20
98.435
 10
36.32
 20
98.242
 10
36.209
 20
98.188
 10
35.676
 20
98.188
 10
35.511
 20
98.229
 10
35.212
 20
98.381
 10
34.925
 20
98.709
 10
34.293
 20
98.463
 10
34.075
 20
97.778
 10
33.801
 20
97.15
 10
33.719
 20
97.027
 10
33.583
 20
96.958
 10
33.46
 20
96.958
 10
33.325
 20
97.027
 10
33.255
 20
97.163
 10
33.255
 20
97.245
 10
33.448
 20
97.602
 10
33.202
 20
97.421
 10
33.021
 20
97.232
 10
32.804
 20
97.122
 10
32.681
 20
97.122
 10
32.57
 20
97.175
 10
32.516
 20
97.286
 10
32.545
 20
97.503
 10
32.996
 20
97.93
 10
32.886
 20
97.942
 10
32.681
 20
97.86
 10
32.516
 20
97.86
 10
32.434
 20
97.819
 10
32.258
 20
97.93
 10
32.229
 20
98.188
 10
32.258
 20
98.242
 10
32.393
 20
98.311
 10
33.255
 20
98.558
 10
33.842
 20
98.833
 10
33.952
 20
99.132
 10
34.034
 20
99.542
 10
34.034
 20
99.788
 10
33.735
 20
99.94
 10
33.489
 20
100.186
 10
33.296
 20
100.527
 10
33.214
 20
100.814
 10
33.243
 20
101.114
 10
33.419
 20
101.183
 10
33.255
 20
101.635
 10
33.255
 20
101.84
 10
33.284
 20
101.893
 10
33.46
 20
101.963
 10
33.255
 20
102.496
 10
33.255
 20
102.701
 10
33.284
 20
102.755
 10
33.46
 20
102.825
 10
33.337
 20
103.153
 10
33.308
 20
103.452
 10
33.337
 20
103.563
 10
33.419
 20
103.645
 10
33.583
 20
103.645
 10
33.858
 20
103.534
 10
33.829
 20
104.055
 10
33.911
 20
104.384
 10
34.063
 20
104.683
 97
0
 92
2
 72
0
 73
1
 93
13
 10
38.33
 20
104.576
 10
37.879
 20
104.355
 10
37.592
 20
104.027
 10
37.44
 20
103.727
 10
37.44
 20
103.399
 10
37.481
 20
103.317
 10
37.44
 20
103.235
 10
37.452
 20
103.124
 10
37.862
 20
103.346
 10
38.109
 20
103.551
 10
38.342
 20
104.055
 10
38.301
 20
104.137
 10
38.342
 20
104.22
 97
0
 92
2
 72
0
 73
1
 93
15
 10
34.199
 20
104.548
 10
34.117
 20
104.425
 10
33.993
 20
104.055
 10
33.952
 20
103.686
 10
34.063
 20
103.346
 10
34.252
 20
103.206
 10
34.309
 20
103.099
 10
34.363
 20
103.071
 10
34.404
 20
103.112
 10
34.457
 20
103.346
 10
34.568
 20
103.481
 10
34.597
 20
103.715
 10
34.527
 20
103.727
 10
34.486
 20
104.055
 10
34.252
 20
104.519
 97
0
 92
2
 72
0
 73
1
 93
24
 10
37.03
 20
104.178
 10
36.976
 20
104.15
 10
36.783
 20
103.768
 10
36.701
 20
103.481
 10
36.701
 20
103.153
 10
36.96
 20
102.345
 10
37.235
 20
102.373
 10
37.317
 20
102.414
 10
37.768
 20
102.414
 10
38.232
 20
102.648
 10
38.437
 20
102.853
 10
38.601
 20
103.099
 10
38.601
 20
103.165
 10
38.548
 20
103.194
 10
37.932
 20
103.194
 10
37.51
 20
103.001
 10
37.386
 20
102.919
 10
37.288
 20
102.771
 10
37.222
 20
102.771
 10
37.206
 20
102.812
 10
37.317
 20
103.071
 10
37.317
 20
103.604
 10
37.206
 20
103.904
 10
37.083
 20
104.15
 97
0
 92
2
 72
0
 73
1
 93
26
 10
35.06
 20
103.727
 10
34.99
 20
103.674
 10
35.007
 20
103.616
 10
34.937
 20
103.645
 10
34.72
 20
103.493
 10
34.703
 20
103.387
 10
34.514
 20
103.165
 10
34.445
 20
103.03
 10
34.391
 20
102.632
 10
34.322
 20
102.701
 10
34.322
 20
102.784
 10
34.211
 20
103.001
 10
34.006
 20
103.247
 10
33.472
 20
103.51
 10
33.46
 20
103.235
 10
33.653
 20
102.771
 10
33.776
 20
102.648
 10
34.129
 20
102.468
 10
34.35
 20
102.238
 10
34.416
 20
102.238
 10
34.473
 20
102.345
 10
34.867
 20
102.689
 10
35.06
 20
102.948
 10
35.183
 20
103.399
 10
35.183
 20
103.686
 10
35.142
 20
103.727
 97
0
 92
2
 72
0
 73
1
 93
19
 10
36.332
 20
103.358
 10
36.127
 20
102.907
 10
36.086
 20
102.496
 10
36.332
 20
101.881
 10
36.373
 20
101.717
 10
36.344
 20
101.524
 10
36.742
 20
101.635
 10
37.317
 20
101.635
 10
37.739
 20
101.828
 10
37.985
 20
102.033
 10
38.055
 20
102.168
 10
38.014
 20
102.209
 10
37.727
 20
102.291
 10
37.317
 20
102.291
 10
36.894
 20
102.139
 10
36.714
 20
101.975
 10
36.742
 20
102.619
 10
36.701
 20
102.784
 10
36.549
 20
103.124
 97
0
 92
2
 72
0
 73
1
 93
18
 10
35.265
 20
102.701
 10
34.966
 20
102.591
 10
34.597
 20
102.262
 10
34.445
 20
102.004
 10
34.391
 20
101.811
 10
34.252
 20
102.139
 10
34.006
 20
102.386
 10
33.542
 20
102.619
 10
33.419
 20
102.66
 10
33.378
 20
102.619
 10
33.46
 20
102.332
 10
33.694
 20
101.91
 10
34.129
 20
101.647
 10
34.391
 20
101.36
 10
34.679
 20
101.647
 10
34.785
 20
101.704
 10
35.113
 20
102.074
 10
35.306
 20
102.619
 97
0
 92
2
 72
0
 73
1
 93
20
 10
35.827
 20
102.566
 10
35.758
 20
102.496
 10
35.594
 20
102.004
 10
35.594
 20
101.635
 10
35.799
 20
101.101
 10
35.84
 20
100.896
 10
35.811
 20
100.785
 10
36.086
 20
100.855
 10
36.824
 20
100.855
 10
37.165
 20
101.007
 10
37.493
 20
101.294
 10
37.522
 20
101.348
 10
37.44
 20
101.43
 10
36.865
 20
101.512
 10
36.402
 20
101.36
 10
36.098
 20
101.114
 10
36.086
 20
101.224
 10
36.168
 20
101.348
 10
36.168
 20
101.881
 10
36.057
 20
102.18
 97
0
 92
2
 72
0
 73
1
 93
67
 10
35.253
 20
101.869
 10
35.212
 20
101.852
 10
35.142
 20
101.717
 10
35.06
 20
101.471
 10
35.019
 20
100.896
 10
35.171
 20
100.515
 10
35.278
 20
100.416
 10
35.335
 20
100.31
 10
35.278
 20
100.186
 10
34.99
 20
99.817
 10
34.802
 20
99.637
 10
34.744
 20
99.53
 10
34.006
 20
98.75
 10
33.665
 20
98.558
 10
33.255
 20
98.394
 10
32.393
 20
98.147
 10
32.352
 20
98.106
 10
32.365
 20
97.996
 10
32.557
 20
97.983
 10
32.722
 20
98.024
 10
33.583
 20
98.311
 10
34.199
 20
98.599
 10
34.978
 20
98.886
 10
35.048
 20
98.874
 10
35.13
 20
98.709
 10
35.335
 20
98.504
 10
35.552
 20
98.394
 10
35.922
 20
98.311
 10
36.197
 20
98.365
 10
36.139
 20
98.529
 10
35.893
 20
98.775
 10
35.565
 20
98.98
 10
35.265
 20
99.091
 10
35.565
 20
99.325
 10
35.676
 20
99.542
 10
35.758
 20
99.788
 10
35.758
 20
99.871
 10
35.676
 20
99.953
 10
35.552
 20
99.953
 10
35.417
 20
99.883
 10
35.36
 20
99.776
 10
35.212
 20
99.637
 10
35.019
 20
99.296
 10
35.007
 20
99.062
 10
34.293
 20
98.775
 10
34.744
 20
99.243
 10
34.802
 20
99.349
 10
35.319
 20
99.94
 10
35.458
 20
100.17
 10
35.84
 20
100.076
 10
36.25
 20
100.076
 10
36.549
 20
100.186
 10
36.796
 20
100.351
 10
36.988
 20
100.568
 10
36.865
 20
100.65
 10
36.701
 20
100.691
 10
36.455
 20
100.691
 10
36.373
 20
100.732
 10
36.25
 20
100.691
 10
36.045
 20
100.691
 10
35.745
 20
100.539
 10
35.524
 20
100.334
 10
35.524
 20
100.433
 10
35.676
 20
100.814
 10
35.676
 20
101.019
 10
35.54
 20
101.458
 10
35.36
 20
101.77
 97
0
 92
2
 72
0
 73
1
 93
19
 10
33.448
 20
101.787
 10
33.39
 20
101.746
 10
33.419
 20
101.635
 10
33.501
 20
101.389
 10
33.653
 20
101.13
 10
34.088
 20
100.826
 10
34.309
 20
100.597
 10
34.375
 20
100.597
 10
34.514
 20
100.744
 10
34.826
 20
100.966
 10
34.925
 20
101.663
 10
34.514
 20
101.319
 10
34.404
 20
100.937
 10
34.363
 20
100.896
 10
34.322
 20
100.937
 10
34.322
 20
101.142
 10
34.211
 20
101.36
 10
34.006
 20
101.565
 10
33.706
 20
101.717
 97
0
 92
2
 72
0
 73
1
 93
27
 10
33.378
 20
101.019
 10
33.337
 20
100.978
 10
33.378
 20
100.773
 10
33.612
 20
100.31
 10
33.858
 20
100.104
 10
34.211
 20
99.965
 10
34.24
 20
99.912
 10
34.199
 20
99.829
 10
34.158
 20
99.255
 10
34.075
 20
99.009
 10
34.117
 20
98.968
 10
34.252
 20
99.079
 10
34.363
 20
99.337
 10
34.363
 20
99.624
 10
34.404
 20
99.706
 10
34.416
 20
99.94
 10
34.867
 20
100.186
 10
35.019
 20
100.404
 10
34.884
 20
100.761
 10
34.814
 20
100.773
 10
34.638
 20
100.662
 10
34.473
 20
100.498
 10
34.334
 20
100.17
 10
34.281
 20
100.24
 10
34.281
 20
100.363
 10
34.211
 20
100.498
 10
34.006
 20
100.703
 97
0
 92
2
 72
0
 73
1
 93
21
 10
38.125
 20
100.843
 10
37.715
 20
100.662
 10
37.469
 20
100.416
 10
37.153
 20
99.624
 10
37.534
 20
99.349
 10
37.633
 20
99.243
 10
37.768
 20
99.173
 10
37.891
 20
99.132
 10
38.465
 20
99.132
 10
38.576
 20
99.185
 10
38.56
 20
99.267
 10
38.478
 20
99.39
 10
38.232
 20
99.596
 10
37.85
 20
99.747
 10
37.645
 20
99.747
 10
37.563
 20
99.706
 10
37.522
 20
99.747
 10
37.698
 20
99.858
 10
37.944
 20
100.145
 10
38.096
 20
100.486
 10
38.137
 20
100.65
 97
0
 92
2
 72
0
 73
1
 93
19
 10
37.276
 20
100.609
 10
36.689
 20
100.047
 10
36.385
 20
99.39
 10
36.796
 20
99.103
 10
36.976
 20
98.915
 10
37.112
 20
98.845
 10
37.604
 20
98.804
 10
37.715
 20
98.857
 10
37.657
 20
98.98
 10
37.534
 20
99.144
 10
37.329
 20
99.308
 10
36.947
 20
99.501
 10
36.755
 20
99.432
 10
36.812
 20
99.555
 10
36.919
 20
99.612
 10
37.083
 20
99.776
 10
37.235
 20
100.076
 10
37.317
 20
100.363
 10
37.317
 20
100.568
 97
0
 92
2
 72
0
 73
1
 93
11
 10
38.589
 20
100.445
 10
38.383
 20
100.404
 10
38.166
 20
100.293
 10
37.903
 20
99.883
 10
38.178
 20
99.788
 10
38.383
 20
99.788
 10
38.847
 20
99.981
 10
39.134
 20
100.268
 10
39.163
 20
100.322
 10
39.134
 20
100.375
 10
38.876
 20
100.445
 97
0
 92
2
 72
0
 73
1
 93
6
 10
34.925
 20
100.022
 10
34.556
 20
99.801
 10
34.539
 20
99.596
 10
34.597
 20
99.596
 10
34.638
 20
99.678
 10
34.908
 20
99.94
 97
0
 92
2
 72
0
 73
1
 93
16
 10
36.455
 20
99.994
 10
36.25
 20
99.912
 10
35.934
 20
99.858
 10
35.799
 20
99.501
 10
35.606
 20
99.144
 10
35.975
 20
98.898
 10
36.115
 20
98.75
 10
36.373
 20
98.599
 10
36.496
 20
98.558
 10
36.947
 20
98.558
 10
36.988
 20
98.64
 10
36.919
 20
98.775
 10
36.714
 20
98.98
 10
36.086
 20
99.296
 10
36.303
 20
99.53
 10
36.496
 20
99.953
 97
0
 92
2
 72
0
 73
1
 93
10
 10
33.829
 20
98.352
 10
33.325
 20
98.037
 10
32.898
 20
97.602
 10
32.668
 20
97.421
 10
32.652
 20
97.298
 10
32.75
 20
97.257
 10
33.021
 20
97.438
 10
33.308
 20
97.725
 10
33.366
 20
97.831
 10
33.842
 20
98.299
 97
0
 92
2
 72
0
 73
1
 93
10
 10
34.075
 20
98.352
 10
34.022
 20
98.324
 10
33.817
 20
98.037
 10
33.419
 20
97.245
 10
33.448
 20
97.15
 10
33.501
 20
97.122
 10
33.595
 20
97.15
 10
33.788
 20
97.491
 10
33.993
 20
97.983
 10
34.104
 20
98.324
 97
0
 75
0
 76
1
 98
0
  0
HATCH
  5
38
330
17
100
AcDbEntity
  8
RASTER
 62
7
100
AcDbHatch
 10
0.0
 20
0.0
 30
0.0
210
0.0
220
0.0
230
1.0
  2
SOLID
 70
1
 71
0
 91
3
 92
3
 72
0
 73
1
 93
48
 10
47.731
 20
100.869
 10
47.704
 20
100.454
 10
47.623
 20
100.047
 10
47.489
 20
99.654
 10
47.306
 20
99.281
 10
47.075
 20
98.936
 10
46.801
 20
98.623
 10
46.489
 20
98.349
 10
46.143
 20
98.119
 10
45.771
 20
97.935
 10
45.377
 20
97.801
 10
44.97
 20
97.72
 10
44.555
 20
97.693
 10
44.141
 20
97.72
 10
43.734
 20
97.801
 10
43.34
 20
97.935
 10
42.968
 20
98.119
 10
42.622
 20
98.349
 10
42.31
 20
98.623
 10
42.036
 20
98.936
 10
41.805
 20
99.281
 10
41.622
 20
99.654
 10
41.488
 20
100.047
 10
41.407
 20
100.454
 10
41.38
 20
100.869
 10
41.407
 20
101.283
 10
41.488
 20
101.691
 10
41.622
 20
102.084
 10
41.805
 20
102.457
 10
42.036
 20
102.802
 10
42.31
 20
103.114
 10
42.622
 20
103.388
 10
42.968
 20
103.619
 10
43.34
 20
103.803
 10
43.734
 20
103.936
 10
44.141
 20
104.017
 10
44.555
 20
104.044
 10
44.97
 20
104.017
 10
45.377
 20
103.936
 10
45.771
 20
103.803
 10
46.143
 20
103.619
 10
46.489
 20
103.388
 10
46.801
 20
103.114
 10
47.075
 20
102.802
 10
47.306
 20
102.457
 10
47.489
 20
102.084
 10
47.623
 20
101.691
 10
47.704
 20
101.283
 97
0
 92
2
 72
0
 73
1
 93
12
 10
44.717
 20
100.108
 10
44.717
 20
99.557
 10
45.159
 20
99.557
 10
45.159
 20
100.108
 10
45.53
 20
100.108
 10
45.53
 20
100.494
 10
45.159
 20
100.494
 10
45.159
 20
102.21
 10
44.619
 20
102.21
 10
43.491
 20
100.505
 10
43.491
 20
100.108
 10
44.717
 20
100.108
 97
0
 92
2
 72
0
 73
1
 93
5
 10
44.717
 20
101.682
 10
44.717
 20
100.494
 10
43.956
 20
100.494
 10
44.709
 20
101.682
 10
44.717
 20
101.682
 97
0
 75
0
 76
1
 98
0
  0
HATCH
  5
39
330
17
100
AcDbEntity
  8
RASTER
 62
7
100
AcDbHatch
 10
0.0
 20
0.0
 30
0.0
210
0.0
220
0.0
230
1.0
  2
SOLID
 70
1
 71
0
 91
18
 92
3
 72
0
 73
1
 93
150
 10
10.779
 20
81.391
 10
10.943
 20
81.333
 10
11.107
 20
81.128
 10
11.259
 20
80.828
 10
11.394
 20
80.348
 10
11.792
 20
80.541
 10
11.887
 20
80.513
 10
11.956
 20
80.418
 10
11.956
 20
80.213
 10
11.997
 20
80.09
 10
11.915
 20
79.68
 10
11.833
 20
79.516
 10
12.01
 20
79.446
 10
12.079
 20
79.351
 10
12.079
 20
79.105
 10
11.956
 20
78.736
 10
11.985
 20
78.642
 10
12.051
 20
78.584
 10
12.202
 20
79.064
 10
12.313
 20
79.282
 10
12.449
 20
79.392
 10
12.6
 20
79.323
 10
12.654
 20
79.68
 10
12.736
 20
79.926
 10
12.888
 20
80.184
 10
13.023
 20
80.213
 10
13.134
 20
80.16
 10
13.158
 20
80.102
 10
13.216
 20
80.102
 10
13.269
 20
80.459
 10
13.544
 20
80.964
 10
13.68
 20
81.034
 10
13.733
 20
81.005
 10
14.036
 20
80.636
 10
14.16
 20
80.841
 10
14.488
 20
81.169
 10
14.746
 20
81.321
 10
15.033
 20
81.403
 10
15.087
 20
81.374
 10
15.157
 20
81.28
 10
15.157
 20
80.828
 10
15.033
 20
80.377
 10
14.869
 20
80.049
 10
14.91
 20
80.008
 10
15.239
 20
79.967
 10
15.374
 20
79.897
 10
15.403
 20
79.721
 10
15.292
 20
79.503
 10
15.185
 20
79.405
 10
15.128
 20
79.298
 10
14.775
 20
79.036
 10
14.775
 20
78.97
 10
14.869
 20
78.859
 10
14.8
 20
78.642
 10
14.594
 20
78.437
 10
14.242
 20
78.215
 10
14.225
 20
78.174
 10
14.336
 20
78.08
 10
14.336
 20
77.957
 10
14.266
 20
77.821
 10
13.733
 20
77.394
 10
13.885
 20
77.382
 10
13.967
 20
77.423
 10
14.119
 20
77.312
 10
14.582
 20
77.587
 10
14.828
 20
77.628
 10
14.951
 20
77.505
 10
14.923
 20
77.189
 10
15.731
 20
77.218
 10
15.948
 20
77.107
 10
15.977
 20
76.931
 10
15.907
 20
76.795
 10
15.579
 20
76.467
 10
15.115
 20
76.274
 10
15.333
 20
76.04
 10
15.403
 20
75.905
 10
15.374
 20
75.729
 10
15.28
 20
75.659
 10
15.115
 20
75.618
 10
14.582
 20
75.618
 10
14.541
 20
75.577
 10
14.512
 20
75.4
 10
14.418
 20
75.331
 10
13.885
 20
75.331
 10
13.803
 20
75.372
 10
13.774
 20
75.359
 10
13.803
 20
75.29
 10
13.774
 20
75.113
 10
13.597
 20
75.044
 10
13.023
 20
75.085
 10
12.97
 20
74.892
 10
12.859
 20
74.838
 10
12.326
 20
74.838
 10
12.161
 20
74.879
 10
11.862
 20
75.031
 10
11.575
 20
75.359
 10
10.943
 20
75.113
 10
10.725
 20
74.428
 10
10.451
 20
73.8
 10
10.369
 20
73.677
 10
10.233
 20
73.608
 10
10.11
 20
73.608
 10
9.975
 20
73.677
 10
9.905
 20
73.813
 10
9.905
 20
73.895
 10
10.098
 20
74.252
 10
9.852
 20
74.071
 10
9.671
 20
73.882
 10
9.454
 20
73.772
 10
9.331
 20
73.772
 10
9.22
 20
73.825
 10
9.166
 20
73.936
 10
9.195
 20
74.153
 10
9.646
 20
74.58
 10
9.536
 20
74.592
 10
9.331
 20
74.51
 10
9.166
 20
74.51
 10
9.084
 20
74.469
 10
8.908
 20
74.58
 10
8.879
 20
74.838
 10
8.908
 20
74.892
 10
9.043
 20
74.961
 10
9.905
 20
75.208
 10
10.492
 20
75.483
 10
10.602
 20
75.782
 10
10.684
 20
76.192
 10
10.684
 20
76.438
 10
10.385
 20
76.59
 10
10.139
 20
76.836
 10
9.946
 20
77.177
 10
9.864
 20
77.464
 10
9.893
 20
77.764
 10
10.069
 20
77.833
 10
9.905
 20
78.285
 10
9.905
 20
78.49
 10
9.934
 20
78.543
 10
10.11
 20
78.613
 10
9.905
 20
79.146
 10
9.905
 20
79.351
 10
9.934
 20
79.405
 10
10.11
 20
79.475
 10
9.987
 20
79.803
 10
9.958
 20
80.102
 10
9.987
 20
80.213
 10
10.069
 20
80.295
 10
10.233
 20
80.295
 10
10.508
 20
80.184
 10
10.479
 20
80.705
 10
10.561
 20
81.034
 10
10.713
 20
81.333
 97
0
 92
2
 72
0
 73
1
 93
13
 10
14.98
 20
81.226
 10
14.529
 20
81.005
 10
14.242
 20
80.677
 10
14.09
 20
80.377
 10
14.09
 20
80.049
 10
14.131
 20
79.967
 10
14.09
 20
79.885
 10
14.102
 20
79.774
 10
14.512
 20
79.996
 10
14.759
 20
80.201
 10
14.992
 20
80.705
 10
14.951
 20
80.787
 10
14.992
 20
80.87
 97
0
 92
2
 72
0
 73
1
 93
15
 10
10.849
 20
81.198
 10
10.767
 20
81.075
 10
10.643
 20
80.705
 10
10.602
 20
80.336
 10
10.713
 20
79.996
 10
10.902
 20
79.856
 10
10.959
 20
79.749
 10
11.013
 20
79.721
 10
11.054
 20
79.762
 10
11.107
 20
79.996
 10
11.218
 20
80.131
 10
11.247
 20
80.365
 10
11.177
 20
80.377
 10
11.136
 20
80.705
 10
10.902
 20
81.169
 97
0
 92
2
 72
0
 73
1
 93
24
 10
13.68
 20
80.828
 10
13.626
 20
80.8
 10
13.433
 20
80.418
 10
13.351
 20
80.131
 10
13.351
 20
79.803
 10
13.61
 20
78.995
 10
13.885
 20
79.023
 10
13.967
 20
79.064
 10
14.418
 20
79.064
 10
14.882
 20
79.298
 10
15.087
 20
79.503
 10
15.251
 20
79.749
 10
15.251
 20
79.815
 10
15.198
 20
79.844
 10
14.582
 20
79.844
 10
14.16
 20
79.651
 10
14.036
 20
79.569
 10
13.938
 20
79.421
 10
13.872
 20
79.421
 10
13.856
 20
79.462
 10
13.967
 20
79.721
 10
13.967
 20
80.254
 10
13.856
 20
80.554
 10
13.733
 20
80.8
 97
0
 92
2
 72
0
 73
1
 93
26
 10
11.71
 20
80.377
 10
11.64
 20
80.324
 10
11.657
 20
80.266
 10
11.587
 20
80.295
 10
11.37
 20
80.143
 10
11.353
 20
80.037
 10
11.164
 20
79.815
 10
11.095
 20
79.68
 10
11.041
 20
79.282
 10
10.972
 20
79.351
 10
10.972
 20
79.434
 10
10.861
 20
79.651
 10
10.656
 20
79.897
 10
10.122
 20
80.16
 10
10.11
 20
79.885
 10
10.303
 20
79.421
 10
10.426
 20
79.298
 10
10.779
 20
79.118
 10
11.0
 20
78.888
 10
11.066
 20
78.888
 10
11.123
 20
78.995
 10
11.517
 20
79.339
 10
11.71
 20
79.598
 10
11.833
 20
80.049
 10
11.833
 20
80.336
 10
11.792
 20
80.377
 97
0
 92
2
 72
0
 73
1
 93
19
 10
12.982
 20
80.008
 10
12.777
 20
79.557
 10
12.736
 20
79.146
 10
12.982
 20
78.531
 10
13.023
 20
78.367
 10
12.994
 20
78.174
 10
13.392
 20
78.285
 10
13.967
 20
78.285
 10
14.389
 20
78.478
 10
14.635
 20
78.683
 10
14.705
 20
78.818
 10
14.664
 20
78.859
 10
14.377
 20
78.941
 10
13.967
 20
78.941
 10
13.544
 20
78.789
 10
13.364
 20
78.625
 10
13.392
 20
79.269
 10
13.351
 20
79.434
 10
13.199
 20
79.774
 97
0
 92
2
 72
0
 73
1
 93
18
 10
11.915
 20
79.351
 10
11.616
 20
79.241
 10
11.247
 20
78.912
 10
11.095
 20
78.654
 10
11.041
 20
78.461
 10
10.902
 20
78.789
 10
10.656
 20
79.036
 10
10.192
 20
79.269
 10
10.069
 20
79.31
 10
10.028
 20
79.269
 10
10.11
 20
78.982
 10
10.344
 20
78.56
 10
10.779
 20
78.297
 10
11.041
 20
78.01
 10
11.329
 20
78.297
 10
11.435
 20
78.354
 10
11.763
 20
78.724
 10
11.956
 20
79.269
 97
0
 92
2
 72
0
 73
1
 93
20
 10
12.477
 20
79.216
 10
12.408
 20
79.146
 10
12.244
 20
78.654
 10
12.244
 20
78.285
 10
12.449
 20
77.751
 10
12.49
 20
77.546
 10
12.461
 20
77.435
 10
12.736
 20
77.505
 10
13.474
 20
77.505
 10
13.815
 20
77.657
 10
14.143
 20
77.944
 10
14.172
 20
77.998
 10
14.09
 20
78.08
 10
13.515
 20
78.162
 10
13.052
 20
78.01
 10
12.748
 20
77.764
 10
12.736
 20
77.874
 10
12.818
 20
77.998
 10
12.818
 20
78.531
 10
12.707
 20
78.83
 97
0
 92
2
 72
0
 73
1
 93
67
 10
11.903
 20
78.519
 10
11.862
 20
78.502
 10
11.792
 20
78.367
 10
11.71
 20
78.121
 10
11.669
 20
77.546
 10
11.821
 20
77.165
 10
11.928
 20
77.066
 10
11.985
 20
76.96
 10
11.928
 20
76.836
 10
11.64
 20
76.467
 10
11.452
 20
76.287
 10
11.394
 20
76.18
 10
10.656
 20
75.4
 10
10.315
 20
75.208
 10
9.905
 20
75.044
 10
9.043
 20
74.797
 10
9.002
 20
74.756
 10
9.015
 20
74.646
 10
9.207
 20
74.633
 10
9.372
 20
74.674
 10
10.233
 20
74.961
 10
10.849
 20
75.249
 10
11.628
 20
75.536
 10
11.698
 20
75.524
 10
11.78
 20
75.359
 10
11.985
 20
75.154
 10
12.202
 20
75.044
 10
12.572
 20
74.961
 10
12.847
 20
75.015
 10
12.789
 20
75.179
 10
12.543
 20
75.425
 10
12.215
 20
75.63
 10
11.915
 20
75.741
 10
12.215
 20
75.975
 10
12.326
 20
76.192
 10
12.408
 20
76.438
 10
12.408
 20
76.521
 10
12.326
 20
76.603
 10
12.202
 20
76.603
 10
12.067
 20
76.533
 10
12.01
 20
76.426
 10
11.862
 20
76.287
 10
11.669
 20
75.946
 10
11.657
 20
75.712
 10
10.943
 20
75.425
 10
11.394
 20
75.893
 10
11.452
 20
75.999
 10
11.969
 20
76.59
 10
12.108
 20
76.82
 10
12.49
 20
76.726
 10
12.9
 20
76.726
 10
13.199
 20
76.836
 10
13.446
 20
77.001
 10
13.638
 20
77.218
 10
13.515
 20
77.3
 10
13.351
 20
77.341
 10
13.105
 20
77.341
 10
13.023
 20
77.382
 10
12.9
 20
77.341
 10
12.695
 20
77.341
 10
12.395
 20
77.189
 10
12.174
 20
76.984
 10
12.174
 20
77.083
 10
12.326
 20
77.464
 10
12.326
 20
77.669
 10
12.19
 20
78.108
 10
12.01
 20
78.42
 97
0
 92
2
 72
0
 73
1
 93
19
 10
10.098
 20
78.437
 10
10.04
 20
78.396
 10
10.069
 20
78.285
 10
10.151
 20
78.039
 10
10.303
 20
77.78
 10
10.738
 20
77.476
 10
10.959
 20
77.247
 10
11.025
 20
77.247
 10
11.164
 20
77.394
 10
11.476
 20
77.616
 10
11.575
 20
78.313
 10
11.164
 20
77.969
 10
11.054
 20
77.587
 10
11.013
 20
77.546
 10
10.972
 20
77.587
 10
10.972
 20
77.792
 10
10.861
 20
78.01
 10
10.656
 20
78.215
 10
10.356
 20
78.367
 97
0
 92
2
 72
0
 73
1
 93
27
 10
10.028
 20
77.669
 10
9.987
 20
77.628
 10
10.028
 20
77.423
 10
10.262
 20
76.96
 10
10.508
 20
76.754
 10
10.861
 20
76.615
 10
10.89
 20
76.562
 10
10.849
 20
76.479
 10
10.808
 20
75.905
 10
10.725
 20
75.659
 10
10.767
 20
75.618
 10
10.902
 20
75.729
 10
11.013
 20
75.987
 10
11.013
 20
76.274
 10
11.054
 20
76.356
 10
11.066
 20
76.59
 10
11.517
 20
76.836
 10
11.669
 20
77.054
 10
11.534
 20
77.411
 10
11.464
 20
77.423
 10
11.288
 20
77.312
 10
11.123
 20
77.148
 10
10.984
 20
76.82
 10
10.931
 20
76.89
 10
10.931
 20
77.013
 10
10.861
 20
77.148
 10
10.656
 20
77.353
 97
0
 92
2
 72
0
 73
1
 93
21
 10
14.775
 20
77.493
 10
14.365
 20
77.312
 10
14.119
 20
77.066
 10
13.803
 20
76.274
 10
14.184
 20
75.999
 10
14.283
 20
75.893
 10
14.418
 20
75.823
 10
14.541
 20
75.782
 10
15.115
 20
75.782
 10
15.226
 20
75.835
 10
15.21
 20
75.917
 10
15.128
 20
76.04
 10
14.882
 20
76.246
 10
14.5
 20
76.397
 10
14.295
 20
76.397
 10
14.213
 20
76.356
 10
14.172
 20
76.397
 10
14.348
 20
76.508
 10
14.594
 20
76.795
 10
14.746
 20
77.136
 10
14.787
 20
77.3
 97
0
 92
2
 72
0
 73
1
 93
19
 10
13.926
 20
77.259
 10
13.339
 20
76.697
 10
13.035
 20
76.04
 10
13.446
 20
75.753
 10
13.626
 20
75.565
 10
13.762
 20
75.495
 10
14.254
 20
75.454
 10
14.365
 20
75.507
 10
14.307
 20
75.63
 10
14.184
 20
75.794
 10
13.979
 20
75.958
 10
13.597
 20
76.151
 10
13.405
 20
76.082
 10
13.462
 20
76.205
 10
13.569
 20
76.262
 10
13.733
 20
76.426
 10
13.885
 20
76.726
 10
13.967
 20
77.013
 10
13.967
 20
77.218
 97
0
 92
2
 72
0
 73
1
 93
11
 10
15.239
 20
77.095
 10
15.033
 20
77.054
 10
14.816
 20
76.943
 10
14.553
 20
76.533
 10
14.828
 20
76.438
 10
15.033
 20
76.438
 10
15.497
 20
76.631
 10
15.784
 20
76.918
 10
15.813
 20
76.972
 10
15.784
 20
77.025
 10
15.526
 20
77.095
 97
0
 92
2
 72
0
 73
1
 93
6
 10
11.575
 20
76.672
 10
11.206
 20
76.451
 10
11.189
 20
76.246
 10
11.247
 20
76.246
 10
11.288
 20
76.328
 10
11.558
 20
76.59
 97
0
 92
2
 72
0
 73
1
 93
16
 10
13.105
 20
76.644
 10
12.9
 20
76.562
 10
12.584
 20
76.508
 10
12.449
 20
76.151
 10
12.256
 20
75.794
 10
12.625
 20
75.548
 10
12.765
 20
75.4
 10
13.023
 20
75.249
 10
13.146
 20
75.208
 10
13.597
 20
75.208
 10
13.638
 20
75.29
 10
13.569
 20
75.425
 10
13.364
 20
75.63
 10
12.736
 20
75.946
 10
12.953
 20
76.18
 10
13.146
 20
76.603
 97
0
 92
2
 72
0
 73
1
 93
10
 10
10.479
 20
75.002
 10
9.975
 20
74.687
 10
9.548
 20
74.252
 10
9.318
 20
74.071
 10
9.302
 20
73.948
 10
9.4
 20
73.907
 10
9.671
 20
74.088
 10
9.958
 20
74.375
 10
10.016
 20
74.481
 10
10.492
 20
74.949
 97
0
 92
2
 72
0
 73
1
 93
10
 10
10.725
 20
75.002
 10
10.672
 20
74.974
 10
10.467
 20
74.687
 10
10.069
 20
73.895
 10
10.098
 20
73.8
 10
10.151
 20
73.772
 10
10.245
 20
73.8
 10
10.438
 20
74.141
 10
10.643
 20
74.633
 10
10.754
 20
74.974
 97
0
 75
0
 76
1
 98
0
  0
HATCH
  5
3A
330
17
100
AcDbEntity
  8
RASTER
 62
7
100
AcDbHatch
 10
0.0
 20
0.0
 30
0.0
210
0.0
220
0.0
230
1.0
  2
SOLID
 70
1
 71
0
 91
2
 92
3
 72
0
 73
1
 93
48
 10
24.381
 20
77.519
 10
24.354
 20
77.104
 10
24.273
 20
76.697
 10
24.139
 20
76.304
 10
23.956
 20
75.931
 10
23.725
 20
75.586
 10
23.451
 20
75.273
 10
23.139
 20
74.999
 10
22.793
 20
74.769
 10
22.421
 20
74.585
 10
22.027
 20
74.451
 10
21.62
 20
74.37
 10
21.205
 20
74.343
 10
20.791
 20
74.37
 10
20.384
 20
74.451
 10
19.99
 20
74.585
 10
19.618
 20
74.769
 10
19.272
 20
74.999
 10
18.96
 20
75.273
 10
18.686
 20
75.586
 10
18.455
 20
75.931
 10
18.272
 20
76.304
 10
18.138
 20
76.697
 10
18.057
 20
77.104
 10
18.03
 20
77.519
 10
18.057
 20
77.933
 10
18.138
 20
78.341
 10
18.272
 20
78.734
 10
18.455
 20
79.107
 10
18.686
 20
79.452
 10
18.96
 20
79.764
 10
19.272
 20
80.038
 10
19.618
 20
80.269
 10
19.99
 20
80.453
 10
20.384
 20
80.586
 10
20.791
 20
80.667
 10
21.205
 20
80.694
 10
21.62
 20
80.667
 10
22.027
 20
80.586
 10
22.421
 20
80.453
 10
22.793
 20
80.269
 10
23.139
 20
80.038
 10
23.451
 20
79.764
 10
23.725
 20
79.452
 10
23.956
 20
79.107
 10
24.139
 20
78.734
 10
24.273
 20
78.341
 10
24.354
 20
77.933
 97
0
 92
2
 72
0
 73
1
 93
215
 10
21.955
 20
78.456
 10
21.955
 20
78.86
 10
20.445
 20
78.86
 10
20.4
 20
77.41
 10
20.415
 20
77.418
 10
20.431
 20
77.425
 10
20.447
 20
77.432
 10
20.464
 20
77.439
 10
20.481
 20
77.446
 10
20.499
 20
77.453
 10
20.518
 20
77.46
 10
20.537
 20
77.466
 10
20.556
 20
77.473
 10
20.575
 20
77.479
 10
20.595
 20
77.485
 10
20.614
 20
77.491
 10
20.634
 20
77.497
 10
20.654
 20
77.503
 10
20.674
 20
77.508
 10
20.694
 20
77.513
 10
20.714
 20
77.518
 10
20.734
 20
77.523
 10
20.755
 20
77.527
 10
20.775
 20
77.532
 10
20.796
 20
77.535
 10
20.817
 20
77.539
 10
20.838
 20
77.542
 10
20.859
 20
77.545
 10
20.88
 20
77.548
 10
20.9
 20
77.55
 10
20.921
 20
77.552
 10
20.941
 20
77.554
 10
20.961
 20
77.555
 10
20.98
 20
77.556
 10
20.999
 20
77.556
 10
21.018
 20
77.556
 10
21.045
 20
77.556
 10
21.072
 20
77.555
 10
21.099
 20
77.553
 10
21.126
 20
77.55
 10
21.152
 20
77.547
 10
21.179
 20
77.543
 10
21.205
 20
77.538
 10
21.232
 20
77.532
 10
21.258
 20
77.525
 10
21.283
 20
77.517
 10
21.307
 20
77.508
 10
21.331
 20
77.498
 10
21.355
 20
77.487
 10
21.377
 20
77.474
 10
21.4
 20
77.461
 10
21.421
 20
77.446
 10
21.442
 20
77.43
 10
21.461
 20
77.412
 10
21.48
 20
77.394
 10
21.497
 20
77.374
 10
21.514
 20
77.353
 10
21.529
 20
77.331
 10
21.544
 20
77.307
 10
21.558
 20
77.283
 10
21.57
 20
77.257
 10
21.581
 20
77.229
 10
21.59
 20
77.2
 10
21.597
 20
77.169
 10
21.603
 20
77.136
 10
21.607
 20
77.102
 10
21.609
 20
77.066
 10
21.61
 20
77.028
 10
21.61
 20
76.998
 10
21.608
 20
76.97
 10
21.605
 20
76.941
 10
21.6
 20
76.914
 10
21.595
 20
76.888
 10
21.588
 20
76.862
 10
21.58
 20
76.837
 10
21.571
 20
76.813
 10
21.561
 20
76.789
 10
21.549
 20
76.767
 10
21.537
 20
76.745
 10
21.524
 20
76.725
 10
21.511
 20
76.706
 10
21.496
 20
76.687
 10
21.48
 20
76.67
 10
21.464
 20
76.653
 10
21.447
 20
76.638
 10
21.429
 20
76.623
 10
21.41
 20
76.61
 10
21.391
 20
76.597
 10
21.371
 20
76.585
 10
21.35
 20
76.575
 10
21.329
 20
76.565
 10
21.307
 20
76.556
 10
21.284
 20
76.548
 10
21.261
 20
76.541
 10
21.238
 20
76.535
 10
21.214
 20
76.531
 10
21.19
 20
76.527
 10
21.165
 20
76.524
 10
21.141
 20
76.523
 10
21.116
 20
76.522
 10
21.071
 20
76.524
 10
21.029
 20
76.528
 10
20.987
 20
76.536
 10
20.948
 20
76.546
 10
20.91
 20
76.559
 10
20.873
 20
76.576
 10
20.838
 20
76.595
 10
20.805
 20
76.618
 10
20.773
 20
76.643
 10
20.744
 20
76.669
 10
20.717
 20
76.698
 10
20.692
 20
76.729
 10
20.67
 20
76.761
 10
20.65
 20
76.796
 10
20.632
 20
76.832
 10
20.617
 20
76.871
 10
20.209
 20
76.721
 10
20.237
 20
76.655
 10
20.269
 20
76.593
 10
20.305
 20
76.534
 10
20.345
 20
76.479
 10
20.388
 20
76.428
 10
20.436
 20
76.38
 10
20.487
 20
76.336
 10
20.542
 20
76.295
 10
20.601
 20
76.259
 10
20.663
 20
76.227
 10
20.728
 20
76.201
 10
20.797
 20
76.179
 10
20.869
 20
76.162
 10
20.944
 20
76.15
 10
21.023
 20
76.142
 10
21.104
 20
76.14
 10
21.154
 20
76.141
 10
21.202
 20
76.144
 10
21.25
 20
76.149
 10
21.297
 20
76.156
 10
21.344
 20
76.165
 10
21.39
 20
76.176
 10
21.435
 20
76.189
 10
21.479
 20
76.204
 10
21.522
 20
76.22
 10
21.564
 20
76.239
 10
21.605
 20
76.259
 10
21.644
 20
76.281
 10
21.682
 20
76.305
 10
21.718
 20
76.331
 10
21.753
 20
76.358
 10
21.786
 20
76.387
 10
21.818
 20
76.418
 10
21.848
 20
76.451
 10
21.877
 20
76.485
 10
21.904
 20
76.521
 10
21.929
 20
76.558
 10
21.952
 20
76.598
 10
21.974
 20
76.639
 10
21.994
 20
76.681
 10
22.012
 20
76.726
 10
22.028
 20
76.771
 10
22.041
 20
76.819
 10
22.052
 20
76.867
 10
22.06
 20
76.917
 10
22.066
 20
76.969
 10
22.07
 20
77.022
 10
22.071
 20
77.077
 10
22.07
 20
77.127
 10
22.067
 20
77.175
 10
22.061
 20
77.222
 10
22.054
 20
77.267
 10
22.044
 20
77.311
 10
22.032
 20
77.354
 10
22.018
 20
77.395
 10
22.002
 20
77.435
 10
21.984
 20
77.473
 10
21.964
 20
77.509
 10
21.942
 20
77.544
 10
21.919
 20
77.578
 10
21.894
 20
77.61
 10
21.867
 20
77.64
 10
21.839
 20
77.669
 10
21.809
 20
77.697
 10
21.777
 20
77.723
 10
21.744
 20
77.747
 10
21.71
 20
77.77
 10
21.674
 20
77.791
 10
21.637
 20
77.811
 10
21.599
 20
77.829
 10
21.559
 20
77.845
 10
21.518
 20
77.86
 10
21.476
 20
77.873
 10
21.433
 20
77.884
 10
21.389
 20
77.894
 10
21.345
 20
77.902
 10
21.299
 20
77.908
 10
21.252
 20
77.913
 10
21.205
 20
77.915
 10
21.157
 20
77.916
 10
21.139
 20
77.916
 10
21.12
 20
77.916
 10
21.101
 20
77.915
 10
21.081
 20
77.914
 10
21.061
 20
77.913
 10
21.04
 20
77.912
 10
21.019
 20
77.91
 10
20.998
 20
77.909
 10
20.976
 20
77.907
 10
20.955
 20
77.904
 10
20.935
 20
77.901
 10
20.916
 20
77.898
 10
20.897
 20
77.895
 10
20.879
 20
77.891
 10
20.862
 20
77.887
 10
20.846
 20
77.882
 10
20.872
 20
78.456
 10
21.955
 20
78.456
 97
0
 75
0
 76
1
 98
0
  0
LWPOLYLINE
  5
3B
330
17
100
AcDbEntity
  8
CUT
100
AcDbPolyline
 90
568
 70
1
 10
159.165
 20
94.692
 10
159.117
 20
94.228
 10
159.06
 20
93.941
 10
158.99
 20
93.655
 10
158.898
 20
93.392
 10
158.802
 20
93.135
 10
158.694
 20
92.902
 10
158.59
 20
92.673
 10
158.481
 20
92.467
 10
158.383
 20
92.267
 10
158.188
 20
91.887
 10
158.007
 20
91.534
 10
157.825
 20
91.191
 10
157.623
 20
90.853
 10
157.382
 20
90.524
 10
157.088
 20
90.215
 10
156.735
 20
89.941
 10
156.325
 20
89.718
 10
156.092
 20
89.632
 10
155.858
 20
89.553
 10
155.605
 20
89.498
 10
155.351
 20
89.447
 10
155.079
 20
89.418
 10
154.807
 20
89.39
 10
154.518
 20
89.38
 10
154.232
 20
89.369
 10
153.764
 20
89.361
 10
153.298
 20
89.354
 10
152.831
 20
89.359
 10
152.363
 20
89.386
 10
151.895
 20
89.442
 10
151.428
 20
89.528
 10
150.962
 20
89.63
 10
150.497
 20
89.732
 10
150.035
 20
89.811
 10
149.573
 20
89.85
 10
149.112
 20
89.838
 10
148.65
 20
89.776
 10
148.187
 20
89.678
 10
147.722
 20
89.562
 10
147.255
 20
89.453
 10
146.787
 20
89.368
 10
146.319
 20
89.32
 10
145.851
 20
89.307
 10
145.383
 20
89.322
 10
144.917
 20
89.35
 10
144.452
 20
89.381
 10
143.987
 20
89.405
 10
143.522
 20
89.423
 10
143.056
 20
89.442
 10
142.589
 20
89.472
 10
142.122
 20
89.52
 10
141.655
 20
89.588
 10
141.189
 20
89.669
 10
140.725
 20
89.749
 10
140.262
 20
89.809
 10
139.8
 20
89.832
 10
139.339
 20
89.807
 10
138.877
 20
89.735
 10
138.413
 20
89.627
 10
137.948
 20
89.504
 10
137.481
 20
89.388
 10
137.013
 20
89.301
 10
136.544
 20
89.257
 10
136.075
 20
89.257
 10
135.607
 20
89.293
 10
135.141
 20
89.35
 10
134.675
 20
89.412
 10
134.211
 20
89.465
 10
133.746
 20
89.505
 10
133.282
 20
89.534
 10
132.816
 20
89.56
 10
132.35
 20
89.593
 10
131.883
 20
89.638
 10
131.418
 20
89.692
 10
130.953
 20
89.745
 10
130.489
 20
89.782
 10
130.027
 20
89.789
 10
129.565
 20
89.754
 10
129.103
 20
89.678
 10
128.639
 20
89.569
 10
128.174
 20
89.446
 10
127.707
 20
89.332
 10
127.238
 20
89.251
 10
126.769
 20
89.216
 10
126.299
 20
89.231
 10
125.831
 20
89.288
 10
125.364
 20
89.371
 10
124.899
 20
89.459
 10
124.435
 20
89.535
 10
123.971
 20
89.591
 10
123.508
 20
89.625
 10
123.043
 20
89.643
 10
122.578
 20
89.656
 10
122.112
 20
89.672
 10
121.646
 20
89.694
 10
121.181
 20
89.717
 10
120.717
 20
89.732
 10
120.254
 20
89.724
 10
119.791
 20
89.684
 10
119.328
 20
89.61
 10
118.864
 20
89.508
 10
118.399
 20
89.395
 10
117.932
 20
89.292
 10
117.463
 20
89.222
 10
116.993
 20
89.2
 10
116.524
 20
89.231
 10
116.055
 20
89.306
 10
115.589
 20
89.408
 10
115.123
 20
89.517
 10
114.66
 20
89.61
 10
114.197
 20
89.675
 10
113.734
 20
89.708
 10
113.27
 20
89.713
 10
112.806
 20
89.703
 10
112.34
 20
89.688
 10
111.875
 20
89.676
 10
111.409
 20
89.67
 10
110.944
 20
89.662
 10
110.48
 20
89.643
 10
110.017
 20
89.603
 10
109.553
 20
89.538
 10
109.089
 20
89.452
 10
108.623
 20
89.357
 10
108.156
 20
89.273
 10
107.688
 20
89.219
 10
107.218
 20
89.211
 10
106.749
 20
89.255
 10
106.28
 20
89.343
 10
105.813
 20
89.459
 10
105.349
 20
89.579
 10
104.885
 20
89.681
 10
104.423
 20
89.749
 10
103.961
 20
89.775
 10
103.498
 20
89.765
 10
103.034
 20
89.729
 10
102.569
 20
89.683
 10
102.103
 20
89.64
 10
101.637
 20
89.605
 10
101.171
 20
89.579
 10
100.706
 20
89.553
 10
100.242
 20
89.519
 10
99.777
 20
89.471
 10
99.313
 20
89.407
 10
98.847
 20
89.338
 10
98.38
 20
89.277
 10
97.912
 20
89.242
 10
97.443
 20
89.248
 10
96.974
 20
89.302
 10
96.506
 20
89.396
 10
96.039
 20
89.517
 10
95.574
 20
89.64
 10
95.111
 20
89.742
 10
94.649
 20
89.806
 10
94.188
 20
89.822
 10
93.726
 20
89.794
 10
93.262
 20
89.734
 10
92.797
 20
89.659
 10
92.331
 20
89.587
 10
91.864
 20
89.529
 10
91.398
 20
89.489
 10
90.931
 20
89.462
 10
90.466
 20
89.44
 10
90.001
 20
89.413
 10
89.536
 20
89.379
 10
89.071
 20
89.339
 10
88.604
 20
89.305
 10
88.137
 20
89.29
 10
87.668
 20
89.308
 10
87.2
 20
89.365
 10
86.732
 20
89.459
 10
86.265
 20
89.575
 10
85.801
 20
89.692
 10
85.338
 20
89.786
 10
84.876
 20
89.84
 10
84.415
 20
89.844
 10
83.953
 20
89.799
 10
83.49
 20
89.718
 10
83.025
 20
89.619
 10
82.559
 20
89.524
 10
82.091
 20
89.448
 10
81.624
 20
89.4
 10
81.156
 20
89.377
 10
80.69
 20
89.372
 10
80.224
 20
89.372
 10
79.759
 20
89.369
 10
79.294
 20
89.362
 10
78.828
 20
89.355
 10
78.361
 20
89.358
 10
77.894
 20
89.384
 10
77.426
 20
89.44
 10
76.958
 20
89.524
 10
76.492
 20
89.626
 10
76.028
 20
89.729
 10
75.565
 20
89.809
 10
75.103
 20
89.849
 10
74.642
 20
89.839
 10
74.18
 20
89.78
 10
73.717
 20
89.682
 10
73.252
 20
89.567
 10
72.786
 20
89.457
 10
72.318
 20
89.371
 10
71.849
 20
89.321
 10
71.381
 20
89.307
 10
70.911
 20
89.321
 10
70.623
 20
89.347
 10
70.334
 20
89.375
 10
70.063
 20
89.42
 10
69.794
 20
89.464
 10
69.543
 20
89.524
 10
69.292
 20
89.581
 10
69.06
 20
89.655
 10
68.826
 20
89.73
 10
68.403
 20
89.919
 10
68.024
 20
90.155
 10
67.698
 20
90.437
 10
67.424
 20
90.753
 10
67.196
 20
91.094
 10
67.002
 20
91.454
 10
66.827
 20
91.832
 10
66.661
 20
92.236
 10
66.585
 20
92.449
 10
66.502
 20
92.667
 10
66.43
 20
92.904
 10
66.357
 20
93.143
 10
66.3
 20
93.403
 10
66.248
 20
93.667
 10
66.219
 20
93.951
 10
66.199
 20
94.235
 10
66.202
 20
94.694
 10
66.206
 20
95.151
 10
66.206
 20
95.609
 10
66.206
 20
96.066
 10
66.206
 20
96.625
 10
65.347
 20
96.625
 10
65.541
 20
96.35
 10
65.632
 20
95.938
 10
65.557
 20
95.523
 10
65.327
 20
95.17
 10
64.978
 20
94.933
 10
64.564
 20
94.85
 10
64.151
 20
94.933
 10
63.802
 20
95.17
 10
63.572
 20
95.523
 10
63.496
 20
95.938
 10
63.588
 20
96.35
 10
63.782
 20
96.625
 10
60.303
 20
96.625
 10
60.498
 20
96.35
 10
60.589
 20
95.938
 10
60.514
 20
95.523
 10
60.283
 20
95.17
 10
59.934
 20
94.933
 10
59.521
 20
94.85
 10
59.107
 20
94.933
 10
58.758
 20
95.17
 10
58.528
 20
95.523
 10
58.453
 20
95.938
 10
58.544
 20
96.35
 10
58.738
 20
96.625
 10
57.88
 20
96.625
 10
57.88
 20
93.392
 10
57.806
 20
93.023
 10
57.595
 20
92.707
 10
57.279
 20
92.495
 10
56.91
 20
92.422
 10
55.501
 20
92.422
 10
55.132
 20
92.495
 10
54.815
 20
92.707
 10
54.604
 20
93.023
 10
54.531
 20
93.392
 10
54.531
 20
108.344
 10
54.604
 20
108.713
 10
54.815
 20
109.029
 10
55.132
 20
109.241
 10
55.501
 20
109.314
 10
56.91
 20
109.314
 10
57.279
 20
109.241
 10
57.595
 20
109.029
 10
57.806
 20
108.713
 10
57.88
 20
108.344
 10
57.88
 20
105.111
 10
58.738
 20
105.111
 10
58.544
 20
105.386
 10
58.453
 20
105.798
 10
58.528
 20
106.213
 10
58.758
 20
106.566
 10
59.107
 20
106.803
 10
59.521
 20
106.886
 10
59.934
 20
106.803
 10
60.283
 20
106.566
 10
60.514
 20
106.213
 10
60.589
 20
105.798
 10
60.498
 20
105.386
 10
60.303
 20
105.111
 10
63.782
 20
105.111
 10
63.588
 20
105.386
 10
63.496
 20
105.798
 10
63.572
 20
106.213
 10
63.802
 20
106.566
 10
64.151
 20
106.803
 10
64.564
 20
106.886
 10
64.978
 20
106.803
 10
65.327
 20
106.566
 10
65.557
 20
106.213
 10
65.632
 20
105.798
 10
65.541
 20
105.386
 10
65.347
 20
105.111
 10
66.206
 20
105.111
 10
66.206
 20
105.67
 10
66.206
 20
106.127
 10
66.206
 20
106.585
 10
66.204
 20
107.042
 10
66.204
 20
107.501
 10
66.22
 20
107.784
 10
66.239
 20
108.068
 10
66.277
 20
108.333
 10
66.315
 20
108.596
 10
66.37
 20
108.841
 10
66.425
 20
109.085
 10
66.497
 20
109.31
 10
66.57
 20
109.533
 10
66.754
 20
109.941
 10
66.976
 20
110.304
 10
67.232
 20
110.624
 10
67.514
 20
110.904
 10
67.816
 20
111.156
 10
68.136
 20
111.395
 10
68.479
 20
111.64
 10
68.861
 20
111.886
 10
69.074
 20
112.003
 10
69.291
 20
112.125
 10
69.532
 20
112.231
 10
69.779
 20
112.335
 10
70.049
 20
112.416
 10
70.323
 20
112.484
 10
70.619
 20
112.52
 10
70.912
 20
112.536
 10
71.386
 20
112.505
 10
71.854
 20
112.429
 10
72.321
 20
112.326
 10
72.786
 20
112.218
 10
73.25
 20
112.125
 10
73.712
 20
112.06
 10
74.175
 20
112.028
 10
74.639
 20
112.023
 10
75.103
 20
112.034
 10
75.569
 20
112.049
 10
76.035
 20
112.06
 10
76.5
 20
112.067
 10
76.965
 20
112.074
 10
77.429
 20
112.094
 10
77.893
 20
112.134
 10
78.356
 20
112.199
 10
78.82
 20
112.286
 10
79.286
 20
112.38
 10
79.753
 20
112.464
 10
80.222
 20
112.517
 10
80.691
 20
112.524
 10
81.161
 20
112.48
 10
81.629
 20
112.391
 10
82.096
 20
112.275
 10
82.561
 20
112.155
 10
83.024
 20
112.053
 10
83.486
 20
111.987
 10
83.948
 20
111.961
 10
84.411
 20
111.972
 10
84.875
 20
112.008
 10
85.34
 20
112.054
 10
85.806
 20
112.097
 10
86.272
 20
112.132
 10
86.738
 20
112.158
 10
87.203
 20
112.184
 10
87.668
 20
112.218
 10
88.132
 20
112.266
 10
88.597
 20
112.33
 10
89.062
 20
112.4
 10
89.529
 20
112.46
 10
89.997
 20
112.494
 10
90.467
 20
112.487
 10
90.936
 20
112.433
 10
91.404
 20
112.338
 10
91.87
 20
112.217
 10
92.335
 20
112.094
 10
92.798
 20
111.992
 10
93.26
 20
111.93
 10
93.721
 20
111.914
 10
94.184
 20
111.943
 10
94.647
 20
112.003
 10
95.112
 20
112.078
 10
95.578
 20
112.15
 10
96.045
 20
112.208
 10
96.512
 20
112.248
 10
96.978
 20
112.275
 10
97.443
 20
112.297
 10
97.908
 20
112.323
 10
98.373
 20
112.358
 10
98.839
 20
112.398
 10
99.305
 20
112.432
 10
99.773
 20
112.446
 10
100.241
 20
112.427
 10
100.71
 20
112.369
 10
101.178
 20
112.275
 10
101.644
 20
112.159
 10
102.109
 20
112.043
 10
102.572
 20
111.948
 10
103.033
 20
111.895
 10
103.494
 20
111.893
 10
103.956
 20
111.938
 10
104.419
 20
112.02
 10
104.884
 20
112.119
 10
105.351
 20
112.214
 10
105.818
 20
112.289
 10
106.286
 20
112.337
 10
106.753
 20
112.359
 10
107.219
 20
112.365
 10
107.685
 20
112.365
 10
108.15
 20
112.367
 10
108.615
 20
112.375
 10
109.081
 20
112.382
 10
109.548
 20
112.378
 10
110.016
 20
112.351
 10
110.484
 20
112.295
 10
110.951
 20
112.21
 10
111.417
 20
112.108
 10
111.882
 20
112.006
 10
112.344
 20
111.926
 10
112.806
 20
111.886
 10
113.267
 20
111.897
 10
113.729
 20
111.958
 10
114.192
 20
112.056
 10
114.657
 20
112.172
 10
115.124
 20
112.281
 10
115.592
 20
112.366
 10
116.06
 20
112.416
 10
116.528
 20
112.429
 10
116.996
 20
112.415
 10
117.462
 20
112.386
 10
117.927
 20
112.356
 10
118.392
 20
112.332
 10
118.857
 20
112.313
 10
119.323
 20
112.294
 10
119.79
 20
112.265
 10
120.257
 20
112.217
 10
120.723
 20
112.149
 10
121.189
 20
112.068
 10
121.654
 20
111.988
 10
122.117
 20
111.928
 10
122.579
 20
111.904
 10
123.04
 20
111.928
 10
123.502
 20
111.999
 10
123.966
 20
112.106
 10
124.431
 20
112.23
 10
124.898
 20
112.346
 10
125.366
 20
112.434
 10
125.835
 20
112.479
 10
126.304
 20
112.479
 10
126.772
 20
112.444
 10
127.238
 20
112.387
 10
127.704
 20
112.325
 10
128.168
 20
112.272
 10
128.633
 20
112.232
 10
129.097
 20
112.203
 10
129.563
 20
112.176
 10
130.029
 20
112.143
 10
130.495
 20
112.099
 10
130.961
 20
112.046
 10
131.426
 20
111.992
 10
131.89
 20
111.954
 10
132.352
 20
111.947
 10
132.814
 20
111.981
 10
133.276
 20
112.056
 10
133.74
 20
112.165
 10
134.205
 20
112.288
 10
134.672
 20
112.402
 10
135.141
 20
112.484
 10
135.61
 20
112.52
 10
136.08
 20
112.506
 10
136.548
 20
112.449
 10
137.015
 20
112.367
 10
137.48
 20
112.279
 10
137.944
 20
112.202
 10
138.408
 20
112.146
 10
138.871
 20
112.112
 10
139.336
 20
112.093
 10
139.801
 20
112.08
 10
140.267
 20
112.064
 10
140.733
 20
112.042
 10
141.198
 20
112.019
 10
141.662
 20
112.004
 10
142.125
 20
112.012
 10
142.588
 20
112.051
 10
143.051
 20
112.124
 10
143.514
 20
112.226
 10
143.98
 20
112.339
 10
144.447
 20
112.442
 10
144.916
 20
112.513
 10
145.385
 20
112.536
 10
145.855
 20
112.507
 10
146.324
 20
112.432
 10
146.79
 20
112.33
 10
147.255
 20
112.221
 10
147.719
 20
112.128
 10
148.182
 20
112.062
 10
148.645
 20
112.029
 10
149.109
 20
112.023
 10
149.573
 20
112.033
 10
150.038
 20
112.048
 10
150.504
 20
112.06
 10
150.97
 20
112.066
 10
151.435
 20
112.074
 10
151.899
 20
112.093
 10
152.362
 20
112.132
 10
152.826
 20
112.196
 10
153.29
 20
112.282
 10
153.755
 20
112.377
 10
154.226
 20
112.462
 10
154.518
 20
112.49
 10
154.816
 20
112.504
 10
155.096
 20
112.48
 10
155.375
 20
112.439
 10
155.632
 20
112.364
 10
155.885
 20
112.276
 10
156.114
 20
112.162
 10
156.338
 20
112.04
 10
156.724
 20
111.763
 10
157.057
 20
111.466
 10
157.344
 20
111.166
 10
157.601
 20
110.867
 10
157.84
 20
110.563
 10
158.069
 20
110.244
 10
158.287
 20
109.895
 10
158.487
 20
109.504
 10
158.571
 20
109.291
 10
158.656
 20
109.072
 10
158.721
 20
108.833
 10
158.784
 20
108.591
 10
158.828
 20
108.329
 10
158.869
 20
108.066
 10
158.894
 20
107.785
 10
158.92
 20
107.503
 10
158.956
 20
107.046
 10
159.008
 20
106.59
 10
159.072
 20
106.133
 10
159.14
 20
105.675
 10
159.197
 20
105.216
 10
159.225
 20
104.756
 10
159.212
 20
104.295
 10
159.154
 20
103.834
 10
159.057
 20
103.374
 10
158.937
 20
102.916
 10
158.817
 20
102.459
 10
158.719
 20
102.004
 10
158.658
 20
101.551
 10
158.643
 20
101.097
 10
158.671
 20
100.643
 10
158.73
 20
100.188
 10
158.803
 20
99.731
 10
158.875
 20
99.273
 10
158.933
 20
98.814
 10
158.974
 20
98.356
 10
159.001
 20
97.897
 10
159.023
 20
97.44
 10
159.048
 20
96.983
 10
159.081
 20
96.526
 10
159.119
 20
96.069
 10
159.155
 20
95.611
 10
159.174
 20
95.152
  0
HATCH
  5
3C
330
17
100
AcDbEntity
  8
RASTER
 62
7
100
AcDbHatch
 10
0.0
 20
0.0
 30
0.0
210
0.0
220
0.0
230
1.0
  2
SOLID
 70
1
 71
0
 91
1
 92
3
 72
0
 73
1
 93
724
 10
68.574
 20
106.169
 10
68.682
 20
106.667
 10
68.875
 20
107.084
 10
69.138
 20
107.445
 10
69.445
 20
107.746
 10
69.775
 20
107.991
 10
70.114
 20
108.193
 10
70.454
 20
108.369
 10
70.797
 20
108.534
 10
71.15
 20
108.701
 10
71.521
 20
108.872
 10
71.921
 20
109.042
 10
72.358
 20
109.195
 10
72.847
 20
109.315
 10
73.102
 20
109.352
 10
73.368
 20
109.385
 10
73.921
 20
109.42
 10
74.484
 20
109.451
 10
75.054
 20
109.497
 10
75.627
 20
109.57
 10
76.194
 20
109.668
 10
76.749
 20
109.767
 10
77.288
 20
109.837
 10
77.815
 20
109.85
 10
78.338
 20
109.79
 10
78.87
 20
109.658
 10
79.418
 20
109.474
 10
79.986
 20
109.277
 10
80.572
 20
109.116
 10
81.171
 20
109.031
 10
81.772
 20
109.038
 10
82.362
 20
109.125
 10
82.934
 20
109.254
 10
83.491
 20
109.387
 10
84.036
 20
109.494
 10
84.578
 20
109.562
 10
85.125
 20
109.596
 10
85.681
 20
109.612
 10
86.246
 20
109.63
 10
86.813
 20
109.663
 10
87.375
 20
109.707
 10
87.925
 20
109.744
 10
88.464
 20
109.75
 10
88.995
 20
109.702
 10
89.529
 20
109.594
 10
90.074
 20
109.435
 10
90.637
 20
109.255
 10
91.218
 20
109.096
 10
91.817
 20
109.005
 10
92.421
 20
109.008
 10
93.018
 20
109.105
 10
93.597
 20
109.263
 10
94.158
 20
109.438
 10
94.702
 20
109.588
 10
95.237
 20
109.688
 10
95.77
 20
109.73
 10
96.311
 20
109.725
 10
96.865
 20
109.694
 10
97.428
 20
109.66
 10
97.994
 20
109.64
 10
98.557
 20
109.631
 10
99.11
 20
109.619
 10
99.654
 20
109.582
 10
100.194
 20
109.506
 10
100.74
 20
109.388
 10
101.298
 20
109.246
 10
101.872
 20
109.112
 10
102.464
 20
109.027
 10
103.067
 20
109.026
 10
103.666
 20
109.119
 10
104.25
 20
109.284
 10
104.816
 20
109.48
 10
105.363
 20
109.659
 10
105.894
 20
109.784
 10
106.418
 20
109.837
 10
106.946
 20
109.821
 10
107.488
 20
109.753
 10
108.045
 20
109.661
 10
108.613
 20
109.575
 10
109.185
 20
109.513
 10
109.753
 20
109.474
 10
110.312
 20
109.443
 10
110.864
 20
109.401
 10
111.413
 20
109.335
 10
111.968
 20
109.247
 10
112.535
 20
109.156
 10
113.117
 20
109.093
 10
113.711
 20
109.091
 10
114.307
 20
109.169
 10
114.894
 20
109.321
 10
115.464
 20
109.514
 10
116.015
 20
109.701
 10
116.548
 20
109.84
 10
117.067
 20
109.904
 10
117.587
 20
109.885
 10
118.119
 20
109.795
 10
118.669
 20
109.661
 10
119.235
 20
109.519
 10
119.812
 20
109.403
 10
120.393
 20
109.331
 10
120.968
 20
109.3
 10
121.533
 20
109.289
 10
122.09
 20
109.279
 10
122.645
 20
109.256
 10
123.204
 20
109.221
 10
123.774
 20
109.192
 10
124.356
 20
109.196
 10
124.944
 20
109.256
 10
125.529
 20
109.378
 10
126.102
 20
109.544
 10
126.658
 20
109.717
 10
127.196
 20
109.854
 10
127.717
 20
109.923
 10
128.234
 20
109.908
 10
128.759
 20
109.811
 10
129.302
 20
109.653
 10
129.864
 20
109.473
 10
130.443
 20
109.314
 10
131.031
 20
109.209
 10
131.62
 20
109.17
 10
132.2
 20
109.184
 10
132.767
 20
109.226
 10
133.325
 20
109.268
 10
133.878
 20
109.297
 10
134.436
 20
109.313
 10
135.003
 20
109.331
 10
135.578
 20
109.373
 10
136.157
 20
109.455
 10
136.731
 20
109.575
 10
137.292
 20
109.711
 10
137.837
 20
109.829
 10
138.365
 20
109.893
 10
138.884
 20
109.883
 10
139.407
 20
109.791
 10
139.945
 20
109.631
 10
140.503
 20
109.435
 10
141.079
 20
109.25
 10
141.67
 20
109.119
 10
142.269
 20
109.069
 10
142.861
 20
109.098
 10
143.439
 20
109.182
 10
144.002
 20
109.284
 10
144.554
 20
109.375
 10
145.102
 20
109.439
 10
145.653
 20
109.479
 10
146.213
 20
109.509
 10
146.781
 20
109.549
 10
147.352
 20
109.611
 10
147.917
 20
109.692
 10
148.47
 20
109.771
 10
149.008
 20
109.819
 10
149.536
 20
109.811
 10
150.062
 20
109.734
 10
150.598
 20
109.589
 10
151.151
 20
109.402
 10
151.71
 20
109.216
 10
151.994
 20
109.126
 10
152.272
 20
109.054
 10
152.782
 20
108.945
 10
153.258
 20
108.88
 10
153.702
 20
108.837
 10
154.117
 20
108.788
 10
154.505
 20
108.707
 10
154.864
 20
108.578
 10
155.191
 20
108.393
 10
155.481
 20
108.148
 10
155.728
 20
107.846
 10
155.931
 20
107.489
 10
156.093
 20
107.084
 10
156.219
 20
106.635
 10
156.317
 20
106.146
 10
156.392
 20
105.62
 10
156.414
 20
105.34
 10
156.434
 20
105.065
 10
156.44
 20
104.518
 10
156.405
 20
103.982
 10
156.317
 20
103.448
 10
156.177
 20
102.905
 10
156.009
 20
102.347
 10
155.85
 20
101.77
 10
155.746
 20
101.176
 10
155.73
 20
100.572
 10
155.812
 20
99.972
 10
155.966
 20
99.388
 10
156.15
 20
98.822
 10
156.319
 20
98.274
 10
156.438
 20
97.74
 10
156.495
 20
97.211
 10
156.493
 20
96.671
 10
156.468
 20
96.402
 10
156.436
 20
96.126
 10
156.332
 20
95.605
 10
156.201
 20
95.122
 10
156.051
 20
94.678
 10
155.876
 20
94.276
 10
155.672
 20
93.919
 10
155.434
 20
93.611
 10
155.159
 20
93.355
 10
154.848
 20
93.153
 10
154.502
 20
93.007
 10
154.125
 20
92.91
 10
153.716
 20
92.852
 10
153.275
 20
92.815
 10
152.799
 20
92.769
 10
152.286
 20
92.688
 10
152.006
 20
92.631
 10
151.716
 20
92.552
 10
151.151
 20
92.375
 10
150.591
 20
92.177
 10
150.049
 20
92.007
 10
149.522
 20
91.9
 10
149.001
 20
91.87
 10
148.472
 20
91.911
 10
147.928
 20
92.003
 10
147.368
 20
92.113
 10
146.797
 20
92.212
 10
146.223
 20
92.282
 10
145.653
 20
92.323
 10
145.091
 20
92.351
 10
144.538
 20
92.386
 10
143.986
 20
92.441
 10
143.429
 20
92.512
 10
142.86
 20
92.583
 10
142.277
 20
92.621
 10
141.684
 20
92.598
 10
141.091
 20
92.499
 10
140.509
 20
92.336
 10
139.944
 20
92.145
 10
139.398
 20
91.971
 10
138.87
 20
91.854
 10
138.353
 20
91.817
 10
137.832
 20
91.863
 10
137.296
 20
91.978
 10
136.743
 20
92.132
 10
136.173
 20
92.284
 10
135.592
 20
92.4
 10
135.008
 20
92.465
 10
134.431
 20
92.485
 10
133.865
 20
92.48
 10
133.307
 20
92.474
 10
132.752
 20
92.48
 10
132.193
 20
92.497
 10
131.623
 20
92.506
 10
131.043
 20
92.485
 10
130.458
 20
92.412
 10
129.876
 20
92.285
 10
129.308
 20
92.125
 10
128.756
 20
91.968
 10
128.223
 20
91.854
 10
127.704
 20
91.813
 10
127.186
 20
91.856
 10
126.656
 20
91.978
 10
126.108
 20
92.153
 10
125.541
 20
92.34
 10
124.958
 20
92.494
 10
124.366
 20
92.584
 10
123.775
 20
92.603
 10
123.195
 20
92.566
 10
122.629
 20
92.503
 10
122.073
 20
92.443
 10
121.521
 20
92.4
 10
120.965
 20
92.373
 10
120.4
 20
92.346
 10
119.827
 20
92.299
 10
119.251
 20
92.219
 10
118.681
 20
92.109
 10
118.123
 20
91.99
 10
117.581
 20
91.896
 10
117.055
 20
91.857
 10
116.534
 20
91.894
 10
116.007
 20
92.008
 10
115.464
 20
92.182
 10
114.901
 20
92.381
 10
114.32
 20
92.557
 10
113.724
 20
92.668
 10
113.124
 20
92.69
 10
112.532
 20
92.632
 10
111.957
 20
92.525
 10
111.397
 20
92.405
 10
110.848
 20
92.305
 10
110.303
 20
92.236
 10
109.754
 20
92.197
 10
109.196
 20
92.172
 10
108.63
 20
92.141
 10
108.061
 20
92.093
 10
107.498
 20
92.03
 10
106.947
 20
91.972
 10
106.409
 20
91.946
 10
105.88
 20
91.975
 10
105.35
 20
92.07
 10
104.809
 20
92.224
 10
104.251
 20
92.411
 10
103.675
 20
92.587
 10
103.08
 20
92.707
 10
102.476
 20
92.736
 10
101.877
 20
92.669
 10
101.293
 20
92.533
 10
100.728
 20
92.369
 10
100.179
 20
92.22
 10
99.641
 20
92.112
 10
99.105
 20
92.057
 10
98.562
 20
92.045
 10
98.009
 20
92.058
 10
97.446
 20
92.073
 10
96.88
 20
92.076
 10
96.318
 20
92.068
 10
95.766
 20
92.066
 10
95.225
 20
92.092
 10
94.687
 20
92.163
 10
94.146
 20
92.281
 10
93.592
 20
92.433
 10
93.021
 20
92.587
 10
92.432
 20
92.7
 10
91.83
 20
92.733
 10
91.228
 20
92.669
 10
90.639
 20
92.524
 10
90.068
 20
92.336
 10
89.516
 20
92.153
 10
88.981
 20
92.014
 10
88.454
 20
91.94
 10
87.924
 20
91.933
 10
87.383
 20
91.979
 10
86.829
 20
92.05
 10
86.263
 20
92.12
 10
85.694
 20
92.171
 10
85.128
 20
92.204
 10
84.571
 20
92.233
 10
84.022
 20
92.277
 10
83.475
 20
92.35
 10
82.923
 20
92.451
 10
82.359
 20
92.562
 10
81.779
 20
92.651
 10
81.184
 20
92.681
 10
80.585
 20
92.627
 10
79.994
 20
92.491
 10
79.418
 20
92.303
 10
78.862
 20
92.107
 10
78.325
 20
91.95
 10
77.802
 20
91.861
 10
77.281
 20
91.853
 10
76.752
 20
91.917
 10
76.205
 20
92.03
 10
75.643
 20
92.158
 10
75.07
 20
92.268
 10
74.492
 20
92.342
 10
73.919
 20
92.381
 10
73.359
 20
92.402
 10
73.087
 20
92.422
 10
72.83
 20
92.442
 10
72.339
 20
92.529
 10
71.9
 20
92.656
 10
71.5
 20
92.812
 10
71.132
 20
92.983
 10
70.788
 20
93.161
 10
70.456
 20
93.344
 10
70.129
 20
93.538
 10
69.803
 20
93.754
 10
69.481
 20
94.008
 10
69.173
 20
94.31
 10
68.901
 20
94.669
 10
68.69
 20
95.084
 10
68.557
 20
95.578
 10
68.016
 20
95.431
 10
68.166
 20
94.883
 10
68.426
 20
94.373
 10
68.751
 20
93.942
 10
69.109
 20
93.588
 10
69.474
 20
93.301
 10
69.831
 20
93.064
 10
70.178
 20
92.858
 10
70.524
 20
92.667
 10
70.885
 20
92.48
 10
71.28
 20
92.296
 10
71.721
 20
92.125
 10
72.214
 20
91.983
 10
72.751
 20
91.888
 10
73.044
 20
91.863
 10
73.332
 20
91.843
 10
73.89
 20
91.821
 10
74.438
 20
91.784
 10
74.981
 20
91.714
 10
75.528
 20
91.609
 10
76.087
 20
91.482
 10
76.661
 20
91.364
 10
77.252
 20
91.293
 10
77.853
 20
91.303
 10
78.451
 20
91.404
 10
79.034
 20
91.574
 10
79.599
 20
91.772
 10
80.144
 20
91.951
 10
80.674
 20
92.073
 10
81.195
 20
92.12
 10
81.722
 20
92.093
 10
82.262
 20
92.01
 10
82.819
 20
91.901
 10
83.388
 20
91.797
 10
83.962
 20
91.72
 10
84.534
 20
91.674
 10
85.097
 20
91.645
 10
85.652
 20
91.612
 10
86.203
 20
91.562
 10
86.759
 20
91.494
 10
87.325
 20
91.421
 10
87.905
 20
91.373
 10
88.496
 20
91.381
 10
89.09
 20
91.464
 10
89.675
 20
91.615
 10
90.244
 20
91.804
 10
90.794
 20
91.985
 10
91.326
 20
92.117
 10
91.844
 20
92.172
 10
92.363
 20
92.143
 10
92.895
 20
92.041
 10
93.445
 20
91.892
 10
94.012
 20
91.737
 10
94.591
 20
91.611
 10
95.175
 20
91.534
 10
95.754
 20
91.506
 10
96.323
 20
91.508
 10
96.882
 20
91.515
 10
97.437
 20
91.512
 10
97.995
 20
91.497
 10
98.562
 20
91.485
 10
99.14
 20
91.497
 10
99.725
 20
91.558
 10
100.308
 20
91.674
 10
100.88
 20
91.83
 10
101.435
 20
91.991
 10
101.972
 20
92.117
 10
102.494
 20
92.176
 10
103.011
 20
92.15
 10
103.537
 20
92.044
 10
104.081
 20
91.877
 10
104.644
 20
91.689
 10
105.224
 20
91.524
 10
105.815
 20
91.419
 10
106.407
 20
91.385
 10
106.989
 20
91.413
 10
107.559
 20
91.472
 10
108.116
 20
91.535
 10
108.669
 20
91.582
 10
109.224
 20
91.613
 10
109.786
 20
91.638
 10
110.358
 20
91.679
 10
110.934
 20
91.751
 10
111.506
 20
91.856
 10
112.067
 20
91.975
 10
112.612
 20
92.078
 10
113.141
 20
92.13
 10
113.662
 20
92.111
 10
114.187
 20
92.013
 10
114.726
 20
91.849
 10
115.285
 20
91.651
 10
115.862
 20
91.466
 10
116.455
 20
91.339
 10
117.056
 20
91.297
 10
117.65
 20
91.34
 10
118.229
 20
91.44
 10
118.792
 20
91.56
 10
119.343
 20
91.667
 10
119.888
 20
91.742
 10
120.436
 20
91.787
 10
120.992
 20
91.813
 10
121.556
 20
91.841
 10
122.125
 20
91.885
 10
122.69
 20
91.946
 10
123.244
 20
92.007
 10
123.785
 20
92.042
 10
124.315
 20
92.026
 10
124.844
 20
91.945
 10
125.381
 20
91.802
 10
125.935
 20
91.62
 10
126.508
 20
91.438
 10
127.099
 20
91.302
 10
127.702
 20
91.252
 10
128.304
 20
91.299
 10
128.891
 20
91.424
 10
129.46
 20
91.585
 10
130.013
 20
91.741
 10
130.552
 20
91.859
 10
131.088
 20
91.926
 10
131.628
 20
91.946
 10
132.18
 20
91.936
 10
132.741
 20
91.92
 10
133.307
 20
91.914
 10
133.87
 20
91.92
 10
134.424
 20
91.924
 10
134.968
 20
91.906
 10
135.505
 20
91.846
 10
136.045
 20
91.738
 10
136.596
 20
91.591
 10
137.163
 20
91.434
 10
137.748
 20
91.309
 10
138.348
 20
91.257
 10
138.951
 20
91.3
 10
139.544
 20
91.43
 10
140.119
 20
91.613
 10
140.675
 20
91.801
 10
141.214
 20
91.952
 10
141.742
 20
92.04
 10
142.269
 20
92.061
 10
142.807
 20
92.025
 10
143.359
 20
91.956
 10
143.923
 20
91.884
 10
144.492
 20
91.828
 10
145.059
 20
91.792
 10
145.619
 20
91.763
 10
146.169
 20
91.724
 10
146.716
 20
91.658
 10
147.266
 20
91.562
 10
147.827
 20
91.451
 10
148.404
 20
91.355
 10
148.995
 20
91.31
 10
149.595
 20
91.345
 10
150.189
 20
91.464
 10
150.768
 20
91.645
 10
151.328
 20
91.843
 10
151.877
 20
92.015
 10
152.137
 20
92.086
 10
152.382
 20
92.136
 10
152.87
 20
92.214
 10
153.325
 20
92.257
 10
153.779
 20
92.295
 10
154.234
 20
92.36
 10
154.682
 20
92.476
 10
155.111
 20
92.659
 10
155.503
 20
92.913
 10
155.848
 20
93.234
 10
156.139
 20
93.609
 10
156.378
 20
94.026
 10
156.573
 20
94.477
 10
156.738
 20
94.959
 10
156.877
 20
95.477
 10
156.989
 20
96.032
 10
157.025
 20
96.344
 10
157.054
 20
96.652
 10
157.055
 20
97.24
 10
156.991
 20
97.832
 10
156.86
 20
98.418
 10
156.685
 20
98.991
 10
156.504
 20
99.546
 10
156.361
 20
100.083
 10
156.29
 20
100.603
 10
156.303
 20
101.12
 10
156.397
 20
101.647
 10
156.547
 20
102.191
 10
156.717
 20
102.754
 10
156.865
 20
103.332
 10
156.962
 20
103.918
 10
157.0
 20
104.503
 10
156.994
 20
105.083
 10
156.973
 20
105.382
 10
156.948
 20
105.687
 10
156.87
 20
106.241
 10
156.764
 20
106.766
 10
156.624
 20
107.264
 10
156.436
 20
107.732
 10
156.19
 20
108.163
 10
155.88
 20
108.541
 10
155.512
 20
108.852
 10
155.098
 20
109.087
 10
154.657
 20
109.246
 10
154.208
 20
109.341
 10
153.762
 20
109.394
 10
153.323
 20
109.437
 10
152.879
 20
109.497
 10
152.397
 20
109.6
 10
152.15
 20
109.665
 10
151.884
 20
109.748
 10
151.329
 20
109.933
 10
150.761
 20
110.125
 10
150.176
 20
110.282
 10
149.581
 20
110.37
 10
148.988
 20
110.379
 10
148.405
 20
110.328
 10
147.838
 20
110.246
 10
147.282
 20
110.167
 10
146.731
 20
110.107
 10
146.179
 20
110.068
 10
145.618
 20
110.038
 10
145.049
 20
109.997
 10
144.476
 20
109.93
 10
143.907
 20
109.836
 10
143.349
 20
109.735
 10
142.806
 20
109.656
 10
142.278
 20
109.629
 10
141.755
 20
109.673
 10
141.226
 20
109.791
 10
140.681
 20
109.967
 10
140.118
 20
110.164
 10
139.536
 20
110.337
 10
138.938
 20
110.441
 10
138.336
 20
110.453
 10
137.743
 20
110.381
 10
137.167
 20
110.257
 10
136.608
 20
110.122
 10
136.061
 20
110.007
 10
135.519
 20
109.931
 10
134.973
 20
109.891
 10
134.419
 20
109.873
 10
133.856
 20
109.857
 10
133.289
 20
109.828
 10
132.726
 20
109.785
 10
132.172
 20
109.744
 10
131.631
 20
109.73
 10
131.099
 20
109.765
 10
130.567
 20
109.86
 10
130.024
 20
110.01
 10
129.466
 20
110.189
 10
128.888
 20
110.356
 10
128.293
 20
110.465
 10
127.689
 20
110.483
 10
127.089
 20
110.405
 10
126.506
 20
110.256
 10
125.941
 20
110.081
 10
125.394
 20
109.922
 10
124.858
 20
109.81
 10
124.325
 20
109.756
 10
123.786
 20
109.753
 10
123.235
 20
109.78
 10
122.674
 20
109.815
 10
122.107
 20
109.839
 10
121.544
 20
109.85
 10
120.988
 20
109.86
 10
120.443
 20
109.89
 10
119.902
 20
109.957
 10
119.359
 20
110.066
 10
118.804
 20
110.205
 10
118.233
 20
110.344
 10
117.644
 20
110.443
 10
117.043
 20
110.464
 10
116.442
 20
110.391
 10
115.854
 20
110.238
 10
115.284
 20
110.044
 10
114.733
 20
109.858
 10
114.199
 20
109.719
 10
113.675
 20
109.65
 10
113.148
 20
109.652
 10
112.61
 20
109.712
 10
112.056
 20
109.801
 10
111.49
 20
109.89
 10
110.918
 20
109.959
 10
110.349
 20
110.002
 10
109.787
 20
110.033
 10
109.235
 20
110.071
 10
108.685
 20
110.131
 10
108.133
 20
110.215
 10
107.569
 20
110.307
 10
106.99
 20
110.38
 10
106.398
 20
110.397
 10
105.801
 20
110.336
 10
105.211
 20
110.198
 10
104.637
 20
110.011
 10
104.082
 20
109.818
 10
103.546
 20
109.666
 10
103.024
 20
109.585
 10
102.505
 20
109.586
 10
101.976
 20
109.663
 10
101.431
 20
109.79
 10
100.868
 20
109.934
 10
100.292
 20
110.057
 10
99.712
 20
110.139
 10
99.135
 20
110.179
 10
98.567
 20
110.191
 10
98.009
 20
110.2
 10
97.455
 20
110.22
 10
96.897
 20
110.253
 10
96.33
 20
110.285
 10
95.75
 20
110.29
 10
95.163
 20
110.244
 10
94.576
 20
110.134
 10
94.0
 20
109.976
 10
93.44
 20
109.801
 10
92.898
 20
109.652
 10
92.374
 20
109.567
 10
91.858
 20
109.564
 10
91.335
 20
109.644
 10
90.796
 20
109.792
 10
90.238
 20
109.971
 10
89.663
 20
110.138
 10
89.076
 20
110.256
 10
88.486
 20
110.31
 10
87.904
 20
110.304
 10
87.334
 20
110.266
 10
86.775
 20
110.222
 10
86.221
 20
110.19
 10
85.664
 20
110.172
 10
85.1
 20
110.156
 10
84.526
 20
110.12
 10
83.947
 20
110.048
 10
83.372
 20
109.935
 10
82.807
 20
109.8
 10
82.259
 20
109.676
 10
81.728
 20
109.597
 10
81.208
 20
109.59
 10
80.687
 20
109.665
 10
80.152
 20
109.812
 10
79.599
 20
110.004
 10
79.027
 20
110.196
 10
78.438
 20
110.342
 10
77.84
 20
110.41
 10
77.245
 20
110.396
 10
76.664
 20
110.321
 10
76.098
 20
110.22
 10
75.544
 20
110.125
 10
74.996
 20
110.054
 10
74.446
 20
110.01
 10
73.888
 20
109.98
 10
73.322
 20
109.943
 10
73.027
 20
109.907
 10
72.731
 20
109.864
 10
72.199
 20
109.732
 10
71.72
 20
109.565
 10
71.295
 20
109.385
 10
70.913
 20
109.209
 10
70.556
 20
109.04
 10
70.204
 20
108.87
 10
69.841
 20
108.683
 10
69.463
 20
108.456
 10
69.08
 20
108.17
 10
68.712
 20
107.809
 10
68.391
 20
107.366
 10
68.151
 20
106.844
 10
68.027
 20
106.29
 97
0
 75
0
 76
1
 98
0
  0
HATCH
  5
3D
330
17
100
AcDbEntity
  8
RASTER
 62
7
100
AcDbHatch
 10
0.0
 20
0.0
 30
0.0
210
0.0
220
0.0
230
1.0
  2
SOLID
 70
1
 71
0
 91
6
 92
3
 72
0
 73
1
 93
4
 10
68.674
 20
96.665
 10
68.674
 20
105.071
 10
58.12
 20
105.071
 10
58.12
 20
96.665
 97
0
 92
2
 72
0
 73
1
 93
5
 10
67.086
 20
97.132
 10
66.713
 20
97.132
 10
66.713
 20
104.604
 10
67.086
 20
104.604
 10
67.086
 20
97.132
 97
0
 92
2
 72
0
 73
1
 93
5
 10
65.312
 20
97.132
 10
64.938
 20
97.132
 10
64.938
 20
104.604
 10
65.312
 20
104.604
 10
65.312
 20
97.132
 97
0
 92
2
 72
0
 73
1
 93
5
 10
63.537
 20
97.132
 10
63.163
 20
97.132
 10
63.163
 20
104.604
 10
63.537
 20
104.604
 10
63.537
 20
97.132
 97
0
 92
2
 72
0
 73
1
 93
5
 10
61.762
 20
97.132
 10
61.389
 20
97.132
 10
61.389
 20
104.604
 10
61.762
 20
104.604
 10
61.762
 20
97.132
 97
0
 92
2
 72
0
 73
1
 93
5
 10
59.988
 20
97.132
 10
59.614
 20
97.132
 10
59.614
 20
104.604
 10
59.988
 20
104.604
 10
59.988
 20
97.132
 97
0
 75
0
 76
1
 98
0
  0
HATCH
  5
3E
330
17
100
AcDbEntity
  8
RASTER
 62
7
100
AcDbHatch
 10
0.0
 20
0.0
 30
0.0
210
0.0
220
0.0
230
1.0
  2
SOLID
 70
1
 71
0
 91
8
 92
3
 72
0
 73
1
 93
4
 10
57.559
 20
93.022
 10
57.559
 20
108.714
 10
55.131
 20
108.714
 10
55.131
 20
93.022
 97
0
 92
2
 72
0
 73
1
 93
5
 10
57.559
 20
95.357
 10
55.131
 20
95.357
 10
55.131
 20
95.731
 10
57.559
 20
95.731
 10
57.559
 20
95.357
 97
0
 92
2
 72
0
 73
1
 93
5
 10
57.559
 20
97.132
 10
55.131
 20
97.132
 10
55.131
 20
97.506
 10
57.559
 20
97.506
 10
57.559
 20
97.132
 97
0
 92
2
 72
0
 73
1
 93
5
 10
57.559
 20
98.907
 10
55.131
 20
98.907
 10
55.131
 20
99.28
 10
57.559
 20
99.28
 10
57.559
 20
98.907
 97
0
 92
2
 72
0
 73
1
 93
5
 10
57.559
 20
100.681
 10
55.131
 20
100.681
 10
55.131
 20
101.055
 10
57.559
 20
101.055
 10
57.559
 20
100.681
 97
0
 92
2
 72
0
 73
1
 93
5
 10
57.559
 20
102.456
 10
55.131
 20
102.456
 10
55.131
 20
102.829
 10
57.559
 20
102.829
 10
57.559
 20
102.456
 97
0
 92
2
 72
0
 73
1
 93
5
 10
57.559
 20
104.23
 10
55.131
 20
104.23
 10
55.131
 20
104.604
 10
57.559
 20
104.604
 10
57.559
 20
104.23
 97
0
 92
2
 72
0
 73
1
 93
5
 10
57.559
 20
106.005
 10
55.131
 20
106.005
 10
55.131
 20
106.379
 10
57.559
 20
106.379
 10
57.559
 20
106.005
 97
0
 75
0
 76
1
 98
0
  0
HATCH
  5
3F
330
17
100
AcDbEntity
  8
RASTER
 62
7
100
AcDbHatch
 10
0.0
 20
0.0
 30
0.0
210
0.0
220
0.0
230
1.0
  2
SOLID
 70
1
 71
0
 91
7
 92
3
 72
0
 73
1
 93
50
 10
73.949
 20
104.772
 10
74.766
 20
104.783
 10
74.845
 20
104.744
 10
75.003
 20
104.744
 10
75.437
 20
104.626
 10
75.725
 20
104.48
 10
75.804
 20
104.401
 10
75.91
 20
104.191
 10
75.95
 20
103.915
 10
75.91
 20
103.836
 10
75.91
 20
103.639
 10
75.804
 20
103.43
 10
75.674
 20
103.284
 10
75.713
 20
102.968
 10
75.938
 20
102.483
 10
76.384
 20
101.666
 10
76.502
 20
101.114
 10
76.502
 20
99.851
 10
76.463
 20
99.772
 10
76.463
 20
98.943
 10
76.423
 20
98.864
 10
76.423
 20
98.036
 10
76.384
 20
97.838
 10
76.277
 20
97.629
 10
76.001
 20
97.353
 10
75.437
 20
97.089
 10
74.924
 20
96.97
 10
74.648
 20
96.97
 10
74.569
 20
96.931
 10
74.174
 20
96.931
 10
74.095
 20
96.97
 10
73.582
 20
97.01
 10
73.188
 20
97.128
 10
72.742
 20
97.353
 10
72.505
 20
97.59
 10
72.398
 20
97.799
 10
72.32
 20
98.115
 10
72.28
 20
99.298
 10
72.241
 20
99.377
 10
72.241
 20
101.232
 10
72.398
 20
101.784
 10
72.99
 20
102.889
 10
73.069
 20
103.166
 10
73.057
 20
103.312
 10
72.939
 20
103.43
 10
72.833
 20
103.639
 10
72.793
 20
104.073
 10
72.939
 20
104.401
 10
73.097
 20
104.519
 10
73.543
 20
104.704
 97
0
 92
2
 72
0
 73
1
 93
51
 10
74.253
 20
104.586
 10
74.174
 20
104.547
 10
73.858
 20
104.547
 10
73.424
 20
104.428
 10
73.136
 20
104.282
 10
73.03
 20
104.073
 10
73.03
 20
103.797
 10
73.069
 20
103.678
 10
73.267
 20
103.402
 10
73.267
 20
103.047
 10
73.188
 20
102.81
 10
72.939
 20
102.309
 10
72.596
 20
101.705
 10
72.477
 20
101.311
 10
72.477
 20
101.153
 10
72.438
 20
101.074
 10
72.477
 20
99.062
 10
72.517
 20
98.983
 10
72.517
 20
98.43
 10
72.556
 20
98.351
 10
72.556
 20
98.036
 10
72.596
 20
97.878
 10
72.663
 20
97.748
 10
72.86
 20
97.55
 10
73.109
 20
97.404
 10
73.582
 20
97.246
 10
74.016
 20
97.207
 10
74.095
 20
97.168
 10
74.687
 20
97.168
 10
75.437
 20
97.325
 10
75.883
 20
97.55
 10
76.08
 20
97.748
 10
76.147
 20
97.878
 10
76.187
 20
97.996
 10
76.187
 20
98.746
 10
76.226
 20
98.825
 10
76.226
 20
99.456
 10
76.266
 20
99.535
 10
76.305
 20
100.837
 10
76.266
 20
100.916
 10
76.226
 20
101.39
 10
76.108
 20
101.745
 10
75.634
 20
102.613
 10
75.476
 20
103.087
 10
75.476
 20
103.402
 10
75.607
 20
103.548
 10
75.713
 20
103.836
 10
75.713
 20
104.073
 10
75.646
 20
104.203
 10
75.528
 20
104.322
 10
75.082
 20
104.507
 97
0
 92
2
 72
0
 73
1
 93
16
 10
74.107
 20
104.416
 10
74.608
 20
104.428
 10
74.687
 20
104.389
 10
74.924
 20
104.389
 10
75.291
 20
104.243
 10
75.358
 20
104.113
 10
75.307
 20
104.006
 10
75.212
 20
103.943
 10
74.845
 20
103.836
 10
73.937
 20
103.836
 10
73.74
 20
103.876
 10
73.492
 20
103.982
 10
73.413
 20
104.061
 10
73.385
 20
104.113
 10
73.413
 20
104.203
 10
73.661
 20
104.349
 97
0
 92
2
 72
0
 73
1
 93
10
 10
73.977
 20
104.231
 10
73.594
 20
104.101
 10
73.701
 20
104.034
 10
73.858
 20
104.034
 10
73.937
 20
103.994
 10
74.845
 20
103.994
 10
75.042
 20
104.034
 10
75.082
 20
104.073
 10
75.054
 20
104.124
 10
74.766
 20
104.231
 97
0
 92
2
 72
0
 73
1
 93
18
 10
75.37
 20
103.469
 10
75.397
 20
103.442
 10
75.33
 20
103.312
 10
74.963
 20
103.166
 10
74.806
 20
103.166
 10
74.727
 20
103.126
 10
73.937
 20
103.126
 10
73.858
 20
103.166
 10
73.701
 20
103.166
 10
73.413
 20
103.272
 10
73.346
 20
103.402
 10
73.424
 20
103.442
 10
73.622
 20
103.363
 10
74.016
 20
103.323
 10
74.095
 20
103.284
 10
74.687
 20
103.284
 10
74.766
 20
103.323
 10
75.121
 20
103.363
 97
0
 92
2
 72
0
 73
1
 93
43
 10
72.805
 20
101.654
 10
72.872
 20
101.627
 10
72.714
 20
101.035
 10
72.714
 20
100.364
 10
72.754
 20
100.285
 10
72.754
 20
99.535
 10
72.793
 20
99.456
 10
72.793
 20
98.588
 10
72.833
 20
98.509
 10
72.833
 20
98.075
 10
72.9
 20
97.945
 10
73.097
 20
97.787
 10
73.306
 20
97.681
 10
73.898
 20
97.523
 10
74.383
 20
97.495
 10
74.884
 20
97.523
 10
75.24
 20
97.602
 10
75.725
 20
97.827
 10
75.843
 20
97.945
 10
75.91
 20
98.115
 10
75.91
 20
98.588
 10
75.978
 20
98.734
 10
75.989
 20
98.075
 10
75.883
 20
97.866
 10
75.764
 20
97.748
 10
75.397
 20
97.562
 10
74.963
 20
97.444
 10
74.806
 20
97.444
 10
74.727
 20
97.404
 10
74.056
 20
97.404
 10
73.977
 20
97.444
 10
73.78
 20
97.444
 10
73.267
 20
97.602
 10
72.979
 20
97.748
 10
72.821
 20
97.905
 10
72.754
 20
98.036
 10
72.754
 20
98.351
 10
72.714
 20
98.43
 10
72.714
 20
99.219
 10
72.675
 20
99.298
 10
72.675
 20
100.048
 10
72.635
 20
100.127
 10
72.635
 20
101.114
 97
0
 92
2
 72
0
 73
1
 93
7
 10
76.001
 20
99.208
 10
76.029
 20
99.18
 10
76.029
 20
98.825
 10
75.989
 20
98.785
 10
75.95
 20
98.825
 10
75.95
 20
98.904
 10
75.989
 20
98.983
 97
0
 75
0
 76
1
 98
0
  0
HATCH
  5
40
330
17
100
AcDbEntity
  8
RASTER
 62
7
100
AcDbHatch
 10
0.0
 20
0.0
 30
0.0
210
0.0
220
0.0
230
1.0
  2
SOLID
 70
1
 71
0
 91
2
 92
3
 72
0
 73
1
 93
48
 10
86.327
 20
100.868
 10
86.3
 20
100.454
 10
86.218
 20
100.046
 10
86.085
 20
99.653
 10
85.901
 20
99.28
 10
85.67
 20
98.935
 10
85.397
 20
98.623
 10
85.084
 20
98.349
 10
84.739
 20
98.118
 10
84.366
 20
97.934
 10
83.973
 20
97.801
 10
83.566
 20
97.72
 10
83.151
 20
97.692
 10
82.737
 20
97.72
 10
82.329
 20
97.801
 10
81.936
 20
97.934
 10
81.563
 20
98.118
 10
81.218
 20
98.349
 10
80.906
 20
98.623
 10
80.632
 20
98.935
 10
80.401
 20
99.28
 10
80.217
 20
99.653
 10
80.084
 20
100.046
 10
80.003
 20
100.454
 10
79.975
 20
100.868
 10
80.003
 20
101.283
 10
80.084
 20
101.69
 10
80.217
 20
102.083
 10
80.401
 20
102.456
 10
80.632
 20
102.801
 10
80.906
 20
103.114
 10
81.218
 20
103.387
 10
81.563
 20
103.618
 10
81.936
 20
103.802
 10
82.329
 20
103.935
 10
82.737
 20
104.016
 10
83.151
 20
104.044
 10
83.566
 20
104.016
 10
83.973
 20
103.935
 10
84.366
 20
103.802
 10
84.739
 20
103.618
 10
85.084
 20
103.387
 10
85.397
 20
103.114
 10
85.67
 20
102.801
 10
85.901
 20
102.456
 10
86.085
 20
102.083
 10
86.218
 20
101.69
 10
86.3
 20
101.283
 97
0
 92
2
 72
0
 73
1
 93
327
 10
82.803
 20
101.119
 10
82.803
 20
100.759
 10
82.915
 20
100.759
 10
82.941
 20
100.759
 10
82.968
 20
100.758
 10
82.995
 20
100.756
 10
83.022
 20
100.754
 10
83.05
 20
100.751
 10
83.078
 20
100.747
 10
83.106
 20
100.742
 10
83.134
 20
100.737
 10
83.162
 20
100.731
 10
83.19
 20
100.724
 10
83.217
 20
100.716
 10
83.243
 20
100.707
 10
83.269
 20
100.698
 10
83.294
 20
100.687
 10
83.318
 20
100.676
 10
83.342
 20
100.664
 10
83.365
 20
100.651
 10
83.387
 20
100.636
 10
83.408
 20
100.621
 10
83.428
 20
100.604
 10
83.447
 20
100.586
 10
83.465
 20
100.567
 10
83.482
 20
100.547
 10
83.498
 20
100.525
 10
83.512
 20
100.503
 10
83.525
 20
100.479
 10
83.535
 20
100.454
 10
83.544
 20
100.427
 10
83.551
 20
100.4
 10
83.556
 20
100.371
 10
83.559
 20
100.341
 10
83.56
 20
100.31
 10
83.559
 20
100.28
 10
83.557
 20
100.252
 10
83.553
 20
100.225
 10
83.549
 20
100.199
 10
83.543
 20
100.174
 10
83.535
 20
100.151
 10
83.527
 20
100.129
 10
83.516
 20
100.107
 10
83.505
 20
100.087
 10
83.493
 20
100.068
 10
83.48
 20
100.05
 10
83.467
 20
100.032
 10
83.452
 20
100.016
 10
83.437
 20
100.001
 10
83.421
 20
99.986
 10
83.404
 20
99.972
 10
83.386
 20
99.96
 10
83.368
 20
99.948
 10
83.349
 20
99.937
 10
83.33
 20
99.927
 10
83.31
 20
99.918
 10
83.289
 20
99.91
 10
83.268
 20
99.902
 10
83.247
 20
99.896
 10
83.225
 20
99.89
 10
83.203
 20
99.885
 10
83.181
 20
99.881
 10
83.159
 20
99.877
 10
83.137
 20
99.875
 10
83.116
 20
99.873
 10
83.094
 20
99.872
 10
83.072
 20
99.871
 10
83.02
 20
99.873
 10
82.971
 20
99.878
 10
82.924
 20
99.887
 10
82.879
 20
99.898
 10
82.837
 20
99.914
 10
82.797
 20
99.932
 10
82.76
 20
99.954
 10
82.726
 20
99.98
 10
82.694
 20
100.008
 10
82.665
 20
100.037
 10
82.638
 20
100.068
 10
82.614
 20
100.101
 10
82.592
 20
100.135
 10
82.574
 20
100.17
 10
82.558
 20
100.207
 10
82.544
 20
100.246
 10
82.124
 20
100.115
 10
82.138
 20
100.074
 10
82.153
 20
100.035
 10
82.17
 20
99.998
 10
82.188
 20
99.961
 10
82.207
 20
99.926
 10
82.227
 20
99.893
 10
82.249
 20
99.861
 10
82.272
 20
99.83
 10
82.297
 20
99.801
 10
82.322
 20
99.773
 10
82.348
 20
99.746
 10
82.375
 20
99.721
 10
82.404
 20
99.698
 10
82.433
 20
99.675
 10
82.463
 20
99.655
 10
82.493
 20
99.635
 10
82.525
 20
99.617
 10
82.558
 20
99.6
 10
82.591
 20
99.585
 10
82.625
 20
99.57
 10
82.66
 20
99.557
 10
82.695
 20
99.545
 10
82.732
 20
99.534
 10
82.769
 20
99.525
 10
82.807
 20
99.516
 10
82.845
 20
99.509
 10
82.884
 20
99.503
 10
82.923
 20
99.498
 10
82.964
 20
99.494
 10
83.004
 20
99.491
 10
83.046
 20
99.49
 10
83.087
 20
99.489
 10
83.129
 20
99.49
 10
83.171
 20
99.492
 10
83.213
 20
99.496
 10
83.255
 20
99.502
 10
83.297
 20
99.509
 10
83.338
 20
99.518
 10
83.38
 20
99.528
 10
83.421
 20
99.54
 10
83.462
 20
99.553
 10
83.501
 20
99.568
 10
83.54
 20
99.585
 10
83.578
 20
99.603
 10
83.615
 20
99.623
 10
83.65
 20
99.644
 10
83.685
 20
99.667
 10
83.719
 20
99.691
 10
83.751
 20
99.718
 10
83.782
 20
99.745
 10
83.811
 20
99.775
 10
83.839
 20
99.806
 10
83.865
 20
99.838
 10
83.889
 20
99.873
 10
83.911
 20
99.909
 10
83.932
 20
99.946
 10
83.951
 20
99.985
 10
83.968
 20
100.026
 10
83.981
 20
100.069
 10
83.993
 20
100.113
 10
84.002
 20
100.159
 10
84.008
 20
100.206
 10
84.012
 20
100.255
 10
84.013
 20
100.306
 10
84.011
 20
100.367
 10
84.003
 20
100.425
 10
83.992
 20
100.481
 10
83.975
 20
100.534
 10
83.954
 20
100.585
 10
83.928
 20
100.634
 10
83.897
 20
100.68
 10
83.861
 20
100.724
 10
83.822
 20
100.764
 10
83.78
 20
100.801
 10
83.734
 20
100.835
 10
83.686
 20
100.864
 10
83.636
 20
100.889
 10
83.582
 20
100.911
 10
83.525
 20
100.929
 10
83.466
 20
100.943
 10
83.466
 20
100.95
 10
83.519
 20
100.965
 10
83.569
 20
100.984
 10
83.616
 20
101.006
 10
83.661
 20
101.032
 10
83.703
 20
101.061
 10
83.742
 20
101.093
 10
83.779
 20
101.13
 10
83.812
 20
101.17
 10
83.843
 20
101.212
 10
83.869
 20
101.256
 10
83.891
 20
101.301
 10
83.909
 20
101.348
 10
83.924
 20
101.396
 10
83.934
 20
101.446
 10
83.94
 20
101.497
 10
83.942
 20
101.55
 10
83.941
 20
101.594
 10
83.938
 20
101.637
 10
83.932
 20
101.679
 10
83.925
 20
101.719
 10
83.915
 20
101.757
 10
83.904
 20
101.795
 10
83.89
 20
101.83
 10
83.874
 20
101.865
 10
83.857
 20
101.898
 10
83.837
 20
101.93
 10
83.817
 20
101.96
 10
83.794
 20
101.989
 10
83.77
 20
102.017
 10
83.745
 20
102.043
 10
83.718
 20
102.068
 10
83.689
 20
102.091
 10
83.659
 20
102.114
 10
83.627
 20
102.135
 10
83.595
 20
102.154
 10
83.561
 20
102.172
 10
83.527
 20
102.189
 10
83.491
 20
102.204
 10
83.454
 20
102.218
 10
83.415
 20
102.23
 10
83.376
 20
102.241
 10
83.336
 20
102.251
 10
83.296
 20
102.259
 10
83.256
 20
102.265
 10
83.214
 20
102.27
 10
83.173
 20
102.274
 10
83.13
 20
102.276
 10
83.087
 20
102.277
 10
83.048
 20
102.276
 10
83.01
 20
102.274
 10
82.971
 20
102.271
 10
82.934
 20
102.266
 10
82.896
 20
102.259
 10
82.86
 20
102.252
 10
82.823
 20
102.243
 10
82.788
 20
102.232
 10
82.752
 20
102.22
 10
82.718
 20
102.207
 10
82.685
 20
102.193
 10
82.652
 20
102.178
 10
82.621
 20
102.162
 10
82.59
 20
102.145
 10
82.56
 20
102.126
 10
82.531
 20
102.106
 10
82.503
 20
102.086
 10
82.476
 20
102.064
 10
82.45
 20
102.042
 10
82.425
 20
102.018
 10
82.401
 20
101.994
 10
82.378
 20
101.969
 10
82.357
 20
101.943
 10
82.336
 20
101.915
 10
82.317
 20
101.887
 10
82.299
 20
101.859
 10
82.282
 20
101.829
 10
82.267
 20
101.799
 10
82.254
 20
101.768
 10
82.242
 20
101.736
 10
82.231
 20
101.703
 10
82.222
 20
101.67
 10
82.645
 20
101.561
 10
82.657
 20
101.599
 10
82.67
 20
101.634
 10
82.686
 20
101.668
 10
82.703
 20
101.7
 10
82.723
 20
101.73
 10
82.745
 20
101.758
 10
82.769
 20
101.784
 10
82.795
 20
101.809
 10
82.823
 20
101.831
 10
82.853
 20
101.85
 10
82.884
 20
101.866
 10
82.918
 20
101.879
 10
82.953
 20
101.889
 10
82.99
 20
101.896
 10
83.028
 20
101.901
 10
83.069
 20
101.902
 10
83.089
 20
101.902
 10
83.11
 20
101.901
 10
83.13
 20
101.899
 10
83.15
 20
101.896
 10
83.169
 20
101.892
 10
83.189
 20
101.888
 10
83.209
 20
101.882
 10
83.228
 20
101.876
 10
83.247
 20
101.869
 10
83.265
 20
101.862
 10
83.283
 20
101.853
 10
83.3
 20
101.844
 10
83.317
 20
101.834
 10
83.333
 20
101.824
 10
83.348
 20
101.813
 10
83.363
 20
101.801
 10
83.377
 20
101.789
 10
83.39
 20
101.775
 10
83.403
 20
101.761
 10
83.415
 20
101.747
 10
83.426
 20
101.731
 10
83.436
 20
101.715
 10
83.446
 20
101.699
 10
83.455
 20
101.681
 10
83.463
 20
101.663
 10
83.469
 20
101.644
 10
83.475
 20
101.625
 10
83.48
 20
101.605
 10
83.484
 20
101.585
 10
83.486
 20
101.564
 10
83.488
 20
101.542
 10
83.488
 20
101.52
 10
83.488
 20
101.49
 10
83.485
 20
101.461
 10
83.481
 20
101.434
 10
83.476
 20
101.408
 10
83.469
 20
101.384
 10
83.46
 20
101.361
 10
83.45
 20
101.34
 10
83.438
 20
101.32
 10
83.425
 20
101.301
 10
83.41
 20
101.283
 10
83.395
 20
101.266
 10
83.379
 20
101.251
 10
83.362
 20
101.236
 10
83.344
 20
101.222
 10
83.325
 20
101.21
 10
83.305
 20
101.198
 10
83.284
 20
101.187
 10
83.262
 20
101.177
 10
83.241
 20
101.168
 10
83.218
 20
101.16
 10
83.195
 20
101.153
 10
83.172
 20
101.146
 10
83.148
 20
101.141
 10
83.123
 20
101.136
 10
83.098
 20
101.132
 10
83.073
 20
101.129
 10
83.048
 20
101.126
 10
83.023
 20
101.123
 10
82.998
 20
101.121
 10
82.973
 20
101.12
 10
82.948
 20
101.119
 10
82.922
 20
101.119
 10
82.803
 20
101.119
 97
0
 75
0
 76
1
 98
0
  0
HATCH
  5
41
330
17
100
AcDbEntity
  8
RASTER
 62
7
100
AcDbHatch
 10
0.0
 20
0.0
 30
0.0
210
0.0
220
0.0
230
1.0
  2
SOLID
 70
1
 71
0
 91
7
 92
3
 72
0
 73
1
 93
50
 10
97.299
 20
104.772
 10
98.116
 20
104.783
 10
98.195
 20
104.744
 10
98.353
 20
104.744
 10
98.787
 20
104.626
 10
99.075
 20
104.48
 10
99.154
 20
104.401
 10
99.26
 20
104.191
 10
99.3
 20
103.915
 10
99.26
 20
103.836
 10
99.26
 20
103.639
 10
99.154
 20
103.43
 10
99.024
 20
103.284
 10
99.063
 20
102.968
 10
99.288
 20
102.483
 10
99.734
 20
101.666
 10
99.852
 20
101.114
 10
99.852
 20
99.851
 10
99.813
 20
99.772
 10
99.813
 20
98.943
 10
99.773
 20
98.864
 10
99.773
 20
98.036
 10
99.734
 20
97.838
 10
99.627
 20
97.629
 10
99.351
 20
97.353
 10
98.787
 20
97.089
 10
98.274
 20
96.97
 10
97.998
 20
96.97
 10
97.919
 20
96.931
 10
97.524
 20
96.931
 10
97.445
 20
96.97
 10
96.932
 20
97.01
 10
96.538
 20
97.128
 10
96.092
 20
97.353
 10
95.855
 20
97.59
 10
95.748
 20
97.799
 10
95.67
 20
98.115
 10
95.63
 20
99.298
 10
95.591
 20
99.377
 10
95.591
 20
101.232
 10
95.748
 20
101.784
 10
96.34
 20
102.889
 10
96.419
 20
103.166
 10
96.407
 20
103.312
 10
96.289
 20
103.43
 10
96.183
 20
103.639
 10
96.143
 20
104.073
 10
96.289
 20
104.401
 10
96.447
 20
104.519
 10
96.893
 20
104.704
 97
0
 92
2
 72
0
 73
1
 93
51
 10
97.603
 20
104.586
 10
97.524
 20
104.547
 10
97.208
 20
104.547
 10
96.774
 20
104.428
 10
96.486
 20
104.282
 10
96.38
 20
104.073
 10
96.38
 20
103.797
 10
96.419
 20
103.678
 10
96.617
 20
103.402
 10
96.617
 20
103.047
 10
96.538
 20
102.81
 10
96.289
 20
102.309
 10
95.946
 20
101.705
 10
95.827
 20
101.311
 10
95.827
 20
101.153
 10
95.788
 20
101.074
 10
95.827
 20
99.062
 10
95.867
 20
98.983
 10
95.867
 20
98.43
 10
95.906
 20
98.351
 10
95.906
 20
98.036
 10
95.946
 20
97.878
 10
96.013
 20
97.748
 10
96.21
 20
97.55
 10
96.459
 20
97.404
 10
96.932
 20
97.246
 10
97.366
 20
97.207
 10
97.445
 20
97.168
 10
98.037
 20
97.168
 10
98.787
 20
97.325
 10
99.233
 20
97.55
 10
99.43
 20
97.748
 10
99.497
 20
97.878
 10
99.537
 20
97.996
 10
99.537
 20
98.746
 10
99.576
 20
98.825
 10
99.576
 20
99.456
 10
99.616
 20
99.535
 10
99.655
 20
100.837
 10
99.616
 20
100.916
 10
99.576
 20
101.39
 10
99.458
 20
101.745
 10
98.984
 20
102.613
 10
98.826
 20
103.087
 10
98.826
 20
103.402
 10
98.957
 20
103.548
 10
99.063
 20
103.836
 10
99.063
 20
104.073
 10
98.996
 20
104.203
 10
98.878
 20
104.322
 10
98.432
 20
104.507
 97
0
 92
2
 72
0
 73
1
 93
16
 10
97.457
 20
104.416
 10
97.958
 20
104.428
 10
98.037
 20
104.389
 10
98.274
 20
104.389
 10
98.641
 20
104.243
 10
98.708
 20
104.113
 10
98.657
 20
104.006
 10
98.562
 20
103.943
 10
98.195
 20
103.836
 10
97.287
 20
103.836
 10
97.09
 20
103.876
 10
96.842
 20
103.982
 10
96.763
 20
104.061
 10
96.735
 20
104.113
 10
96.763
 20
104.203
 10
97.011
 20
104.349
 97
0
 92
2
 72
0
 73
1
 93
10
 10
97.327
 20
104.231
 10
96.944
 20
104.101
 10
97.051
 20
104.034
 10
97.208
 20
104.034
 10
97.287
 20
103.994
 10
98.195
 20
103.994
 10
98.392
 20
104.034
 10
98.432
 20
104.073
 10
98.404
 20
104.124
 10
98.116
 20
104.231
 97
0
 92
2
 72
0
 73
1
 93
18
 10
98.72
 20
103.469
 10
98.747
 20
103.442
 10
98.68
 20
103.312
 10
98.313
 20
103.166
 10
98.156
 20
103.166
 10
98.077
 20
103.126
 10
97.287
 20
103.126
 10
97.208
 20
103.166
 10
97.051
 20
103.166
 10
96.763
 20
103.272
 10
96.696
 20
103.402
 10
96.774
 20
103.442
 10
96.972
 20
103.363
 10
97.366
 20
103.323
 10
97.445
 20
103.284
 10
98.037
 20
103.284
 10
98.116
 20
103.323
 10
98.471
 20
103.363
 97
0
 92
2
 72
0
 73
1
 93
43
 10
96.155
 20
101.654
 10
96.222
 20
101.627
 10
96.064
 20
101.035
 10
96.064
 20
100.364
 10
96.104
 20
100.285
 10
96.104
 20
99.535
 10
96.143
 20
99.456
 10
96.143
 20
98.588
 10
96.183
 20
98.509
 10
96.183
 20
98.075
 10
96.25
 20
97.945
 10
96.447
 20
97.787
 10
96.656
 20
97.681
 10
97.248
 20
97.523
 10
97.733
 20
97.495
 10
98.234
 20
97.523
 10
98.59
 20
97.602
 10
99.075
 20
97.827
 10
99.193
 20
97.945
 10
99.26
 20
98.115
 10
99.26
 20
98.588
 10
99.328
 20
98.734
 10
99.339
 20
98.075
 10
99.233
 20
97.866
 10
99.114
 20
97.748
 10
98.747
 20
97.562
 10
98.313
 20
97.444
 10
98.156
 20
97.444
 10
98.077
 20
97.404
 10
97.406
 20
97.404
 10
97.327
 20
97.444
 10
97.13
 20
97.444
 10
96.617
 20
97.602
 10
96.329
 20
97.748
 10
96.171
 20
97.905
 10
96.104
 20
98.036
 10
96.104
 20
98.351
 10
96.064
 20
98.43
 10
96.064
 20
99.219
 10
96.025
 20
99.298
 10
96.025
 20
100.048
 10
95.985
 20
100.127
 10
95.985
 20
101.114
 97
0
 92
2
 72
0
 73
1
 93
7
 10
99.351
 20
99.208
 10
99.379
 20
99.18
 10
99.379
 20
98.825
 10
99.339
 20
98.785
 10
99.3
 20
98.825
 10
99.3
 20
98.904
 10
99.339
 20
98.983
 97
0
 75
0
 76
1
 98
0
  0
HATCH
  5
42
330
17
100
AcDbEntity
  8
RASTER
 62
7
100
AcDbHatch
 10
0.0
 20
0.0
 30
0.0
210
0.0
220
0.0
230
1.0
  2
SOLID
 70
1
 71
0
 91
3
 92
3
 72
0
 73
1
 93
48
 10
109.677
 20
100.868
 10
109.65
 20
100.454
 10
109.568
 20
100.046
 10
109.435
 20
99.653
 10
109.251
 20
99.28
 10
109.02
 20
98.935
 10
108.747
 20
98.623
 10
108.434
 20
98.349
 10
108.089
 20
98.118
 10
107.716
 20
97.934
 10
107.323
 20
97.801
 10
106.916
 20
97.72
 10
106.501
 20
97.692
 10
106.087
 20
97.72
 10
105.679
 20
97.801
 10
105.286
 20
97.934
 10
104.913
 20
98.118
 10
104.568
 20
98.349
 10
104.256
 20
98.623
 10
103.982
 20
98.935
 10
103.751
 20
99.28
 10
103.567
 20
99.653
 10
103.434
 20
100.046
 10
103.353
 20
100.454
 10
103.325
 20
100.868
 10
103.353
 20
101.283
 10
103.434
 20
101.69
 10
103.567
 20
102.083
 10
103.751
 20
102.456
 10
103.982
 20
102.801
 10
104.256
 20
103.114
 10
104.568
 20
103.387
 10
104.913
 20
103.618
 10
105.286
 20
103.802
 10
105.679
 20
103.935
 10
106.087
 20
104.016
 10
106.501
 20
104.044
 10
106.916
 20
104.016
 10
107.323
 20
103.935
 10
107.716
 20
103.802
 10
108.089
 20
103.618
 10
108.434
 20
103.387
 10
108.747
 20
103.114
 10
109.02
 20
102.801
 10
109.251
 20
102.456
 10
109.435
 20
102.083
 10
109.568
 20
101.69
 10
109.65
 20
101.283
 97
0
 92
2
 72
0
 73
1
 93
12
 10
106.662
 20
100.107
 10
106.662
 20
99.557
 10
107.104
 20
99.557
 10
107.104
 20
100.107
 10
107.475
 20
100.107
 10
107.475
 20
100.493
 10
107.104
 20
100.493
 10
107.104
 20
102.21
 10
106.565
 20
102.21
 10
105.437
 20
100.505
 10
105.437
 20
100.107
 10
106.662
 20
100.107
 97
0
 92
2
 72
0
 73
1
 93
5
 10
106.662
 20
101.681
 10
106.662
 20
100.493
 10
105.902
 20
100.493
 10
106.655
 20
101.681
 10
106.662
 20
101.681
 97
0
 75
0
 76
1
 98
0
  0
HATCH
  5
43
330
17
100
AcDbEntity
  8
RASTER
 62
7
100
AcDbHatch
 10
0.0
 20
0.0
 30
0.0
210
0.0
220
0.0
230
1.0
  2
SOLID
 70
1
 71
0
 91
7
 92
3
 72
0
 73
1
 93
50
 10
120.649
 20
104.772
 10
121.466
 20
104.783
 10
121.545
 20
104.744
 10
121.703
 20
104.744
 10
122.137
 20
104.626
 10
122.425
 20
104.48
 10
122.504
 20
104.401
 10
122.61
 20
104.191
 10
122.65
 20
103.915
 10
122.61
 20
103.836
 10
122.61
 20
103.639
 10
122.504
 20
103.43
 10
122.374
 20
103.284
 10
122.413
 20
102.968
 10
122.638
 20
102.483
 10
123.084
 20
101.666
 10
123.202
 20
101.114
 10
123.202
 20
99.851
 10
123.163
 20
99.772
 10
123.163
 20
98.943
 10
123.123
 20
98.864
 10
123.123
 20
98.036
 10
123.084
 20
97.838
 10
122.977
 20
97.629
 10
122.701
 20
97.353
 10
122.137
 20
97.089
 10
121.624
 20
96.97
 10
121.348
 20
96.97
 10
121.269
 20
96.931
 10
120.874
 20
96.931
 10
120.795
 20
96.97
 10
120.282
 20
97.01
 10
119.888
 20
97.128
 10
119.442
 20
97.353
 10
119.205
 20
97.59
 10
119.098
 20
97.799
 10
119.02
 20
98.115
 10
118.98
 20
99.298
 10
118.941
 20
99.377
 10
118.941
 20
101.232
 10
119.098
 20
101.784
 10
119.69
 20
102.889
 10
119.769
 20
103.166
 10
119.757
 20
103.312
 10
119.639
 20
103.43
 10
119.533
 20
103.639
 10
119.493
 20
104.073
 10
119.639
 20
104.401
 10
119.797
 20
104.519
 10
120.243
 20
104.704
 97
0
 92
2
 72
0
 73
1
 93
51
 10
120.953
 20
104.586
 10
120.874
 20
104.547
 10
120.558
 20
104.547
 10
120.124
 20
104.428
 10
119.836
 20
104.282
 10
119.73
 20
104.073
 10
119.73
 20
103.797
 10
119.769
 20
103.678
 10
119.967
 20
103.402
 10
119.967
 20
103.047
 10
119.888
 20
102.81
 10
119.639
 20
102.309
 10
119.296
 20
101.705
 10
119.177
 20
101.311
 10
119.177
 20
101.153
 10
119.138
 20
101.074
 10
119.177
 20
99.062
 10
119.217
 20
98.983
 10
119.217
 20
98.43
 10
119.256
 20
98.351
 10
119.256
 20
98.036
 10
119.296
 20
97.878
 10
119.363
 20
97.748
 10
119.56
 20
97.55
 10
119.809
 20
97.404
 10
120.282
 20
97.246
 10
120.716
 20
97.207
 10
120.795
 20
97.168
 10
121.387
 20
97.168
 10
122.137
 20
97.325
 10
122.583
 20
97.55
 10
122.78
 20
97.748
 10
122.847
 20
97.878
 10
122.887
 20
97.996
 10
122.887
 20
98.746
 10
122.926
 20
98.825
 10
122.926
 20
99.456
 10
122.966
 20
99.535
 10
123.005
 20
100.837
 10
122.966
 20
100.916
 10
122.926
 20
101.39
 10
122.808
 20
101.745
 10
122.334
 20
102.613
 10
122.176
 20
103.087
 10
122.176
 20
103.402
 10
122.307
 20
103.548
 10
122.413
 20
103.836
 10
122.413
 20
104.073
 10
122.346
 20
104.203
 10
122.228
 20
104.322
 10
121.782
 20
104.507
 97
0
 92
2
 72
0
 73
1
 93
16
 10
120.807
 20
104.416
 10
121.308
 20
104.428
 10
121.387
 20
104.389
 10
121.624
 20
104.389
 10
121.991
 20
104.243
 10
122.058
 20
104.113
 10
122.007
 20
104.006
 10
121.912
 20
103.943
 10
121.545
 20
103.836
 10
120.637
 20
103.836
 10
120.44
 20
103.876
 10
120.192
 20
103.982
 10
120.113
 20
104.061
 10
120.085
 20
104.113
 10
120.113
 20
104.203
 10
120.361
 20
104.349
 97
0
 92
2
 72
0
 73
1
 93
10
 10
120.677
 20
104.231
 10
120.294
 20
104.101
 10
120.401
 20
104.034
 10
120.558
 20
104.034
 10
120.637
 20
103.994
 10
121.545
 20
103.994
 10
121.742
 20
104.034
 10
121.782
 20
104.073
 10
121.754
 20
104.124
 10
121.466
 20
104.231
 97
0
 92
2
 72
0
 73
1
 93
18
 10
122.07
 20
103.469
 10
122.097
 20
103.442
 10
122.03
 20
103.312
 10
121.663
 20
103.166
 10
121.506
 20
103.166
 10
121.427
 20
103.126
 10
120.637
 20
103.126
 10
120.558
 20
103.166
 10
120.401
 20
103.166
 10
120.113
 20
103.272
 10
120.046
 20
103.402
 10
120.124
 20
103.442
 10
120.322
 20
103.363
 10
120.716
 20
103.323
 10
120.795
 20
103.284
 10
121.387
 20
103.284
 10
121.466
 20
103.323
 10
121.821
 20
103.363
 97
0
 92
2
 72
0
 73
1
 93
43
 10
119.505
 20
101.654
 10
119.572
 20
101.627
 10
119.414
 20
101.035
 10
119.414
 20
100.364
 10
119.454
 20
100.285
 10
119.454
 20
99.535
 10
119.493
 20
99.456
 10
119.493
 20
98.588
 10
119.533
 20
98.509
 10
119.533
 20
98.075
 10
119.6
 20
97.945
 10
119.797
 20
97.787
 10
120.006
 20
97.681
 10
120.598
 20
97.523
 10
121.083
 20
97.495
 10
121.584
 20
97.523
 10
121.94
 20
97.602
 10
122.425
 20
97.827
 10
122.543
 20
97.945
 10
122.61
 20
98.115
 10
122.61
 20
98.588
 10
122.678
 20
98.734
 10
122.689
 20
98.075
 10
122.583
 20
97.866
 10
122.464
 20
97.748
 10
122.097
 20
97.562
 10
121.663
 20
97.444
 10
121.506
 20
97.444
 10
121.427
 20
97.404
 10
120.756
 20
97.404
 10
120.677
 20
97.444
 10
120.48
 20
97.444
 10
119.967
 20
97.602
 10
119.679
 20
97.748
 10
119.521
 20
97.905
 10
119.454
 20
98.036
 10
119.454
 20
98.351
 10
119.414
 20
98.43
 10
119.414
 20
99.219
 10
119.375
 20
99.298
 10
119.375
 20
100.048
 10
119.335
 20
100.127
 10
119.335
 20
101.114
 97
0
 92
2
 72
0
 73
1
 93
7
 10
122.701
 20
99.208
 10
122.729
 20
99.18
 10
122.729
 20
98.825
 10
122.689
 20
98.785
 10
122.65
 20
98.825
 10
122.65
 20
98.904
 10
122.689
 20
98.983
 97
0
 75
0
 76
1
 98
0
  0
HATCH
  5
44
330
17
100
AcDbEntity
  8
RASTER
 62
7
100
AcDbHatch
 10
0.0
 20
0.0
 30
0.0
210
0.0
220
0.0
230
1.0
  2
SOLID
 70
1
 71
0
 91
2
 92
3
 72
0
 73
1
 93
48
 10
133.027
 20
100.868
 10
133.0
 20
100.454
 10
132.918
 20
100.046
 10
132.785
 20
99.653
 10
132.601
 20
99.28
 10
132.37
 20
98.935
 10
132.097
 20
98.623
 10
131.784
 20
98.349
 10
131.439
 20
98.118
 10
131.066
 20
97.934
 10
130.673
 20
97.801
 10
130.266
 20
97.72
 10
129.851
 20
97.692
 10
129.437
 20
97.72
 10
129.029
 20
97.801
 10
128.636
 20
97.934
 10
128.263
 20
98.118
 10
127.918
 20
98.349
 10
127.606
 20
98.623
 10
127.332
 20
98.935
 10
127.101
 20
99.28
 10
126.917
 20
99.653
 10
126.784
 20
100.046
 10
126.703
 20
100.454
 10
126.675
 20
100.868
 10
126.703
 20
101.283
 10
126.784
 20
101.69
 10
126.917
 20
102.083
 10
127.101
 20
102.456
 10
127.332
 20
102.801
 10
127.606
 20
103.114
 10
127.918
 20
103.387
 10
128.263
 20
103.618
 10
128.636
 20
103.802
 10
129.029
 20
103.935
 10
129.437
 20
104.016
 10
129.851
 20
104.044
 10
130.266
 20
104.016
 10
130.673
 20
103.935
 10
131.066
 20
103.802
 10
131.439
 20
103.618
 10
131.784
 20
103.387
 10
132.097
 20
103.114
 10
132.37
 20
102.801
 10
132.601
 20
102.456
 10
132.785
 20
102.083
 10
132.918
 20
101.69
 10
133.0
 20
101.283
 97
0
 92
2
 72
0
 73
1
 93
215
 10
130.601
 20
101.805
 10
130.601
 20
102.21
 10
129.09
 20
102.21
 10
129.045
 20
100.759
 10
129.061
 20
100.767
 10
129.076
 20
100.774
 10
129.093
 20
100.781
 10
129.11
 20
100.788
 10
129.127
 20
100.795
 10
129.145
 20
100.802
 10
129.163
 20
100.809
 10
129.182
 20
100.816
 10
129.201
 20
100.822
 10
129.221
 20
100.828
 10
129.24
 20
100.834
 10
129.26
 20
100.84
 10
129.28
 20
100.846
 10
129.3
 20
100.852
 10
129.319
 20
100.857
 10
129.34
 20
100.862
 10
129.36
 20
100.867
 10
129.38
 20
100.872
 10
129.401
 20
100.877
 10
129.421
 20
100.881
 10
129.442
 20
100.885
 10
129.463
 20
100.888
 10
129.483
 20
100.891
 10
129.504
 20
100.894
 10
129.525
 20
100.897
 10
129.546
 20
100.899
 10
129.566
 20
100.901
 10
129.586
 20
100.903
 10
129.606
 20
100.904
 10
129.626
 20
100.905
 10
129.645
 20
100.905
 10
129.664
 20
100.906
 10
129.691
 20
100.905
 10
129.718
 20
100.904
 10
129.745
 20
100.902
 10
129.771
 20
100.899
 10
129.798
 20
100.896
 10
129.825
 20
100.892
 10
129.851
 20
100.887
 10
129.877
 20
100.881
 10
129.903
 20
100.874
 10
129.928
 20
100.867
 10
129.953
 20
100.858
 10
129.977
 20
100.847
 10
130.0
 20
100.836
 10
130.023
 20
100.824
 10
130.045
 20
100.81
 10
130.067
 20
100.795
 10
130.087
 20
100.779
 10
130.107
 20
100.762
 10
130.125
 20
100.743
 10
130.143
 20
100.723
 10
130.159
 20
100.702
 10
130.175
 20
100.68
 10
130.19
 20
100.657
 10
130.203
 20
100.632
 10
130.216
 20
100.606
 10
130.226
 20
100.578
 10
130.235
 20
100.549
 10
130.243
 20
100.518
 10
130.248
 20
100.485
 10
130.252
 20
100.451
 10
130.255
 20
100.415
 10
130.256
 20
100.377
 10
130.255
 20
100.348
 10
130.253
 20
100.319
 10
130.25
 20
100.291
 10
130.246
 20
100.263
 10
130.24
 20
100.237
 10
130.234
 20
100.211
 10
130.226
 20
100.186
 10
130.216
 20
100.162
 10
130.206
 20
100.138
 10
130.195
 20
100.116
 10
130.183
 20
100.094
 10
130.17
 20
100.074
 10
130.156
 20
100.055
 10
130.142
 20
100.036
 10
130.126
 20
100.019
 10
130.11
 20
100.002
 10
130.092
 20
99.987
 10
130.075
 20
99.972
 10
130.056
 20
99.959
 10
130.037
 20
99.946
 10
130.017
 20
99.935
 10
129.996
 20
99.924
 10
129.974
 20
99.914
 10
129.952
 20
99.905
 10
129.93
 20
99.897
 10
129.907
 20
99.89
 10
129.883
 20
99.884
 10
129.86
 20
99.88
 10
129.835
 20
99.876
 10
129.811
 20
99.873
 10
129.786
 20
99.872
 10
129.761
 20
99.871
 10
129.717
 20
99.873
 10
129.674
 20
99.877
 10
129.633
 20
99.885
 10
129.593
 20
99.895
 10
129.555
 20
99.909
 10
129.519
 20
99.925
 10
129.484
 20
99.944
 10
129.45
 20
99.967
 10
129.419
 20
99.992
 10
129.389
 20
100.018
 10
129.362
 20
100.047
 10
129.338
 20
100.078
 10
129.315
 20
100.11
 10
129.296
 20
100.145
 10
129.278
 20
100.181
 10
129.263
 20
100.22
 10
128.854
 20
100.07
 10
128.882
 20
100.004
 10
128.915
 20
99.942
 10
128.95
 20
99.884
 10
128.99
 20
99.829
 10
129.034
 20
99.777
 10
129.081
 20
99.729
 10
129.133
 20
99.685
 10
129.188
 20
99.645
 10
129.247
 20
99.608
 10
129.309
 20
99.577
 10
129.374
 20
99.55
 10
129.443
 20
99.528
 10
129.515
 20
99.511
 10
129.59
 20
99.499
 10
129.668
 20
99.491
 10
129.75
 20
99.489
 10
129.799
 20
99.49
 10
129.848
 20
99.493
 10
129.896
 20
99.498
 10
129.943
 20
99.505
 10
129.989
 20
99.514
 10
130.035
 20
99.525
 10
130.08
 20
99.538
 10
130.125
 20
99.553
 10
130.168
 20
99.57
 10
130.21
 20
99.588
 10
130.25
 20
99.608
 10
130.289
 20
99.631
 10
130.327
 20
99.654
 10
130.364
 20
99.68
 10
130.398
 20
99.707
 10
130.432
 20
99.736
 10
130.464
 20
99.767
 10
130.494
 20
99.8
 10
130.523
 20
99.834
 10
130.549
 20
99.87
 10
130.575
 20
99.907
 10
130.598
 20
99.947
 10
130.62
 20
99.988
 10
130.64
 20
100.031
 10
130.658
 20
100.075
 10
130.673
 20
100.121
 10
130.687
 20
100.168
 10
130.697
 20
100.216
 10
130.706
 20
100.267
 10
130.712
 20
100.318
 10
130.715
 20
100.371
 10
130.717
 20
100.426
 10
130.716
 20
100.476
 10
130.712
 20
100.524
 10
130.707
 20
100.571
 10
130.699
 20
100.617
 10
130.69
 20
100.661
 10
130.678
 20
100.703
 10
130.664
 20
100.744
 10
130.647
 20
100.784
 10
130.629
 20
100.822
 10
130.609
 20
100.858
 10
130.588
 20
100.894
 10
130.564
 20
100.927
 10
130.539
 20
100.959
 10
130.513
 20
100.99
 10
130.484
 20
101.019
 10
130.454
 20
101.046
 10
130.423
 20
101.072
 10
130.39
 20
101.096
 10
130.356
 20
101.119
 10
130.32
 20
101.14
 10
130.283
 20
101.16
 10
130.245
 20
101.178
 10
130.205
 20
101.194
 10
130.164
 20
101.209
 10
130.122
 20
101.222
 10
130.079
 20
101.234
 10
130.035
 20
101.243
 10
129.99
 20
101.251
 10
129.945
 20
101.257
 10
129.898
 20
101.262
 10
129.851
 20
101.264
 10
129.802
 20
101.265
 10
129.784
 20
101.265
 10
129.766
 20
101.265
 10
129.747
 20
101.264
 10
129.727
 20
101.263
 10
129.707
 20
101.262
 10
129.686
 20
101.261
 10
129.665
 20
101.26
 10
129.643
 20
101.258
 10
129.621
 20
101.256
 10
129.601
 20
101.253
 10
129.58
 20
101.251
 10
129.561
 20
101.247
 10
129.543
 20
101.244
 10
129.525
 20
101.24
 10
129.508
 20
101.236
 10
129.491
 20
101.232
 10
129.518
 20
101.805
 10
130.601
 20
101.805
 97
0
 75
0
 76
1
 98
0
  0
LWPOLYLINE
  5
45
330
17
100
AcDbEntity
  8
CUT
100
AcDbPolyline
 90
469
 70
1
 10
207.899
 20
55.861
 10
207.565
 20
55.635
 10
207.197
 20
55.437
 10
206.789
 20
55.271
 10
206.569
 20
55.209
 10
206.346
 20
55.147
 10
206.104
 20
55.104
 10
205.863
 20
55.06
 10
205.603
 20
55.032
 10
205.344
 20
55.0
 10
205.067
 20
54.978
 10
204.788
 20
54.946
 10
204.328
 20
54.885
 10
203.866
 20
54.799
 10
203.403
 20
54.697
 10
202.938
 20
54.601
 10
202.472
 20
54.53
 10
202.004
 20
54.504
 10
201.537
 20
54.53
 10
201.07
 20
54.604
 10
200.604
 20
54.711
 10
200.141
 20
54.829
 10
199.679
 20
54.934
 10
199.219
 20
55.009
 10
198.758
 20
55.047
 10
198.297
 20
55.05
 10
197.835
 20
55.028
 10
197.372
 20
54.996
 10
196.909
 20
54.966
 10
196.445
 20
54.942
 10
195.981
 20
54.924
 10
195.518
 20
54.904
 10
195.056
 20
54.87
 10
194.594
 20
54.817
 10
194.132
 20
54.745
 10
193.669
 20
54.662
 10
193.204
 20
54.585
 10
192.738
 20
54.533
 10
192.27
 20
54.524
 10
191.803
 20
54.564
 10
191.336
 20
54.651
 10
190.871
 20
54.767
 10
190.408
 20
54.89
 10
189.947
 20
54.998
 10
189.487
 20
55.07
 10
189.027
 20
55.098
 10
188.567
 20
55.085
 10
188.105
 20
55.042
 10
187.642
 20
54.985
 10
187.178
 20
54.929
 10
186.714
 20
54.884
 10
186.249
 20
54.851
 10
185.786
 20
54.825
 10
185.323
 20
54.796
 10
184.86
 20
54.756
 10
184.398
 20
54.703
 10
183.934
 20
54.642
 10
183.47
 20
54.588
 10
183.004
 20
54.557
 10
182.537
 20
54.563
 10
182.07
 20
54.615
 10
181.603
 20
54.708
 10
181.139
 20
54.827
 10
180.676
 20
54.95
 10
180.215
 20
55.053
 10
179.755
 20
55.116
 10
179.296
 20
55.132
 10
178.836
 20
55.101
 10
178.374
 20
55.036
 10
177.911
 20
54.956
 10
177.447
 20
54.878
 10
176.982
 20
54.815
 10
176.517
 20
54.773
 10
176.053
 20
54.747
 10
175.589
 20
54.728
 10
175.126
 20
54.706
 10
174.663
 20
54.677
 10
174.2
 20
54.642
 10
173.735
 20
54.612
 10
173.27
 20
54.6
 10
172.803
 20
54.62
 10
172.337
 20
54.678
 10
171.871
 20
54.771
 10
171.407
 20
54.886
 10
170.944
 20
55.002
 10
170.483
 20
55.094
 10
170.024
 20
55.145
 10
169.565
 20
55.145
 10
169.105
 20
55.096
 10
168.643
 20
55.012
 10
168.181
 20
54.911
 10
167.897
 20
54.86
 10
167.609
 20
54.816
 10
167.336
 20
54.801
 10
167.061
 20
54.796
 10
166.803
 20
54.82
 10
166.546
 20
54.853
 10
166.306
 20
54.911
 10
166.065
 20
54.976
 10
165.628
 20
55.146
 10
165.226
 20
55.357
 10
164.857
 20
55.604
 10
164.523
 20
55.888
 10
164.227
 20
56.215
 10
163.979
 20
56.586
 10
163.789
 20
57.002
 10
163.669
 20
57.458
 10
163.642
 20
57.706
 10
163.622
 20
57.949
 10
163.63
 20
58.208
 10
163.642
 20
58.462
 10
163.675
 20
58.73
 10
163.704
 20
58.993
 10
163.744
 20
59.269
 10
163.77
 20
59.545
 10
163.787
 20
60.001
 10
163.753
 20
60.46
 10
163.673
 20
60.921
 10
163.565
 20
61.383
 10
163.451
 20
61.847
 10
163.353
 20
62.312
 10
163.285
 20
62.778
 10
163.254
 20
63.245
 10
163.255
 20
63.71
 10
163.275
 20
64.175
 10
163.301
 20
64.638
 10
163.323
 20
65.101
 10
163.339
 20
65.564
 10
163.353
 20
66.028
 10
163.374
 20
66.493
 10
163.413
 20
66.958
 10
163.475
 20
67.423
 10
163.556
 20
67.888
 10
163.644
 20
68.351
 10
163.721
 20
68.813
 10
163.768
 20
69.273
 10
163.769
 20
69.732
 10
163.72
 20
70.192
 10
163.628
 20
70.652
 10
163.51
 20
71.115
 10
163.388
 20
71.579
 10
163.287
 20
72.044
 10
163.223
 20
72.511
 10
163.202
 20
72.978
 10
163.22
 20
73.444
 10
163.262
 20
73.909
 10
163.315
 20
74.373
 10
163.362
 20
74.836
 10
163.399
 20
75.298
 10
163.427
 20
75.761
 10
163.453
 20
76.225
 10
163.486
 20
76.689
 10
163.534
 20
77.154
 10
163.596
 20
77.618
 10
163.662
 20
78.082
 10
163.717
 20
78.543
 10
163.745
 20
79.004
 10
163.731
 20
79.463
 10
163.671
 20
79.923
 10
163.572
 20
80.384
 10
163.449
 20
80.847
 10
163.328
 20
81.311
 10
163.231
 20
81.777
 10
163.175
 20
82.245
 10
163.168
 20
82.712
 10
163.204
 20
83.179
 10
163.27
 20
83.644
 10
163.346
 20
84.107
 10
163.416
 20
84.57
 10
163.47
 20
85.032
 10
163.506
 20
85.494
 10
163.53
 20
85.957
 10
163.552
 20
86.421
 10
163.581
 20
86.885
 10
163.619
 20
87.349
 10
163.66
 20
87.812
 10
163.693
 20
88.274
 10
163.702
 20
88.735
 10
163.676
 20
89.195
 10
163.61
 20
89.656
 10
163.509
 20
90.117
 10
163.39
 20
90.58
 10
163.275
 20
91.045
 10
163.188
 20
91.511
 10
163.145
 20
91.978
 10
163.154
 20
92.446
 10
163.209
 20
92.913
 10
163.296
 20
93.378
 10
163.392
 20
93.842
 10
163.479
 20
94.304
 10
163.544
 20
94.765
 10
163.583
 20
95.227
 10
163.6
 20
95.689
 10
163.607
 20
96.15
 10
163.619
 20
96.431
 10
163.633
 20
96.71
 10
163.666
 20
96.97
 10
163.701
 20
97.229
 10
163.754
 20
97.468
 10
163.806
 20
97.707
 10
163.872
 20
97.927
 10
163.932
 20
98.144
 10
164.075
 20
98.557
 10
164.229
 20
98.948
 10
164.402
 20
99.33
 10
164.615
 20
99.698
 10
164.884
 20
100.04
 10
165.218
 20
100.338
 10
165.613
 20
100.576
 10
166.057
 20
100.74
 10
166.305
 20
100.791
 10
166.549
 20
100.834
 10
166.808
 20
100.852
 10
167.065
 20
100.869
 10
167.337
 20
100.867
 10
167.605
 20
100.87
 10
167.89
 20
100.86
 10
168.172
 20
100.858
 10
168.635
 20
100.859
 10
169.099
 20
100.861
 10
169.563
 20
100.861
 10
170.026
 20
100.861
 10
170.561
 20
100.861
 10
170.561
 20
101.72
 10
170.286
 20
101.525
 10
169.874
 20
101.434
 10
169.459
 20
101.509
 10
169.105
 20
101.74
 10
168.868
 20
102.089
 10
168.785
 20
102.502
 10
168.868
 20
102.916
 10
169.105
 20
103.265
 10
169.459
 20
103.495
 10
169.874
 20
103.57
 10
170.286
 20
103.479
 10
170.561
 20
103.285
 10
170.561
 20
106.763
 10
170.286
 20
106.569
 10
169.874
 20
106.478
 10
169.459
 20
106.553
 10
169.105
 20
106.783
 10
168.868
 20
107.132
 10
168.785
 20
107.546
 10
168.868
 20
107.959
 10
169.105
 20
108.308
 10
169.459
 20
108.539
 10
169.874
 20
108.614
 10
170.286
 20
108.523
 10
170.561
 20
108.328
 10
170.561
 20
109.187
 10
167.328
 20
109.187
 10
166.959
 20
109.26
 10
166.642
 20
109.472
 10
166.431
 20
109.788
 10
166.358
 20
110.157
 10
166.358
 20
111.566
 10
166.431
 20
111.935
 10
166.642
 20
112.251
 10
166.959
 20
112.463
 10
167.328
 20
112.536
 10
182.28
 20
112.536
 10
182.649
 20
112.463
 10
182.965
 20
112.251
 10
183.176
 20
111.935
 10
183.25
 20
111.566
 10
183.25
 20
110.157
 10
183.176
 20
109.788
 10
182.965
 20
109.472
 10
182.649
 20
109.26
 10
182.28
 20
109.187
 10
179.047
 20
109.187
 10
179.047
 20
108.328
 10
179.321
 20
108.523
 10
179.733
 20
108.614
 10
180.148
 20
108.539
 10
180.502
 20
108.308
 10
180.739
 20
107.959
 10
180.822
 20
107.546
 10
180.739
 20
107.132
 10
180.502
 20
106.783
 10
180.148
 20
106.553
 10
179.733
 20
106.478
 10
179.321
 20
106.569
 10
179.047
 20
106.763
 10
179.047
 20
103.285
 10
179.321
 20
103.479
 10
179.733
 20
103.57
 10
180.148
 20
103.495
 10
180.502
 20
103.265
 10
180.739
 20
102.916
 10
180.822
 20
102.502
 10
180.739
 20
102.089
 10
180.502
 20
101.74
 10
180.148
 20
101.509
 10
179.733
 20
101.434
 10
179.321
 20
101.525
 10
179.047
 20
101.72
 10
179.047
 20
100.861
 10
179.295
 20
100.861
 10
179.758
 20
100.861
 10
180.222
 20
100.861
 10
180.686
 20
100.861
 10
181.149
 20
100.855
 10
181.613
 20
100.85
 10
182.076
 20
100.848
 10
182.538
 20
100.853
 10
183.001
 20
100.869
 10
183.462
 20
100.901
 10
183.924
 20
100.954
 10
184.387
 20
101.022
 10
184.851
 20
101.09
 10
185.318
 20
101.139
 10
185.787
 20
101.131
 10
186.254
 20
101.061
 10
186.72
 20
100.954
 10
187.184
 20
100.829
 10
187.646
 20
100.712
 10
188.106
 20
100.623
 10
188.566
 20
100.577
 10
189.026
 20
100.578
 10
189.487
 20
100.618
 10
189.949
 20
100.682
 10
190.412
 20
100.752
 10
190.877
 20
100.814
 10
191.341
 20
100.86
 10
191.806
 20
100.891
 10
192.269
 20
100.916
 10
192.732
 20
100.943
 10
193.195
 20
100.979
 10
193.658
 20
101.025
 10
194.122
 20
101.072
 10
194.587
 20
101.106
 10
195.054
 20
101.111
 10
195.521
 20
101.077
 10
195.987
 20
101.001
 10
196.452
 20
100.893
 10
196.916
 20
100.771
 10
197.378
 20
100.659
 10
197.838
 20
100.579
 10
198.297
 20
100.546
 10
198.757
 20
100.563
 10
199.217
 20
100.622
 10
199.679
 20
100.708
 10
200.143
 20
100.799
 10
200.608
 20
100.879
 10
201.073
 20
100.936
 10
201.539
 20
100.969
 10
202.003
 20
100.986
 10
202.467
 20
100.996
 10
202.93
 20
101.009
 10
203.393
 20
101.028
 10
203.857
 20
101.05
 10
204.321
 20
101.062
 10
204.79
 20
101.053
 10
205.078
 20
101.022
 10
205.368
 20
100.978
 10
205.636
 20
100.906
 10
205.899
 20
100.824
 10
206.139
 20
100.721
 10
206.372
 20
100.616
 10
206.583
 20
100.496
 10
206.785
 20
100.383
 10
207.155
 20
100.147
 10
207.488
 20
99.922
 10
207.803
 20
99.706
 10
208.113
 20
99.487
 10
208.423
 20
99.247
 10
208.73
 20
98.966
 10
209.019
 20
98.632
 10
209.272
 20
98.239
 10
209.375
 20
98.013
 10
209.47
 20
97.784
 10
209.538
 20
97.532
 10
209.598
 20
97.278
 10
209.631
 20
97.004
 10
209.658
 20
96.731
 10
209.661
 20
96.44
 10
209.662
 20
96.153
 10
209.651
 20
95.687
 10
209.645
 20
95.224
 10
209.642
 20
94.76
 10
209.632
 20
94.296
 10
209.604
 20
93.83
 10
209.551
 20
93.365
 10
209.472
 20
92.899
 10
209.377
 20
92.435
 10
209.282
 20
91.973
 10
209.208
 20
91.512
 10
209.175
 20
91.052
 10
209.191
 20
90.593
 10
209.257
 20
90.133
 10
209.36
 20
89.672
 10
209.479
 20
89.209
 10
209.591
 20
88.744
 10
209.676
 20
88.278
 10
209.723
 20
87.811
 10
209.73
 20
87.345
 10
209.709
 20
86.879
 10
209.672
 20
86.415
 10
209.633
 20
85.952
 10
209.602
 20
85.489
 10
209.579
 20
85.026
 10
209.557
 20
84.562
 10
209.528
 20
84.098
 10
209.482
 20
83.633
 10
209.417
 20
83.168
 10
209.34
 20
82.704
 10
209.266
 20
82.242
 10
209.212
 20
81.781
 10
209.196
 20
81.321
 10
209.227
 20
80.862
 10
209.304
 20
80.402
 10
209.415
 20
79.94
 10
209.54
 20
79.477
 10
209.654
 20
79.011
 10
209.736
 20
78.545
 10
209.773
 20
78.078
 10
209.766
 20
77.611
 10
209.723
 20
77.145
 10
209.661
 20
76.681
 10
209.598
 20
76.218
 10
209.545
 20
75.755
 10
209.506
 20
75.293
 10
209.478
 20
74.83
 10
209.452
 20
74.366
 10
209.419
 20
73.902
 10
209.374
 20
73.438
 10
209.32
 20
72.974
 10
209.269
 20
72.511
 10
209.236
 20
72.05
 10
209.236
 20
71.59
 10
209.278
 20
71.13
 10
209.362
 20
70.669
 10
209.476
 20
70.208
 10
209.599
 20
69.744
 10
209.708
 20
69.278
 10
209.781
 20
68.811
 10
209.806
 20
68.344
 10
209.781
 20
67.877
 10
209.717
 20
67.411
 10
209.633
 20
66.946
 10
209.548
 20
66.483
 10
209.478
 20
66.021
 10
209.429
 20
65.56
 10
209.4
 20
65.098
 10
209.383
 20
64.635
 10
209.368
 20
64.171
 10
209.347
 20
63.707
 10
209.319
 20
63.244
 10
209.293
 20
62.781
 10
209.28
 20
62.319
 10
209.294
 20
61.858
 10
209.342
 20
61.398
 10
209.427
 20
60.937
 10
209.536
 20
60.475
 10
209.651
 20
60.011
 10
209.749
 20
59.541
 10
209.782
 20
59.249
 10
209.796
 20
58.951
 10
209.772
 20
58.67
 10
209.731
 20
58.391
 10
209.656
 20
58.133
 10
209.569
 20
57.88
 10
209.457
 20
57.651
 10
209.34
 20
57.424
 10
209.076
 20
57.031
 10
208.794
 20
56.686
 10
208.505
 20
56.383
 10
208.209
 20
56.11
  0
HATCH
  5
46
330
17
100
AcDbEntity
  8
RASTER
 62
7
100
AcDbHatch
 10
0.0
 20
0.0
 30
0.0
210
0.0
220
0.0
230
1.0
  2
SOLID
 70
1
 71
0
 91
1
 92
3
 72
0
 73
1
 93
562
 10
180.108
 20
98.338
 10
180.659
 20
98.409
 10
181.197
 20
98.457
 10
181.723
 20
98.454
 10
182.247
 20
98.384
 10
182.778
 20
98.248
 10
183.326
 20
98.066
 10
183.893
 20
97.878
 10
184.479
 20
97.731
 10
185.076
 20
97.664
 10
185.674
 20
97.691
 10
186.258
 20
97.793
 10
186.824
 20
97.933
 10
187.374
 20
98.068
 10
187.914
 20
98.172
 10
188.451
 20
98.233
 10
188.995
 20
98.258
 10
189.549
 20
98.268
 10
190.113
 20
98.284
 10
190.678
 20
98.319
 10
191.236
 20
98.368
 10
191.783
 20
98.408
 10
192.316
 20
98.413
 10
192.843
 20
98.363
 10
193.373
 20
98.249
 10
193.916
 20
98.085
 10
194.477
 20
97.902
 10
195.057
 20
97.745
 10
195.652
 20
97.658
 10
196.253
 20
97.666
 10
196.843
 20
97.761
 10
197.416
 20
97.909
 10
197.971
 20
98.067
 10
198.511
 20
98.198
 10
199.045
 20
98.281
 10
199.581
 20
98.316
 10
200.127
 20
98.317
 10
200.684
 20
98.309
 10
201.248
 20
98.312
 10
201.811
 20
98.332
 10
202.367
 20
98.357
 10
202.642
 20
98.355
 10
202.908
 20
98.346
 10
203.412
 20
98.262
 10
203.859
 20
98.105
 10
204.251
 20
97.886
 10
204.585
 20
97.622
 10
204.867
 20
97.336
 10
205.108
 20
97.042
 10
205.326
 20
96.75
 10
205.541
 20
96.46
 10
205.765
 20
96.167
 10
206.006
 20
95.859
 10
206.259
 20
95.523
 10
206.509
 20
95.143
 10
206.733
 20
94.712
 10
206.903
 20
94.222
 10
206.952
 20
93.966
 10
206.989
 20
93.705
 10
207.008
 20
93.165
 10
206.99
 20
92.62
 10
206.961
 20
92.063
 10
206.941
 20
91.499
 10
206.939
 20
90.936
 10
206.944
 20
90.382
 10
206.932
 20
89.838
 10
206.884
 20
89.303
 10
206.786
 20
88.768
 10
206.647
 20
88.224
 10
206.49
 20
87.664
 10
206.356
 20
87.085
 10
206.288
 20
86.49
 10
206.313
 20
85.89
 10
206.427
 20
85.299
 10
206.599
 20
84.724
 10
206.782
 20
84.169
 10
206.934
 20
83.631
 10
207.029
 20
83.104
 10
207.06
 20
82.577
 10
207.038
 20
82.041
 10
206.989
 20
81.491
 10
206.939
 20
80.93
 10
206.905
 20
80.364
 10
206.89
 20
79.802
 10
206.876
 20
79.25
 10
206.841
 20
78.708
 10
206.768
 20
78.17
 10
206.656
 20
77.628
 10
206.518
 20
77.074
 10
206.389
 20
76.502
 10
206.309
 20
75.913
 10
206.314
 20
75.314
 10
206.41
 20
74.719
 10
206.575
 20
74.139
 10
206.767
 20
73.578
 10
206.939
 20
73.036
 10
207.056
 20
72.509
 10
207.104
 20
71.987
 10
207.086
 20
71.458
 10
207.025
 20
70.916
 10
206.948
 20
70.359
 10
206.882
 20
69.793
 10
206.841
 20
69.226
 10
206.816
 20
68.665
 10
206.789
 20
68.115
 10
206.739
 20
67.572
 10
206.654
 20
67.03
 10
206.542
 20
66.48
 10
206.426
 20
65.915
 10
206.342
 20
65.333
 10
206.328
 20
64.738
 10
206.403
 20
64.142
 10
206.555
 20
63.557
 10
206.748
 20
62.991
 10
206.933
 20
62.444
 10
207.072
 20
61.905
 10
207.104
 20
61.647
 10
207.119
 20
61.386
 10
207.06
 20
60.874
 10
206.918
 20
60.405
 10
206.72
 20
59.977
 10
206.487
 20
59.59
 10
206.234
 20
59.244
 10
205.968
 20
58.936
 10
205.687
 20
58.662
 10
205.386
 20
58.423
 10
205.06
 20
58.221
 10
204.704
 20
58.064
 10
204.314
 20
57.956
 10
203.888
 20
57.902
 10
203.423
 20
57.899
 10
202.916
 20
57.931
 10
202.645
 20
57.955
 10
202.349
 20
57.965
 10
201.771
 20
57.946
 10
201.179
 20
57.843
 10
200.6
 20
57.675
 10
200.039
 20
57.48
 10
199.497
 20
57.305
 10
198.973
 20
57.188
 10
198.456
 20
57.149
 10
197.934
 20
57.186
 10
197.397
 20
57.281
 10
196.843
 20
57.402
 10
196.275
 20
57.515
 10
195.702
 20
57.596
 10
195.131
 20
57.641
 10
194.569
 20
57.664
 10
194.017
 20
57.689
 10
193.47
 20
57.733
 10
192.92
 20
57.798
 10
192.359
 20
57.871
 10
191.783
 20
57.921
 10
191.195
 20
57.917
 10
190.603
 20
57.838
 10
190.021
 20
57.69
 10
189.455
 20
57.502
 10
188.907
 20
57.32
 10
188.378
 20
57.187
 10
187.862
 20
57.129
 10
187.345
 20
57.152
 10
186.815
 20
57.246
 10
186.267
 20
57.381
 10
185.703
 20
57.52
 10
185.128
 20
57.63
 10
184.551
 20
57.695
 10
183.981
 20
57.722
 10
183.421
 20
57.732
 10
182.87
 20
57.748
 10
182.321
 20
57.782
 10
181.765
 20
57.83
 10
181.198
 20
57.872
 10
180.617
 20
57.877
 10
180.029
 20
57.82
 10
179.445
 20
57.696
 10
178.873
 20
57.523
 10
178.32
 20
57.343
 10
177.786
 20
57.197
 10
177.267
 20
57.121
 10
176.753
 20
57.128
 10
176.23
 20
57.213
 10
175.688
 20
57.354
 10
175.129
 20
57.513
 10
174.555
 20
57.652
 10
173.974
 20
57.742
 10
173.396
 20
57.78
 10
172.828
 20
57.782
 10
172.271
 20
57.774
 10
171.72
 20
57.776
 10
171.169
 20
57.796
 10
170.617
 20
57.821
 10
170.338
 20
57.837
 10
170.064
 20
57.845
 10
169.544
 20
57.864
 10
169.051
 20
57.873
 10
168.579
 20
57.886
 10
168.13
 20
57.925
 10
167.705
 20
58.01
 10
167.312
 20
58.158
 10
166.964
 20
58.376
 10
166.675
 20
58.662
 10
166.457
 20
59.012
 10
166.317
 20
59.414
 10
166.256
 20
59.858
 10
166.264
 20
60.337
 10
166.319
 20
60.844
 10
166.39
 20
61.376
 10
166.429
 20
61.66
 10
166.453
 20
61.955
 10
166.473
 20
62.523
 10
166.454
 20
63.093
 10
166.425
 20
63.65
 10
166.406
 20
64.2
 10
166.404
 20
64.752
 10
166.408
 20
65.311
 10
166.396
 20
65.882
 10
166.343
 20
66.461
 10
166.238
 20
67.041
 10
166.092
 20
67.61
 10
165.937
 20
68.164
 10
165.812
 20
68.7
 10
165.752
 20
69.22
 10
165.773
 20
69.734
 10
165.875
 20
70.256
 10
166.037
 20
70.796
 10
166.222
 20
71.356
 10
166.384
 20
71.932
 10
166.489
 20
72.519
 10
166.524
 20
73.106
 10
166.501
 20
73.684
 10
166.451
 20
74.248
 10
166.401
 20
74.801
 10
166.369
 20
75.35
 10
166.354
 20
75.902
 10
166.339
 20
76.464
 10
166.302
 20
77.037
 10
166.225
 20
77.613
 10
166.106
 20
78.185
 10
165.967
 20
78.745
 10
165.844
 20
79.287
 10
165.773
 20
79.813
 10
165.776
 20
80.328
 10
165.861
 20
80.847
 10
166.014
 20
81.382
 10
166.204
 20
81.935
 10
166.385
 20
82.507
 10
166.514
 20
83.094
 10
166.568
 20
83.686
 10
166.549
 20
84.272
 10
166.485
 20
84.844
 10
166.408
 20
85.401
 10
166.344
 20
85.949
 10
166.304
 20
86.496
 10
166.28
 20
87.05
 10
166.252
 20
87.614
 10
166.199
 20
88.186
 10
166.11
 20
88.758
 10
165.995
 20
89.322
 10
165.882
 20
89.871
 10
165.804
 20
90.403
 10
165.792
 20
90.923
 10
165.857
 20
91.441
 10
165.996
 20
91.971
 10
166.182
 20
92.518
 10
166.374
 20
93.085
 10
166.523
 20
93.653
 10
166.582
 20
93.948
 10
166.618
 20
94.229
 10
166.664
 20
94.742
 10
166.692
 20
95.215
 10
166.733
 20
95.649
 10
166.808
 20
96.046
 10
166.929
 20
96.408
 10
167.1
 20
96.735
 10
167.321
 20
97.027
 10
167.589
 20
97.289
 10
167.9
 20
97.524
 10
168.253
 20
97.739
 10
168.646
 20
97.94
 10
169.08
 20
98.13
 10
169.566
 20
98.306
 10
169.375
 20
98.833
 10
168.872
 20
98.651
 10
168.407
 20
98.447
 10
167.98
 20
98.228
 10
167.585
 20
97.988
 10
167.223
 20
97.714
 10
166.9
 20
97.397
 10
166.627
 20
97.034
 10
166.414
 20
96.628
 10
166.266
 20
96.188
 10
166.178
 20
95.727
 10
166.134
 20
95.258
 10
166.105
 20
94.784
 10
166.06
 20
94.286
 10
166.029
 20
94.039
 10
165.978
 20
93.785
 10
165.837
 20
93.246
 10
165.652
 20
92.698
 10
165.459
 20
92.132
 10
165.307
 20
91.547
 10
165.232
 20
90.951
 10
165.246
 20
90.356
 10
165.33
 20
89.774
 10
165.446
 20
89.209
 10
165.558
 20
88.659
 10
165.643
 20
88.117
 10
165.693
 20
87.574
 10
165.72
 20
87.024
 10
165.745
 20
86.464
 10
165.786
 20
85.897
 10
165.852
 20
85.331
 10
165.929
 20
84.774
 10
165.99
 20
84.231
 10
166.008
 20
83.703
 10
165.96
 20
83.18
 10
165.843
 20
82.653
 10
165.671
 20
82.111
 10
165.479
 20
81.55
 10
165.314
 20
80.97
 10
165.218
 20
80.375
 10
165.213
 20
79.776
 10
165.293
 20
79.188
 10
165.422
 20
78.616
 10
165.56
 20
78.061
 10
165.672
 20
77.519
 10
165.745
 20
76.981
 10
165.78
 20
76.439
 10
165.794
 20
75.887
 10
165.809
 20
75.325
 10
165.843
 20
74.76
 10
165.893
 20
74.198
 10
165.942
 20
73.648
 10
165.964
 20
73.112
 10
165.933
 20
72.585
 10
165.838
 20
72.058
 10
165.686
 20
71.52
 10
165.503
 20
70.965
 10
165.331
 20
70.391
 10
165.217
 20
69.799
 10
165.192
 20
69.199
 10
165.26
 20
68.604
 10
165.394
 20
68.025
 10
165.551
 20
67.465
 10
165.69
 20
66.921
 10
165.788
 20
66.386
 10
165.836
 20
65.851
 10
165.848
 20
65.307
 10
165.843
 20
64.753
 10
165.845
 20
64.19
 10
165.865
 20
63.626
 10
165.894
 20
63.069
 10
165.912
 20
62.524
 10
165.893
 20
61.983
 10
165.872
 20
61.721
 10
165.835
 20
61.452
 10
165.762
 20
60.911
 10
165.704
 20
60.371
 10
165.697
 20
59.825
 10
165.772
 20
59.283
 10
165.951
 20
58.77
 10
166.237
 20
58.313
 10
166.616
 20
57.937
 10
167.063
 20
57.656
 10
167.55
 20
57.472
 10
168.05
 20
57.37
 10
168.548
 20
57.327
 10
169.037
 20
57.313
 10
169.529
 20
57.304
 10
170.045
 20
57.285
 10
170.314
 20
57.277
 10
170.589
 20
57.261
 10
171.146
 20
57.236
 10
171.709
 20
57.216
 10
172.273
 20
57.213
 10
172.831
 20
57.221
 10
173.377
 20
57.22
 10
173.913
 20
57.185
 10
174.446
 20
57.102
 10
174.986
 20
56.971
 10
175.541
 20
56.813
 10
176.114
 20
56.665
 10
176.704
 20
56.57
 10
177.305
 20
56.562
 10
177.9
 20
56.649
 10
178.48
 20
56.806
 10
179.041
 20
56.989
 10
179.585
 20
57.153
 10
180.115
 20
57.267
 10
180.641
 20
57.317
 10
181.174
 20
57.312
 10
181.721
 20
57.272
 10
182.279
 20
57.223
 10
182.845
 20
57.188
 10
183.408
 20
57.172
 10
183.962
 20
57.162
 10
184.506
 20
57.137
 10
185.044
 20
57.076
 10
185.583
 20
56.972
 10
186.133
 20
56.837
 10
186.699
 20
56.697
 10
187.284
 20
56.595
 10
187.881
 20
56.568
 10
188.479
 20
56.635
 10
189.064
 20
56.782
 10
189.631
 20
56.97
 10
190.179
 20
57.152
 10
190.711
 20
57.288
 10
191.234
 20
57.358
 10
191.76
 20
57.361
 10
192.298
 20
57.313
 10
192.851
 20
57.242
 10
193.415
 20
57.175
 10
193.982
 20
57.13
 10
194.545
 20
57.104
 10
195.097
 20
57.081
 10
195.641
 20
57.039
 10
196.181
 20
56.963
 10
196.728
 20
56.854
 10
197.288
 20
56.731
 10
197.865
 20
56.63
 10
198.457
 20
56.589
 10
199.055
 20
56.634
 10
199.644
 20
56.764
 10
200.217
 20
56.948
 10
200.771
 20
57.141
 10
201.306
 20
57.297
 10
201.828
 20
57.388
 10
202.355
 20
57.405
 10
202.61
 20
57.396
 10
202.876
 20
57.372
 10
203.408
 20
57.339
 10
203.924
 20
57.343
 10
204.423
 20
57.407
 10
204.892
 20
57.536
 10
205.321
 20
57.725
 10
205.708
 20
57.964
 10
206.057
 20
58.241
 10
206.376
 20
58.552
 10
206.673
 20
58.896
 10
206.954
 20
59.281
 10
207.215
 20
59.715
 10
207.443
 20
60.207
 10
207.609
 20
60.761
 10
207.678
 20
61.354
 10
207.662
 20
61.697
 10
207.62
 20
62.022
 10
207.47
 20
62.604
 10
207.278
 20
63.171
 10
207.092
 20
63.719
 10
206.953
 20
64.248
 10
206.888
 20
64.766
 10
206.9
 20
65.286
 10
206.978
 20
65.818
 10
207.091
 20
66.367
 10
207.206
 20
66.931
 10
207.295
 20
67.503
 10
207.348
 20
68.075
 10
207.376
 20
68.639
 10
207.4
 20
69.193
 10
207.44
 20
69.74
 10
207.504
 20
70.288
 10
207.581
 20
70.846
 10
207.645
 20
71.417
 10
207.664
 20
72.003
 10
207.61
 20
72.595
 10
207.481
 20
73.182
 10
207.3
 20
73.754
 10
207.11
 20
74.307
 10
206.957
 20
74.842
 10
206.872
 20
75.361
 10
206.869
 20
75.877
 10
206.94
 20
76.402
 10
207.063
 20
76.944
 10
207.202
 20
77.504
 10
207.321
 20
78.076
 10
207.398
 20
78.653
 10
207.435
 20
79.225
 10
207.45
 20
79.787
 10
207.465
 20
80.34
 10
207.497
 20
80.888
 10
207.547
 20
81.441
 10
207.597
 20
82.005
 10
207.62
 20
82.583
 10
207.585
 20
83.17
 10
207.48
 20
83.757
 10
207.318
 20
84.334
 10
207.133
 20
84.893
 10
206.971
 20
85.433
 10
206.869
 20
85.956
 10
206.848
 20
86.47
 10
206.908
 20
86.989
 10
207.033
 20
87.525
 10
207.188
 20
88.079
 10
207.334
 20
88.649
 10
207.439
 20
89.228
 10
207.492
 20
89.807
 10
207.504
 20
90.378
 10
207.5
 20
90.938
 10
207.502
 20
91.489
 10
207.521
 20
92.039
 10
207.55
 20
92.596
 10
207.569
 20
93.166
 10
207.548
 20
93.745
 10
207.505
 20
94.059
 10
207.441
 20
94.38
 10
207.248
 20
94.933
 10
206.994
 20
95.425
 10
206.718
 20
95.845
 10
206.451
 20
96.2
 10
206.208
 20
96.51
 10
205.988
 20
96.797
 10
205.776
 20
97.084
 10
205.549
 20
97.388
 10
205.283
 20
97.712
 10
204.958
 20
98.041
 10
204.561
 20
98.352
 10
204.089
 20
98.616
 10
203.551
 20
98.805
 10
202.975
 20
98.903
 10
202.653
 20
98.915
 10
202.352
 20
98.917
 10
201.788
 20
98.892
 10
201.237
 20
98.872
 10
200.687
 20
98.87
 10
200.13
 20
98.878
 10
199.561
 20
98.876
 10
198.983
 20
98.838
 10
198.402
 20
98.748
 10
197.828
 20
98.609
 10
197.269
 20
98.45
 10
196.728
 20
98.309
 10
196.204
 20
98.224
 10
195.69
 20
98.217
 10
195.171
 20
98.293
 10
194.637
 20
98.439
 10
194.084
 20
98.619
 10
193.513
 20
98.792
 10
192.928
 20
98.916
 10
192.341
 20
98.973
 10
191.76
 20
98.968
 10
191.192
 20
98.926
 10
190.636
 20
98.878
 10
190.087
 20
98.844
 10
189.536
 20
98.828
 10
188.976
 20
98.818
 10
188.406
 20
98.791
 10
187.829
 20
98.726
 10
187.254
 20
98.616
 10
186.69
 20
98.477
 10
186.142
 20
98.342
 10
185.612
 20
98.248
 10
185.095
 20
98.225
 10
184.579
 20
98.283
 10
184.05
 20
98.416
 10
183.503
 20
98.598
 10
182.936
 20
98.786
 10
182.354
 20
98.934
 10
181.763
 20
99.013
 10
181.174
 20
99.017
 10
180.598
 20
98.967
 10
180.036
 20
98.894
 97
0
 75
0
 76
1
 98
0
  0
HATCH
  5
47
330
17
100
AcDbEntity
  8
RASTER
 62
7
100
AcDbHatch
 10
0.0
 20
0.0
 30
0.0
210
0.0
220
0.0
230
1.0
  2
SOLID
 70
1
 71
0
 91
6
 92
3
 72
0
 73
1
 93
4
 10
170.601
 20
98.393
 10
179.007
 20
98.393
 10
179.007
 20
108.947
 10
170.601
 20
108.947
 97
0
 92
2
 72
0
 73
1
 93
5
 10
171.068
 20
99.98
 10
171.068
 20
100.354
 10
178.54
 20
100.354
 10
178.54
 20
99.98
 10
171.068
 20
99.98
 97
0
 92
2
 72
0
 73
1
 93
5
 10
171.068
 20
101.755
 10
171.068
 20
102.129
 10
178.54
 20
102.129
 10
178.54
 20
101.755
 10
171.068
 20
101.755
 97
0
 92
2
 72
0
 73
1
 93
5
 10
171.068
 20
103.53
 10
171.068
 20
103.903
 10
178.54
 20
103.903
 10
178.54
 20
103.53
 10
171.068
 20
103.53
 97
0
 92
2
 72
0
 73
1
 93
5
 10
171.068
 20
105.304
 10
171.068
 20
105.678
 10
178.54
 20
105.678
 10
178.54
 20
105.304
 10
171.068
 20
105.304
 97
0
 92
2
 72
0
 73
1
 93
5
 10
171.068
 20
107.079
 10
171.068
 20
107.452
 10
178.54
 20
107.452
 10
178.54
 20
107.079
 10
171.068
 20
107.079
 97
0
 75
0
 76
1
 98
0
  0
HATCH
  5
48
330
17
100
AcDbEntity
  8
RASTER
 62
7
100
AcDbHatch
 10
0.0
 20
0.0
 30
0.0
210
0.0
220
0.0
230
1.0
  2
SOLID
 70
1
 71
0
 91
8
 92
3
 72
0
 73
1
 93
4
 10
166.958
 20
109.507
 10
182.649
 20
109.507
 10
182.649
 20
111.936
 10
166.958
 20
111.936
 97
0
 92
2
 72
0
 73
1
 93
5
 10
169.293
 20
109.507
 10
169.293
 20
111.936
 10
169.667
 20
111.936
 10
169.667
 20
109.507
 10
169.293
 20
109.507
 97
0
 92
2
 72
0
 73
1
 93
5
 10
171.068
 20
109.507
 10
171.068
 20
111.936
 10
171.441
 20
111.936
 10
171.441
 20
109.507
 10
171.068
 20
109.507
 97
0
 92
2
 72
0
 73
1
 93
5
 10
172.842
 20
109.507
 10
172.842
 20
111.936
 10
173.216
 20
111.936
 10
173.216
 20
109.507
 10
172.842
 20
109.507
 97
0
 92
2
 72
0
 73
1
 93
5
 10
174.617
 20
109.507
 10
174.617
 20
111.936
 10
174.99
 20
111.936
 10
174.99
 20
109.507
 10
174.617
 20
109.507
 97
0
 92
2
 72
0
 73
1
 93
5
 10
176.391
 20
109.507
 10
176.391
 20
111.936
 10
176.765
 20
111.936
 10
176.765
 20
109.507
 10
176.391
 20
109.507
 97
0
 92
2
 72
0
 73
1
 93
5
 10
178.166
 20
109.507
 10
178.166
 20
111.936
 10
178.54
 20
111.936
 10
178.54
 20
109.507
 10
178.166
 20
109.507
 97
0
 92
2
 72
0
 73
1
 93
5
 10
179.941
 20
109.507
 10
179.941
 20
111.936
 10
180.314
 20
111.936
 10
180.314
 20
109.507
 10
179.941
 20
109.507
 97
0
 75
0
 76
1
 98
0
  0
HATCH
  5
49
330
17
100
AcDbEntity
  8
RASTER
 62
7
100
AcDbHatch
 10
0.0
 20
0.0
 30
0.0
210
0.0
220
0.0
230
1.0
  2
SOLID
 70
1
 71
0
 91
14
 92
3
 72
0
 73
1
 93
39
 10
169.937
 20
92.827
 10
170.014
 20
92.84
 10
170.645
 20
92.66
 10
172.131
 20
92.165
 10
172.37
 20
92.043
 10
172.536
 20
91.714
 10
172.748
 20
90.304
 10
173.978
 20
90.273
 10
174.171
 20
90.196
 10
174.532
 20
89.881
 10
174.685
 20
89.674
 10
175.342
 20
89.025
 10
175.478
 20
88.845
 10
175.554
 20
88.696
 10
175.554
 20
88.426
 10
174.667
 20
86.386
 10
174.338
 20
86.309
 10
173.257
 20
86.264
 10
173.167
 20
86.219
 10
172.356
 20
86.219
 10
172.027
 20
86.521
 10
171.964
 20
86.638
 10
171.757
 20
86.836
 10
171.694
 20
86.953
 10
171.108
 20
87.629
 10
171.036
 20
87.629
 10
170.973
 20
87.557
 10
170.735
 20
87.435
 10
170.464
 20
87.48
 10
168.573
 20
88.201
 10
168.334
 20
88.322
 10
168.244
 20
88.413
 10
168.122
 20
88.741
 10
167.852
 20
90.093
 10
167.717
 20
90.543
 10
167.672
 20
91.038
 10
167.793
 20
91.277
 10
167.929
 20
91.412
 10
169.55
 20
92.628
 97
0
 92
2
 72
0
 73
1
 93
115
 10
169.924
 20
92.57
 10
168.064
 20
91.187
 10
167.942
 20
90.993
 10
167.942
 20
90.903
 10
168.046
 20
90.421
 10
168.154
 20
90.484
 10
168.257
 20
90.318
 10
168.212
 20
90.273
 10
168.091
 20
90.304
 10
168.077
 20
90.183
 10
168.199
 20
89.719
 10
168.289
 20
89.719
 10
168.392
 20
89.642
 10
168.334
 20
89.566
 10
168.244
 20
89.629
 10
168.212
 20
89.597
 10
168.469
 20
88.593
 10
168.573
 20
88.516
 10
169.127
 20
88.304
 10
169.127
 20
88.35
 10
169.037
 20
88.395
 10
169.1
 20
88.485
 10
169.082
 20
88.548
 10
169.293
 20
88.471
 10
169.307
 20
88.53
 10
169.217
 20
88.53
 10
169.293
 20
88.606
 10
169.37
 20
88.593
 10
169.397
 20
88.485
 10
169.46
 20
88.548
 10
169.487
 20
88.485
 10
169.564
 20
88.516
 10
169.699
 20
88.426
 10
169.775
 20
88.458
 10
169.847
 20
88.395
 10
169.91
 20
88.413
 10
169.834
 20
88.246
 10
169.865
 20
88.187
 10
169.91
 20
88.169
 10
170.0
 20
88.232
 10
170.027
 20
88.169
 10
170.104
 20
88.201
 10
170.208
 20
88.124
 10
170.208
 20
88.187
 10
170.271
 20
88.187
 10
170.316
 20
87.989
 10
170.163
 20
88.007
 10
170.226
 20
87.962
 10
170.163
 20
87.899
 10
170.645
 20
87.75
 10
170.721
 20
87.899
 10
170.69
 20
88.291
 10
170.645
 20
88.381
 10
170.645
 20
88.561
 10
170.69
 20
88.651
 10
170.6
 20
88.696
 10
170.554
 20
89.102
 10
170.586
 20
89.133
 10
170.631
 20
89.025
 10
170.78
 20
89.192
 10
170.838
 20
89.115
 10
170.901
 20
89.115
 10
170.901
 20
89.178
 10
170.838
 20
89.223
 10
170.96
 20
89.372
 10
170.883
 20
89.403
 10
170.766
 20
89.34
 10
170.766
 20
89.25
 10
170.69
 20
89.282
 10
170.676
 20
89.205
 10
170.6
 20
89.192
 10
170.586
 20
89.268
 10
170.509
 20
89.282
 10
170.523
 20
89.449
 10
170.645
 20
89.552
 10
170.766
 20
89.521
 10
170.78
 20
89.597
 10
170.735
 20
89.687
 10
170.793
 20
89.764
 10
170.883
 20
89.764
 10
170.901
 20
89.809
 10
170.838
 20
89.791
 10
170.825
 20
89.867
 10
170.915
 20
90.003
 10
171.018
 20
89.926
 10
171.095
 20
89.777
 10
171.154
 20
89.899
 10
171.244
 20
89.944
 10
171.352
 20
89.899
 10
171.397
 20
89.791
 10
171.32
 20
89.732
 10
171.487
 20
89.566
 10
171.712
 20
90.106
 10
171.847
 20
90.241
 10
171.996
 20
90.318
 10
172.433
 20
90.331
 10
172.401
 20
90.768
 10
172.37
 20
90.827
 10
172.266
 20
90.858
 10
172.356
 20
90.948
 10
172.356
 20
91.038
 10
172.325
 20
91.07
 10
172.235
 20
91.007
 10
172.054
 20
91.097
 10
172.131
 20
91.219
 10
172.054
 20
91.385
 10
172.144
 20
91.367
 10
172.253
 20
91.25
 10
172.298
 20
91.097
 10
172.311
 20
91.399
 10
172.266
 20
91.489
 10
172.266
 20
91.669
 10
172.189
 20
91.818
 10
171.996
 20
91.939
 10
170.194
 20
92.525
 97
0
 92
2
 72
0
 73
1
 93
8
 10
171.964
 20
91.43
 10
171.996
 20
91.264
 10
171.937
 20
91.142
 10
171.906
 20
91.174
 10
171.937
 20
91.25
 10
171.861
 20
91.309
 10
171.739
 20
91.232
 10
171.802
 20
91.322
 97
0
 92
2
 72
0
 73
1
 93
10
 10
170.928
 20
90.214
 10
171.172
 20
90.124
 10
171.185
 20
90.048
 10
171.081
 20
89.926
 10
171.05
 20
89.958
 10
171.126
 20
90.079
 10
171.05
 20
90.093
 10
171.036
 20
90.016
 10
170.973
 20
90.016
 10
171.005
 20
90.138
 97
0
 92
2
 72
0
 73
1
 93
7
 10
168.226
 20
90.124
 10
168.302
 20
90.138
 10
168.347
 20
90.093
 10
168.347
 20
89.958
 10
168.302
 20
89.912
 10
168.199
 20
89.944
 10
168.167
 20
90.003
 97
0
 92
2
 72
0
 73
1
 93
129
 10
172.086
 20
90.093
 10
171.964
 20
90.034
 10
171.861
 20
89.822
 10
171.861
 20
89.732
 10
171.681
 20
89.282
 10
171.726
 20
89.147
 10
171.694
 20
89.115
 10
171.649
 20
89.178
 10
171.59
 20
89.057
 10
171.275
 20
88.156
 10
171.275
 20
87.886
 10
171.352
 20
87.737
 10
171.919
 20
87.133
 10
172.388
 20
86.521
 10
172.433
 20
86.503
 10
172.523
 20
86.611
 10
172.505
 20
86.503
 10
172.626
 20
86.489
 10
172.658
 20
86.503
 10
172.626
 20
86.624
 10
172.536
 20
86.715
 10
172.73
 20
87.106
 10
172.807
 20
87.075
 10
172.852
 20
87.12
 10
172.762
 20
87.21
 10
172.928
 20
87.314
 10
172.852
 20
87.39
 10
172.865
 20
87.467
 10
172.987
 20
87.435
 10
173.032
 20
87.48
 10
172.91
 20
87.557
 10
173.334
 20
88.485
 10
173.437
 20
88.561
 10
173.662
 20
88.561
 10
173.829
 20
88.187
 10
173.933
 20
88.201
 10
174.099
 20
88.124
 10
173.991
 20
88.214
 10
173.991
 20
88.322
 10
174.099
 20
88.304
 10
174.099
 20
88.368
 10
173.978
 20
88.426
 10
173.843
 20
88.291
 10
173.811
 20
88.413
 10
173.856
 20
88.503
 10
174.023
 20
88.516
 10
174.099
 20
88.44
 10
174.203
 20
88.516
 10
174.234
 20
88.485
 10
174.171
 20
88.413
 10
174.189
 20
88.368
 10
174.279
 20
88.368
 10
174.324
 20
88.277
 10
174.415
 20
88.232
 10
174.293
 20
88.111
 10
174.324
 20
88.052
 10
174.46
 20
88.007
 10
174.428
 20
87.931
 10
174.505
 20
87.764
 10
174.428
 20
87.705
 10
174.473
 20
87.615
 10
174.442
 20
87.557
 10
174.306
 20
87.449
 10
174.324
 20
87.602
 10
174.234
 20
87.584
 10
174.216
 20
87.467
 10
174.144
 20
87.359
 10
174.081
 20
87.359
 10
174.158
 20
87.525
 10
174.126
 20
87.557
 10
174.036
 20
87.494
 10
174.009
 20
87.557
 10
173.933
 20
87.57
 10
173.933
 20
87.705
 10
174.023
 20
87.931
 10
173.946
 20
87.962
 10
173.811
 20
87.629
 10
173.888
 20
87.525
 10
173.874
 20
87.422
 10
173.964
 20
87.377
 10
173.991
 20
87.269
 10
174.099
 20
87.196
 10
174.009
 20
86.998
 10
173.978
 20
87.03
 10
174.054
 20
87.196
 10
173.946
 20
87.133
 10
173.933
 20
87.21
 10
173.874
 20
87.178
 10
173.874
 20
87.088
 10
173.811
 20
87.106
 10
173.784
 20
87.043
 10
173.752
 20
87.075
 10
173.856
 20
87.287
 10
173.919
 20
87.314
 10
173.888
 20
87.345
 10
173.766
 20
87.287
 10
173.721
 20
87.151
 10
173.662
 20
87.12
 10
173.572
 20
87.165
 10
173.496
 20
87.061
 10
173.527
 20
87.03
 10
173.694
 20
87.061
 10
173.586
 20
86.818
 10
173.739
 20
86.773
 10
173.649
 20
86.683
 10
173.586
 20
86.773
 10
173.514
 20
86.773
 10
173.451
 20
86.656
 10
173.469
 20
86.593
 10
173.361
 20
86.638
 10
173.302
 20
86.76
 10
173.243
 20
86.728
 10
173.225
 20
86.611
 10
173.09
 20
86.548
 10
173.662
 20
86.534
 10
173.752
 20
86.579
 10
174.293
 20
86.579
 10
174.487
 20
86.656
 10
174.743
 20
87.165
 10
175.284
 20
88.471
 10
175.315
 20
88.593
 10
175.162
 20
88.845
 10
174.505
 20
89.494
 10
174.442
 20
89.611
 10
174.216
 20
89.836
 10
173.978
 20
90.003
 10
173.797
 20
90.048
 10
172.671
 20
90.048
 10
172.581
 20
90.093
 97
0
 92
2
 72
0
 73
1
 93
5
 10
174.306
 20
88.503
 10
174.428
 20
88.516
 10
174.473
 20
88.471
 10
174.442
 20
88.413
 10
174.338
 20
88.381
 97
0
 92
2
 72
0
 73
1
 93
5
 10
170.991
 20
88.232
 10
170.793
 20
88.142
 10
170.793
 20
88.079
 10
170.915
 20
88.111
 10
170.991
 20
88.079
 97
0
 92
2
 72
0
 73
1
 93
17
 10
173.424
 20
88.232
 10
173.347
 20
88.156
 10
173.379
 20
88.079
 10
173.316
 20
87.944
 10
173.406
 20
87.962
 10
173.469
 20
88.124
 10
173.514
 20
88.142
 10
173.514
 20
87.872
 10
173.604
 20
87.872
 10
173.829
 20
87.764
 10
173.811
 20
87.854
 10
173.631
 20
87.899
 10
173.572
 20
88.021
 10
173.649
 20
88.124
 10
173.631
 20
88.169
 10
173.559
 20
88.232
 10
173.451
 20
88.169
 97
0
 92
2
 72
0
 73
1
 93
6
 10
173.739
 20
88.187
 10
173.707
 20
88.156
 10
173.784
 20
88.007
 10
173.856
 20
88.007
 10
173.874
 20
88.097
 10
173.766
 20
88.124
 97
0
 92
2
 72
0
 73
1
 93
4
 10
170.946
 20
88.052
 10
170.793
 20
87.962
 10
170.87
 20
87.841
 10
170.96
 20
87.931
 97
0
 92
2
 72
0
 73
1
 93
9
 10
174.279
 20
88.007
 10
174.234
 20
87.854
 10
174.158
 20
87.796
 10
174.171
 20
87.764
 10
174.293
 20
87.796
 10
174.369
 20
87.719
 10
174.415
 20
87.827
 10
174.338
 20
87.886
 10
174.369
 20
87.962
 97
0
 92
2
 72
0
 73
1
 93
5
 10
173.198
 20
87.737
 10
173.18
 20
87.629
 10
173.243
 20
87.647
 10
173.379
 20
87.584
 10
173.379
 20
87.647
 97
0
 92
2
 72
0
 73
1
 93
6
 10
173.347
 20
87.075
 10
173.288
 20
87.043
 10
173.288
 20
86.971
 10
173.469
 20
86.863
 10
173.469
 20
86.971
 10
173.406
 20
86.953
 97
0
 75
0
 76
1
 98
0
  0
HATCH
  5
4A
330
17
100
AcDbEntity
  8
RASTER
 62
7
100
AcDbHatch
 10
0.0
 20
0.0
 30
0.0
210
0.0
220
0.0
230
1.0
  2
SOLID
 70
1
 71
0
 91
2
 92
3
 72
0
 73
1
 93
48
 10
183.583
 20
89.52
 10
183.556
 20
89.105
 10
183.475
 20
88.698
 10
183.341
 20
88.304
 10
183.158
 20
87.932
 10
182.927
 20
87.586
 10
182.653
 20
87.274
 10
182.341
 20
87.0
 10
181.995
 20
86.769
 10
181.623
 20
86.586
 10
181.229
 20
86.452
 10
180.822
 20
86.371
 10
180.408
 20
86.344
 10
179.993
 20
86.371
 10
179.586
 20
86.452
 10
179.192
 20
86.586
 10
178.82
 20
86.769
 10
178.474
 20
87.0
 10
178.162
 20
87.274
 10
177.888
 20
87.586
 10
177.657
 20
87.932
 10
177.474
 20
88.304
 10
177.34
 20
88.698
 10
177.259
 20
89.105
 10
177.232
 20
89.52
 10
177.259
 20
89.934
 10
177.34
 20
90.342
 10
177.474
 20
90.735
 10
177.657
 20
91.107
 10
177.888
 20
91.453
 10
178.162
 20
91.765
 10
178.474
 20
92.039
 10
178.82
 20
92.27
 10
179.192
 20
92.453
 10
179.586
 20
92.587
 10
179.993
 20
92.668
 10
180.408
 20
92.695
 10
180.822
 20
92.668
 10
181.229
 20
92.587
 10
181.623
 20
92.453
 10
181.995
 20
92.27
 10
182.341
 20
92.039
 10
182.653
 20
91.765
 10
182.927
 20
91.453
 10
183.158
 20
91.107
 10
183.341
 20
90.735
 10
183.475
 20
90.342
 10
183.556
 20
89.934
 97
0
 92
2
 72
0
 73
1
 93
327
 10
180.059
 20
89.771
 10
180.059
 20
89.411
 10
180.171
 20
89.411
 10
180.198
 20
89.411
 10
180.225
 20
89.41
 10
180.251
 20
89.408
 10
180.279
 20
89.405
 10
180.306
 20
89.402
 10
180.334
 20
89.398
 10
180.362
 20
89.394
 10
180.391
 20
89.388
 10
180.419
 20
89.382
 10
180.447
 20
89.375
 10
180.474
 20
89.368
 10
180.5
 20
89.359
 10
180.526
 20
89.349
 10
180.551
 20
89.339
 10
180.575
 20
89.328
 10
180.599
 20
89.315
 10
180.622
 20
89.302
 10
180.644
 20
89.288
 10
180.664
 20
89.272
 10
180.684
 20
89.255
 10
180.703
 20
89.238
 10
180.721
 20
89.218
 10
180.738
 20
89.198
 10
180.754
 20
89.177
 10
180.769
 20
89.154
 10
180.781
 20
89.13
 10
180.792
 20
89.105
 10
180.801
 20
89.079
 10
180.807
 20
89.051
 10
180.812
 20
89.023
 10
180.815
 20
88.993
 10
180.816
 20
88.961
 10
180.815
 20
88.932
 10
180.813
 20
88.904
 10
180.81
 20
88.877
 10
180.805
 20
88.851
 10
180.799
 20
88.826
 10
180.792
 20
88.802
 10
180.783
 20
88.78
 10
180.773
 20
88.759
 10
180.762
 20
88.739
 10
180.75
 20
88.72
 10
180.737
 20
88.701
 10
180.723
 20
88.684
 10
180.709
 20
88.668
 10
180.694
 20
88.652
 10
180.677
 20
88.638
 10
180.66
 20
88.624
 10
180.643
 20
88.611
 10
180.625
 20
88.6
 10
180.606
 20
88.589
 10
180.586
 20
88.579
 10
180.567
 20
88.569
 10
180.546
 20
88.561
 10
180.525
 20
88.554
 10
180.503
 20
88.547
 10
180.481
 20
88.541
 10
180.459
 20
88.537
 10
180.437
 20
88.532
 10
180.416
 20
88.529
 10
180.394
 20
88.526
 10
180.372
 20
88.524
 10
180.35
 20
88.523
 10
180.329
 20
88.523
 10
180.277
 20
88.525
 10
180.227
 20
88.53
 10
180.18
 20
88.538
 10
180.135
 20
88.55
 10
180.093
 20
88.565
 10
180.054
 20
88.584
 10
180.017
 20
88.606
 10
179.982
 20
88.632
 10
179.95
 20
88.659
 10
179.921
 20
88.689
 10
179.894
 20
88.72
 10
179.87
 20
88.752
 10
179.849
 20
88.786
 10
179.83
 20
88.822
 10
179.814
 20
88.859
 10
179.801
 20
88.898
 10
179.381
 20
88.766
 10
179.395
 20
88.726
 10
179.41
 20
88.687
 10
179.426
 20
88.649
 10
179.444
 20
88.613
 10
179.463
 20
88.578
 10
179.484
 20
88.544
 10
179.506
 20
88.512
 10
179.529
 20
88.482
 10
179.553
 20
88.452
 10
179.578
 20
88.424
 10
179.605
 20
88.398
 10
179.632
 20
88.373
 10
179.66
 20
88.349
 10
179.689
 20
88.327
 10
179.719
 20
88.306
 10
179.75
 20
88.287
 10
179.782
 20
88.269
 10
179.814
 20
88.252
 10
179.847
 20
88.236
 10
179.882
 20
88.222
 10
179.916
 20
88.208
 10
179.952
 20
88.196
 10
179.988
 20
88.186
 10
180.025
 20
88.176
 10
180.063
 20
88.168
 10
180.101
 20
88.161
 10
180.14
 20
88.155
 10
180.18
 20
88.15
 10
180.22
 20
88.146
 10
180.261
 20
88.143
 10
180.302
 20
88.141
 10
180.344
 20
88.141
 10
180.386
 20
88.141
 10
180.428
 20
88.144
 10
180.47
 20
88.148
 10
180.512
 20
88.153
 10
180.553
 20
88.16
 10
180.595
 20
88.169
 10
180.636
 20
88.179
 10
180.677
 20
88.191
 10
180.718
 20
88.205
 10
180.758
 20
88.22
 10
180.797
 20
88.236
 10
180.834
 20
88.254
 10
180.871
 20
88.274
 10
180.907
 20
88.296
 10
180.942
 20
88.318
 10
180.975
 20
88.343
 10
181.008
 20
88.369
 10
181.038
 20
88.397
 10
181.068
 20
88.426
 10
181.095
 20
88.457
 10
181.121
 20
88.49
 10
181.145
 20
88.524
 10
181.168
 20
88.56
 10
181.189
 20
88.598
 10
181.208
 20
88.637
 10
181.224
 20
88.678
 10
181.238
 20
88.72
 10
181.249
 20
88.765
 10
181.258
 20
88.81
 10
181.264
 20
88.858
 10
181.268
 20
88.907
 10
181.269
 20
88.958
 10
181.267
 20
89.018
 10
181.26
 20
89.076
 10
181.248
 20
89.132
 10
181.231
 20
89.186
 10
181.21
 20
89.237
 10
181.184
 20
89.285
 10
181.153
 20
89.332
 10
181.118
 20
89.375
 10
181.078
 20
89.416
 10
181.036
 20
89.453
 10
180.991
 20
89.486
 10
180.943
 20
89.515
 10
180.892
 20
89.541
 10
180.838
 20
89.563
 10
180.782
 20
89.58
 10
180.722
 20
89.595
 10
180.722
 20
89.602
 10
180.775
 20
89.617
 10
180.825
 20
89.635
 10
180.873
 20
89.657
 10
180.918
 20
89.683
 10
180.96
 20
89.712
 10
180.999
 20
89.745
 10
181.035
 20
89.781
 10
181.069
 20
89.821
 10
181.099
 20
89.864
 10
181.126
 20
89.908
 10
181.148
 20
89.953
 10
181.166
 20
90.0
 10
181.18
 20
90.048
 10
181.19
 20
90.098
 10
181.196
 20
90.149
 10
181.198
 20
90.202
 10
181.197
 20
90.246
 10
181.194
 20
90.289
 10
181.189
 20
90.33
 10
181.181
 20
90.37
 10
181.172
 20
90.409
 10
181.16
 20
90.446
 10
181.147
 20
90.482
 10
181.131
 20
90.516
 10
181.113
 20
90.549
 10
181.094
 20
90.581
 10
181.073
 20
90.611
 10
181.051
 20
90.64
 10
181.027
 20
90.668
 10
181.001
 20
90.694
 10
180.974
 20
90.719
 10
180.945
 20
90.743
 10
180.915
 20
90.765
 10
180.884
 20
90.786
 10
180.851
 20
90.806
 10
180.818
 20
90.824
 10
180.783
 20
90.84
 10
180.747
 20
90.855
 10
180.71
 20
90.869
 10
180.672
 20
90.882
 10
180.633
 20
90.893
 10
180.593
 20
90.902
 10
180.553
 20
90.91
 10
180.512
 20
90.917
 10
180.471
 20
90.922
 10
180.429
 20
90.926
 10
180.387
 20
90.928
 10
180.344
 20
90.929
 10
180.305
 20
90.928
 10
180.266
 20
90.926
 10
180.228
 20
90.922
 10
180.19
 20
90.917
 10
180.153
 20
90.911
 10
180.116
 20
90.903
 10
180.08
 20
90.894
 10
180.044
 20
90.884
 10
180.009
 20
90.872
 10
179.975
 20
90.859
 10
179.941
 20
90.845
 10
179.909
 20
90.83
 10
179.877
 20
90.813
 10
179.846
 20
90.796
 10
179.816
 20
90.778
 10
179.787
 20
90.758
 10
179.759
 20
90.737
 10
179.732
 20
90.716
 10
179.706
 20
90.693
 10
179.682
 20
90.67
 10
179.658
 20
90.646
 10
179.635
 20
90.62
 10
179.613
 20
90.594
 10
179.593
 20
90.567
 10
179.573
 20
90.539
 10
179.555
 20
90.51
 10
179.539
 20
90.481
 10
179.524
 20
90.45
 10
179.51
 20
90.419
 10
179.498
 20
90.387
 10
179.487
 20
90.355
 10
179.478
 20
90.322
 10
179.902
 20
90.213
 10
179.913
 20
90.25
 10
179.927
 20
90.286
 10
179.942
 20
90.32
 10
179.96
 20
90.351
 10
179.98
 20
90.381
 10
180.001
 20
90.41
 10
180.025
 20
90.436
 10
180.052
 20
90.46
 10
180.08
 20
90.482
 10
180.109
 20
90.501
 10
180.141
 20
90.517
 10
180.174
 20
90.53
 10
180.209
 20
90.541
 10
180.246
 20
90.548
 10
180.285
 20
90.552
 10
180.325
 20
90.554
 10
180.346
 20
90.553
 10
180.366
 20
90.552
 10
180.386
 20
90.55
 10
180.406
 20
90.547
 10
180.426
 20
90.544
 10
180.446
 20
90.539
 10
180.465
 20
90.534
 10
180.484
 20
90.528
 10
180.503
 20
90.521
 10
180.522
 20
90.513
 10
180.539
 20
90.505
 10
180.557
 20
90.496
 10
180.573
 20
90.486
 10
180.589
 20
90.476
 10
180.604
 20
90.464
 10
180.619
 20
90.453
 10
180.633
 20
90.44
 10
180.647
 20
90.427
 10
180.659
 20
90.413
 10
180.671
 20
90.398
 10
180.682
 20
90.383
 10
180.693
 20
90.367
 10
180.702
 20
90.35
 10
180.711
 20
90.333
 10
180.719
 20
90.315
 10
180.726
 20
90.296
 10
180.732
 20
90.277
 10
180.736
 20
90.257
 10
180.74
 20
90.236
 10
180.743
 20
90.215
 10
180.744
 20
90.194
 10
180.745
 20
90.172
 10
180.744
 20
90.141
 10
180.742
 20
90.113
 10
180.738
 20
90.085
 10
180.732
 20
90.06
 10
180.725
 20
90.035
 10
180.716
 20
90.012
 10
180.706
 20
89.991
 10
180.694
 20
89.971
 10
180.681
 20
89.952
 10
180.667
 20
89.935
 10
180.652
 20
89.918
 10
180.636
 20
89.902
 10
180.619
 20
89.888
 10
180.6
 20
89.874
 10
180.581
 20
89.861
 10
180.561
 20
89.849
 10
180.54
 20
89.839
 10
180.519
 20
89.829
 10
180.497
 20
89.82
 10
180.475
 20
89.811
 10
180.452
 20
89.804
 10
180.428
 20
89.798
 10
180.404
 20
89.792
 10
180.379
 20
89.788
 10
180.355
 20
89.784
 10
180.33
 20
89.78
 10
180.305
 20
89.777
 10
180.28
 20
89.775
 10
180.255
 20
89.773
 10
180.229
 20
89.772
 10
180.204
 20
89.771
 10
180.179
 20
89.771
 10
180.059
 20
89.771
 97
0
 75
0
 76
1
 98
0
  0
HATCH
  5
4B
330
17
100
AcDbEntity
  8
RASTER
 62
7
100
AcDbHatch
 10
0.0
 20
0.0
 30
0.0
210
0.0
220
0.0
230
1.0
  2
SOLID
 70
1
 71
0
 91
14
 92
3
 72
0
 73
1
 93
39
 10
193.287
 20
92.827
 10
193.364
 20
92.84
 10
193.995
 20
92.66
 10
195.481
 20
92.165
 10
195.72
 20
92.043
 10
195.886
 20
91.714
 10
196.098
 20
90.304
 10
197.328
 20
90.273
 10
197.521
 20
90.196
 10
197.882
 20
89.881
 10
198.035
 20
89.674
 10
198.692
 20
89.025
 10
198.828
 20
88.845
 10
198.904
 20
88.696
 10
198.904
 20
88.426
 10
198.017
 20
86.386
 10
197.688
 20
86.309
 10
196.607
 20
86.264
 10
196.517
 20
86.219
 10
195.706
 20
86.219
 10
195.377
 20
86.521
 10
195.314
 20
86.638
 10
195.107
 20
86.836
 10
195.044
 20
86.953
 10
194.458
 20
87.629
 10
194.386
 20
87.629
 10
194.323
 20
87.557
 10
194.085
 20
87.435
 10
193.814
 20
87.48
 10
191.923
 20
88.201
 10
191.684
 20
88.322
 10
191.594
 20
88.413
 10
191.472
 20
88.741
 10
191.202
 20
90.093
 10
191.067
 20
90.543
 10
191.022
 20
91.038
 10
191.143
 20
91.277
 10
191.279
 20
91.412
 10
192.9
 20
92.628
 97
0
 92
2
 72
0
 73
1
 93
115
 10
193.274
 20
92.57
 10
191.414
 20
91.187
 10
191.292
 20
90.993
 10
191.292
 20
90.903
 10
191.396
 20
90.421
 10
191.504
 20
90.484
 10
191.607
 20
90.318
 10
191.562
 20
90.273
 10
191.441
 20
90.304
 10
191.427
 20
90.183
 10
191.549
 20
89.719
 10
191.639
 20
89.719
 10
191.742
 20
89.642
 10
191.684
 20
89.566
 10
191.594
 20
89.629
 10
191.562
 20
89.597
 10
191.819
 20
88.593
 10
191.923
 20
88.516
 10
192.477
 20
88.304
 10
192.477
 20
88.35
 10
192.387
 20
88.395
 10
192.45
 20
88.485
 10
192.432
 20
88.548
 10
192.643
 20
88.471
 10
192.657
 20
88.53
 10
192.567
 20
88.53
 10
192.643
 20
88.606
 10
192.72
 20
88.593
 10
192.747
 20
88.485
 10
192.81
 20
88.548
 10
192.837
 20
88.485
 10
192.914
 20
88.516
 10
193.049
 20
88.426
 10
193.125
 20
88.458
 10
193.197
 20
88.395
 10
193.26
 20
88.413
 10
193.184
 20
88.246
 10
193.215
 20
88.187
 10
193.26
 20
88.169
 10
193.35
 20
88.232
 10
193.377
 20
88.169
 10
193.454
 20
88.201
 10
193.558
 20
88.124
 10
193.558
 20
88.187
 10
193.621
 20
88.187
 10
193.666
 20
87.989
 10
193.513
 20
88.007
 10
193.576
 20
87.962
 10
193.513
 20
87.899
 10
193.995
 20
87.75
 10
194.071
 20
87.899
 10
194.04
 20
88.291
 10
193.995
 20
88.381
 10
193.995
 20
88.561
 10
194.04
 20
88.651
 10
193.95
 20
88.696
 10
193.904
 20
89.102
 10
193.936
 20
89.133
 10
193.981
 20
89.025
 10
194.13
 20
89.192
 10
194.188
 20
89.115
 10
194.251
 20
89.115
 10
194.251
 20
89.178
 10
194.188
 20
89.223
 10
194.31
 20
89.372
 10
194.233
 20
89.403
 10
194.116
 20
89.34
 10
194.116
 20
89.25
 10
194.04
 20
89.282
 10
194.026
 20
89.205
 10
193.95
 20
89.192
 10
193.936
 20
89.268
 10
193.859
 20
89.282
 10
193.873
 20
89.449
 10
193.995
 20
89.552
 10
194.116
 20
89.521
 10
194.13
 20
89.597
 10
194.085
 20
89.687
 10
194.143
 20
89.764
 10
194.233
 20
89.764
 10
194.251
 20
89.809
 10
194.188
 20
89.791
 10
194.175
 20
89.867
 10
194.265
 20
90.003
 10
194.368
 20
89.926
 10
194.445
 20
89.777
 10
194.504
 20
89.899
 10
194.594
 20
89.944
 10
194.702
 20
89.899
 10
194.747
 20
89.791
 10
194.67
 20
89.732
 10
194.837
 20
89.566
 10
195.062
 20
90.106
 10
195.197
 20
90.241
 10
195.346
 20
90.318
 10
195.783
 20
90.331
 10
195.751
 20
90.768
 10
195.72
 20
90.827
 10
195.616
 20
90.858
 10
195.706
 20
90.948
 10
195.706
 20
91.038
 10
195.675
 20
91.07
 10
195.585
 20
91.007
 10
195.404
 20
91.097
 10
195.481
 20
91.219
 10
195.404
 20
91.385
 10
195.494
 20
91.367
 10
195.603
 20
91.25
 10
195.648
 20
91.097
 10
195.661
 20
91.399
 10
195.616
 20
91.489
 10
195.616
 20
91.669
 10
195.539
 20
91.818
 10
195.346
 20
91.939
 10
193.544
 20
92.525
 97
0
 92
2
 72
0
 73
1
 93
8
 10
195.314
 20
91.43
 10
195.346
 20
91.264
 10
195.287
 20
91.142
 10
195.256
 20
91.174
 10
195.287
 20
91.25
 10
195.211
 20
91.309
 10
195.089
 20
91.232
 10
195.152
 20
91.322
 97
0
 92
2
 72
0
 73
1
 93
10
 10
194.278
 20
90.214
 10
194.522
 20
90.124
 10
194.535
 20
90.048
 10
194.431
 20
89.926
 10
194.4
 20
89.958
 10
194.476
 20
90.079
 10
194.4
 20
90.093
 10
194.386
 20
90.016
 10
194.323
 20
90.016
 10
194.355
 20
90.138
 97
0
 92
2
 72
0
 73
1
 93
7
 10
191.576
 20
90.124
 10
191.652
 20
90.138
 10
191.697
 20
90.093
 10
191.697
 20
89.958
 10
191.652
 20
89.912
 10
191.549
 20
89.944
 10
191.517
 20
90.003
 97
0
 92
2
 72
0
 73
1
 93
129
 10
195.436
 20
90.093
 10
195.314
 20
90.034
 10
195.211
 20
89.822
 10
195.211
 20
89.732
 10
195.031
 20
89.282
 10
195.076
 20
89.147
 10
195.044
 20
89.115
 10
194.999
 20
89.178
 10
194.94
 20
89.057
 10
194.625
 20
88.156
 10
194.625
 20
87.886
 10
194.702
 20
87.737
 10
195.269
 20
87.133
 10
195.738
 20
86.521
 10
195.783
 20
86.503
 10
195.873
 20
86.611
 10
195.855
 20
86.503
 10
195.976
 20
86.489
 10
196.008
 20
86.503
 10
195.976
 20
86.624
 10
195.886
 20
86.715
 10
196.08
 20
87.106
 10
196.157
 20
87.075
 10
196.202
 20
87.12
 10
196.112
 20
87.21
 10
196.278
 20
87.314
 10
196.202
 20
87.39
 10
196.215
 20
87.467
 10
196.337
 20
87.435
 10
196.382
 20
87.48
 10
196.26
 20
87.557
 10
196.684
 20
88.485
 10
196.787
 20
88.561
 10
197.012
 20
88.561
 10
197.179
 20
88.187
 10
197.283
 20
88.201
 10
197.449
 20
88.124
 10
197.341
 20
88.214
 10
197.341
 20
88.322
 10
197.449
 20
88.304
 10
197.449
 20
88.368
 10
197.328
 20
88.426
 10
197.193
 20
88.291
 10
197.161
 20
88.413
 10
197.206
 20
88.503
 10
197.373
 20
88.516
 10
197.449
 20
88.44
 10
197.553
 20
88.516
 10
197.584
 20
88.485
 10
197.521
 20
88.413
 10
197.539
 20
88.368
 10
197.629
 20
88.368
 10
197.674
 20
88.277
 10
197.765
 20
88.232
 10
197.643
 20
88.111
 10
197.674
 20
88.052
 10
197.81
 20
88.007
 10
197.778
 20
87.931
 10
197.855
 20
87.764
 10
197.778
 20
87.705
 10
197.823
 20
87.615
 10
197.792
 20
87.557
 10
197.656
 20
87.449
 10
197.674
 20
87.602
 10
197.584
 20
87.584
 10
197.566
 20
87.467
 10
197.494
 20
87.359
 10
197.431
 20
87.359
 10
197.508
 20
87.525
 10
197.476
 20
87.557
 10
197.386
 20
87.494
 10
197.359
 20
87.557
 10
197.283
 20
87.57
 10
197.283
 20
87.705
 10
197.373
 20
87.931
 10
197.296
 20
87.962
 10
197.161
 20
87.629
 10
197.238
 20
87.525
 10
197.224
 20
87.422
 10
197.314
 20
87.377
 10
197.341
 20
87.269
 10
197.449
 20
87.196
 10
197.359
 20
86.998
 10
197.328
 20
87.03
 10
197.404
 20
87.196
 10
197.296
 20
87.133
 10
197.283
 20
87.21
 10
197.224
 20
87.178
 10
197.224
 20
87.088
 10
197.161
 20
87.106
 10
197.134
 20
87.043
 10
197.102
 20
87.075
 10
197.206
 20
87.287
 10
197.269
 20
87.314
 10
197.238
 20
87.345
 10
197.116
 20
87.287
 10
197.071
 20
87.151
 10
197.012
 20
87.12
 10
196.922
 20
87.165
 10
196.846
 20
87.061
 10
196.877
 20
87.03
 10
197.044
 20
87.061
 10
196.936
 20
86.818
 10
197.089
 20
86.773
 10
196.999
 20
86.683
 10
196.936
 20
86.773
 10
196.864
 20
86.773
 10
196.801
 20
86.656
 10
196.819
 20
86.593
 10
196.711
 20
86.638
 10
196.652
 20
86.76
 10
196.593
 20
86.728
 10
196.575
 20
86.611
 10
196.44
 20
86.548
 10
197.012
 20
86.534
 10
197.102
 20
86.579
 10
197.643
 20
86.579
 10
197.837
 20
86.656
 10
198.093
 20
87.165
 10
198.634
 20
88.471
 10
198.665
 20
88.593
 10
198.512
 20
88.845
 10
197.855
 20
89.494
 10
197.792
 20
89.611
 10
197.566
 20
89.836
 10
197.328
 20
90.003
 10
197.147
 20
90.048
 10
196.021
 20
90.048
 10
195.931
 20
90.093
 97
0
 92
2
 72
0
 73
1
 93
5
 10
197.656
 20
88.503
 10
197.778
 20
88.516
 10
197.823
 20
88.471
 10
197.792
 20
88.413
 10
197.688
 20
88.381
 97
0
 92
2
 72
0
 73
1
 93
5
 10
194.341
 20
88.232
 10
194.143
 20
88.142
 10
194.143
 20
88.079
 10
194.265
 20
88.111
 10
194.341
 20
88.079
 97
0
 92
2
 72
0
 73
1
 93
17
 10
196.774
 20
88.232
 10
196.697
 20
88.156
 10
196.729
 20
88.079
 10
196.666
 20
87.944
 10
196.756
 20
87.962
 10
196.819
 20
88.124
 10
196.864
 20
88.142
 10
196.864
 20
87.872
 10
196.954
 20
87.872
 10
197.179
 20
87.764
 10
197.161
 20
87.854
 10
196.981
 20
87.899
 10
196.922
 20
88.021
 10
196.999
 20
88.124
 10
196.981
 20
88.169
 10
196.909
 20
88.232
 10
196.801
 20
88.169
 97
0
 92
2
 72
0
 73
1
 93
6
 10
197.089
 20
88.187
 10
197.057
 20
88.156
 10
197.134
 20
88.007
 10
197.206
 20
88.007
 10
197.224
 20
88.097
 10
197.116
 20
88.124
 97
0
 92
2
 72
0
 73
1
 93
4
 10
194.296
 20
88.052
 10
194.143
 20
87.962
 10
194.22
 20
87.841
 10
194.31
 20
87.931
 97
0
 92
2
 72
0
 73
1
 93
9
 10
197.629
 20
88.007
 10
197.584
 20
87.854
 10
197.508
 20
87.796
 10
197.521
 20
87.764
 10
197.643
 20
87.796
 10
197.719
 20
87.719
 10
197.765
 20
87.827
 10
197.688
 20
87.886
 10
197.719
 20
87.962
 97
0
 92
2
 72
0
 73
1
 93
5
 10
196.548
 20
87.737
 10
196.53
 20
87.629
 10
196.593
 20
87.647
 10
196.729
 20
87.584
 10
196.729
 20
87.647
 97
0
 92
2
 72
0
 73
1
 93
6
 10
196.697
 20
87.075
 10
196.638
 20
87.043
 10
196.638
 20
86.971
 10
196.819
 20
86.863
 10
196.819
 20
86.971
 10
196.756
 20
86.953
 97
0
 75
0
 76
1
 98
0
  0
HATCH
  5
4C
330
17
100
AcDbEntity
  8
RASTER
 62
7
100
AcDbHatch
 10
0.0
 20
0.0
 30
0.0
210
0.0
220
0.0
230
1.0
  2
SOLID
 70
1
 71
0
 91
3
 92
3
 72
0
 73
1
 93
48
 10
206.933
 20
89.52
 10
206.906
 20
89.105
 10
206.825
 20
88.698
 10
206.691
 20
88.304
 10
206.508
 20
87.932
 10
206.277
 20
87.586
 10
206.003
 20
87.274
 10
205.691
 20
87.0
 10
205.345
 20
86.769
 10
204.973
 20
86.586
 10
204.579
 20
86.452
 10
204.172
 20
86.371
 10
203.758
 20
86.344
 10
203.343
 20
86.371
 10
202.936
 20
86.452
 10
202.542
 20
86.586
 10
202.17
 20
86.769
 10
201.824
 20
87.0
 10
201.512
 20
87.274
 10
201.238
 20
87.586
 10
201.007
 20
87.932
 10
200.824
 20
88.304
 10
200.69
 20
88.698
 10
200.609
 20
89.105
 10
200.582
 20
89.52
 10
200.609
 20
89.934
 10
200.69
 20
90.342
 10
200.824
 20
90.735
 10
201.007
 20
91.107
 10
201.238
 20
91.453
 10
201.512
 20
91.765
 10
201.824
 20
92.039
 10
202.17
 20
92.27
 10
202.542
 20
92.453
 10
202.936
 20
92.587
 10
203.343
 20
92.668
 10
203.758
 20
92.695
 10
204.172
 20
92.668
 10
204.579
 20
92.587
 10
204.973
 20
92.453
 10
205.345
 20
92.27
 10
205.691
 20
92.039
 10
206.003
 20
91.765
 10
206.277
 20
91.453
 10
206.508
 20
91.107
 10
206.691
 20
90.735
 10
206.825
 20
90.342
 10
206.906
 20
89.934
 97
0
 92
2
 72
0
 73
1
 93
12
 10
203.919
 20
88.759
 10
203.919
 20
88.208
 10
204.361
 20
88.208
 10
204.361
 20
88.759
 10
204.732
 20
88.759
 10
204.732
 20
89.145
 10
204.361
 20
89.145
 10
204.361
 20
90.861
 10
203.821
 20
90.861
 10
202.693
 20
89.156
 10
202.693
 20
88.759
 10
203.919
 20
88.759
 97
0
 92
2
 72
0
 73
1
 93
5
 10
203.919
 20
90.333
 10
203.919
 20
89.145
 10
203.158
 20
89.145
 10
203.911
 20
90.333
 10
203.919
 20
90.333
 97
0
 75
0
 76
1
 98
0
  0
HATCH
  5
4D
330
17
100
AcDbEntity
  8
RASTER
 62
7
100
AcDbHatch
 10
0.0
 20
0.0
 30
0.0
210
0.0
220
0.0
230
1.0
  2
SOLID
 70
1
 71
0
 91
14
 92
3
 72
0
 73
1
 93
39
 10
169.937
 20
69.477
 10
170.014
 20
69.49
 10
170.645
 20
69.31
 10
172.131
 20
68.815
 10
172.37
 20
68.693
 10
172.536
 20
68.364
 10
172.748
 20
66.954
 10
173.978
 20
66.923
 10
174.171
 20
66.846
 10
174.532
 20
66.531
 10
174.685
 20
66.324
 10
175.342
 20
65.675
 10
175.478
 20
65.495
 10
175.554
 20
65.346
 10
175.554
 20
65.076
 10
174.667
 20
63.036
 10
174.338
 20
62.959
 10
173.257
 20
62.914
 10
173.167
 20
62.869
 10
172.356
 20
62.869
 10
172.027
 20
63.171
 10
171.964
 20
63.288
 10
171.757
 20
63.486
 10
171.694
 20
63.603
 10
171.108
 20
64.279
 10
171.036
 20
64.279
 10
170.973
 20
64.207
 10
170.735
 20
64.085
 10
170.464
 20
64.13
 10
168.573
 20
64.851
 10
168.334
 20
64.972
 10
168.244
 20
65.063
 10
168.122
 20
65.391
 10
167.852
 20
66.743
 10
167.717
 20
67.193
 10
167.672
 20
67.688
 10
167.793
 20
67.927
 10
167.929
 20
68.062
 10
169.55
 20
69.278
 97
0
 92
2
 72
0
 73
1
 93
115
 10
169.924
 20
69.22
 10
168.064
 20
67.837
 10
167.942
 20
67.643
 10
167.942
 20
67.553
 10
168.046
 20
67.071
 10
168.154
 20
67.134
 10
168.257
 20
66.968
 10
168.212
 20
66.923
 10
168.091
 20
66.954
 10
168.077
 20
66.833
 10
168.199
 20
66.369
 10
168.289
 20
66.369
 10
168.392
 20
66.292
 10
168.334
 20
66.216
 10
168.244
 20
66.279
 10
168.212
 20
66.247
 10
168.469
 20
65.243
 10
168.573
 20
65.166
 10
169.127
 20
64.954
 10
169.127
 20
65.0
 10
169.037
 20
65.045
 10
169.1
 20
65.135
 10
169.082
 20
65.198
 10
169.293
 20
65.121
 10
169.307
 20
65.18
 10
169.217
 20
65.18
 10
169.293
 20
65.256
 10
169.37
 20
65.243
 10
169.397
 20
65.135
 10
169.46
 20
65.198
 10
169.487
 20
65.135
 10
169.564
 20
65.166
 10
169.699
 20
65.076
 10
169.775
 20
65.108
 10
169.847
 20
65.045
 10
169.91
 20
65.063
 10
169.834
 20
64.896
 10
169.865
 20
64.837
 10
169.91
 20
64.819
 10
170.0
 20
64.882
 10
170.027
 20
64.819
 10
170.104
 20
64.851
 10
170.208
 20
64.774
 10
170.208
 20
64.837
 10
170.271
 20
64.837
 10
170.316
 20
64.639
 10
170.163
 20
64.657
 10
170.226
 20
64.612
 10
170.163
 20
64.549
 10
170.645
 20
64.4
 10
170.721
 20
64.549
 10
170.69
 20
64.941
 10
170.645
 20
65.031
 10
170.645
 20
65.211
 10
170.69
 20
65.301
 10
170.6
 20
65.346
 10
170.554
 20
65.752
 10
170.586
 20
65.783
 10
170.631
 20
65.675
 10
170.78
 20
65.842
 10
170.838
 20
65.765
 10
170.901
 20
65.765
 10
170.901
 20
65.828
 10
170.838
 20
65.873
 10
170.96
 20
66.022
 10
170.883
 20
66.053
 10
170.766
 20
65.99
 10
170.766
 20
65.9
 10
170.69
 20
65.932
 10
170.676
 20
65.855
 10
170.6
 20
65.842
 10
170.586
 20
65.918
 10
170.509
 20
65.932
 10
170.523
 20
66.099
 10
170.645
 20
66.202
 10
170.766
 20
66.171
 10
170.78
 20
66.247
 10
170.735
 20
66.337
 10
170.793
 20
66.414
 10
170.883
 20
66.414
 10
170.901
 20
66.459
 10
170.838
 20
66.441
 10
170.825
 20
66.517
 10
170.915
 20
66.653
 10
171.018
 20
66.576
 10
171.095
 20
66.427
 10
171.154
 20
66.549
 10
171.244
 20
66.594
 10
171.352
 20
66.549
 10
171.397
 20
66.441
 10
171.32
 20
66.382
 10
171.487
 20
66.216
 10
171.712
 20
66.756
 10
171.847
 20
66.891
 10
171.996
 20
66.968
 10
172.433
 20
66.981
 10
172.401
 20
67.418
 10
172.37
 20
67.477
 10
172.266
 20
67.508
 10
172.356
 20
67.598
 10
172.356
 20
67.688
 10
172.325
 20
67.72
 10
172.235
 20
67.657
 10
172.054
 20
67.747
 10
172.131
 20
67.869
 10
172.054
 20
68.035
 10
172.144
 20
68.017
 10
172.253
 20
67.9
 10
172.298
 20
67.747
 10
172.311
 20
68.049
 10
172.266
 20
68.139
 10
172.266
 20
68.319
 10
172.189
 20
68.468
 10
171.996
 20
68.589
 10
170.194
 20
69.175
 97
0
 92
2
 72
0
 73
1
 93
8
 10
171.964
 20
68.08
 10
171.996
 20
67.914
 10
171.937
 20
67.792
 10
171.906
 20
67.824
 10
171.937
 20
67.9
 10
171.861
 20
67.959
 10
171.739
 20
67.882
 10
171.802
 20
67.972
 97
0
 92
2
 72
0
 73
1
 93
10
 10
170.928
 20
66.864
 10
171.172
 20
66.774
 10
171.185
 20
66.698
 10
171.081
 20
66.576
 10
171.05
 20
66.608
 10
171.126
 20
66.729
 10
171.05
 20
66.743
 10
171.036
 20
66.666
 10
170.973
 20
66.666
 10
171.005
 20
66.788
 97
0
 92
2
 72
0
 73
1
 93
7
 10
168.226
 20
66.774
 10
168.302
 20
66.788
 10
168.347
 20
66.743
 10
168.347
 20
66.608
 10
168.302
 20
66.562
 10
168.199
 20
66.594
 10
168.167
 20
66.653
 97
0
 92
2
 72
0
 73
1
 93
129
 10
172.086
 20
66.743
 10
171.964
 20
66.684
 10
171.861
 20
66.472
 10
171.861
 20
66.382
 10
171.681
 20
65.932
 10
171.726
 20
65.797
 10
171.694
 20
65.765
 10
171.649
 20
65.828
 10
171.59
 20
65.707
 10
171.275
 20
64.806
 10
171.275
 20
64.536
 10
171.352
 20
64.387
 10
171.919
 20
63.783
 10
172.388
 20
63.171
 10
172.433
 20
63.153
 10
172.523
 20
63.261
 10
172.505
 20
63.153
 10
172.626
 20
63.139
 10
172.658
 20
63.153
 10
172.626
 20
63.274
 10
172.536
 20
63.365
 10
172.73
 20
63.756
 10
172.807
 20
63.725
 10
172.852
 20
63.77
 10
172.762
 20
63.86
 10
172.928
 20
63.964
 10
172.852
 20
64.04
 10
172.865
 20
64.117
 10
172.987
 20
64.085
 10
173.032
 20
64.13
 10
172.91
 20
64.207
 10
173.334
 20
65.135
 10
173.437
 20
65.211
 10
173.662
 20
65.211
 10
173.829
 20
64.837
 10
173.933
 20
64.851
 10
174.099
 20
64.774
 10
173.991
 20
64.864
 10
173.991
 20
64.972
 10
174.099
 20
64.954
 10
174.099
 20
65.018
 10
173.978
 20
65.076
 10
173.843
 20
64.941
 10
173.811
 20
65.063
 10
173.856
 20
65.153
 10
174.023
 20
65.166
 10
174.099
 20
65.09
 10
174.203
 20
65.166
 10
174.234
 20
65.135
 10
174.171
 20
65.063
 10
174.189
 20
65.018
 10
174.279
 20
65.018
 10
174.324
 20
64.927
 10
174.415
 20
64.882
 10
174.293
 20
64.761
 10
174.324
 20
64.702
 10
174.46
 20
64.657
 10
174.428
 20
64.581
 10
174.505
 20
64.414
 10
174.428
 20
64.355
 10
174.473
 20
64.265
 10
174.442
 20
64.207
 10
174.306
 20
64.099
 10
174.324
 20
64.252
 10
174.234
 20
64.234
 10
174.216
 20
64.117
 10
174.144
 20
64.009
 10
174.081
 20
64.009
 10
174.158
 20
64.175
 10
174.126
 20
64.207
 10
174.036
 20
64.144
 10
174.009
 20
64.207
 10
173.933
 20
64.22
 10
173.933
 20
64.355
 10
174.023
 20
64.581
 10
173.946
 20
64.612
 10
173.811
 20
64.279
 10
173.888
 20
64.175
 10
173.874
 20
64.072
 10
173.964
 20
64.027
 10
173.991
 20
63.919
 10
174.099
 20
63.846
 10
174.009
 20
63.648
 10
173.978
 20
63.68
 10
174.054
 20
63.846
 10
173.946
 20
63.783
 10
173.933
 20
63.86
 10
173.874
 20
63.828
 10
173.874
 20
63.738
 10
173.811
 20
63.756
 10
173.784
 20
63.693
 10
173.752
 20
63.725
 10
173.856
 20
63.937
 10
173.919
 20
63.964
 10
173.888
 20
63.995
 10
173.766
 20
63.937
 10
173.721
 20
63.801
 10
173.662
 20
63.77
 10
173.572
 20
63.815
 10
173.496
 20
63.711
 10
173.527
 20
63.68
 10
173.694
 20
63.711
 10
173.586
 20
63.468
 10
173.739
 20
63.423
 10
173.649
 20
63.333
 10
173.586
 20
63.423
 10
173.514
 20
63.423
 10
173.451
 20
63.306
 10
173.469
 20
63.243
 10
173.361
 20
63.288
 10
173.302
 20
63.41
 10
173.243
 20
63.378
 10
173.225
 20
63.261
 10
173.09
 20
63.198
 10
173.662
 20
63.184
 10
173.752
 20
63.229
 10
174.293
 20
63.229
 10
174.487
 20
63.306
 10
174.743
 20
63.815
 10
175.284
 20
65.121
 10
175.315
 20
65.243
 10
175.162
 20
65.495
 10
174.505
 20
66.144
 10
174.442
 20
66.261
 10
174.216
 20
66.486
 10
173.978
 20
66.653
 10
173.797
 20
66.698
 10
172.671
 20
66.698
 10
172.581
 20
66.743
 97
0
 92
2
 72
0
 73
1
 93
5
 10
174.306
 20
65.153
 10
174.428
 20
65.166
 10
174.473
 20
65.121
 10
174.442
 20
65.063
 10
174.338
 20
65.031
 97
0
 92
2
 72
0
 73
1
 93
5
 10
170.991
 20
64.882
 10
170.793
 20
64.792
 10
170.793
 20
64.729
 10
170.915
 20
64.761
 10
170.991
 20
64.729
 97
0
 92
2
 72
0
 73
1
 93
17
 10
173.424
 20
64.882
 10
173.347
 20
64.806
 10
173.379
 20
64.729
 10
173.316
 20
64.594
 10
173.406
 20
64.612
 10
173.469
 20
64.774
 10
173.514
 20
64.792
 10
173.514
 20
64.522
 10
173.604
 20
64.522
 10
173.829
 20
64.414
 10
173.811
 20
64.504
 10
173.631
 20
64.549
 10
173.572
 20
64.671
 10
173.649
 20
64.774
 10
173.631
 20
64.819
 10
173.559
 20
64.882
 10
173.451
 20
64.819
 97
0
 92
2
 72
0
 73
1
 93
6
 10
173.739
 20
64.837
 10
173.707
 20
64.806
 10
173.784
 20
64.657
 10
173.856
 20
64.657
 10
173.874
 20
64.747
 10
173.766
 20
64.774
 97
0
 92
2
 72
0
 73
1
 93
4
 10
170.946
 20
64.702
 10
170.793
 20
64.612
 10
170.87
 20
64.491
 10
170.96
 20
64.581
 97
0
 92
2
 72
0
 73
1
 93
9
 10
174.279
 20
64.657
 10
174.234
 20
64.504
 10
174.158
 20
64.446
 10
174.171
 20
64.414
 10
174.293
 20
64.446
 10
174.369
 20
64.369
 10
174.415
 20
64.477
 10
174.338
 20
64.536
 10
174.369
 20
64.612
 97
0
 92
2
 72
0
 73
1
 93
5
 10
173.198
 20
64.387
 10
173.18
 20
64.279
 10
173.243
 20
64.297
 10
173.379
 20
64.234
 10
173.379
 20
64.297
 97
0
 92
2
 72
0
 73
1
 93
6
 10
173.347
 20
63.725
 10
173.288
 20
63.693
 10
173.288
 20
63.621
 10
173.469
 20
63.513
 10
173.469
 20
63.621
 10
173.406
 20
63.603
 97
0
 75
0
 76
1
 98
0
  0
HATCH
  5
4E
330
17
100
AcDbEntity
  8
RASTER
 62
7
100
AcDbHatch
 10
0.0
 20
0.0
 30
0.0
210
0.0
220
0.0
230
1.0
  2
SOLID
 70
1
 71
0
 91
2
 92
3
 72
0
 73
1
 93
48
 10
183.583
 20
66.17
 10
183.556
 20
65.755
 10
183.475
 20
65.348
 10
183.341
 20
64.954
 10
183.158
 20
64.582
 10
182.927
 20
64.236
 10
182.653
 20
63.924
 10
182.341
 20
63.65
 10
181.995
 20
63.419
 10
181.623
 20
63.236
 10
181.229
 20
63.102
 10
180.822
 20
63.021
 10
180.408
 20
62.994
 10
179.993
 20
63.021
 10
179.586
 20
63.102
 10
179.192
 20
63.236
 10
178.82
 20
63.419
 10
178.474
 20
63.65
 10
178.162
 20
63.924
 10
177.888
 20
64.236
 10
177.657
 20
64.582
 10
177.474
 20
64.954
 10
177.34
 20
65.348
 10
177.259
 20
65.755
 10
177.232
 20
66.17
 10
177.259
 20
66.584
 10
177.34
 20
66.992
 10
177.474
 20
67.385
 10
177.657
 20
67.757
 10
177.888
 20
68.103
 10
178.162
 20
68.415
 10
178.474
 20
68.689
 10
178.82
 20
68.92
 10
179.192
 20
69.103
 10
179.586
 20
69.237
 10
179.993
 20
69.318
 10
180.408
 20
69.345
 10
180.822
 20
69.318
 10
181.229
 20
69.237
 10
181.623
 20
69.103
 10
181.995
 20
68.92
 10
182.341
 20
68.689
 10
182.653
 20
68.415
 10
182.927
 20
68.103
 10
183.158
 20
67.757
 10
183.341
 20
67.385
 10
183.475
 20
66.992
 10
183.556
 20
66.584
 97
0
 92
2
 72
0
 73
1
 93
215
 10
181.157
 20
67.106
 10
181.157
 20
67.511
 10
179.647
 20
67.511
 10
179.602
 20
66.061
 10
179.617
 20
66.068
 10
179.633
 20
66.076
 10
179.649
 20
66.083
 10
179.666
 20
66.09
 10
179.683
 20
66.097
 10
179.701
 20
66.104
 10
179.72
 20
66.111
 10
179.739
 20
66.117
 10
179.758
 20
66.124
 10
179.777
 20
66.13
 10
179.797
 20
66.136
 10
179.816
 20
66.142
 10
179.836
 20
66.148
 10
179.856
 20
66.153
 10
179.876
 20
66.159
 10
179.896
 20
66.164
 10
179.916
 20
66.169
 10
179.937
 20
66.174
 10
179.957
 20
66.178
 10
179.978
 20
66.182
 10
179.998
 20
66.186
 10
180.019
 20
66.19
 10
180.04
 20
66.193
 10
180.061
 20
66.196
 10
180.082
 20
66.198
 10
180.103
 20
66.201
 10
180.123
 20
66.203
 10
180.143
 20
66.204
 10
180.163
 20
66.205
 10
180.182
 20
66.206
 10
180.201
 20
66.207
 10
180.22
 20
66.207
 10
180.247
 20
66.207
 10
180.274
 20
66.206
 10
180.301
 20
66.204
 10
180.328
 20
66.201
 10
180.355
 20
66.198
 10
180.381
 20
66.193
 10
180.408
 20
66.188
 10
180.434
 20
66.183
 10
180.46
 20
66.176
 10
180.485
 20
66.168
 10
180.51
 20
66.159
 10
180.534
 20
66.149
 10
180.557
 20
66.138
 10
180.58
 20
66.125
 10
180.602
 20
66.111
 10
180.623
 20
66.097
 10
180.644
 20
66.08
 10
180.663
 20
66.063
 10
180.682
 20
66.045
 10
180.699
 20
66.025
 10
180.716
 20
66.004
 10
180.732
 20
65.982
 10
180.746
 20
65.958
 10
180.76
 20
65.934
 10
180.772
 20
65.907
 10
180.783
 20
65.88
 10
180.792
 20
65.85
 10
180.799
 20
65.819
 10
180.805
 20
65.787
 10
180.809
 20
65.752
 10
180.811
 20
65.716
 10
180.812
 20
65.679
 10
180.812
 20
65.649
 10
180.81
 20
65.62
 10
180.807
 20
65.592
 10
180.802
 20
65.565
 10
180.797
 20
65.538
 10
180.79
 20
65.513
 10
180.782
 20
65.488
 10
180.773
 20
65.463
 10
180.763
 20
65.44
 10
180.751
 20
65.417
 10
180.739
 20
65.396
 10
180.727
 20
65.376
 10
180.713
 20
65.356
 10
180.698
 20
65.338
 10
180.683
 20
65.32
 10
180.666
 20
65.304
 10
180.649
 20
65.289
 10
180.631
 20
65.274
 10
180.612
 20
65.26
 10
180.593
 20
65.248
 10
180.573
 20
65.236
 10
180.552
 20
65.225
 10
180.531
 20
65.215
 10
180.509
 20
65.207
 10
180.486
 20
65.199
 10
180.463
 20
65.192
 10
180.44
 20
65.186
 10
180.416
 20
65.181
 10
180.392
 20
65.178
 10
180.368
 20
65.175
 10
180.343
 20
65.173
 10
180.318
 20
65.173
 10
180.273
 20
65.174
 10
180.231
 20
65.179
 10
180.19
 20
65.186
 10
180.15
 20
65.197
 10
180.112
 20
65.21
 10
180.075
 20
65.227
 10
180.04
 20
65.246
 10
180.007
 20
65.268
 10
179.975
 20
65.293
 10
179.946
 20
65.32
 10
179.919
 20
65.349
 10
179.894
 20
65.379
 10
179.872
 20
65.412
 10
179.852
 20
65.447
 10
179.834
 20
65.483
 10
179.819
 20
65.521
 10
179.411
 20
65.371
 10
179.439
 20
65.306
 10
179.471
 20
65.244
 10
179.507
 20
65.185
 10
179.547
 20
65.13
 10
179.59
 20
65.079
 10
179.638
 20
65.031
 10
179.689
 20
64.987
 10
179.744
 20
64.946
 10
179.803
 20
64.91
 10
179.865
 20
64.878
 10
179.93
 20
64.851
 10
179.999
 20
64.83
 10
180.071
 20
64.812
 10
180.146
 20
64.8
 10
180.225
 20
64.793
 10
180.306
 20
64.791
 10
180.356
 20
64.792
 10
180.404
 20
64.795
 10
180.452
 20
64.8
 10
180.499
 20
64.807
 10
180.546
 20
64.816
 10
180.592
 20
64.826
 10
180.637
 20
64.839
 10
180.681
 20
64.854
 10
180.724
 20
64.871
 10
180.766
 20
64.89
 10
180.807
 20
64.91
 10
180.846
 20
64.932
 10
180.884
 20
64.956
 10
180.92
 20
64.982
 10
180.955
 20
65.009
 10
180.988
 20
65.038
 10
181.02
 20
65.069
 10
181.051
 20
65.101
 10
181.079
 20
65.136
 10
181.106
 20
65.171
 10
181.131
 20
65.209
 10
181.155
 20
65.248
 10
181.176
 20
65.289
 10
181.196
 20
65.332
 10
181.214
 20
65.376
 10
181.23
 20
65.422
 10
181.243
 20
65.469
 10
181.254
 20
65.518
 10
181.262
 20
65.568
 10
181.268
 20
65.62
 10
181.272
 20
65.673
 10
181.273
 20
65.727
 10
181.272
 20
65.777
 10
181.269
 20
65.826
 10
181.263
 20
65.873
 10
181.256
 20
65.918
 10
181.246
 20
65.962
 10
181.234
 20
66.005
 10
181.22
 20
66.046
 10
181.204
 20
66.085
 10
181.186
 20
66.123
 10
181.166
 20
66.16
 10
181.144
 20
66.195
 10
181.121
 20
66.229
 10
181.096
 20
66.261
 10
181.069
 20
66.291
 10
181.041
 20
66.32
 10
181.011
 20
66.348
 10
180.979
 20
66.374
 10
180.946
 20
66.398
 10
180.912
 20
66.421
 10
180.876
 20
66.442
 10
180.839
 20
66.461
 10
180.801
 20
66.479
 10
180.761
 20
66.496
 10
180.72
 20
66.511
 10
180.678
 20
66.524
 10
180.635
 20
66.535
 10
180.591
 20
66.545
 10
180.547
 20
66.553
 10
180.501
 20
66.559
 10
180.455
 20
66.563
 10
180.407
 20
66.566
 10
180.359
 20
66.567
 10
180.341
 20
66.567
 10
180.322
 20
66.566
 10
180.303
 20
66.566
 10
180.283
 20
66.565
 10
180.263
 20
66.564
 10
180.243
 20
66.563
 10
180.221
 20
66.561
 10
180.2
 20
66.559
 10
180.178
 20
66.557
 10
180.157
 20
66.555
 10
180.137
 20
66.552
 10
180.118
 20
66.549
 10
180.099
 20
66.546
 10
180.081
 20
66.542
 10
180.064
 20
66.538
 10
180.048
 20
66.533
 10
180.074
 20
67.106
 10
181.157
 20
67.106
 97
0
 75
0
 76
1
 98
0
  0
LWPOLYLINE
  5
4F
330
17
100
AcDbEntity
  8
CUT
100
AcDbPolyline
 90
576
 70
1
 10
214.945
 20
67.685
 10
214.803
 20
68.093
 10
214.697
 20
68.508
 10
214.603
 20
68.933
 10
214.562
 20
69.148
 10
214.506
 20
69.363
 10
214.455
 20
69.594
 10
214.391
 20
69.825
 10
214.331
 20
70.076
 10
214.263
 20
70.329
 10
214.204
 20
70.605
 10
214.144
 20
70.885
 10
214.068
 20
71.349
 10
214.008
 20
71.814
 10
213.969
 20
72.279
 10
213.945
 20
72.743
 10
213.928
 20
73.207
 10
213.909
 20
73.67
 10
213.884
 20
74.133
 10
213.858
 20
74.597
 10
213.839
 20
75.061
 10
213.839
 20
75.527
 10
213.871
 20
75.993
 10
213.937
 20
76.459
 10
214.034
 20
76.925
 10
214.146
 20
77.389
 10
214.254
 20
77.851
 10
214.334
 20
78.311
 10
214.371
 20
78.771
 10
214.356
 20
79.23
 10
214.293
 20
79.69
 10
214.196
 20
80.151
 10
214.085
 20
80.615
 10
213.982
 20
81.079
 10
213.903
 20
81.545
 10
213.858
 20
82.011
 10
213.845
 20
82.477
 10
213.855
 20
82.942
 10
213.875
 20
83.406
 10
213.897
 20
83.869
 10
213.913
 20
84.332
 10
213.927
 20
84.796
 10
213.946
 20
85.26
 10
213.978
 20
85.725
 10
214.031
 20
86.19
 10
214.105
 20
86.655
 10
214.191
 20
87.119
 10
214.273
 20
87.581
 10
214.332
 20
88.042
 10
214.353
 20
88.502
 10
214.326
 20
88.961
 10
214.252
 20
89.421
 10
214.142
 20
89.883
 10
214.018
 20
90.346
 10
213.902
 20
90.811
 10
213.816
 20
91.277
 10
213.773
 20
91.745
 10
213.774
 20
92.212
 10
213.812
 20
92.677
 10
213.871
 20
93.142
 10
213.935
 20
93.605
 10
213.992
 20
94.068
 10
214.035
 20
94.53
 10
214.067
 20
94.993
 10
214.094
 20
95.457
 10
214.124
 20
95.921
 10
214.164
 20
96.385
 10
214.211
 20
96.848
 10
214.257
 20
97.311
 10
214.289
 20
97.773
 10
214.292
 20
98.233
 10
214.257
 20
98.693
 10
214.182
 20
99.154
 10
214.075
 20
99.616
 10
213.954
 20
100.079
 10
213.841
 20
100.544
 10
213.76
 20
101.011
 10
213.726
 20
101.478
 10
213.743
 20
101.946
 10
213.804
 20
102.412
 10
213.895
 20
102.877
 10
213.993
 20
103.341
 10
214.081
 20
103.803
 10
214.146
 20
104.264
 10
214.185
 20
104.725
 10
214.2
 20
105.187
 10
214.203
 20
105.65
 10
214.202
 20
106.114
 10
214.204
 20
106.577
 10
214.209
 20
107.041
 10
214.21
 20
107.502
 10
214.214
 20
107.781
 10
214.209
 20
108.06
 10
214.214
 20
108.321
 10
214.211
 20
108.586
 10
214.218
 20
108.835
 10
214.219
 20
109.09
 10
214.237
 20
109.332
 10
214.253
 20
109.581
 10
214.332
 20
110.053
 10
214.477
 20
110.502
 10
214.699
 20
110.911
 10
214.998
 20
111.262
 10
215.365
 20
111.541
 10
215.784
 20
111.74
 10
216.237
 20
111.862
 10
216.71
 20
111.92
 10
216.955
 20
111.928
 10
217.193
 20
111.939
 10
217.444
 20
111.936
 10
217.688
 20
111.944
 10
217.948
 20
111.943
 10
218.204
 20
111.956
 10
218.478
 20
111.964
 10
218.755
 20
111.983
 10
219.217
 20
112.018
 10
219.681
 20
112.061
 10
220.147
 20
112.102
 10
220.612
 20
112.135
 10
221.077
 20
112.162
 10
221.542
 20
112.189
 10
222.005
 20
112.226
 10
222.469
 20
112.277
 10
222.933
 20
112.341
 10
223.398
 20
112.41
 10
223.865
 20
112.467
 10
224.333
 20
112.496
 10
224.801
 20
112.484
 10
225.27
 20
112.425
 10
225.737
 20
112.326
 10
226.203
 20
112.204
 10
226.667
 20
112.081
 10
227.129
 20
111.982
 10
227.59
 20
111.923
 10
228.051
 20
111.912
 10
228.512
 20
111.947
 10
228.975
 20
112.014
 10
229.439
 20
112.097
 10
229.905
 20
112.176
 10
230.371
 20
112.24
 10
230.838
 20
112.283
 10
231.304
 20
112.31
 10
231.769
 20
112.328
 10
232.234
 20
112.346
 10
232.698
 20
112.37
 10
233.163
 20
112.396
 10
233.629
 20
112.418
 10
234.096
 20
112.422
 10
234.563
 20
112.397
 10
235.031
 20
112.337
 10
235.498
 20
112.245
 10
235.963
 20
112.133
 10
236.427
 20
112.023
 10
236.889
 20
111.936
 10
237.35
 20
111.891
 10
237.811
 20
111.897
 10
238.272
 20
111.953
 10
238.734
 20
112.046
 10
239.199
 20
112.156
 10
239.665
 20
112.262
 10
240.132
 20
112.346
 10
240.599
 20
112.396
 10
241.067
 20
112.414
 10
241.533
 20
112.407
 10
241.998
 20
112.387
 10
242.463
 20
112.365
 10
242.928
 20
112.348
 10
243.393
 20
112.334
 10
243.858
 20
112.316
 10
244.324
 20
112.286
 10
244.791
 20
112.236
 10
245.257
 20
112.164
 10
245.722
 20
112.079
 10
246.186
 20
111.995
 10
246.649
 20
111.932
 10
247.11
 20
111.906
 10
247.571
 20
111.928
 10
248.032
 20
111.998
 10
248.495
 20
112.105
 10
248.959
 20
112.229
 10
249.425
 20
112.347
 10
249.893
 20
112.437
 10
250.361
 20
112.484
 10
250.83
 20
112.487
 10
251.297
 20
112.451
 10
251.763
 20
112.393
 10
252.228
 20
112.329
 10
252.692
 20
112.271
 10
253.156
 20
112.227
 10
253.62
 20
112.194
 10
254.085
 20
112.167
 10
254.55
 20
112.137
 10
255.016
 20
112.098
 10
255.481
 20
112.051
 10
255.945
 20
112.004
 10
256.408
 20
111.971
 10
256.87
 20
111.966
 10
257.331
 20
112.0
 10
257.793
 20
112.074
 10
258.256
 20
112.18
 10
258.721
 20
112.301
 10
259.187
 20
112.415
 10
259.655
 20
112.497
 10
260.124
 20
112.533
 10
260.593
 20
112.517
 10
261.061
 20
112.456
 10
261.527
 20
112.366
 10
261.992
 20
112.267
 10
262.456
 20
112.179
 10
262.918
 20
112.113
 10
263.381
 20
112.075
 10
263.844
 20
112.059
 10
264.309
 20
112.056
 10
264.773
 20
112.057
 10
265.238
 20
112.055
 10
265.703
 20
112.05
 10
266.167
 20
112.049
 10
266.63
 20
112.063
 10
267.093
 20
112.1
 10
267.556
 20
112.167
 10
268.019
 20
112.257
 10
268.484
 20
112.359
 10
268.95
 20
112.453
 10
269.418
 20
112.517
 10
269.887
 20
112.536
 10
270.356
 20
112.503
 10
270.824
 20
112.422
 10
271.29
 20
112.311
 10
271.755
 20
112.191
 10
272.218
 20
112.085
 10
272.68
 20
112.01
 10
273.142
 20
111.975
 10
273.604
 20
111.977
 10
274.067
 20
112.006
 10
274.531
 20
112.049
 10
274.996
 20
112.091
 10
275.462
 20
112.127
 10
275.927
 20
112.155
 10
276.391
 20
112.181
 10
276.855
 20
112.214
 10
277.319
 20
112.261
 10
277.783
 20
112.322
 10
278.248
 20
112.39
 10
278.717
 20
112.453
 10
279.008
 20
112.471
 10
279.304
 20
112.476
 10
279.582
 20
112.448
 10
279.859
 20
112.404
 10
280.115
 20
112.329
 10
280.366
 20
112.24
 10
280.592
 20
112.126
 10
280.814
 20
112.004
 10
281.195
 20
111.725
 10
281.52
 20
111.426
 10
281.805
 20
111.136
 10
282.071
 20
110.855
 10
282.33
 20
110.571
 10
282.585
 20
110.267
 10
282.83
 20
109.926
 10
283.051
 20
109.536
 10
283.143
 20
109.319
 10
283.231
 20
109.096
 10
283.297
 20
108.852
 10
283.357
 20
108.606
 10
283.393
 20
108.34
 10
283.425
 20
108.073
 10
283.434
 20
107.788
 10
283.44
 20
107.504
 10
283.431
 20
107.046
 10
283.428
 20
106.589
 10
283.428
 20
106.132
 10
283.428
 20
105.674
 10
283.428
 20
105.115
 10
284.287
 20
105.115
 10
284.093
 20
105.39
 10
284.001
 20
105.802
 10
284.077
 20
106.217
 10
284.307
 20
106.571
 10
284.656
 20
106.808
 10
285.069
 20
106.891
 10
285.483
 20
106.808
 10
285.832
 20
106.571
 10
286.062
 20
106.217
 10
286.137
 20
105.802
 10
286.046
 20
105.39
 10
285.852
 20
105.115
 10
289.33
 20
105.115
 10
289.136
 20
105.39
 10
289.045
 20
105.802
 10
289.12
 20
106.217
 10
289.35
 20
106.571
 10
289.699
 20
106.808
 10
290.113
 20
106.891
 10
290.526
 20
106.808
 10
290.875
 20
106.571
 10
291.106
 20
106.217
 10
291.181
 20
105.802
 10
291.09
 20
105.39
 10
290.895
 20
105.115
 10
291.754
 20
105.115
 10
291.754
 20
108.348
 10
291.828
 20
108.717
 10
292.039
 20
109.034
 10
292.355
 20
109.245
 10
292.724
 20
109.318
 10
294.133
 20
109.318
 10
294.502
 20
109.245
 10
294.818
 20
109.034
 10
295.03
 20
108.717
 10
295.103
 20
108.348
 10
295.103
 20
93.396
 10
295.03
 20
93.027
 10
294.818
 20
92.711
 10
294.502
 20
92.5
 10
294.133
 20
92.426
 10
292.724
 20
92.426
 10
292.355
 20
92.5
 10
292.039
 20
92.711
 10
291.828
 20
93.027
 10
291.754
 20
93.396
 10
291.754
 20
96.629
 10
290.895
 20
96.629
 10
291.09
 20
96.355
 10
291.181
 20
95.943
 10
291.106
 20
95.528
 10
290.875
 20
95.174
 10
290.526
 20
94.937
 10
290.113
 20
94.854
 10
289.699
 20
94.937
 10
289.35
 20
95.174
 10
289.12
 20
95.528
 10
289.045
 20
95.943
 10
289.136
 20
96.355
 10
289.33
 20
96.629
 10
285.852
 20
96.629
 10
286.046
 20
96.355
 10
286.137
 20
95.943
 10
286.062
 20
95.528
 10
285.832
 20
95.174
 10
285.483
 20
94.937
 10
285.069
 20
94.854
 10
284.656
 20
94.937
 10
284.307
 20
95.174
 10
284.077
 20
95.528
 10
284.001
 20
95.943
 10
284.093
 20
96.355
 10
284.287
 20
96.629
 10
283.428
 20
96.629
 10
283.428
 20
96.07
 10
283.428
 20
95.613
 10
283.428
 20
95.156
 10
283.43
 20
94.699
 10
283.434
 20
94.24
 10
283.421
 20
93.956
 10
283.402
 20
93.671
 10
283.359
 20
93.406
 10
283.31
 20
93.143
 10
283.239
 20
92.901
 10
283.164
 20
92.663
 10
283.073
 20
92.445
 10
282.984
 20
92.233
 10
282.785
 20
91.842
 10
282.583
 20
91.485
 10
282.379
 20
91.143
 10
282.164
 20
90.806
 10
281.921
 20
90.467
 10
281.631
 20
90.134
 10
281.277
 20
89.834
 10
280.86
 20
89.594
 10
280.618
 20
89.503
 10
280.377
 20
89.427
 10
280.115
 20
89.381
 10
279.852
 20
89.347
 10
279.572
 20
89.343
 10
279.295
 20
89.347
 10
279.002
 20
89.376
 10
278.715
 20
89.406
 10
278.247
 20
89.466
 10
277.781
 20
89.513
 10
277.314
 20
89.546
 10
276.848
 20
89.574
 10
276.38
 20
89.604
 10
275.912
 20
89.642
 10
275.445
 20
89.688
 10
274.979
 20
89.736
 10
274.513
 20
89.771
 10
274.049
 20
89.78
 10
273.585
 20
89.75
 10
273.121
 20
89.68
 10
272.657
 20
89.575
 10
272.19
 20
89.454
 10
271.721
 20
89.339
 10
271.251
 20
89.252
 10
270.78
 20
89.212
 10
270.309
 20
89.225
 10
269.839
 20
89.284
 10
269.37
 20
89.373
 10
268.903
 20
89.473
 10
268.437
 20
89.562
 10
267.973
 20
89.629
 10
267.508
 20
89.669
 10
267.042
 20
89.686
 10
266.576
 20
89.688
 10
266.109
 20
89.688
 10
265.642
 20
89.69
 10
265.175
 20
89.695
 10
264.709
 20
89.696
 10
264.243
 20
89.683
 10
263.779
 20
89.645
 10
263.314
 20
89.578
 10
262.848
 20
89.487
 10
262.381
 20
89.385
 10
261.913
 20
89.291
 10
261.443
 20
89.227
 10
260.971
 20
89.209
 10
260.5
 20
89.244
 10
260.03
 20
89.326
 10
259.561
 20
89.438
 10
259.095
 20
89.559
 10
258.63
 20
89.664
 10
258.166
 20
89.737
 10
257.702
 20
89.771
 10
257.238
 20
89.767
 10
256.772
 20
89.736
 10
256.306
 20
89.693
 10
255.838
 20
89.651
 10
255.371
 20
89.616
 10
254.903
 20
89.588
 10
254.437
 20
89.561
 10
253.971
 20
89.527
 10
253.505
 20
89.479
 10
253.039
 20
89.416
 10
252.572
 20
89.347
 10
252.103
 20
89.286
 10
251.633
 20
89.251
 10
251.163
 20
89.256
 10
250.692
 20
89.308
 10
250.222
 20
89.402
 10
249.754
 20
89.522
 10
249.288
 20
89.647
 10
248.823
 20
89.751
 10
248.36
 20
89.817
 10
247.897
 20
89.834
 10
247.433
 20
89.805
 10
246.968
 20
89.74
 10
246.502
 20
89.658
 10
246.034
 20
89.577
 10
245.566
 20
89.511
 10
245.097
 20
89.465
 10
244.629
 20
89.437
 10
244.162
 20
89.419
 10
243.695
 20
89.401
 10
243.228
 20
89.378
 10
242.761
 20
89.351
 10
242.293
 20
89.328
 10
241.824
 20
89.322
 10
241.358
 20
89.345
 10
241.076
 20
89.367
 10
240.796
 20
89.402
 10
240.53
 20
89.426
 10
240.26
 20
89.458
 10
240.004
 20
89.472
 10
239.744
 20
89.485
 10
239.498
 20
89.474
 10
239.245
 20
89.455
 10
238.784
 20
89.349
 10
238.365
 20
89.16
 10
238.003
 20
88.892
 10
237.708
 20
88.559
 10
237.484
 20
88.18
 10
237.323
 20
87.771
 10
237.211
 20
87.342
 10
237.129
 20
86.899
 10
237.1
 20
86.67
 10
237.063
 20
86.443
 10
237.035
 20
86.202
 10
236.998
 20
85.962
 10
236.972
 20
85.706
 10
236.939
 20
85.45
 10
236.918
 20
85.175
 10
236.896
 20
84.896
 10
236.875
 20
84.432
 10
236.859
 20
83.966
 10
236.844
 20
83.499
 10
236.825
 20
83.031
 10
236.789
 20
82.562
 10
236.733
 20
82.093
 10
236.656
 20
81.625
 10
236.569
 20
81.158
 10
236.489
 20
80.692
 10
236.434
 20
80.228
 10
236.421
 20
79.765
 10
236.458
 20
79.302
 10
236.541
 20
78.838
 10
236.656
 20
78.373
 10
236.781
 20
77.906
 10
236.893
 20
77.437
 10
236.971
 20
76.967
 10
237.004
 20
76.496
 10
236.993
 20
76.026
 10
236.948
 20
75.556
 10
236.886
 20
75.089
 10
236.822
 20
74.622
 10
236.769
 20
74.156
 10
236.729
 20
73.69
 10
236.699
 20
73.224
 10
236.672
 20
72.756
 10
236.638
 20
72.289
 10
236.595
 20
71.821
 10
236.547
 20
71.354
 10
236.503
 20
70.89
 10
236.476
 20
70.613
 10
236.46
 20
70.339
 10
236.439
 20
70.084
 10
236.43
 20
69.827
 10
236.415
 20
69.585
 10
236.412
 20
69.337
 10
236.396
 20
69.103
 10
236.387
 20
68.862
 10
236.33
 20
68.394
 10
236.218
 20
67.943
 10
236.033
 20
67.52
 10
235.769
 20
67.144
 10
235.43
 20
66.831
 10
235.029
 20
66.594
 10
234.583
 20
66.436
 10
234.11
 20
66.349
 10
233.858
 20
66.331
 10
233.614
 20
66.315
 10
233.356
 20
66.316
 10
233.104
 20
66.312
 10
232.838
 20
66.32
 10
232.575
 20
66.32
 10
232.295
 20
66.331
 10
232.016
 20
66.333
 10
231.561
 20
66.338
 10
231.103
 20
66.338
 10
230.646
 20
66.339
 10
230.188
 20
66.343
 10
229.732
 20
66.347
 10
229.275
 20
66.341
 10
228.82
 20
66.314
 10
228.365
 20
66.262
 10
227.91
 20
66.183
 10
227.453
 20
66.086
 10
226.995
 20
65.987
 10
226.535
 20
65.906
 10
226.074
 20
65.863
 10
225.613
 20
65.867
 10
225.152
 20
65.922
 10
224.692
 20
66.016
 10
224.234
 20
66.132
 10
223.777
 20
66.247
 10
223.322
 20
66.342
 10
222.868
 20
66.402
 10
222.414
 20
66.423
 10
221.959
 20
66.411
 10
221.503
 20
66.377
 10
221.046
 20
66.334
 10
220.588
 20
66.293
 10
220.13
 20
66.26
 10
219.672
 20
66.234
 10
219.215
 20
66.207
 10
218.758
 20
66.172
 10
218.474
 20
66.153
 10
218.187
 20
66.128
 10
217.916
 20
66.119
 10
217.64
 20
66.108
 10
217.379
 20
66.118
 10
217.115
 20
66.132
 10
216.867
 20
66.172
 10
216.612
 20
66.221
 10
216.158
 20
66.383
 10
215.753
 20
66.624
 10
215.413
 20
66.933
 10
215.144
 20
67.293
  0
HATCH
  5
50
330
17
100
AcDbEntity
  8
RASTER
 62
7
100
AcDbHatch
 10
0.0
 20
0.0
 30
0.0
210
0.0
220
0.0
230
1.0
  2
SOLID
 70
1
 71
0
 91
1
 92
3
 72
0
 73
1
 93
732
 10
280.688
 20
95.549
 10
280.714
 20
95.048
 10
280.654
 20
94.604
 10
280.516
 20
94.198
 10
280.313
 20
93.832
 10
280.059
 20
93.508
 10
279.765
 20
93.224
 10
279.44
 20
92.976
 10
279.086
 20
92.761
 10
278.706
 20
92.578
 10
278.297
 20
92.43
 10
277.858
 20
92.328
 10
277.389
 20
92.284
 10
276.881
 20
92.312
 10
276.622
 20
92.359
 10
276.351
 20
92.414
 10
275.793
 20
92.55
 10
275.214
 20
92.665
 10
274.62
 20
92.716
 10
274.019
 20
92.675
 10
273.427
 20
92.545
 10
272.853
 20
92.357
 10
272.299
 20
92.159
 10
271.763
 20
91.998
 10
271.242
 20
91.904
 10
270.722
 20
91.888
 10
270.193
 20
91.939
 10
269.648
 20
92.033
 10
269.087
 20
92.137
 10
268.518
 20
92.223
 10
267.948
 20
92.28
 10
267.384
 20
92.314
 10
266.83
 20
92.346
 10
266.282
 20
92.393
 10
265.733
 20
92.463
 10
265.175
 20
92.546
 10
264.603
 20
92.616
 10
264.016
 20
92.639
 10
263.422
 20
92.588
 10
262.834
 20
92.459
 10
262.26
 20
92.276
 10
261.706
 20
92.082
 10
261.171
 20
91.924
 10
260.653
 20
91.837
 10
260.139
 20
91.836
 10
259.616
 20
91.914
 10
259.075
 20
92.049
 10
258.515
 20
92.202
 10
257.942
 20
92.336
 10
257.362
 20
92.425
 10
256.785
 20
92.465
 10
256.217
 20
92.473
 10
255.66
 20
92.472
 10
255.108
 20
92.481
 10
254.554
 20
92.503
 10
253.99
 20
92.524
 10
253.414
 20
92.522
 10
252.831
 20
92.469
 10
252.248
 20
92.357
 10
251.676
 20
92.198
 10
251.121
 20
92.028
 10
250.586
 20
91.89
 10
250.067
 20
91.82
 10
249.555
 20
91.834
 10
249.033
 20
91.933
 10
248.494
 20
92.095
 10
247.935
 20
92.283
 10
247.358
 20
92.449
 10
246.771
 20
92.557
 10
246.182
 20
92.594
 10
245.602
 20
92.571
 10
245.037
 20
92.518
 10
244.482
 20
92.464
 10
243.932
 20
92.424
 10
243.379
 20
92.4
 10
242.816
 20
92.377
 10
242.245
 20
92.332
 10
241.67
 20
92.251
 10
241.101
 20
92.135
 10
240.544
 20
92.007
 10
240.005
 20
91.902
 10
239.482
 20
91.854
 10
238.958
 20
91.884
 10
238.709
 20
91.921
 10
238.446
 20
91.98
 10
237.903
 20
92.098
 10
237.354
 20
92.188
 10
236.798
 20
92.207
 10
236.255
 20
92.125
 10
235.751
 20
91.934
 10
235.31
 20
91.641
 10
234.947
 20
91.268
 10
234.668
 20
90.842
 10
234.465
 20
90.385
 10
234.324
 20
89.916
 10
234.225
 20
89.439
 10
234.152
 20
88.95
 10
234.099
 20
88.439
 10
234.072
 20
87.896
 10
234.078
 20
87.602
 10
234.087
 20
87.308
 10
234.139
 20
86.739
 10
234.209
 20
86.174
 10
234.279
 20
85.62
 10
234.321
 20
85.081
 10
234.307
 20
84.553
 10
234.225
 20
84.026
 10
234.077
 20
83.489
 10
233.887
 20
82.935
 10
233.7
 20
82.361
 10
233.565
 20
81.767
 10
233.52
 20
81.163
 10
233.575
 20
80.561
 10
233.704
 20
79.976
 10
233.865
 20
79.409
 10
234.014
 20
78.859
 10
234.122
 20
78.321
 10
234.178
 20
77.784
 10
234.193
 20
77.24
 10
234.186
 20
76.685
 10
234.179
 20
76.121
 10
234.186
 20
75.556
 10
234.201
 20
74.996
 10
234.206
 20
74.447
 10
234.176
 20
73.908
 10
234.096
 20
73.369
 10
234.03
 20
73.109
 10
233.955
 20
72.853
 10
233.754
 20
72.367
 10
233.535
 20
71.934
 10
233.323
 20
71.539
 10
233.133
 20
71.171
 10
232.967
 20
70.819
 10
232.814
 20
70.474
 10
232.655
 20
70.134
 10
232.467
 20
69.8
 10
232.231
 20
69.479
 10
231.936
 20
69.188
 10
231.58
 20
68.946
 10
231.165
 20
68.771
 10
230.697
 20
68.673
 10
230.178
 20
68.654
 10
229.903
 20
68.674
 10
229.621
 20
68.698
 10
229.056
 20
68.761
 10
228.488
 20
68.808
 10
227.923
 20
68.837
 10
227.367
 20
68.865
 10
226.82
 20
68.911
 10
226.275
 20
68.99
 10
225.723
 20
69.1
 10
225.158
 20
69.22
 10
224.576
 20
69.315
 10
223.979
 20
69.345
 10
223.378
 20
69.285
 10
222.786
 20
69.14
 10
222.212
 20
68.945
 10
221.659
 20
68.748
 10
221.116
 20
68.595
 10
220.858
 20
68.557
 10
220.599
 20
68.538
 10
220.088
 20
68.592
 10
219.622
 20
68.737
 10
219.2
 20
68.946
 10
218.822
 20
69.194
 10
218.488
 20
69.462
 10
218.193
 20
69.741
 10
217.931
 20
70.031
 10
217.701
 20
70.334
 10
217.502
 20
70.657
 10
217.338
 20
71.007
 10
217.216
 20
71.39
 10
217.14
 20
71.809
 10
217.109
 20
72.268
 10
217.111
 20
72.773
 10
217.122
 20
73.043
 10
217.12
 20
73.335
 10
217.084
 20
73.911
 10
216.975
 20
74.499
 10
216.806
 20
75.075
 10
216.617
 20
75.634
 10
216.452
 20
76.173
 10
216.351
 20
76.693
 10
216.335
 20
77.206
 10
216.403
 20
77.724
 10
216.537
 20
78.259
 10
216.703
 20
78.814
 10
216.858
 20
79.385
 10
216.968
 20
79.966
 10
217.021
 20
80.548
 10
217.026
 20
81.122
 10
217.01
 20
81.684
 10
216.995
 20
82.238
 10
216.993
 20
82.789
 10
216.999
 20
83.347
 10
216.995
 20
83.915
 10
216.956
 20
84.493
 10
216.865
 20
85.073
 10
216.728
 20
85.647
 10
216.57
 20
86.206
 10
216.43
 20
86.747
 10
216.348
 20
87.27
 10
216.346
 20
87.783
 10
216.429
 20
88.3
 10
216.584
 20
88.834
 10
216.776
 20
89.388
 10
216.958
 20
89.96
 10
217.088
 20
90.547
 10
217.142
 20
91.139
 10
217.123
 20
91.725
 10
217.059
 20
92.296
 10
216.983
 20
92.854
 10
216.919
 20
93.403
 10
216.876
 20
93.951
 10
216.847
 20
94.506
 10
216.812
 20
95.07
 10
216.752
 20
95.641
 10
216.661
 20
96.211
 10
216.551
 20
96.771
 10
216.451
 20
97.316
 10
216.395
 20
97.844
 10
216.407
 20
98.363
 10
216.497
 20
98.883
 10
216.656
 20
99.417
 10
216.854
 20
99.97
 10
217.044
 20
100.543
 10
217.178
 20
101.133
 10
217.224
 20
101.732
 10
217.18
 20
102.326
 10
217.072
 20
102.905
 10
216.941
 20
103.465
 10
216.823
 20
104.012
 10
216.739
 20
104.552
 10
216.692
 20
105.094
 10
216.688
 20
105.365
 10
216.686
 20
105.639
 10
216.722
 20
106.164
 10
216.784
 20
106.658
 10
216.874
 20
107.121
 10
216.998
 20
107.55
 10
217.167
 20
107.941
 10
217.386
 20
108.285
 10
217.657
 20
108.573
 10
217.979
 20
108.796
 10
218.344
 20
108.95
 10
218.746
 20
109.034
 10
219.18
 20
109.056
 10
219.641
 20
109.033
 10
220.133
 20
108.996
 10
220.654
 20
108.985
 10
220.939
 20
108.995
 10
221.237
 20
109.033
 10
221.807
 20
109.148
 10
222.377
 20
109.313
 10
222.928
 20
109.482
 10
223.465
 20
109.616
 10
223.994
 20
109.695
 10
224.527
 20
109.72
 10
225.07
 20
109.707
 10
225.625
 20
109.68
 10
226.186
 20
109.659
 10
226.748
 20
109.652
 10
227.301
 20
109.65
 10
227.844
 20
109.632
 10
228.38
 20
109.578
 10
228.916
 20
109.478
 10
229.462
 20
109.339
 10
230.024
 20
109.188
 10
230.605
 20
109.066
 10
231.201
 20
109.013
 10
231.801
 20
109.057
 10
232.391
 20
109.19
 10
232.963
 20
109.378
 10
233.515
 20
109.571
 10
234.048
 20
109.725
 10
234.57
 20
109.813
 10
235.092
 20
109.828
 10
235.624
 20
109.784
 10
236.172
 20
109.704
 10
236.732
 20
109.62
 10
237.299
 20
109.554
 10
237.864
 20
109.511
 10
238.421
 20
109.481
 10
238.97
 20
109.442
 10
239.514
 20
109.379
 10
240.061
 20
109.29
 10
240.62
 20
109.188
 10
241.195
 20
109.104
 10
241.784
 20
109.075
 10
242.379
 20
109.128
 10
242.968
 20
109.263
 10
243.54
 20
109.451
 10
244.092
 20
109.648
 10
244.625
 20
109.806
 10
245.143
 20
109.893
 10
245.657
 20
109.896
 10
246.182
 20
109.824
 10
246.724
 20
109.7
 10
247.283
 20
109.562
 10
247.854
 20
109.444
 10
248.43
 20
109.366
 10
249.002
 20
109.328
 10
249.564
 20
109.312
 10
250.117
 20
109.296
 10
250.667
 20
109.265
 10
251.221
 20
109.223
 10
251.788
 20
109.185
 10
252.366
 20
109.181
 10
252.953
 20
109.235
 10
253.536
 20
109.355
 10
254.108
 20
109.524
 10
254.661
 20
109.704
 10
255.195
 20
109.849
 10
255.712
 20
109.925
 10
256.224
 20
109.916
 10
256.744
 20
109.823
 10
257.283
 20
109.668
 10
257.841
 20
109.49
 10
258.416
 20
109.333
 10
259.0
 20
109.23
 10
259.585
 20
109.191
 10
260.159
 20
109.203
 10
260.721
 20
109.238
 10
261.274
 20
109.271
 10
261.825
 20
109.291
 10
262.381
 20
109.3
 10
262.946
 20
109.317
 10
263.521
 20
109.365
 10
264.098
 20
109.457
 10
264.667
 20
109.588
 10
265.222
 20
109.731
 10
265.759
 20
109.849
 10
266.28
 20
109.908
 10
266.793
 20
109.886
 10
267.314
 20
109.781
 10
267.851
 20
109.611
 10
268.408
 20
109.412
 10
268.985
 20
109.234
 10
269.575
 20
109.118
 10
270.169
 20
109.085
 10
270.754
 20
109.127
 10
271.325
 20
109.212
 10
271.88
 20
109.307
 10
272.426
 20
109.385
 10
272.972
 20
109.437
 10
273.524
 20
109.471
 10
274.085
 20
109.504
 10
274.652
 20
109.557
 10
275.218
 20
109.635
 10
275.776
 20
109.727
 10
276.325
 20
109.806
 10
276.592
 20
109.821
 10
276.856
 20
109.823
 10
277.361
 20
109.742
 10
277.81
 20
109.571
 10
278.203
 20
109.329
 10
278.538
 20
109.043
 10
278.819
 20
108.736
 10
279.058
 20
108.428
 10
279.275
 20
108.125
 10
279.487
 20
107.829
 10
279.708
 20
107.532
 10
279.94
 20
107.221
 10
280.178
 20
106.882
 10
280.407
 20
106.5
 10
280.613
 20
106.05
 10
281.122
 20
106.284
 10
280.903
 20
106.76
 10
280.649
 20
107.186
 10
280.394
 20
107.549
 10
280.157
 20
107.866
 10
279.94
 20
108.159
 10
279.731
 20
108.452
 10
279.507
 20
108.763
 10
279.246
 20
109.099
 10
278.926
 20
109.447
 10
278.531
 20
109.784
 10
278.056
 20
110.075
 10
277.505
 20
110.284
 10
276.914
 20
110.381
 10
276.576
 20
110.382
 10
276.262
 20
110.363
 10
275.69
 20
110.281
 10
275.134
 20
110.189
 10
274.588
 20
110.114
 10
274.042
 20
110.063
 10
273.49
 20
110.03
 10
272.928
 20
109.996
 10
272.36
 20
109.941
 10
271.793
 20
109.861
 10
271.236
 20
109.766
 10
270.692
 20
109.683
 10
270.165
 20
109.645
 10
269.645
 20
109.674
 10
269.122
 20
109.777
 10
268.585
 20
109.944
 10
268.03
 20
110.142
 10
267.454
 20
110.323
 10
266.861
 20
110.442
 10
266.261
 20
110.468
 10
265.668
 20
110.402
 10
265.092
 20
110.277
 10
264.534
 20
110.132
 10
263.99
 20
110.007
 10
263.454
 20
109.921
 10
262.915
 20
109.877
 10
262.367
 20
109.861
 10
261.81
 20
109.851
 10
261.247
 20
109.831
 10
260.687
 20
109.797
 10
260.136
 20
109.762
 10
259.597
 20
109.751
 10
259.068
 20
109.786
 10
258.539
 20
109.88
 10
258.001
 20
110.027
 10
257.446
 20
110.204
 10
256.871
 20
110.369
 10
256.279
 20
110.473
 10
255.677
 20
110.485
 10
255.081
 20
110.398
 10
254.501
 20
110.241
 10
253.942
 20
110.06
 10
253.4
 20
109.899
 10
252.87
 20
109.789
 10
252.343
 20
109.741
 10
251.809
 20
109.745
 10
251.262
 20
109.782
 10
250.703
 20
109.825
 10
250.14
 20
109.855
 10
249.58
 20
109.872
 10
249.028
 20
109.888
 10
248.486
 20
109.923
 10
247.949
 20
109.996
 10
247.407
 20
110.108
 10
246.853
 20
110.246
 10
246.282
 20
110.375
 10
245.693
 20
110.455
 10
245.094
 20
110.451
 10
244.499
 20
110.352
 10
243.919
 20
110.181
 10
243.358
 20
109.981
 10
242.817
 20
109.802
 10
242.291
 20
109.681
 10
241.773
 20
109.636
 10
241.25
 20
109.662
 10
240.711
 20
109.741
 10
240.157
 20
109.842
 10
239.591
 20
109.934
 10
239.022
 20
110.0
 10
238.457
 20
110.04
 10
237.901
 20
110.071
 10
237.353
 20
110.112
 10
236.806
 20
110.176
 10
236.254
 20
110.259
 10
235.688
 20
110.341
 10
235.107
 20
110.389
 10
234.515
 20
110.37
 10
233.924
 20
110.271
 10
233.344
 20
110.104
 10
232.783
 20
109.908
 10
232.241
 20
109.73
 10
231.718
 20
109.611
 10
231.205
 20
109.574
 10
230.688
 20
109.62
 10
230.155
 20
109.733
 10
229.604
 20
109.882
 10
229.037
 20
110.025
 10
228.46
 20
110.133
 10
227.882
 20
110.191
 10
227.312
 20
110.211
 10
226.752
 20
110.213
 10
226.2
 20
110.219
 10
225.649
 20
110.24
 10
225.09
 20
110.267
 10
224.52
 20
110.281
 10
223.939
 20
110.253
 10
223.355
 20
110.165
 10
222.779
 20
110.022
 10
222.217
 20
109.85
 10
221.673
 20
109.692
 10
221.14
 20
109.585
 10
220.893
 20
109.554
 10
220.655
 20
109.545
 10
220.159
 20
109.556
 10
219.676
 20
109.592
 10
219.18
 20
109.616
 10
218.675
 20
109.59
 10
218.177
 20
109.485
 10
217.708
 20
109.287
 10
217.291
 20
108.997
 10
216.944
 20
108.629
 10
216.671
 20
108.203
 10
216.471
 20
107.739
 10
216.329
 20
107.252
 10
216.231
 20
106.746
 10
216.164
 20
106.217
 10
216.127
 20
105.663
 10
216.127
 20
105.359
 10
216.133
 20
105.059
 10
216.183
 20
104.485
 10
216.272
 20
103.91
 10
216.394
 20
103.343
 10
216.523
 20
102.789
 10
216.624
 20
102.253
 10
216.664
 20
101.733
 10
216.624
 20
101.218
 10
216.504
 20
100.694
 10
216.324
 20
100.153
 10
216.124
 20
99.591
 10
215.952
 20
99.011
 10
215.849
 20
98.417
 10
215.835
 20
97.821
 10
215.896
 20
97.236
 10
216.0
 20
96.666
 10
216.109
 20
96.112
 10
216.197
 20
95.568
 10
216.253
 20
95.024
 10
216.287
 20
94.474
 10
216.317
 20
93.915
 10
216.361
 20
93.349
 10
216.427
 20
92.784
 10
216.503
 20
92.227
 10
216.564
 20
91.684
 10
216.582
 20
91.155
 10
216.535
 20
90.633
 10
216.417
 20
90.106
 10
216.244
 20
89.564
 10
216.05
 20
89.004
 10
215.883
 20
88.423
 10
215.787
 20
87.826
 10
215.789
 20
87.225
 10
215.882
 20
86.634
 10
216.029
 20
86.06
 10
216.186
 20
85.505
 10
216.316
 20
84.965
 10
216.399
 20
84.431
 10
216.435
 20
83.894
 10
216.439
 20
83.348
 10
216.433
 20
82.792
 10
216.435
 20
82.229
 10
216.45
 20
81.668
 10
216.466
 20
81.116
 10
216.461
 20
80.576
 10
216.413
 20
80.044
 10
216.312
 20
79.511
 10
216.164
 20
78.967
 10
215.997
 20
78.408
 10
215.852
 20
77.829
 10
215.775
 20
77.233
 10
215.795
 20
76.631
 10
215.908
 20
76.037
 10
216.083
 20
75.462
 10
216.272
 20
74.906
 10
216.43
 20
74.368
 10
216.528
 20
73.842
 10
216.56
 20
73.311
 10
216.562
 20
73.051
 10
216.551
 20
72.782
 10
216.549
 20
72.251
 10
216.584
 20
71.741
 10
216.672
 20
71.255
 10
216.816
 20
70.804
 10
217.008
 20
70.392
 10
217.239
 20
70.017
 10
217.5
 20
69.673
 10
217.793
 20
69.349
 10
218.121
 20
69.039
 10
218.494
 20
68.74
 10
218.922
 20
68.459
 10
219.415
 20
68.216
 10
219.975
 20
68.043
 10
220.573
 20
67.978
 10
220.919
 20
68.0
 10
221.245
 20
68.05
 10
221.829
 20
68.214
 10
222.397
 20
68.416
 10
222.944
 20
68.602
 10
223.473
 20
68.732
 10
223.993
 20
68.784
 10
224.516
 20
68.758
 10
225.055
 20
68.669
 10
225.61
 20
68.551
 10
226.18
 20
68.438
 10
226.756
 20
68.355
 10
227.329
 20
68.305
 10
227.894
 20
68.277
 10
228.45
 20
68.248
 10
229.002
 20
68.203
 10
229.563
 20
68.14
 10
229.859
 20
68.115
 10
230.179
 20
68.093
 10
230.765
 20
68.117
 10
231.331
 20
68.236
 10
231.847
 20
68.453
 10
232.291
 20
68.754
 10
232.653
 20
69.111
 10
232.936
 20
69.494
 10
233.153
 20
69.876
 10
233.324
 20
70.241
 10
233.477
 20
70.586
 10
233.635
 20
70.923
 10
233.818
 20
71.278
 10
234.032
 20
71.675
 10
234.264
 20
72.134
 10
234.48
 20
72.658
 10
234.57
 20
72.961
 10
234.648
 20
73.268
 10
234.734
 20
73.852
 10
234.766
 20
74.434
 10
234.761
 20
75.006
 10
234.746
 20
75.566
 10
234.74
 20
76.121
 10
234.746
 20
76.678
 10
234.753
 20
77.244
 10
234.738
 20
77.821
 10
234.676
 20
78.405
 10
234.56
 20
78.988
 10
234.405
 20
79.559
 10
234.247
 20
80.113
 10
234.128
 20
80.648
 10
234.081
 20
81.167
 10
234.119
 20
81.683
 10
234.24
 20
82.211
 10
234.419
 20
82.758
 10
234.612
 20
83.324
 10
234.773
 20
83.908
 10
234.865
 20
84.502
 10
234.881
 20
85.095
 10
234.836
 20
85.677
 10
234.765
 20
86.243
 10
234.696
 20
86.799
 10
234.646
 20
87.348
 10
234.638
 20
87.617
 10
234.632
 20
87.882
 10
234.658
 20
88.396
 10
234.708
 20
88.88
 10
234.776
 20
89.341
 10
234.867
 20
89.778
 10
234.991
 20
90.191
 10
235.16
 20
90.574
 10
235.385
 20
90.918
 10
235.668
 20
91.209
 10
236.007
 20
91.435
 10
236.396
 20
91.583
 10
236.829
 20
91.647
 10
237.298
 20
91.63
 10
237.797
 20
91.547
 10
238.326
 20
91.433
 10
238.607
 20
91.37
 10
238.91
 20
91.326
 10
239.492
 20
91.293
 10
240.085
 20
91.347
 10
240.661
 20
91.459
 10
241.219
 20
91.587
 10
241.765
 20
91.698
 10
242.306
 20
91.775
 10
242.85
 20
91.817
 10
243.403
 20
91.84
 10
243.964
 20
91.865
 10
244.53
 20
91.905
 10
245.09
 20
91.96
 10
245.64
 20
92.012
 10
246.175
 20
92.033
 10
246.702
 20
92.001
 10
247.229
 20
91.903
 10
247.768
 20
91.748
 10
248.324
 20
91.561
 10
248.9
 20
91.388
 10
249.494
 20
91.277
 10
250.097
 20
91.26
 10
250.693
 20
91.34
 10
251.273
 20
91.489
 10
251.833
 20
91.66
 10
252.377
 20
91.811
 10
252.909
 20
91.914
 10
253.441
 20
91.962
 10
253.98
 20
91.964
 10
254.532
 20
91.943
 10
255.093
 20
91.92
 10
255.656
 20
91.911
 10
256.214
 20
91.912
 10
256.762
 20
91.905
 10
257.3
 20
91.868
 10
257.835
 20
91.786
 10
258.377
 20
91.659
 10
258.933
 20
91.506
 10
259.507
 20
91.364
 10
260.099
 20
91.277
 10
260.7
 20
91.279
 10
261.297
 20
91.378
 10
261.878
 20
91.548
 10
262.438
 20
91.744
 10
262.98
 20
91.918
 10
263.507
 20
92.034
 10
264.029
 20
92.079
 10
264.557
 20
92.057
 10
265.1
 20
91.99
 10
265.657
 20
91.908
 10
266.223
 20
91.836
 10
266.79
 20
91.787
 10
267.351
 20
91.755
 10
267.903
 20
91.721
 10
268.448
 20
91.667
 10
268.994
 20
91.584
 10
269.549
 20
91.481
 10
270.119
 20
91.383
 10
270.705
 20
91.327
 10
271.301
 20
91.347
 10
271.894
 20
91.453
 10
272.474
 20
91.627
 10
273.035
 20
91.827
 10
273.576
 20
92.005
 10
274.099
 20
92.121
 10
274.614
 20
92.155
 10
275.135
 20
92.11
 10
275.672
 20
92.003
 10
276.225
 20
91.868
 10
276.518
 20
91.808
 10
276.827
 20
91.755
 10
277.399
 20
91.724
 10
277.947
 20
91.775
 10
278.455
 20
91.893
 10
278.923
 20
92.061
 10
279.354
 20
92.269
 10
279.756
 20
92.513
 10
280.13
 20
92.799
 10
280.475
 20
93.133
 10
280.78
 20
93.523
 10
281.029
 20
93.972
 10
281.199
 20
94.477
 10
281.274
 20
95.025
 10
281.247
 20
95.577
 97
0
 75
0
 76
1
 98
0
  0
HATCH
  5
51
330
17
100
AcDbEntity
  8
RASTER
 62
7
100
AcDbHatch
 10
0.0
 20
0.0
 30
0.0
210
0.0
220
0.0
230
1.0
  2
SOLID
 70
1
 71
0
 91
6
 92
3
 72
0
 73
1
 93
4
 10
280.96
 20
105.075
 10
280.96
 20
96.669
 10
291.514
 20
96.669
 10
291.514
 20
105.075
 97
0
 92
2
 72
0
 73
1
 93
5
 10
282.547
 20
104.608
 10
282.921
 20
104.608
 10
282.921
 20
97.136
 10
282.547
 20
97.136
 10
282.547
 20
104.608
 97
0
 92
2
 72
0
 73
1
 93
5
 10
284.322
 20
104.608
 10
284.696
 20
104.608
 10
284.696
 20
97.136
 10
284.322
 20
97.136
 10
284.322
 20
104.608
 97
0
 92
2
 72
0
 73
1
 93
5
 10
286.097
 20
104.608
 10
286.47
 20
104.608
 10
286.47
 20
97.136
 10
286.097
 20
97.136
 10
286.097
 20
104.608
 97
0
 92
2
 72
0
 73
1
 93
5
 10
287.871
 20
104.608
 10
288.245
 20
104.608
 10
288.245
 20
97.136
 10
287.871
 20
97.136
 10
287.871
 20
104.608
 97
0
 92
2
 72
0
 73
1
 93
5
 10
289.646
 20
104.608
 10
290.019
 20
104.608
 10
290.019
 20
97.136
 10
289.646
 20
97.136
 10
289.646
 20
104.608
 97
0
 75
0
 76
1
 98
0
  0
HATCH
  5
52
330
17
100
AcDbEntity
  8
RASTER
 62
7
100
AcDbHatch
 10
0.0
 20
0.0
 30
0.0
210
0.0
220
0.0
230
1.0
  2
SOLID
 70
1
 71
0
 91
8
 92
3
 72
0
 73
1
 93
4
 10
292.074
 20
108.718
 10
292.074
 20
93.027
 10
294.503
 20
93.027
 10
294.503
 20
108.718
 97
0
 92
2
 72
0
 73
1
 93
5
 10
292.074
 20
106.383
 10
294.503
 20
106.383
 10
294.503
 20
106.009
 10
292.074
 20
106.009
 10
292.074
 20
106.383
 97
0
 92
2
 72
0
 73
1
 93
5
 10
292.074
 20
104.608
 10
294.503
 20
104.608
 10
294.503
 20
104.235
 10
292.074
 20
104.235
 10
292.074
 20
104.608
 97
0
 92
2
 72
0
 73
1
 93
5
 10
292.074
 20
102.834
 10
294.503
 20
102.834
 10
294.503
 20
102.46
 10
292.074
 20
102.46
 10
292.074
 20
102.834
 97
0
 92
2
 72
0
 73
1
 93
5
 10
292.074
 20
101.059
 10
294.503
 20
101.059
 10
294.503
 20
100.686
 10
292.074
 20
100.686
 10
292.074
 20
101.059
 97
0
 92
2
 72
0
 73
1
 93
5
 10
292.074
 20
99.285
 10
294.503
 20
99.285
 10
294.503
 20
98.911
 10
292.074
 20
98.911
 10
292.074
 20
99.285
 97
0
 92
2
 72
0
 73
1
 93
5
 10
292.074
 20
97.51
 10
294.503
 20
97.51
 10
294.503
 20
97.136
 10
292.074
 20
97.136
 10
292.074
 20
97.51
 97
0
 92
2
 72
0
 73
1
 93
5
 10
292.074
 20
95.735
 10
294.503
 20
95.735
 10
294.503
 20
95.362
 10
292.074
 20
95.362
 10
292.074
 20
95.735
 97
0
 75
0
 76
1
 98
0
  0
HATCH
  5
53
330
17
100
AcDbEntity
  8
RASTER
 62
7
100
AcDbHatch
 10
0.0
 20
0.0
 30
0.0
210
0.0
220
0.0
230
1.0
  2
SOLID
 70
1
 71
0
 91
12
 92
3
 72
0
 73
1
 93
33
 10
221.855
 20
104.748
 10
222.582
 20
104.763
 10
222.878
 20
104.664
 10
223.486
 20
104.333
 10
224.03
 20
103.79
 10
224.376
 20
103.295
 10
224.756
 20
102.589
 10
225.102
 20
101.699
 10
225.3
 20
100.859
 10
225.3
 20
99.673
 10
225.25
 20
99.426
 10
225.003
 20
98.685
 10
224.771
 20
98.275
 10
224.178
 20
97.632
 10
223.881
 20
97.434
 10
223.422
 20
97.202
 10
222.681
 20
97.004
 10
221.791
 20
97.004
 10
221.544
 20
97.054
 10
220.951
 20
97.252
 10
220.442
 20
97.533
 10
219.997
 20
97.879
 10
219.701
 20
98.225
 10
219.271
 20
99.08
 10
219.122
 20
99.673
 10
219.122
 20
100.76
 10
219.172
 20
100.859
 10
219.221
 20
101.353
 10
219.37
 20
101.847
 10
219.799
 20
102.851
 10
220.195
 20
103.493
 10
220.738
 20
104.136
 10
221.282
 20
104.531
 97
0
 92
2
 72
0
 73
1
 93
35
 10
221.939
 20
104.516
 10
221.643
 20
104.417
 10
221.084
 20
104.086
 10
220.689
 20
103.691
 10
220.195
 20
102.999
 10
219.814
 20
102.243
 10
219.518
 20
101.403
 10
219.419
 20
100.909
 10
219.419
 20
100.612
 10
219.37
 20
100.513
 10
219.37
 20
99.97
 10
219.419
 20
99.871
 10
219.468
 20
99.377
 10
219.567
 20
99.08
 10
219.849
 20
98.522
 10
220.294
 20
97.978
 10
221.05
 20
97.499
 10
221.692
 20
97.301
 10
222.433
 20
97.252
 10
222.532
 20
97.301
 10
223.026
 20
97.35
 10
223.323
 20
97.449
 10
224.079
 20
97.879
 10
224.376
 20
98.176
 10
224.771
 20
98.818
 10
224.954
 20
99.327
 10
225.053
 20
99.772
 10
225.053
 20
100.661
 10
224.904
 20
101.403
 10
224.608
 20
102.243
 10
224.178
 20
103.098
 10
223.684
 20
103.79
 10
223.288
 20
104.136
 10
222.681
 20
104.467
 10
222.483
 20
104.516
 97
0
 92
2
 72
0
 73
1
 93
11
 10
220.57
 20
102.92
 10
220.654
 20
102.885
 10
220.605
 20
102.786
 10
220.704
 20
102.49
 10
220.57
 20
102.327
 10
220.373
 20
102.258
 10
220.244
 20
102.327
 10
220.21
 20
102.539
 10
220.343
 20
102.801
 10
220.457
 20
102.885
 10
220.59
 20
102.851
 97
0
 92
2
 72
0
 73
1
 93
8
 10
220.027
 20
101.388
 10
220.16
 20
101.403
 10
220.308
 20
101.254
 10
220.308
 20
101.007
 10
220.111
 20
100.81
 10
219.948
 20
100.894
 10
219.864
 20
101.057
 10
219.864
 20
101.156
 97
0
 92
2
 72
0
 73
1
 93
14
 10
222.152
 20
101.289
 10
222.532
 20
101.304
 10
222.695
 20
101.22
 10
222.814
 20
101.091
 10
222.928
 20
100.76
 10
222.928
 20
100.563
 10
222.794
 20
100.202
 10
222.597
 20
100.004
 10
222.433
 20
99.92
 10
222.137
 20
99.92
 10
221.905
 20
100.034
 10
221.742
 20
100.316
 10
221.742
 20
100.76
 10
221.924
 20
101.121
 97
0
 92
2
 72
0
 73
1
 93
7
 10
224.129
 20
101.141
 10
224.262
 20
101.156
 10
224.361
 20
101.057
 10
224.361
 20
100.859
 10
224.213
 20
100.711
 10
224.099
 20
100.745
 10
224.015
 20
100.909
 97
0
 92
2
 72
0
 73
1
 93
4
 10
222.27
 20
101.042
 10
222.236
 20
101.007
 10
222.32
 20
100.775
 10
222.384
 20
100.859
 97
0
 92
2
 72
0
 73
1
 93
9
 10
222.483
 20
100.81
 10
222.448
 20
100.775
 10
222.616
 20
100.696
 10
222.597
 20
100.627
 10
222.646
 20
100.577
 10
222.715
 20
100.726
 10
222.814
 20
100.726
 10
222.73
 20
100.81
 10
222.666
 20
100.775
 97
0
 92
2
 72
0
 73
1
 93
13
 10
222.221
 20
100.696
 10
222.221
 20
100.627
 10
222.102
 20
100.597
 10
222.152
 20
100.38
 10
222.201
 20
100.449
 10
222.27
 20
100.429
 10
222.251
 20
100.548
 10
222.285
 20
100.563
 10
222.349
 20
100.429
 10
222.483
 20
100.513
 10
222.567
 20
100.38
 10
222.616
 20
100.548
 10
222.547
 20
100.528
 97
0
 92
2
 72
0
 73
1
 93
14
 10
220.027
 20
99.807
 10
220.16
 20
99.821
 10
220.521
 20
99.638
 10
220.817
 20
99.293
 10
221.0
 20
98.833
 10
220.951
 20
98.487
 10
220.817
 20
98.324
 10
220.605
 20
98.289
 10
220.343
 20
98.423
 10
220.195
 20
98.522
 10
219.997
 20
98.769
 10
219.814
 20
99.129
 10
219.765
 20
99.426
 10
219.849
 20
99.688
 97
0
 92
2
 72
0
 73
1
 93
30
 10
223.832
 20
99.708
 10
224.114
 20
99.722
 10
224.247
 20
99.658
 10
224.361
 20
99.475
 10
224.361
 20
99.08
 10
224.129
 20
98.571
 10
223.881
 20
98.324
 10
223.62
 20
98.191
 10
223.471
 20
98.191
 10
223.209
 20
98.373
 10
223.125
 20
98.586
 10
223.125
 20
98.833
 10
223.239
 20
99.164
 10
223.308
 20
99.144
 10
223.486
 20
99.263
 10
223.555
 20
99.194
 10
223.57
 20
99.377
 10
223.654
 20
99.441
 10
223.634
 20
99.51
 10
223.704
 20
99.51
 10
223.768
 20
99.426
 10
223.817
 20
99.475
 10
223.704
 20
99.609
 10
223.654
 20
99.589
 10
223.308
 20
99.194
 10
223.274
 20
99.228
 10
223.407
 20
99.441
 10
223.654
 20
99.638
 10
223.718
 20
99.673
 10
223.802
 20
99.638
 97
0
 92
2
 72
0
 73
1
 93
9
 10
221.806
 20
97.978
 10
222.102
 20
97.958
 10
222.236
 20
97.795
 10
222.201
 20
97.682
 10
222.038
 20
97.597
 10
221.776
 20
97.632
 10
221.677
 20
97.731
 10
221.643
 20
97.845
 10
221.677
 20
97.909
 97
0
 75
0
 76
1
 98
0
  0
HATCH
  5
54
330
17
100
AcDbEntity
  8
RASTER
 62
7
100
AcDbHatch
 10
0.0
 20
0.0
 30
0.0
210
0.0
220
0.0
230
1.0
  2
SOLID
 70
1
 71
0
 91
2
 92
3
 72
0
 73
1
 93
48
 10
234.166
 20
100.872
 10
234.139
 20
100.458
 10
234.058
 20
100.051
 10
233.925
 20
99.657
 10
233.741
 20
99.285
 10
233.51
 20
98.939
 10
233.236
 20
98.627
 10
232.924
 20
98.353
 10
232.578
 20
98.122
 10
232.206
 20
97.939
 10
231.813
 20
97.805
 10
231.405
 20
97.724
 10
230.991
 20
97.697
 10
230.576
 20
97.724
 10
230.169
 20
97.805
 10
229.775
 20
97.939
 10
229.403
 20
98.122
 10
229.058
 20
98.353
 10
228.745
 20
98.627
 10
228.471
 20
98.939
 10
228.241
 20
99.285
 10
228.057
 20
99.657
 10
227.923
 20
100.051
 10
227.842
 20
100.458
 10
227.815
 20
100.872
 10
227.842
 20
101.287
 10
227.923
 20
101.694
 10
228.057
 20
102.088
 10
228.241
 20
102.46
 10
228.471
 20
102.806
 10
228.745
 20
103.118
 10
229.058
 20
103.392
 10
229.403
 20
103.623
 10
229.775
 20
103.806
 10
230.169
 20
103.94
 10
230.576
 20
104.021
 10
230.991
 20
104.048
 10
231.405
 20
104.021
 10
231.813
 20
103.94
 10
232.206
 20
103.806
 10
232.578
 20
103.623
 10
232.924
 20
103.392
 10
233.236
 20
103.118
 10
233.51
 20
102.806
 10
233.741
 20
102.46
 10
233.925
 20
102.088
 10
234.058
 20
101.694
 10
234.139
 20
101.287
 97
0
 92
2
 72
0
 73
1
 93
327
 10
230.642
 20
101.123
 10
230.642
 20
100.764
 10
230.755
 20
100.764
 10
230.781
 20
100.763
 10
230.808
 20
100.762
 10
230.835
 20
100.761
 10
230.862
 20
100.758
 10
230.889
 20
100.755
 10
230.917
 20
100.751
 10
230.945
 20
100.747
 10
230.974
 20
100.741
 10
231.002
 20
100.735
 10
231.03
 20
100.728
 10
231.057
 20
100.72
 10
231.083
 20
100.712
 10
231.109
 20
100.702
 10
231.134
 20
100.692
 10
231.158
 20
100.68
 10
231.182
 20
100.668
 10
231.205
 20
100.655
 10
231.227
 20
100.641
 10
231.248
 20
100.625
 10
231.268
 20
100.608
 10
231.286
 20
100.59
 10
231.304
 20
100.571
 10
231.321
 20
100.551
 10
231.337
 20
100.53
 10
231.352
 20
100.507
 10
231.364
 20
100.483
 10
231.375
 20
100.458
 10
231.384
 20
100.432
 10
231.39
 20
100.404
 10
231.395
 20
100.375
 10
231.398
 20
100.345
 10
231.399
 20
100.314
 10
231.398
 20
100.285
 10
231.396
 20
100.256
 10
231.393
 20
100.229
 10
231.388
 20
100.204
 10
231.382
 20
100.179
 10
231.375
 20
100.155
 10
231.366
 20
100.133
 10
231.356
 20
100.112
 10
231.345
 20
100.092
 10
231.333
 20
100.072
 10
231.32
 20
100.054
 10
231.306
 20
100.037
 10
231.292
 20
100.02
 10
231.277
 20
100.005
 10
231.261
 20
99.99
 10
231.244
 20
99.977
 10
231.226
 20
99.964
 10
231.208
 20
99.952
 10
231.189
 20
99.941
 10
231.17
 20
99.931
 10
231.15
 20
99.922
 10
231.129
 20
99.914
 10
231.108
 20
99.907
 10
231.086
 20
99.9
 10
231.064
 20
99.894
 10
231.042
 20
99.889
 10
231.02
 20
99.885
 10
230.999
 20
99.882
 10
230.977
 20
99.879
 10
230.955
 20
99.877
 10
230.934
 20
99.876
 10
230.912
 20
99.876
 10
230.86
 20
99.877
 10
230.81
 20
99.882
 10
230.763
 20
99.891
 10
230.719
 20
99.903
 10
230.676
 20
99.918
 10
230.637
 20
99.937
 10
230.6
 20
99.959
 10
230.565
 20
99.984
 10
230.533
 20
100.012
 10
230.504
 20
100.042
 10
230.477
 20
100.073
 10
230.453
 20
100.105
 10
230.432
 20
100.139
 10
230.413
 20
100.175
 10
230.397
 20
100.212
 10
230.384
 20
100.25
 10
229.964
 20
100.119
 10
229.978
 20
100.079
 10
229.993
 20
100.04
 10
230.009
 20
100.002
 10
230.027
 20
99.966
 10
230.046
 20
99.931
 10
230.067
 20
99.897
 10
230.089
 20
99.865
 10
230.112
 20
99.834
 10
230.136
 20
99.805
 10
230.162
 20
99.777
 10
230.188
 20
99.751
 10
230.215
 20
99.726
 10
230.243
 20
99.702
 10
230.272
 20
99.68
 10
230.302
 20
99.659
 10
230.333
 20
99.64
 10
230.365
 20
99.621
 10
230.397
 20
99.605
 10
230.431
 20
99.589
 10
230.465
 20
99.574
 10
230.499
 20
99.561
 10
230.535
 20
99.549
 10
230.571
 20
99.539
 10
230.608
 20
99.529
 10
230.646
 20
99.521
 10
230.685
 20
99.513
 10
230.724
 20
99.507
 10
230.763
 20
99.502
 10
230.803
 20
99.498
 10
230.844
 20
99.496
 10
230.885
 20
99.494
 10
230.927
 20
99.493
 10
230.969
 20
99.494
 10
231.011
 20
99.497
 10
231.053
 20
99.501
 10
231.095
 20
99.506
 10
231.136
 20
99.513
 10
231.178
 20
99.522
 10
231.219
 20
99.532
 10
231.26
 20
99.544
 10
231.301
 20
99.557
 10
231.341
 20
99.572
 10
231.38
 20
99.589
 10
231.417
 20
99.607
 10
231.454
 20
99.627
 10
231.49
 20
99.648
 10
231.525
 20
99.671
 10
231.558
 20
99.696
 10
231.591
 20
99.722
 10
231.622
 20
99.75
 10
231.651
 20
99.779
 10
231.678
 20
99.81
 10
231.704
 20
99.843
 10
231.728
 20
99.877
 10
231.751
 20
99.913
 10
231.772
 20
99.951
 10
231.791
 20
99.99
 10
231.807
 20
100.031
 10
231.821
 20
100.073
 10
231.832
 20
100.117
 10
231.841
 20
100.163
 10
231.848
 20
100.211
 10
231.851
 20
100.26
 10
231.853
 20
100.31
 10
231.85
 20
100.371
 10
231.843
 20
100.429
 10
231.831
 20
100.485
 10
231.815
 20
100.538
 10
231.793
 20
100.589
 10
231.767
 20
100.638
 10
231.736
 20
100.684
 10
231.701
 20
100.728
 10
231.661
 20
100.769
 10
231.619
 20
100.806
 10
231.574
 20
100.839
 10
231.526
 20
100.868
 10
231.475
 20
100.894
 10
231.422
 20
100.915
 10
231.365
 20
100.933
 10
231.305
 20
100.947
 10
231.305
 20
100.955
 10
231.358
 20
100.97
 10
231.409
 20
100.988
 10
231.456
 20
101.01
 10
231.501
 20
101.036
 10
231.543
 20
101.065
 10
231.582
 20
101.098
 10
231.618
 20
101.134
 10
231.652
 20
101.174
 10
231.682
 20
101.216
 10
231.709
 20
101.26
 10
231.731
 20
101.306
 10
231.749
 20
101.353
 10
231.763
 20
101.401
 10
231.773
 20
101.451
 10
231.779
 20
101.502
 10
231.781
 20
101.554
 10
231.78
 20
101.599
 10
231.777
 20
101.642
 10
231.772
 20
101.683
 10
231.764
 20
101.723
 10
231.755
 20
101.762
 10
231.743
 20
101.799
 10
231.73
 20
101.835
 10
231.714
 20
101.869
 10
231.696
 20
101.902
 10
231.677
 20
101.934
 10
231.656
 20
101.964
 10
231.634
 20
101.993
 10
231.61
 20
102.021
 10
231.584
 20
102.047
 10
231.557
 20
102.072
 10
231.528
 20
102.096
 10
231.498
 20
102.118
 10
231.467
 20
102.139
 10
231.435
 20
102.158
 10
231.401
 20
102.176
 10
231.366
 20
102.193
 10
231.33
 20
102.208
 10
231.293
 20
102.222
 10
231.255
 20
102.235
 10
231.216
 20
102.246
 10
231.176
 20
102.255
 10
231.136
 20
102.263
 10
231.095
 20
102.27
 10
231.054
 20
102.275
 10
231.012
 20
102.278
 10
230.97
 20
102.281
 10
230.927
 20
102.281
 10
230.888
 20
102.281
 10
230.849
 20
102.279
 10
230.811
 20
102.275
 10
230.773
 20
102.27
 10
230.736
 20
102.264
 10
230.699
 20
102.256
 10
230.663
 20
102.247
 10
230.627
 20
102.236
 10
230.592
 20
102.225
 10
230.558
 20
102.212
 10
230.524
 20
102.198
 10
230.492
 20
102.183
 10
230.46
 20
102.166
 10
230.429
 20
102.149
 10
230.4
 20
102.13
 10
230.371
 20
102.111
 10
230.342
 20
102.09
 10
230.315
 20
102.069
 10
230.29
 20
102.046
 10
230.265
 20
102.023
 10
230.241
 20
101.998
 10
230.218
 20
101.973
 10
230.196
 20
101.947
 10
230.176
 20
101.92
 10
230.156
 20
101.892
 10
230.138
 20
101.863
 10
230.122
 20
101.833
 10
230.107
 20
101.803
 10
230.093
 20
101.772
 10
230.081
 20
101.74
 10
230.071
 20
101.708
 10
230.061
 20
101.674
 10
230.485
 20
101.566
 10
230.496
 20
101.603
 10
230.51
 20
101.639
 10
230.525
 20
101.672
 10
230.543
 20
101.704
 10
230.563
 20
101.734
 10
230.585
 20
101.762
 10
230.609
 20
101.789
 10
230.635
 20
101.813
 10
230.663
 20
101.835
 10
230.693
 20
101.854
 10
230.724
 20
101.87
 10
230.757
 20
101.883
 10
230.793
 20
101.893
 10
230.829
 20
101.901
 10
230.868
 20
101.905
 10
230.908
 20
101.907
 10
230.929
 20
101.906
 10
230.949
 20
101.905
 10
230.969
 20
101.903
 10
230.989
 20
101.9
 10
231.009
 20
101.896
 10
231.029
 20
101.892
 10
231.048
 20
101.887
 10
231.068
 20
101.88
 10
231.086
 20
101.874
 10
231.105
 20
101.866
 10
231.122
 20
101.858
 10
231.14
 20
101.849
 10
231.156
 20
101.839
 10
231.172
 20
101.828
 10
231.188
 20
101.817
 10
231.202
 20
101.805
 10
231.217
 20
101.793
 10
231.23
 20
101.78
 10
231.243
 20
101.766
 10
231.254
 20
101.751
 10
231.265
 20
101.736
 10
231.276
 20
101.72
 10
231.285
 20
101.703
 10
231.294
 20
101.686
 10
231.302
 20
101.667
 10
231.309
 20
101.649
 10
231.315
 20
101.63
 10
231.32
 20
101.61
 10
231.323
 20
101.589
 10
231.326
 20
101.568
 10
231.327
 20
101.547
 10
231.328
 20
101.524
 10
231.327
 20
101.494
 10
231.325
 20
101.466
 10
231.321
 20
101.438
 10
231.315
 20
101.412
 10
231.308
 20
101.388
 10
231.299
 20
101.365
 10
231.289
 20
101.344
 10
231.277
 20
101.324
 10
231.264
 20
101.305
 10
231.25
 20
101.288
 10
231.235
 20
101.271
 10
231.219
 20
101.255
 10
231.202
 20
101.24
 10
231.184
 20
101.227
 10
231.164
 20
101.214
 10
231.144
 20
101.202
 10
231.123
 20
101.191
 10
231.102
 20
101.181
 10
231.08
 20
101.172
 10
231.058
 20
101.164
 10
231.035
 20
101.157
 10
231.011
 20
101.151
 10
230.987
 20
101.145
 10
230.963
 20
101.14
 10
230.938
 20
101.136
 10
230.913
 20
101.133
 10
230.888
 20
101.13
 10
230.863
 20
101.128
 10
230.838
 20
101.126
 10
230.813
 20
101.125
 10
230.787
 20
101.124
 10
230.762
 20
101.123
 10
230.642
 20
101.123
 97
0
 75
0
 76
1
 98
0
  0
HATCH
  5
55
330
17
100
AcDbEntity
  8
RASTER
 62
7
100
AcDbHatch
 10
0.0
 20
0.0
 30
0.0
210
0.0
220
0.0
230
1.0
  2
SOLID
 70
1
 71
0
 91
12
 92
3
 72
0
 73
1
 93
33
 10
245.205
 20
104.748
 10
245.932
 20
104.763
 10
246.228
 20
104.664
 10
246.836
 20
104.333
 10
247.38
 20
103.79
 10
247.726
 20
103.295
 10
248.106
 20
102.589
 10
248.452
 20
101.699
 10
248.65
 20
100.859
 10
248.65
 20
99.673
 10
248.6
 20
99.426
 10
248.353
 20
98.685
 10
248.121
 20
98.275
 10
247.528
 20
97.632
 10
247.231
 20
97.434
 10
246.772
 20
97.202
 10
246.031
 20
97.004
 10
245.141
 20
97.004
 10
244.894
 20
97.054
 10
244.301
 20
97.252
 10
243.792
 20
97.533
 10
243.347
 20
97.879
 10
243.051
 20
98.225
 10
242.621
 20
99.08
 10
242.472
 20
99.673
 10
242.472
 20
100.76
 10
242.522
 20
100.859
 10
242.571
 20
101.353
 10
242.72
 20
101.847
 10
243.149
 20
102.851
 10
243.545
 20
103.493
 10
244.088
 20
104.136
 10
244.632
 20
104.531
 97
0
 92
2
 72
0
 73
1
 93
35
 10
245.289
 20
104.516
 10
244.993
 20
104.417
 10
244.434
 20
104.086
 10
244.039
 20
103.691
 10
243.545
 20
102.999
 10
243.164
 20
102.243
 10
242.868
 20
101.403
 10
242.769
 20
100.909
 10
242.769
 20
100.612
 10
242.72
 20
100.513
 10
242.72
 20
99.97
 10
242.769
 20
99.871
 10
242.818
 20
99.377
 10
242.917
 20
99.08
 10
243.199
 20
98.522
 10
243.644
 20
97.978
 10
244.4
 20
97.499
 10
245.042
 20
97.301
 10
245.783
 20
97.252
 10
245.882
 20
97.301
 10
246.376
 20
97.35
 10
246.673
 20
97.449
 10
247.429
 20
97.879
 10
247.726
 20
98.176
 10
248.121
 20
98.818
 10
248.304
 20
99.327
 10
248.403
 20
99.772
 10
248.403
 20
100.661
 10
248.254
 20
101.403
 10
247.958
 20
102.243
 10
247.528
 20
103.098
 10
247.034
 20
103.79
 10
246.638
 20
104.136
 10
246.031
 20
104.467
 10
245.833
 20
104.516
 97
0
 92
2
 72
0
 73
1
 93
11
 10
243.92
 20
102.92
 10
244.004
 20
102.885
 10
243.955
 20
102.786
 10
244.054
 20
102.49
 10
243.92
 20
102.327
 10
243.723
 20
102.258
 10
243.594
 20
102.327
 10
243.56
 20
102.539
 10
243.693
 20
102.801
 10
243.807
 20
102.885
 10
243.94
 20
102.851
 97
0
 92
2
 72
0
 73
1
 93
8
 10
243.377
 20
101.388
 10
243.51
 20
101.403
 10
243.658
 20
101.254
 10
243.658
 20
101.007
 10
243.461
 20
100.81
 10
243.298
 20
100.894
 10
243.214
 20
101.057
 10
243.214
 20
101.156
 97
0
 92
2
 72
0
 73
1
 93
14
 10
245.502
 20
101.289
 10
245.882
 20
101.304
 10
246.045
 20
101.22
 10
246.164
 20
101.091
 10
246.278
 20
100.76
 10
246.278
 20
100.563
 10
246.144
 20
100.202
 10
245.947
 20
100.004
 10
245.783
 20
99.92
 10
245.487
 20
99.92
 10
245.255
 20
100.034
 10
245.092
 20
100.316
 10
245.092
 20
100.76
 10
245.274
 20
101.121
 97
0
 92
2
 72
0
 73
1
 93
7
 10
247.479
 20
101.141
 10
247.612
 20
101.156
 10
247.711
 20
101.057
 10
247.711
 20
100.859
 10
247.563
 20
100.711
 10
247.449
 20
100.745
 10
247.365
 20
100.909
 97
0
 92
2
 72
0
 73
1
 93
4
 10
245.62
 20
101.042
 10
245.586
 20
101.007
 10
245.67
 20
100.775
 10
245.734
 20
100.859
 97
0
 92
2
 72
0
 73
1
 93
9
 10
245.833
 20
100.81
 10
245.798
 20
100.775
 10
245.966
 20
100.696
 10
245.947
 20
100.627
 10
245.996
 20
100.577
 10
246.065
 20
100.726
 10
246.164
 20
100.726
 10
246.08
 20
100.81
 10
246.016
 20
100.775
 97
0
 92
2
 72
0
 73
1
 93
13
 10
245.571
 20
100.696
 10
245.571
 20
100.627
 10
245.452
 20
100.597
 10
245.502
 20
100.38
 10
245.551
 20
100.449
 10
245.62
 20
100.429
 10
245.601
 20
100.548
 10
245.635
 20
100.563
 10
245.699
 20
100.429
 10
245.833
 20
100.513
 10
245.917
 20
100.38
 10
245.966
 20
100.548
 10
245.897
 20
100.528
 97
0
 92
2
 72
0
 73
1
 93
14
 10
243.377
 20
99.807
 10
243.51
 20
99.821
 10
243.871
 20
99.638
 10
244.167
 20
99.293
 10
244.35
 20
98.833
 10
244.301
 20
98.487
 10
244.167
 20
98.324
 10
243.955
 20
98.289
 10
243.693
 20
98.423
 10
243.545
 20
98.522
 10
243.347
 20
98.769
 10
243.164
 20
99.129
 10
243.115
 20
99.426
 10
243.199
 20
99.688
 97
0
 92
2
 72
0
 73
1
 93
30
 10
247.182
 20
99.708
 10
247.464
 20
99.722
 10
247.597
 20
99.658
 10
247.711
 20
99.475
 10
247.711
 20
99.08
 10
247.479
 20
98.571
 10
247.231
 20
98.324
 10
246.97
 20
98.191
 10
246.821
 20
98.191
 10
246.559
 20
98.373
 10
246.475
 20
98.586
 10
246.475
 20
98.833
 10
246.589
 20
99.164
 10
246.658
 20
99.144
 10
246.836
 20
99.263
 10
246.905
 20
99.194
 10
246.92
 20
99.377
 10
247.004
 20
99.441
 10
246.984
 20
99.51
 10
247.054
 20
99.51
 10
247.118
 20
99.426
 10
247.167
 20
99.475
 10
247.054
 20
99.609
 10
247.004
 20
99.589
 10
246.658
 20
99.194
 10
246.624
 20
99.228
 10
246.757
 20
99.441
 10
247.004
 20
99.638
 10
247.068
 20
99.673
 10
247.152
 20
99.638
 97
0
 92
2
 72
0
 73
1
 93
9
 10
245.156
 20
97.978
 10
245.452
 20
97.958
 10
245.586
 20
97.795
 10
245.551
 20
97.682
 10
245.388
 20
97.597
 10
245.126
 20
97.632
 10
245.027
 20
97.731
 10
244.993
 20
97.845
 10
245.027
 20
97.909
 97
0
 75
0
 76
1
 98
0
  0
HATCH
  5
56
330
17
100
AcDbEntity
  8
RASTER
 62
7
100
AcDbHatch
 10
0.0
 20
0.0
 30
0.0
210
0.0
220
0.0
230
1.0
  2
SOLID
 70
1
 71
0
 91
3
 92
3
 72
0
 73
1
 93
48
 10
257.516
 20
100.872
 10
257.489
 20
100.458
 10
257.408
 20
100.051
 10
257.275
 20
99.657
 10
257.091
 20
99.285
 10
256.86
 20
98.939
 10
256.586
 20
98.627
 10
256.274
 20
98.353
 10
255.928
 20
98.122
 10
255.556
 20
97.939
 10
255.163
 20
97.805
 10
254.755
 20
97.724
 10
254.341
 20
97.697
 10
253.926
 20
97.724
 10
253.519
 20
97.805
 10
253.125
 20
97.939
 10
252.753
 20
98.122
 10
252.408
 20
98.353
 10
252.095
 20
98.627
 10
251.821
 20
98.939
 10
251.591
 20
99.285
 10
251.407
 20
99.657
 10
251.273
 20
100.051
 10
251.192
 20
100.458
 10
251.165
 20
100.872
 10
251.192
 20
101.287
 10
251.273
 20
101.694
 10
251.407
 20
102.088
 10
251.591
 20
102.46
 10
251.821
 20
102.806
 10
252.095
 20
103.118
 10
252.408
 20
103.392
 10
252.753
 20
103.623
 10
253.125
 20
103.806
 10
253.519
 20
103.94
 10
253.926
 20
104.021
 10
254.341
 20
104.048
 10
254.755
 20
104.021
 10
255.163
 20
103.94
 10
255.556
 20
103.806
 10
255.928
 20
103.623
 10
256.274
 20
103.392
 10
256.586
 20
103.118
 10
256.86
 20
102.806
 10
257.091
 20
102.46
 10
257.275
 20
102.088
 10
257.408
 20
101.694
 10
257.489
 20
101.287
 97
0
 92
2
 72
0
 73
1
 93
12
 10
254.502
 20
100.112
 10
254.502
 20
99.561
 10
254.944
 20
99.561
 10
254.944
 20
100.112
 10
255.315
 20
100.112
 10
255.315
 20
100.498
 10
254.944
 20
100.498
 10
254.944
 20
102.214
 10
254.404
 20
102.214
 10
253.276
 20
100.509
 10
253.276
 20
100.112
 10
254.502
 20
100.112
 97
0
 92
2
 72
0
 73
1
 93
5
 10
254.502
 20
101.686
 10
254.502
 20
100.498
 10
253.741
 20
100.498
 10
254.494
 20
101.686
 10
254.502
 20
101.686
 97
0
 75
0
 76
1
 98
0
  0
HATCH
  5
57
330
17
100
AcDbEntity
  8
RASTER
 62
7
100
AcDbHatch
 10
0.0
 20
0.0
 30
0.0
210
0.0
220
0.0
230
1.0
  2
SOLID
 70
1
 71
0
 91
12
 92
3
 72
0
 73
1
 93
33
 10
268.555
 20
104.748
 10
269.282
 20
104.763
 10
269.578
 20
104.664
 10
270.186
 20
104.333
 10
270.73
 20
103.79
 10
271.076
 20
103.295
 10
271.456
 20
102.589
 10
271.802
 20
101.699
 10
272.0
 20
100.859
 10
272.0
 20
99.673
 10
271.95
 20
99.426
 10
271.703
 20
98.685
 10
271.471
 20
98.275
 10
270.878
 20
97.632
 10
270.581
 20
97.434
 10
270.122
 20
97.202
 10
269.381
 20
97.004
 10
268.491
 20
97.004
 10
268.244
 20
97.054
 10
267.651
 20
97.252
 10
267.142
 20
97.533
 10
266.697
 20
97.879
 10
266.401
 20
98.225
 10
265.971
 20
99.08
 10
265.822
 20
99.673
 10
265.822
 20
100.76
 10
265.872
 20
100.859
 10
265.921
 20
101.353
 10
266.07
 20
101.847
 10
266.499
 20
102.851
 10
266.895
 20
103.493
 10
267.438
 20
104.136
 10
267.982
 20
104.531
 97
0
 92
2
 72
0
 73
1
 93
35
 10
268.639
 20
104.516
 10
268.343
 20
104.417
 10
267.784
 20
104.086
 10
267.389
 20
103.691
 10
266.895
 20
102.999
 10
266.514
 20
102.243
 10
266.218
 20
101.403
 10
266.119
 20
100.909
 10
266.119
 20
100.612
 10
266.07
 20
100.513
 10
266.07
 20
99.97
 10
266.119
 20
99.871
 10
266.168
 20
99.377
 10
266.267
 20
99.08
 10
266.549
 20
98.522
 10
266.994
 20
97.978
 10
267.75
 20
97.499
 10
268.392
 20
97.301
 10
269.133
 20
97.252
 10
269.232
 20
97.301
 10
269.726
 20
97.35
 10
270.023
 20
97.449
 10
270.779
 20
97.879
 10
271.076
 20
98.176
 10
271.471
 20
98.818
 10
271.654
 20
99.327
 10
271.753
 20
99.772
 10
271.753
 20
100.661
 10
271.604
 20
101.403
 10
271.308
 20
102.243
 10
270.878
 20
103.098
 10
270.384
 20
103.79
 10
269.988
 20
104.136
 10
269.381
 20
104.467
 10
269.183
 20
104.516
 97
0
 92
2
 72
0
 73
1
 93
11
 10
267.27
 20
102.92
 10
267.354
 20
102.885
 10
267.305
 20
102.786
 10
267.404
 20
102.49
 10
267.27
 20
102.327
 10
267.073
 20
102.258
 10
266.944
 20
102.327
 10
266.91
 20
102.539
 10
267.043
 20
102.801
 10
267.157
 20
102.885
 10
267.29
 20
102.851
 97
0
 92
2
 72
0
 73
1
 93
8
 10
266.727
 20
101.388
 10
266.86
 20
101.403
 10
267.008
 20
101.254
 10
267.008
 20
101.007
 10
266.811
 20
100.81
 10
266.648
 20
100.894
 10
266.564
 20
101.057
 10
266.564
 20
101.156
 97
0
 92
2
 72
0
 73
1
 93
14
 10
268.852
 20
101.289
 10
269.232
 20
101.304
 10
269.395
 20
101.22
 10
269.514
 20
101.091
 10
269.628
 20
100.76
 10
269.628
 20
100.563
 10
269.494
 20
100.202
 10
269.297
 20
100.004
 10
269.133
 20
99.92
 10
268.837
 20
99.92
 10
268.605
 20
100.034
 10
268.442
 20
100.316
 10
268.442
 20
100.76
 10
268.624
 20
101.121
 97
0
 92
2
 72
0
 73
1
 93
7
 10
270.829
 20
101.141
 10
270.962
 20
101.156
 10
271.061
 20
101.057
 10
271.061
 20
100.859
 10
270.913
 20
100.711
 10
270.799
 20
100.745
 10
270.715
 20
100.909
 97
0
 92
2
 72
0
 73
1
 93
4
 10
268.97
 20
101.042
 10
268.936
 20
101.007
 10
269.02
 20
100.775
 10
269.084
 20
100.859
 97
0
 92
2
 72
0
 73
1
 93
9
 10
269.183
 20
100.81
 10
269.148
 20
100.775
 10
269.316
 20
100.696
 10
269.297
 20
100.627
 10
269.346
 20
100.577
 10
269.415
 20
100.726
 10
269.514
 20
100.726
 10
269.43
 20
100.81
 10
269.366
 20
100.775
 97
0
 92
2
 72
0
 73
1
 93
13
 10
268.921
 20
100.696
 10
268.921
 20
100.627
 10
268.802
 20
100.597
 10
268.852
 20
100.38
 10
268.901
 20
100.449
 10
268.97
 20
100.429
 10
268.951
 20
100.548
 10
268.985
 20
100.563
 10
269.049
 20
100.429
 10
269.183
 20
100.513
 10
269.267
 20
100.38
 10
269.316
 20
100.548
 10
269.247
 20
100.528
 97
0
 92
2
 72
0
 73
1
 93
14
 10
266.727
 20
99.807
 10
266.86
 20
99.821
 10
267.221
 20
99.638
 10
267.517
 20
99.293
 10
267.7
 20
98.833
 10
267.651
 20
98.487
 10
267.517
 20
98.324
 10
267.305
 20
98.289
 10
267.043
 20
98.423
 10
266.895
 20
98.522
 10
266.697
 20
98.769
 10
266.514
 20
99.129
 10
266.465
 20
99.426
 10
266.549
 20
99.688
 97
0
 92
2
 72
0
 73
1
 93
30
 10
270.532
 20
99.708
 10
270.814
 20
99.722
 10
270.947
 20
99.658
 10
271.061
 20
99.475
 10
271.061
 20
99.08
 10
270.829
 20
98.571
 10
270.581
 20
98.324
 10
270.32
 20
98.191
 10
270.171
 20
98.191
 10
269.909
 20
98.373
 10
269.825
 20
98.586
 10
269.825
 20
98.833
 10
269.939
 20
99.164
 10
270.008
 20
99.144
 10
270.186
 20
99.263
 10
270.255
 20
99.194
 10
270.27
 20
99.377
 10
270.354
 20
99.441
 10
270.334
 20
99.51
 10
270.404
 20
99.51
 10
270.468
 20
99.426
 10
270.517
 20
99.475
 10
270.404
 20
99.609
 10
270.354
 20
99.589
 10
270.008
 20
99.194
 10
269.974
 20
99.228
 10
270.107
 20
99.441
 10
270.354
 20
99.638
 10
270.418
 20
99.673
 10
270.502
 20
99.638
 97
0
 92
2
 72
0
 73
1
 93
9
 10
268.506
 20
97.978
 10
268.802
 20
97.958
 10
268.936
 20
97.795
 10
268.901
 20
97.682
 10
268.738
 20
97.597
 10
268.476
 20
97.632
 10
268.377
 20
97.731
 10
268.343
 20
97.845
 10
268.377
 20
97.909
 97
0
 75
0
 76
1
 98
0
  0
HATCH
  5
58
330
17
100
AcDbEntity
  8
RASTER
 62
7
100
AcDbHatch
 10
0.0
 20
0.0
 30
0.0
210
0.0
220
0.0
230
1.0
  2
SOLID
 70
1
 71
0
 91
2
 92
3
 72
0
 73
1
 93
48
 10
280.866
 20
100.872
 10
280.839
 20
100.458
 10
280.758
 20
100.051
 10
280.625
 20
99.657
 10
280.441
 20
99.285
 10
280.21
 20
98.939
 10
279.936
 20
98.627
 10
279.624
 20
98.353
 10
279.278
 20
98.122
 10
278.906
 20
97.939
 10
278.513
 20
97.805
 10
278.105
 20
97.724
 10
277.691
 20
97.697
 10
277.276
 20
97.724
 10
276.869
 20
97.805
 10
276.475
 20
97.939
 10
276.103
 20
98.122
 10
275.758
 20
98.353
 10
275.445
 20
98.627
 10
275.171
 20
98.939
 10
274.941
 20
99.285
 10
274.757
 20
99.657
 10
274.623
 20
100.051
 10
274.542
 20
100.458
 10
274.515
 20
100.872
 10
274.542
 20
101.287
 10
274.623
 20
101.694
 10
274.757
 20
102.088
 10
274.941
 20
102.46
 10
275.171
 20
102.806
 10
275.445
 20
103.118
 10
275.758
 20
103.392
 10
276.103
 20
103.623
 10
276.475
 20
103.806
 10
276.869
 20
103.94
 10
277.276
 20
104.021
 10
277.691
 20
104.048
 10
278.105
 20
104.021
 10
278.513
 20
103.94
 10
278.906
 20
103.806
 10
279.278
 20
103.623
 10
279.624
 20
103.392
 10
279.936
 20
103.118
 10
280.21
 20
102.806
 10
280.441
 20
102.46
 10
280.625
 20
102.088
 10
280.758
 20
101.694
 10
280.839
 20
101.287
 97
0
 92
2
 72
0
 73
1
 93
215
 10
278.44
 20
101.809
 10
278.44
 20
102.214
 10
276.93
 20
102.214
 10
276.885
 20
100.764
 10
276.9
 20
100.771
 10
276.916
 20
100.779
 10
276.932
 20
100.786
 10
276.949
 20
100.793
 10
276.967
 20
100.8
 10
276.984
 20
100.807
 10
277.003
 20
100.813
 10
277.022
 20
100.82
 10
277.041
 20
100.826
 10
277.06
 20
100.833
 10
277.08
 20
100.839
 10
277.1
 20
100.845
 10
277.119
 20
100.851
 10
277.139
 20
100.856
 10
277.159
 20
100.862
 10
277.179
 20
100.867
 10
277.199
 20
100.872
 10
277.22
 20
100.877
 10
277.24
 20
100.881
 10
277.261
 20
100.885
 10
277.281
 20
100.889
 10
277.302
 20
100.892
 10
277.323
 20
100.896
 10
277.344
 20
100.899
 10
277.365
 20
100.901
 10
277.386
 20
100.904
 10
277.406
 20
100.906
 10
277.426
 20
100.907
 10
277.446
 20
100.908
 10
277.465
 20
100.909
 10
277.484
 20
100.91
 10
277.503
 20
100.91
 10
277.53
 20
100.91
 10
277.557
 20
100.908
 10
277.584
 20
100.906
 10
277.611
 20
100.904
 10
277.638
 20
100.9
 10
277.664
 20
100.896
 10
277.691
 20
100.891
 10
277.717
 20
100.886
 10
277.743
 20
100.879
 10
277.768
 20
100.871
 10
277.793
 20
100.862
 10
277.817
 20
100.852
 10
277.84
 20
100.84
 10
277.863
 20
100.828
 10
277.885
 20
100.814
 10
277.906
 20
100.799
 10
277.927
 20
100.783
 10
277.946
 20
100.766
 10
277.965
 20
100.747
 10
277.983
 20
100.728
 10
277.999
 20
100.707
 10
278.015
 20
100.684
 10
278.029
 20
100.661
 10
278.043
 20
100.636
 10
278.055
 20
100.61
 10
278.066
 20
100.582
 10
278.075
 20
100.553
 10
278.082
 20
100.522
 10
278.088
 20
100.489
 10
278.092
 20
100.455
 10
278.095
 20
100.419
 10
278.095
 20
100.382
 10
278.095
 20
100.352
 10
278.093
 20
100.323
 10
278.09
 20
100.295
 10
278.086
 20
100.268
 10
278.08
 20
100.241
 10
278.073
 20
100.215
 10
278.065
 20
100.19
 10
278.056
 20
100.166
 10
278.046
 20
100.143
 10
278.035
 20
100.12
 10
278.023
 20
100.099
 10
278.01
 20
100.078
 10
277.996
 20
100.059
 10
277.981
 20
100.041
 10
277.966
 20
100.023
 10
277.949
 20
100.007
 10
277.932
 20
99.991
 10
277.914
 20
99.977
 10
277.896
 20
99.963
 10
277.876
 20
99.951
 10
277.856
 20
99.939
 10
277.835
 20
99.928
 10
277.814
 20
99.918
 10
277.792
 20
99.909
 10
277.769
 20
99.901
 10
277.746
 20
99.895
 10
277.723
 20
99.889
 10
277.699
 20
99.884
 10
277.675
 20
99.88
 10
277.651
 20
99.878
 10
277.626
 20
99.876
 10
277.601
 20
99.876
 10
277.557
 20
99.877
 10
277.514
 20
99.882
 10
277.473
 20
99.889
 10
277.433
 20
99.9
 10
277.395
 20
99.913
 10
277.358
 20
99.929
 10
277.323
 20
99.949
 10
277.29
 20
99.971
 10
277.258
 20
99.996
 10
277.229
 20
100.023
 10
277.202
 20
100.052
 10
277.177
 20
100.082
 10
277.155
 20
100.115
 10
277.135
 20
100.149
 10
277.118
 20
100.186
 10
277.102
 20
100.224
 10
276.694
 20
100.074
 10
276.722
 20
100.009
 10
276.754
 20
99.947
 10
276.79
 20
99.888
 10
276.83
 20
99.833
 10
276.873
 20
99.782
 10
276.921
 20
99.734
 10
276.972
 20
99.69
 10
277.027
 20
99.649
 10
277.086
 20
99.613
 10
277.148
 20
99.581
 10
277.214
 20
99.554
 10
277.282
 20
99.532
 10
277.354
 20
99.515
 10
277.429
 20
99.503
 10
277.508
 20
99.496
 10
277.59
 20
99.493
 10
277.639
 20
99.494
 10
277.687
 20
99.497
 10
277.735
 20
99.502
 10
277.782
 20
99.509
 10
277.829
 20
99.518
 10
277.875
 20
99.529
 10
277.92
 20
99.542
 10
277.964
 20
99.557
 10
278.008
 20
99.574
 10
278.049
 20
99.593
 10
278.09
 20
99.613
 10
278.129
 20
99.635
 10
278.167
 20
99.659
 10
278.203
 20
99.684
 10
278.238
 20
99.712
 10
278.272
 20
99.741
 10
278.303
 20
99.772
 10
278.334
 20
99.804
 10
278.362
 20
99.838
 10
278.389
 20
99.874
 10
278.414
 20
99.912
 10
278.438
 20
99.951
 10
278.459
 20
99.992
 10
278.479
 20
100.035
 10
278.497
 20
100.079
 10
278.513
 20
100.125
 10
278.526
 20
100.172
 10
278.537
 20
100.221
 10
278.545
 20
100.271
 10
278.551
 20
100.323
 10
278.555
 20
100.376
 10
278.556
 20
100.43
 10
278.555
 20
100.48
 10
278.552
 20
100.528
 10
278.547
 20
100.575
 10
278.539
 20
100.621
 10
278.529
 20
100.665
 10
278.517
 20
100.707
 10
278.503
 20
100.749
 10
278.487
 20
100.788
 10
278.469
 20
100.826
 10
278.449
 20
100.863
 10
278.427
 20
100.898
 10
278.404
 20
100.931
 10
278.379
 20
100.963
 10
278.352
 20
100.994
 10
278.324
 20
101.023
 10
278.294
 20
101.05
 10
278.262
 20
101.076
 10
278.229
 20
101.101
 10
278.195
 20
101.123
 10
278.16
 20
101.145
 10
278.123
 20
101.164
 10
278.084
 20
101.182
 10
278.045
 20
101.199
 10
278.004
 20
101.213
 10
277.961
 20
101.227
 10
277.918
 20
101.238
 10
277.875
 20
101.248
 10
277.83
 20
101.256
 10
277.784
 20
101.262
 10
277.738
 20
101.266
 10
277.69
 20
101.269
 10
277.642
 20
101.27
 10
277.624
 20
101.27
 10
277.605
 20
101.269
 10
277.586
 20
101.269
 10
277.567
 20
101.268
 10
277.546
 20
101.267
 10
277.526
 20
101.265
 10
277.504
 20
101.264
 10
277.483
 20
101.262
 10
277.461
 20
101.26
 10
277.44
 20
101.258
 10
277.42
 20
101.255
 10
277.401
 20
101.252
 10
277.382
 20
101.248
 10
277.364
 20
101.245
 10
277.347
 20
101.24
 10
277.331
 20
101.236
 10
277.357
 20
101.809
 10
278.44
 20
101.809
 97
0
 75
0
 76
1
 98
0
  0
LWPOLYLINE
  5
59
330
17
100
AcDbEntity
  8
CUT
100
AcDbPolyline
 90
585
 70
1
 10
4.14
 20
47.238
 10
4.207
 20
47.484
 10
4.289
 20
47.733
 10
4.519
 20
48.16
 10
4.815
 20
48.528
 10
5.15
 20
48.83
 10
5.506
 20
49.074
 10
5.869
 20
49.275
 10
6.236
 20
49.45
 10
6.613
 20
49.612
 10
7.015
 20
49.77
 10
7.226
 20
49.84
 10
7.442
 20
49.917
 10
7.677
 20
49.98
 10
7.915
 20
50.046
 10
8.173
 20
50.093
 10
8.433
 20
50.139
 10
8.712
 20
50.164
 10
8.994
 20
50.186
 10
9.457
 20
50.205
 10
9.919
 20
50.23
 10
10.381
 20
50.27
 10
10.843
 20
50.33
 10
11.306
 20
50.406
 10
11.77
 20
50.485
 10
12.235
 20
50.551
 10
12.702
 20
50.584
 10
13.169
 20
50.572
 10
13.637
 20
50.51
 10
14.102
 20
50.409
 10
14.567
 20
50.288
 10
15.029
 20
50.169
 10
15.49
 20
50.075
 10
15.95
 20
50.021
 10
16.41
 20
50.011
 10
16.87
 20
50.038
 10
17.333
 20
50.089
 10
17.796
 20
50.148
 10
18.26
 20
50.2
 10
18.725
 20
50.239
 10
19.189
 20
50.267
 10
19.652
 20
50.293
 10
20.115
 20
50.325
 10
20.577
 20
50.37
 10
21.04
 20
50.427
 10
21.504
 20
50.488
 10
21.969
 20
50.538
 10
22.435
 20
50.559
 10
22.902
 20
50.538
 10
23.369
 20
50.472
 10
23.835
 20
50.369
 10
24.299
 20
50.247
 10
24.761
 20
50.128
 10
25.222
 20
50.037
 10
25.682
 20
49.988
 10
26.141
 20
49.986
 10
26.602
 20
50.027
 10
27.064
 20
50.095
 10
27.527
 20
50.173
 10
27.991
 20
50.243
 10
28.456
 20
50.296
 10
28.921
 20
50.33
 10
29.385
 20
50.353
 10
29.848
 20
50.375
 10
30.311
 20
50.403
 10
30.774
 20
50.44
 10
31.238
 20
50.481
 10
31.703
 20
50.513
 10
32.169
 20
50.522
 10
32.635
 20
50.495
 10
33.102
 20
50.427
 10
33.567
 20
50.326
 10
34.031
 20
50.207
 10
34.494
 20
50.094
 10
34.954
 20
50.007
 10
35.413
 20
49.965
 10
35.873
 20
49.974
 10
36.333
 20
50.027
 10
36.795
 20
50.111
 10
37.258
 20
50.205
 10
37.723
 20
50.29
 10
38.188
 20
50.353
 10
38.654
 20
50.392
 10
39.118
 20
50.41
 10
39.582
 20
50.419
 10
40.045
 20
50.428
 10
40.508
 20
50.443
 10
40.972
 20
50.463
 10
41.436
 20
50.478
 10
41.902
 20
50.475
 10
42.368
 20
50.444
 10
42.834
 20
50.378
 10
43.299
 20
50.283
 10
43.763
 20
50.172
 10
44.225
 20
50.066
 10
44.686
 20
49.989
 10
45.145
 20
49.956
 10
45.601
 20
49.974
 10
45.877
 20
49.999
 10
46.153
 20
50.04
 10
46.416
 20
50.069
 10
46.684
 20
50.103
 10
46.938
 20
50.116
 10
47.197
 20
50.124
 10
47.441
 20
50.106
 10
47.69
 20
50.079
 10
48.146
 20
49.96
 10
48.564
 20
49.77
 10
48.93
 20
49.513
 10
49.247
 20
49.208
 10
49.52
 20
48.868
 10
49.754
 20
48.495
 10
49.949
 20
48.091
 10
50.105
 20
47.654
 10
50.162
 20
47.416
 10
50.217
 20
47.18
 10
50.25
 20
46.927
 10
50.283
 20
46.675
 10
50.295
 20
46.406
 10
50.308
 20
46.138
 10
50.306
 20
45.854
 10
50.309
 20
45.572
 10
50.314
 20
45.105
 10
50.318
 20
44.638
 10
50.318
 20
44.171
 10
50.318
 20
43.704
 10
50.318
 20
43.183
 10
51.177
 20
43.183
 10
50.982
 20
43.458
 10
50.891
 20
43.87
 10
50.966
 20
44.285
 10
51.197
 20
44.638
 10
51.546
 20
44.875
 10
51.959
 20
44.959
 10
52.373
 20
44.875
 10
52.722
 20
44.638
 10
52.952
 20
44.285
 10
53.027
 20
43.87
 10
52.936
 20
43.458
 10
52.742
 20
43.183
 10
56.22
 20
43.183
 10
56.026
 20
43.458
 10
55.935
 20
43.87
 10
56.01
 20
44.285
 10
56.24
 20
44.638
 10
56.589
 20
44.875
 10
57.003
 20
44.959
 10
57.416
 20
44.875
 10
57.765
 20
44.638
 10
57.995
 20
44.285
 10
58.071
 20
43.87
 10
57.979
 20
43.458
 10
57.785
 20
43.183
 10
58.644
 20
43.183
 10
58.644
 20
46.416
 10
58.717
 20
46.785
 10
58.929
 20
47.101
 10
59.245
 20
47.313
 10
59.614
 20
47.386
 10
61.023
 20
47.386
 10
61.392
 20
47.313
 10
61.708
 20
47.101
 10
61.92
 20
46.785
 10
61.993
 20
46.416
 10
61.993
 20
31.464
 10
61.92
 20
31.095
 10
61.708
 20
30.779
 10
61.392
 20
30.568
 10
61.023
 20
30.494
 10
59.614
 20
30.494
 10
59.245
 20
30.568
 10
58.929
 20
30.779
 10
58.717
 20
31.095
 10
58.644
 20
31.464
 10
58.644
 20
34.697
 10
57.785
 20
34.697
 10
57.979
 20
34.422
 10
58.071
 20
34.011
 10
57.995
 20
33.595
 10
57.765
 20
33.242
 10
57.416
 20
33.005
 10
57.003
 20
32.922
 10
56.589
 20
33.005
 10
56.24
 20
33.242
 10
56.01
 20
33.595
 10
55.935
 20
34.011
 10
56.026
 20
34.422
 10
56.22
 20
34.697
 10
52.742
 20
34.697
 10
52.936
 20
34.422
 10
53.027
 20
34.011
 10
52.952
 20
33.595
 10
52.722
 20
33.242
 10
52.373
 20
33.005
 10
51.959
 20
32.922
 10
51.546
 20
33.005
 10
51.197
 20
33.242
 10
50.966
 20
33.595
 10
50.891
 20
34.011
 10
50.982
 20
34.422
 10
51.177
 20
34.697
 10
50.318
 20
34.697
 10
50.318
 20
34.364
 10
50.318
 20
33.897
 10
50.318
 20
33.43
 10
50.318
 20
32.963
 10
50.317
 20
32.496
 10
50.338
 20
32.031
 10
50.374
 20
31.566
 10
50.408
 20
31.286
 10
50.439
 20
31.009
 10
50.483
 20
30.75
 10
50.52
 20
30.492
 10
50.569
 20
30.253
 10
50.611
 20
30.013
 10
50.667
 20
29.79
 10
50.718
 20
29.568
 10
50.854
 20
29.151
 10
51.026
 20
28.768
 10
51.24
 20
28.419
 10
51.492
 20
28.102
 10
51.782
 20
27.815
 10
52.109
 20
27.552
 10
52.473
 20
27.31
 10
52.876
 20
27.088
 10
53.102
 20
26.989
 10
53.328
 20
26.892
 10
53.575
 20
26.814
 10
53.825
 20
26.743
 10
54.095
 20
26.698
 10
54.366
 20
26.666
 10
54.655
 20
26.669
 10
54.94
 20
26.688
 10
55.407
 20
26.772
 10
55.872
 20
26.886
 10
56.339
 20
27.011
 10
56.808
 20
27.122
 10
57.279
 20
27.197
 10
57.749
 20
27.226
 10
58.22
 20
27.207
 10
58.689
 20
27.154
 10
59.157
 20
27.082
 10
59.623
 20
27.011
 10
60.089
 20
26.953
 10
60.555
 20
26.912
 10
61.021
 20
26.885
 10
61.488
 20
26.862
 10
61.956
 20
26.833
 10
62.424
 20
26.794
 10
62.891
 20
26.748
 10
63.357
 20
26.706
 10
63.822
 20
26.682
 10
64.285
 20
26.691
 10
64.749
 20
26.742
 10
65.213
 20
26.831
 10
65.679
 20
26.947
 10
66.147
 20
27.068
 10
66.616
 20
27.17
 10
67.087
 20
27.233
 10
67.558
 20
27.245
 10
68.029
 20
27.208
 10
68.498
 20
27.135
 10
68.967
 20
27.045
 10
69.251
 20
26.982
 10
69.533
 20
26.924
 10
69.794
 20
26.857
 10
70.054
 20
26.798
 10
70.294
 20
26.731
 10
70.534
 20
26.67
 10
70.756
 20
26.596
 10
70.976
 20
26.527
 10
71.385
 20
26.355
 10
71.753
 20
26.147
 10
72.078
 20
25.901
 10
72.361
 20
25.621
 10
72.607
 20
25.313
 10
72.826
 20
24.981
 10
73.031
 20
24.624
 10
73.236
 20
24.235
 10
73.335
 20
24.026
 10
73.444
 20
23.813
 10
73.545
 20
23.578
 10
73.652
 20
23.34
 10
73.746
 20
23.078
 10
73.836
 20
22.811
 10
73.904
 20
22.52
 10
73.958
 20
22.23
 10
73.993
 20
21.765
 10
73.977
 20
21.304
 10
73.915
 20
20.843
 10
73.823
 20
20.384
 10
73.72
 20
19.926
 10
73.627
 20
19.47
 10
73.557
 20
19.015
 10
73.516
 20
18.56
 10
73.501
 20
18.105
 10
73.502
 20
17.648
 10
73.508
 20
17.191
 10
73.511
 20
16.733
 10
73.508
 20
16.276
 10
73.504
 20
15.819
 10
73.511
 20
15.363
 10
73.538
 20
14.908
 10
73.594
 20
14.453
 10
73.676
 20
13.997
 10
73.775
 20
13.541
 10
73.874
 20
13.082
 10
73.952
 20
12.622
 10
73.991
 20
12.161
 10
73.98
 20
11.7
 10
73.92
 20
11.239
 10
73.824
 20
10.779
 10
73.712
 20
10.321
 10
73.604
 20
9.865
 10
73.52
 20
9.41
 10
73.47
 20
8.957
 10
73.448
 20
8.68
 10
73.437
 20
8.405
 10
73.417
 20
8.147
 10
73.403
 20
7.888
 10
73.372
 20
7.646
 10
73.342
 20
7.402
 10
73.292
 20
7.176
 10
73.241
 20
6.951
 10
73.095
 20
6.532
 10
72.909
 20
6.152
 10
72.69
 20
5.803
 10
72.441
 20
5.48
 10
72.163
 20
5.175
 10
71.849
 20
4.883
 10
71.492
 20
4.606
 10
71.087
 20
4.355
 10
70.854
 20
4.248
 10
70.62
 20
4.147
 10
70.363
 20
4.074
 10
70.103
 20
4.013
 10
69.822
 20
3.986
 10
69.542
 20
3.976
 10
69.244
 20
4.005
 10
68.953
 20
4.049
 10
68.485
 20
4.161
 10
68.021
 20
4.283
 10
67.56
 20
4.39
 10
67.099
 20
4.466
 10
66.639
 20
4.501
 10
66.179
 20
4.496
 10
65.717
 20
4.463
 10
65.254
 20
4.416
 10
64.79
 20
4.37
 10
64.326
 20
4.333
 10
63.862
 20
4.306
 10
63.399
 20
4.282
 10
62.936
 20
4.252
 10
62.474
 20
4.208
 10
62.012
 20
4.147
 10
61.549
 20
4.077
 10
61.084
 20
4.01
 10
60.618
 20
3.966
 10
60.151
 20
3.96
 10
59.684
 20
4.001
 10
59.217
 20
4.086
 10
58.752
 20
4.201
 10
58.289
 20
4.325
 10
57.827
 20
4.433
 10
57.367
 20
4.507
 10
56.908
 20
4.536
 10
56.447
 20
4.52
 10
55.986
 20
4.471
 10
55.523
 20
4.405
 10
55.059
 20
4.339
 10
54.595
 20
4.285
 10
54.13
 20
4.246
 10
53.666
 20
4.219
 10
53.203
 20
4.194
 10
52.74
 20
4.163
 10
52.278
 20
4.12
 10
51.814
 20
4.07
 10
51.35
 20
4.022
 10
50.884
 20
3.992
 10
50.418
 20
3.995
 10
49.951
 20
4.041
 10
49.484
 20
4.128
 10
49.02
 20
4.242
 10
48.556
 20
4.364
 10
48.095
 20
4.469
 10
47.635
 20
4.538
 10
47.176
 20
4.559
 10
46.716
 20
4.533
 10
46.255
 20
4.469
 10
45.792
 20
4.385
 10
45.328
 20
4.302
 10
44.863
 20
4.232
 10
44.398
 20
4.185
 10
43.933
 20
4.157
 10
43.469
 20
4.14
 10
43.006
 20
4.124
 10
42.543
 20
4.101
 10
42.08
 20
4.072
 10
41.616
 20
4.044
 10
41.151
 20
4.029
 10
40.685
 20
4.041
 10
40.218
 20
4.089
 10
39.752
 20
4.173
 10
39.287
 20
4.283
 10
38.824
 20
4.399
 10
38.363
 20
4.497
 10
37.903
 20
4.559
 10
37.444
 20
4.571
 10
36.985
 20
4.534
 10
36.524
 20
4.456
 10
36.061
 20
4.358
 10
35.597
 20
4.26
 10
35.132
 20
4.179
 10
34.666
 20
4.125
 10
34.2
 20
4.099
 10
33.736
 20
4.092
 10
33.272
 20
4.093
 10
32.809
 20
4.092
 10
32.343
 20
4.085
 10
32.056
 20
4.089
 10
31.766
 20
4.093
 10
31.493
 20
4.121
 10
31.22
 20
4.154
 10
30.966
 20
4.213
 10
30.714
 20
4.281
 10
30.485
 20
4.374
 10
30.258
 20
4.475
 10
29.864
 20
4.725
 10
29.529
 20
5.012
 10
29.248
 20
5.318
 10
29.007
 20
5.629
 10
28.789
 20
5.94
 10
28.575
 20
6.256
 10
28.352
 20
6.59
 10
28.118
 20
6.961
 10
28.006
 20
7.163
 10
27.887
 20
7.373
 10
27.782
 20
7.606
 10
27.678
 20
7.846
 10
27.595
 20
8.108
 10
27.522
 20
8.376
 10
27.476
 20
8.665
 10
27.444
 20
8.954
 10
27.433
 20
9.426
 10
27.445
 20
9.894
 10
27.466
 20
10.361
 10
27.485
 20
10.828
 10
27.498
 20
11.295
 10
27.508
 20
11.762
 10
27.523
 20
12.23
 10
27.554
 20
12.698
 10
27.61
 20
13.167
 10
27.689
 20
13.636
 10
27.781
 20
14.103
 10
27.869
 20
14.569
 10
27.932
 20
15.033
 10
27.953
 20
15.496
 10
27.923
 20
15.959
 10
27.845
 20
16.423
 10
27.735
 20
16.888
 10
27.614
 20
17.355
 10
27.506
 20
17.824
 10
27.429
 20
18.294
 10
27.393
 20
18.764
 10
27.396
 20
19.234
 10
27.427
 20
19.703
 10
27.469
 20
20.17
 10
27.51
 20
20.637
 10
27.542
 20
21.103
 10
27.565
 20
21.57
 10
27.588
 20
22.037
 10
27.62
 20
22.505
 10
27.669
 20
22.973
 10
27.699
 20
23.258
 10
27.734
 20
23.546
 10
27.749
 20
23.817
 10
27.763
 20
24.092
 10
27.752
 20
24.351
 10
27.734
 20
24.611
 10
27.686
 20
24.853
 10
27.626
 20
25.098
 10
27.44
 20
25.528
 10
27.179
 20
25.903
 10
26.861
 20
26.212
 10
26.506
 20
26.455
 10
26.13
 20
26.642
 10
25.745
 20
26.79
 10
25.353
 20
26.918
 10
24.944
 20
27.045
 10
24.733
 20
27.105
 10
24.52
 20
27.176
 10
24.29
 20
27.241
 10
24.058
 20
27.312
 10
23.807
 20
27.373
 10
23.553
 20
27.436
 10
23.278
 20
27.482
 10
22.999
 20
27.525
 10
22.535
 20
27.568
 10
22.069
 20
27.599
 10
21.602
 20
27.625
 10
21.134
 20
27.654
 10
20.666
 20
27.695
 10
20.198
 20
27.748
 10
19.732
 20
27.805
 10
19.266
 20
27.85
 10
18.802
 20
27.868
 10
18.339
 20
27.845
 10
17.875
 20
27.778
 10
17.411
 20
27.674
 10
16.944
 20
27.551
 10
16.476
 20
27.433
 10
16.006
 20
27.343
 10
15.535
 20
27.297
 10
15.064
 20
27.301
 10
14.594
 20
27.349
 10
14.125
 20
27.424
 10
13.659
 20
27.506
 10
13.193
 20
27.579
 10
12.727
 20
27.632
 10
12.262
 20
27.666
 10
11.795
 20
27.688
 10
11.328
 20
27.707
 10
10.861
 20
27.731
 10
10.393
 20
27.764
 10
9.927
 20
27.8
 10
9.461
 20
27.825
 10
8.998
 20
27.826
 10
8.721
 20
27.819
 10
8.444
 20
27.796
 10
8.182
 20
27.781
 10
7.915
 20
27.755
 10
7.661
 20
27.743
 10
7.4
 20
27.727
 10
7.152
 20
27.732
 10
6.896
 20
27.743
 10
6.418
 20
27.827
 10
5.973
 20
27.996
 10
5.58
 20
28.248
 10
5.254
 20
28.573
 10
5.0
 20
28.954
 10
4.815
 20
29.372
 10
4.688
 20
29.812
 10
4.601
 20
30.268
 10
4.572
 20
30.505
 10
4.537
 20
30.737
 10
4.515
 20
30.984
 10
4.486
 20
31.229
 10
4.469
 20
31.49
 10
4.447
 20
31.751
 10
4.441
 20
32.03
 10
4.434
 20
32.31
 10
4.44
 20
32.767
 10
4.453
 20
33.225
 10
4.467
 20
33.682
 10
4.471
 20
34.138
 10
4.456
 20
34.593
 10
4.41
 20
35.047
 10
4.333
 20
35.502
 10
4.233
 20
35.959
 10
4.126
 20
36.416
 10
4.032
 20
36.876
 10
3.972
 20
37.336
 10
3.96
 20
37.798
 10
3.998
 20
38.259
 10
4.079
 20
38.719
 10
4.183
 20
39.178
 10
4.29
 20
39.635
 10
4.381
 20
40.09
 10
4.442
 20
40.545
 10
4.472
 20
41.0
 10
4.475
 20
41.455
 10
4.462
 20
41.912
 10
4.446
 20
42.369
 10
4.435
 20
42.827
 10
4.429
 20
43.284
 10
4.423
 20
43.741
 10
4.406
 20
44.197
 10
4.37
 20
44.653
 10
4.308
 20
45.108
 10
4.223
 20
45.565
 10
4.174
 20
45.851
 10
4.125
 20
46.144
 10
4.102
 20
46.423
 10
4.088
 20
46.705
 10
4.107
 20
46.971
  0
HATCH
  5
5A
330
17
100
AcDbEntity
  8
RASTER
 62
7
100
AcDbHatch
 10
0.0
 20
0.0
 30
0.0
210
0.0
220
0.0
230
1.0
  2
SOLID
 70
1
 71
0
 91
1
 92
3
 72
0
 73
1
 93
740
 10
47.386
 20
33.428
 10
47.416
 20
32.879
 10
47.49
 20
32.319
 10
47.609
 20
31.762
 10
47.753
 20
31.217
 10
47.893
 20
30.687
 10
47.992
 20
30.175
 10
48.026
 20
29.675
 10
47.981
 20
29.17
 10
47.938
 20
28.918
 10
47.873
 20
28.651
 10
47.755
 20
28.104
 10
47.676
 20
27.553
 10
47.675
 20
27.003
 10
47.773
 20
26.472
 10
47.972
 20
25.984
 10
48.259
 20
25.556
 10
48.614
 20
25.197
 10
49.016
 20
24.908
 10
49.446
 20
24.681
 10
49.896
 20
24.503
 10
50.365
 20
24.362
 10
50.859
 20
24.253
 10
51.387
 20
24.177
 10
51.947
 20
24.15
 10
52.256
 20
24.167
 10
52.559
 20
24.193
 10
53.132
 20
24.29
 10
53.698
 20
24.409
 10
54.248
 20
24.522
 10
54.781
 20
24.594
 10
55.303
 20
24.599
 10
55.825
 20
24.524
 10
56.359
 20
24.377
 10
56.912
 20
24.186
 10
57.485
 20
23.995
 10
58.074
 20
23.849
 10
58.673
 20
23.782
 10
59.268
 20
23.8
 10
59.85
 20
23.88
 10
60.416
 20
23.987
 10
60.968
 20
24.086
 10
61.515
 20
24.158
 10
62.064
 20
24.201
 10
62.622
 20
24.229
 10
63.189
 20
24.262
 10
63.76
 20
24.318
 10
64.328
 20
24.395
 10
64.884
 20
24.479
 10
65.426
 20
24.539
 10
65.955
 20
24.547
 10
66.489
 20
24.485
 10
66.746
 20
24.421
 10
67.005
 20
24.344
 10
67.496
 20
24.125
 10
67.929
 20
23.877
 10
68.317
 20
23.628
 10
68.669
 20
23.396
 10
68.998
 20
23.186
 10
69.312
 20
22.994
 10
69.618
 20
22.803
 10
69.915
 20
22.595
 10
70.199
 20
22.351
 10
70.46
 20
22.059
 10
70.686
 20
21.712
 10
70.863
 20
21.309
 10
70.984
 20
20.852
 10
71.054
 20
20.341
 10
71.067
 20
20.066
 10
71.082
 20
19.782
 10
71.105
 20
19.217
 10
71.145
 20
18.651
 10
71.19
 20
18.094
 10
71.215
 20
17.55
 10
71.195
 20
17.017
 10
71.116
 20
16.486
 10
70.977
 20
15.948
 10
70.801
 20
15.394
 10
70.625
 20
14.821
 10
70.497
 20
14.229
 10
70.454
 20
13.626
 10
70.508
 20
13.025
 10
70.639
 20
12.438
 10
70.805
 20
11.87
 10
70.964
 20
11.316
 10
71.018
 20
11.051
 10
71.06
 20
10.791
 10
71.068
 20
10.279
 10
70.996
 20
9.807
 10
70.864
 20
9.366
 10
70.688
 20
8.959
 10
70.479
 20
8.586
 10
70.241
 20
8.245
 10
69.974
 20
7.938
 10
69.676
 20
7.666
 10
69.343
 20
7.438
 10
68.973
 20
7.262
 10
68.567
 20
7.148
 10
68.125
 20
7.105
 10
67.649
 20
7.135
 10
67.134
 20
7.228
 10
66.865
 20
7.295
 10
66.574
 20
7.356
 10
65.995
 20
7.445
 10
65.394
 20
7.448
 10
64.799
 20
7.357
 10
64.219
 20
7.196
 10
63.659
 20
7.01
 10
63.116
 20
6.843
 10
62.586
 20
6.728
 10
62.061
 20
6.678
 10
61.529
 20
6.686
 10
60.985
 20
6.733
 10
60.428
 20
6.791
 10
59.863
 20
6.839
 10
59.299
 20
6.868
 10
58.742
 20
6.886
 10
58.195
 20
6.915
 10
57.654
 20
6.972
 10
57.113
 20
7.066
 10
56.563
 20
7.189
 10
55.997
 20
7.316
 10
55.414
 20
7.408
 10
54.818
 20
7.428
 10
54.222
 20
7.358
 10
53.636
 20
7.209
 10
53.069
 20
7.018
 10
52.52
 20
6.831
 10
51.989
 20
6.689
 10
51.468
 20
6.616
 10
50.946
 20
6.616
 10
50.412
 20
6.676
 10
49.862
 20
6.769
 10
49.3
 20
6.863
 10
48.73
 20
6.936
 10
48.163
 20
6.981
 10
47.603
 20
7.01
 10
47.053
 20
7.043
 10
46.507
 20
7.098
 10
45.96
 20
7.178
 10
45.401
 20
7.272
 10
44.828
 20
7.351
 10
44.241
 20
7.381
 10
43.647
 20
7.335
 10
43.059
 20
7.209
 10
42.485
 20
7.029
 10
41.93
 20
6.835
 10
41.393
 20
6.674
 10
40.872
 20
6.579
 10
40.356
 20
6.564
 10
39.832
 20
6.623
 10
39.291
 20
6.736
 10
38.734
 20
6.868
 10
38.164
 20
6.985
 10
37.589
 20
7.066
 10
37.017
 20
7.108
 10
36.455
 20
7.127
 10
35.901
 20
7.146
 10
35.352
 20
7.18
 10
34.806
 20
7.231
 10
34.535
 20
7.268
 10
34.271
 20
7.301
 10
33.765
 20
7.379
 10
33.291
 20
7.448
 10
32.84
 20
7.506
 10
32.407
 20
7.564
 10
31.99
 20
7.641
 10
31.591
 20
7.758
 10
31.218
 20
7.932
 10
30.883
 20
8.17
 10
30.605
 20
8.476
 10
30.397
 20
8.843
 10
30.272
 20
9.263
 10
30.231
 20
9.729
 10
30.268
 20
10.232
 10
30.361
 20
10.767
 10
30.424
 20
11.049
 10
30.479
 20
11.343
 10
30.563
 20
11.896
 10
30.599
 20
12.456
 10
30.6
 20
13.006
 10
30.588
 20
13.547
 10
30.584
 20
14.08
 10
30.593
 20
14.613
 10
30.61
 20
15.153
 10
30.615
 20
15.704
 10
30.585
 20
16.264
 10
30.505
 20
16.827
 10
30.375
 20
17.385
 10
30.217
 20
17.931
 10
30.067
 20
18.459
 10
29.959
 20
18.971
 10
29.919
 20
19.47
 10
29.958
 20
19.968
 10
30.069
 20
20.476
 10
30.23
 20
21.002
 10
30.406
 20
21.545
 10
30.557
 20
22.104
 10
30.654
 20
22.671
 10
30.687
 20
23.238
 10
30.669
 20
23.797
 10
30.625
 20
24.343
 10
30.579
 20
24.878
 10
30.547
 20
25.416
 10
30.528
 20
25.702
 10
30.51
 20
26.003
 10
30.438
 20
26.561
 10
30.309
 20
27.093
 10
30.112
 20
27.581
 10
29.851
 20
28.013
 10
29.541
 20
28.377
 10
29.203
 20
28.672
 10
28.857
 20
28.909
 10
28.517
 20
29.104
 10
28.186
 20
29.28
 10
27.855
 20
29.461
 10
27.502
 20
29.666
 10
27.104
 20
29.903
 10
26.643
 20
30.16
 10
26.115
 20
30.406
 10
25.807
 20
30.512
 10
25.494
 20
30.602
 10
24.901
 20
30.701
 10
24.305
 20
30.72
 10
23.72
 20
30.671
 10
23.15
 20
30.587
 10
22.593
 20
30.501
 10
22.044
 20
30.435
 10
21.493
 20
30.394
 10
20.935
 20
30.365
 10
20.367
 20
30.33
 10
19.793
 20
30.27
 10
19.222
 20
30.18
 10
18.661
 20
30.076
 10
18.116
 20
29.989
 10
17.585
 20
29.949
 10
17.063
 20
29.979
 10
16.536
 20
30.084
 10
15.995
 20
30.252
 10
15.434
 20
30.449
 10
14.855
 20
30.628
 10
14.26
 20
30.745
 10
13.659
 20
30.773
 10
13.065
 20
30.718
 10
12.488
 20
30.608
 10
11.927
 20
30.483
 10
11.377
 20
30.376
 10
11.113
 20
30.345
 10
10.852
 20
30.323
 10
10.341
 20
30.338
 10
9.865
 20
30.407
 10
9.417
 20
30.513
 10
8.995
 20
30.649
 10
8.599
 20
30.813
 10
8.232
 20
31.01
 10
7.898
 20
31.247
 10
7.605
 20
31.53
 10
7.366
 20
31.861
 10
7.193
 20
32.237
 10
7.096
 20
32.654
 10
7.081
 20
33.11
 10
7.143
 20
33.6
 10
7.262
 20
34.123
 10
7.337
 20
34.397
 10
7.402
 20
34.695
 10
7.485
 20
35.28
 10
7.474
 20
35.883
 10
7.378
 20
36.476
 10
7.231
 20
37.051
 10
7.078
 20
37.608
 10
6.953
 20
38.151
 10
6.875
 20
38.689
 10
6.841
 20
39.23
 10
6.838
 20
39.781
 10
6.841
 20
40.342
 10
6.833
 20
40.909
 10
6.81
 20
41.474
 10
6.785
 20
42.029
 10
6.783
 20
42.572
 10
6.826
 20
43.113
 10
6.875
 20
43.372
 10
6.936
 20
43.628
 10
7.123
 20
44.117
 10
7.35
 20
44.547
 10
7.592
 20
44.929
 10
7.826
 20
45.274
 10
8.043
 20
45.596
 10
8.242
 20
45.907
 10
8.435
 20
46.216
 10
8.639
 20
46.524
 10
8.875
 20
46.829
 10
9.158
 20
47.121
 10
9.498
 20
47.381
 10
9.897
 20
47.591
 10
10.35
 20
47.732
 10
10.86
 20
47.797
 10
11.129
 20
47.797
 10
11.405
 20
47.79
 10
11.963
 20
47.751
 10
12.526
 20
47.72
 10
13.089
 20
47.705
 10
13.646
 20
47.698
 10
14.191
 20
47.679
 10
14.729
 20
47.629
 10
15.267
 20
47.536
 10
15.813
 20
47.405
 10
16.374
 20
47.26
 10
16.953
 20
47.139
 10
17.547
 20
47.083
 10
18.146
 20
47.118
 10
18.737
 20
47.241
 10
19.311
 20
47.42
 10
19.865
 20
47.611
 10
20.402
 20
47.768
 10
20.927
 20
47.864
 10
21.45
 20
47.891
 10
21.982
 20
47.858
 10
22.529
 20
47.788
 10
23.089
 20
47.711
 10
23.655
 20
47.649
 10
24.221
 20
47.61
 10
24.779
 20
47.583
 10
25.328
 20
47.55
 10
25.871
 20
47.492
 10
26.416
 20
47.402
 10
26.97
 20
47.292
 10
27.54
 20
47.187
 10
28.126
 20
47.126
 10
28.721
 20
47.14
 10
29.314
 20
47.241
 10
29.894
 20
47.409
 10
30.455
 20
47.605
 10
30.998
 20
47.783
 10
31.524
 20
47.904
 10
32.042
 20
47.949
 10
32.564
 20
47.92
 10
33.101
 20
47.833
 10
33.654
 20
47.719
 10
34.22
 20
47.611
 10
34.792
 20
47.532
 10
35.362
 20
47.486
 10
35.923
 20
47.459
 10
36.475
 20
47.431
 10
37.022
 20
47.384
 10
37.573
 20
47.317
 10
38.134
 20
47.243
 10
38.709
 20
47.19
 10
39.297
 20
47.189
 10
39.888
 20
47.263
 10
40.471
 20
47.408
 10
41.039
 20
47.594
 10
41.588
 20
47.778
 10
42.119
 20
47.917
 10
42.636
 20
47.983
 10
43.162
 20
47.965
 10
43.421
 20
47.921
 10
43.689
 20
47.861
 10
44.197
 20
47.681
 10
44.657
 20
47.467
 10
45.073
 20
47.243
 10
45.449
 20
47.02
 10
45.786
 20
46.798
 10
46.089
 20
46.569
 10
46.357
 20
46.325
 10
46.591
 20
46.057
 10
46.788
 20
45.757
 10
46.947
 20
45.419
 10
47.067
 20
45.042
 10
47.156
 20
44.621
 10
47.227
 20
44.156
 10
47.781
 20
44.241
 10
47.707
 20
44.722
 10
47.609
 20
45.184
 10
47.468
 20
45.623
 10
47.278
 20
46.029
 10
47.038
 20
46.395
 10
46.758
 20
46.717
 10
46.446
 20
47.001
 10
46.109
 20
47.256
 10
45.746
 20
47.495
 10
45.349
 20
47.731
 10
44.908
 20
47.969
 10
44.408
 20
48.2
 10
43.854
 20
48.397
 10
43.529
 20
48.47
 10
43.206
 20
48.524
 10
42.609
 20
48.542
 10
42.012
 20
48.467
 10
41.428
 20
48.315
 10
40.863
 20
48.126
 10
40.316
 20
47.946
 10
39.785
 20
47.814
 10
39.262
 20
47.749
 10
38.736
 20
47.749
 10
38.197
 20
47.8
 10
37.644
 20
47.873
 10
37.08
 20
47.942
 10
36.513
 20
47.99
 10
35.951
 20
48.019
 10
35.398
 20
48.045
 10
34.853
 20
48.089
 10
34.311
 20
48.164
 10
33.763
 20
48.269
 10
33.202
 20
48.384
 10
32.624
 20
48.477
 10
32.033
 20
48.509
 10
31.436
 20
48.457
 10
30.848
 20
48.323
 10
30.276
 20
48.136
 10
29.723
 20
47.943
 10
29.189
 20
47.787
 10
28.667
 20
47.698
 10
28.149
 20
47.686
 10
27.62
 20
47.742
 10
27.076
 20
47.842
 10
26.516
 20
47.954
 10
25.946
 20
48.047
 10
25.375
 20
48.109
 10
24.81
 20
48.143
 10
24.254
 20
48.169
 10
23.705
 20
48.207
 10
23.158
 20
48.267
 10
22.603
 20
48.344
 10
22.035
 20
48.416
 10
21.453
 20
48.452
 10
20.862
 20
48.421
 10
20.273
 20
48.313
 10
19.695
 20
48.145
 10
19.136
 20
47.953
 10
18.595
 20
47.783
 10
18.072
 20
47.674
 10
17.557
 20
47.644
 10
17.037
 20
47.693
 10
16.501
 20
47.806
 10
15.948
 20
47.949
 10
15.38
 20
48.085
 10
14.803
 20
48.184
 10
14.227
 20
48.239
 10
13.658
 20
48.258
 10
13.1
 20
48.265
 10
12.549
 20
48.28
 10
11.998
 20
48.31
 10
11.436
 20
48.35
 10
11.135
 20
48.357
 10
10.812
 20
48.356
 10
10.232
 20
48.28
 10
9.683
 20
48.109
 10
9.198
 20
47.854
 10
8.787
 20
47.541
 10
8.453
 20
47.197
 10
8.184
 20
46.851
 10
7.964
 20
46.519
 10
7.769
 20
46.207
 10
7.574
 20
45.904
 10
7.362
 20
45.588
 10
7.123
 20
45.236
 10
6.864
 20
44.826
 10
6.612
 20
44.347
 10
6.404
 20
43.805
 10
6.327
 20
43.49
 10
6.269
 20
43.178
 10
6.223
 20
42.593
 10
6.225
 20
42.016
 10
6.25
 20
41.45
 10
6.273
 20
40.894
 10
6.28
 20
40.34
 10
6.277
 20
39.781
 10
6.281
 20
39.211
 10
6.317
 20
38.631
 10
6.402
 20
38.048
 10
6.535
 20
37.471
 10
6.69
 20
36.907
 10
6.829
 20
36.361
 10
6.916
 20
35.833
 10
6.926
 20
35.315
 10
6.85
 20
34.788
 10
6.793
 20
34.531
 10
6.717
 20
34.255
 10
6.591
 20
33.697
 10
6.521
 20
33.136
 10
6.54
 20
32.582
 10
6.662
 20
32.056
 10
6.882
 20
31.579
 10
7.181
 20
31.164
 10
7.539
 20
30.817
 10
7.936
 20
30.534
 10
8.359
 20
30.306
 10
8.802
 20
30.122
 10
9.267
 20
29.973
 10
9.762
 20
29.856
 10
10.294
 20
29.78
 10
10.857
 20
29.763
 10
11.168
 20
29.788
 10
11.47
 20
29.823
 10
12.041
 20
29.934
 10
12.601
 20
30.059
 10
13.144
 20
30.163
 10
13.672
 20
30.213
 10
14.192
 20
30.189
 10
14.717
 20
30.085
 10
15.258
 20
29.917
 10
15.819
 20
29.72
 10
16.398
 20
29.541
 10
16.992
 20
29.423
 10
17.59
 20
29.389
 10
18.181
 20
29.432
 10
18.756
 20
29.524
 10
19.316
 20
29.627
 10
19.866
 20
29.714
 10
20.413
 20
29.772
 10
20.966
 20
29.806
 10
21.528
 20
29.834
 10
22.098
 20
29.877
 10
22.67
 20
29.946
 10
23.234
 20
30.033
 10
23.784
 20
30.114
 10
24.32
 20
30.159
 10
24.845
 20
30.143
 10
25.379
 20
30.054
 10
25.638
 20
29.977
 10
25.898
 20
29.889
 10
26.389
 20
29.661
 10
26.825
 20
29.417
 10
27.218
 20
29.183
 10
27.58
 20
28.973
 10
27.92
 20
28.787
 10
28.245
 20
28.613
 10
28.559
 20
28.434
 10
28.86
 20
28.229
 10
29.142
 20
27.983
 10
29.396
 20
27.686
 10
29.61
 20
27.332
 10
29.775
 20
26.923
 10
29.887
 20
26.46
 10
29.953
 20
25.945
 10
29.969
 20
25.667
 10
29.988
 20
25.382
 10
30.02
 20
24.838
 10
30.066
 20
24.296
 10
30.109
 20
23.765
 10
30.127
 20
23.245
 10
30.097
 20
22.735
 10
30.01
 20
22.224
 10
29.869
 20
21.705
 10
29.696
 20
21.171
 10
29.527
 20
20.619
 10
29.403
 20
20.05
 10
29.358
 20
19.47
 10
29.404
 20
18.891
 10
29.523
 20
18.325
 10
29.679
 20
17.776
 10
29.833
 20
17.244
 10
29.954
 20
16.724
 10
30.027
 20
16.21
 10
30.055
 20
15.692
 10
30.049
 20
15.165
 10
30.033
 20
14.627
 10
30.023
 20
14.083
 10
30.028
 20
13.538
 10
30.04
 20
13.001
 10
30.039
 20
12.474
 10
30.006
 20
11.956
 10
29.926
 20
11.434
 10
29.875
 20
11.162
 10
29.811
 20
10.871
 10
29.712
 20
10.3
 10
29.671
 20
9.725
 10
29.721
 20
9.159
 10
29.881
 20
8.624
 10
30.15
 20
8.148
 10
30.511
 20
7.752
 10
30.935
 20
7.448
 10
31.393
 20
7.234
 10
31.859
 20
7.096
 10
32.318
 20
7.01
 10
32.767
 20
6.95
 10
33.215
 20
6.893
 10
33.682
 20
6.825
 10
34.191
 20
6.746
 10
34.463
 20
6.712
 10
34.746
 20
6.674
 10
35.309
 20
6.622
 10
35.874
 20
6.586
 10
36.435
 20
6.567
 10
36.987
 20
6.548
 10
37.529
 20
6.508
 10
38.069
 20
6.433
 10
38.613
 20
6.321
 10
39.17
 20
6.189
 10
39.743
 20
6.07
 10
40.333
 20
6.004
 10
40.931
 20
6.021
 10
41.525
 20
6.129
 10
42.103
 20
6.302
 10
42.662
 20
6.497
 10
43.202
 20
6.668
 10
43.728
 20
6.781
 10
44.248
 20
6.821
 10
44.775
 20
6.793
 10
45.316
 20
6.718
 10
45.872
 20
6.624
 10
46.439
 20
6.542
 10
47.008
 20
6.485
 10
47.572
 20
6.45
 10
48.126
 20
6.422
 10
48.673
 20
6.378
 10
49.218
 20
6.309
 10
49.769
 20
6.216
 10
50.334
 20
6.121
 10
50.915
 20
6.057
 10
51.507
 20
6.057
 10
52.1
 20
6.139
 10
52.683
 20
6.295
 10
53.249
 20
6.487
 10
53.795
 20
6.672
 10
54.324
 20
6.807
 10
54.841
 20
6.868
 10
55.36
 20
6.85
 10
55.892
 20
6.765
 10
56.44
 20
6.642
 10
57.004
 20
6.516
 10
57.577
 20
6.417
 10
58.151
 20
6.356
 10
58.718
 20
6.327
 10
59.275
 20
6.308
 10
59.825
 20
6.28
 10
60.375
 20
6.233
 10
60.932
 20
6.175
 10
61.501
 20
6.126
 10
62.084
 20
6.118
 10
62.673
 20
6.175
 10
63.258
 20
6.301
 10
63.829
 20
6.476
 10
64.383
 20
6.66
 10
64.917
 20
6.809
 10
65.436
 20
6.889
 10
65.95
 20
6.887
 10
66.478
 20
6.804
 10
66.74
 20
6.749
 10
67.022
 20
6.679
 10
67.581
 20
6.579
 10
68.134
 20
6.545
 10
68.669
 20
6.597
 10
69.169
 20
6.737
 10
69.622
 20
6.952
 10
70.024
 20
7.227
 10
70.375
 20
7.546
 10
70.683
 20
7.901
 10
70.954
 20
8.289
 10
71.191
 20
8.711
 10
71.391
 20
9.175
 10
71.543
 20
9.685
 10
71.627
 20
10.243
 10
71.619
 20
10.827
 10
71.57
 20
11.151
 10
71.506
 20
11.457
 10
71.344
 20
12.026
 10
71.181
 20
12.578
 10
71.062
 20
13.112
 10
71.014
 20
13.631
 10
71.052
 20
14.149
 10
71.167
 20
14.678
 10
71.336
 20
15.226
 10
71.516
 20
15.793
 10
71.665
 20
16.375
 10
71.753
 20
16.965
 10
71.775
 20
17.553
 10
71.749
 20
18.13
 10
71.704
 20
18.693
 10
71.665
 20
19.248
 10
71.642
 20
19.807
 10
71.627
 20
20.096
 10
71.611
 20
20.4
 10
71.534
 20
20.961
 10
71.392
 20
21.494
 10
71.179
 20
21.977
 10
70.906
 20
22.398
 10
70.592
 20
22.75
 10
70.26
 20
23.036
 10
69.928
 20
23.27
 10
69.607
 20
23.471
 10
69.294
 20
23.662
 10
68.974
 20
23.866
 10
68.623
 20
24.097
 10
68.22
 20
24.356
 10
67.748
 20
24.626
 10
67.21
 20
24.865
 10
66.894
 20
24.962
 10
66.577
 20
25.039
 10
65.983
 20
25.107
 10
65.391
 20
25.098
 10
64.812
 20
25.035
 10
64.248
 20
24.95
 10
63.695
 20
24.874
 10
63.145
 20
24.821
 10
62.591
 20
24.789
 10
62.028
 20
24.76
 10
61.457
 20
24.715
 10
60.883
 20
24.64
 10
60.315
 20
24.538
 10
59.76
 20
24.433
 10
59.221
 20
24.358
 10
58.695
 20
24.342
 10
58.173
 20
24.401
 10
57.642
 20
24.533
 10
57.093
 20
24.717
 10
56.525
 20
24.913
 10
55.939
 20
25.073
 10
55.34
 20
25.158
 10
54.741
 20
25.153
 10
54.154
 20
25.075
 10
53.583
 20
24.958
 10
53.028
 20
24.84
 10
52.481
 20
24.748
 10
52.216
 20
24.726
 10
51.953
 20
24.71
 10
51.44
 20
24.735
 10
50.96
 20
24.804
 10
50.506
 20
24.905
 10
50.079
 20
25.033
 10
49.68
 20
25.19
 10
49.31
 20
25.384
 10
48.978
 20
25.623
 10
48.693
 20
25.91
 10
48.467
 20
26.247
 10
48.311
 20
26.629
 10
48.233
 20
27.052
 10
48.235
 20
27.512
 10
48.306
 20
28.004
 10
48.42
 20
28.528
 10
48.487
 20
28.805
 10
48.538
 20
29.105
 10
48.586
 20
29.669
 10
48.548
 20
30.247
 10
48.439
 20
30.812
 10
48.295
 20
31.36
 10
48.154
 20
31.893
 10
48.043
 20
32.414
 10
47.974
 20
32.931
 10
47.945
 20
33.459
 97
0
 75
0
 76
1
 98
0
  0
HATCH
  5
5B
330
17
100
AcDbEntity
  8
RASTER
 62
7
100
AcDbHatch
 10
0.0
 20
0.0
 30
0.0
210
0.0
220
0.0
230
1.0
  2
SOLID
 70
1
 71
0
 91
6
 92
3
 72
0
 73
1
 93
4
 10
47.85
 20
43.143
 10
47.85
 20
34.737
 10
58.404
 20
34.737
 10
58.404
 20
43.143
 97
0
 92
2
 72
0
 73
1
 93
5
 10
49.437
 20
42.676
 10
49.811
 20
42.676
 10
49.811
 20
35.204
 10
49.437
 20
35.204
 10
49.437
 20
42.676
 97
0
 92
2
 72
0
 73
1
 93
5
 10
51.212
 20
42.676
 10
51.586
 20
42.676
 10
51.586
 20
35.204
 10
51.212
 20
35.204
 10
51.212
 20
42.676
 97
0
 92
2
 72
0
 73
1
 93
5
 10
52.987
 20
42.676
 10
53.36
 20
42.676
 10
53.36
 20
35.204
 10
52.987
 20
35.204
 10
52.987
 20
42.676
 97
0
 92
2
 72
0
 73
1
 93
5
 10
54.761
 20
42.676
 10
55.135
 20
42.676
 10
55.135
 20
35.204
 10
54.761
 20
35.204
 10
54.761
 20
42.676
 97
0
 92
2
 72
0
 73
1
 93
5
 10
56.536
 20
42.676
 10
56.909
 20
42.676
 10
56.909
 20
35.204
 10
56.536
 20
35.204
 10
56.536
 20
42.676
 97
0
 75
0
 76
1
 98
0
  0
HATCH
  5
5C
330
17
100
AcDbEntity
  8
RASTER
 62
7
100
AcDbHatch
 10
0.0
 20
0.0
 30
0.0
210
0.0
220
0.0
230
1.0
  2
SOLID
 70
1
 71
0
 91
8
 92
3
 72
0
 73
1
 93
4
 10
58.964
 20
46.786
 10
58.964
 20
31.095
 10
61.393
 20
31.095
 10
61.393
 20
46.786
 97
0
 92
2
 72
0
 73
1
 93
5
 10
58.964
 20
44.451
 10
61.393
 20
44.451
 10
61.393
 20
44.077
 10
58.964
 20
44.077
 10
58.964
 20
44.451
 97
0
 92
2
 72
0
 73
1
 93
5
 10
58.964
 20
42.676
 10
61.393
 20
42.676
 10
61.393
 20
42.303
 10
58.964
 20
42.303
 10
58.964
 20
42.676
 97
0
 92
2
 72
0
 73
1
 93
5
 10
58.964
 20
40.902
 10
61.393
 20
40.902
 10
61.393
 20
40.528
 10
58.964
 20
40.528
 10
58.964
 20
40.902
 97
0
 92
2
 72
0
 73
1
 93
5
 10
58.964
 20
39.127
 10
61.393
 20
39.127
 10
61.393
 20
38.753
 10
58.964
 20
38.753
 10
58.964
 20
39.127
 97
0
 92
2
 72
0
 73
1
 93
5
 10
58.964
 20
37.352
 10
61.393
 20
37.352
 10
61.393
 20
36.979
 10
58.964
 20
36.979
 10
58.964
 20
37.352
 97
0
 92
2
 72
0
 73
1
 93
5
 10
58.964
 20
35.578
 10
61.393
 20
35.578
 10
61.393
 20
35.204
 10
58.964
 20
35.204
 10
58.964
 20
35.578
 97
0
 92
2
 72
0
 73
1
 93
5
 10
58.964
 20
33.803
 10
61.393
 20
33.803
 10
61.393
 20
33.43
 10
58.964
 20
33.43
 10
58.964
 20
33.803
 97
0
 75
0
 76
1
 98
0
  0
HATCH
  5
5D
330
17
100
AcDbEntity
  8
RASTER
 62
7
100
AcDbHatch
 10
0.0
 20
0.0
 30
0.0
210
0.0
220
0.0
230
1.0
  2
SOLID
 70
1
 71
0
 91
15
 92
3
 72
0
 73
1
 93
99
 10
11.092
 20
42.82
 10
11.237
 20
42.832
 10
11.629
 20
42.675
 10
13.748
 20
41.773
 10
14.152
 20
41.549
 10
14.257
 20
41.302
 10
13.524
 20
39.627
 10
13.826
 20
39.773
 10
14.493
 20
39.969
 10
15.003
 20
40.008
 10
15.317
 20
39.929
 10
15.407
 20
39.996
 10
15.501
 20
40.216
 10
15.591
 20
40.283
 10
15.826
 20
40.283
 10
16.034
 20
40.177
 10
16.101
 20
40.047
 10
16.101
 20
39.812
 10
16.062
 20
39.694
 10
15.956
 20
39.486
 10
15.877
 20
39.408
 10
16.062
 20
39.027
 10
16.101
 20
38.831
 10
16.101
 20
38.4
 10
16.062
 20
38.321
 10
16.023
 20
37.929
 10
15.787
 20
37.145
 10
15.603
 20
36.78
 10
15.211
 20
36.231
 10
14.779
 20
35.799
 10
14.426
 20
35.564
 10
13.983
 20
35.34
 10
13.591
 20
35.222
 10
13.198
 20
35.183
 10
13.12
 20
35.144
 10
12.885
 20
35.144
 10
12.492
 20
35.066
 10
11.943
 20
35.066
 10
11.735
 20
35.171
 10
11.59
 20
35.419
 10
11.59
 20
36.046
 10
11.563
 20
36.097
 10
10.453
 20
36.556
 10
9.327
 20
37.078
 10
9.394
 20
37.105
 10
9.511
 20
37.066
 10
11.433
 20
36.242
 10
11.578
 20
36.254
 10
11.629
 20
36.36
 10
11.669
 20
36.478
 10
11.629
 20
36.635
 10
11.629
 20
36.948
 10
11.708
 20
37.223
 10
11.708
 20
37.38
 10
11.865
 20
37.851
 10
12.061
 20
38.204
 10
12.061
 20
38.282
 10
12.033
 20
38.333
 10
11.865
 20
38.4
 10
11.472
 20
38.4
 10
11.394
 20
38.36
 10
11.237
 20
38.36
 10
10.963
 20
38.243
 10
10.872
 20
38.27
 10
10.61
 20
38.87
 10
10.519
 20
39.212
 10
10.425
 20
39.353
 10
10.296
 20
39.42
 10
9.943
 20
39.498
 10
9.747
 20
39.498
 10
9.59
 20
39.616
 10
9.421
 20
39.588
 10
9.17
 20
39.094
 10
9.029
 20
38.882
 10
8.884
 20
38.517
 10
8.727
 20
38.243
 10
8.648
 20
38.047
 10
8.648
 20
37.929
 10
8.57
 20
37.772
 10
8.57
 20
37.654
 10
8.637
 20
37.525
 10
8.754
 20
37.407
 10
9.303
 20
37.117
 10
9.158
 20
37.145
 10
8.715
 20
37.368
 10
8.597
 20
37.486
 10
8.531
 20
37.615
 10
8.531
 20
37.851
 10
8.648
 20
38.204
 10
9.394
 20
39.694
 10
9.146
 20
39.8
 10
9.119
 20
40.008
 10
9.288
 20
40.232
 10
9.366
 20
40.271
 10
9.617
 20
40.53
 10
9.837
 20
40.663
 10
9.931
 20
40.647
 10
10.912
 20
42.648
 10
10.99
 20
42.765
 97
0
 92
2
 72
0
 73
1
 93
12
 10
11.159
 20
42.558
 10
11.092
 20
42.507
 10
10.649
 20
41.538
 10
10.766
 20
41.459
 10
10.923
 20
41.459
 10
11.472
 20
41.185
 10
11.669
 20
41.145
 10
11.759
 20
41.212
 10
12.128
 20
41.981
 10
12.245
 20
42.114
 10
12.179
 20
42.205
 10
11.394
 20
42.518
 97
0
 92
2
 72
0
 73
1
 93
12
 10
11.249
 20
42.271
 10
11.445
 20
42.256
 10
11.563
 20
42.177
 10
11.602
 20
42.059
 10
11.657
 20
42.02
 10
11.551
 20
42.048
 10
11.327
 20
41.84
 10
11.159
 20
41.812
 10
11.08
 20
41.734
 10
11.041
 20
41.773
 10
11.119
 20
41.93
 10
11.08
 20
42.008
 97
0
 92
2
 72
0
 73
1
 93
17
 10
12.649
 20
41.969
 10
12.532
 20
41.852
 10
12.532
 20
41.773
 10
12.139
 20
40.91
 10
12.179
 20
40.871
 10
12.296
 20
40.871
 10
12.688
 20
40.753
 10
13.041
 20
40.557
 10
13.198
 20
40.518
 10
13.316
 20
40.636
 10
13.434
 20
40.989
 10
13.422
 20
41.157
 10
13.5
 20
41.157
 10
13.524
 20
41.369
 10
13.642
 20
41.408
 10
13.708
 20
41.538
 10
13.159
 20
41.812
 97
0
 92
2
 72
0
 73
1
 93
21
 10
10.453
 20
41.106
 10
10.335
 20
40.989
 10
10.1
 20
40.439
 10
10.1
 20
40.322
 10
10.151
 20
40.255
 10
10.206
 20
40.271
 10
10.531
 20
40.126
 10
10.637
 20
40.137
 10
10.688
 20
40.243
 10
10.727
 20
40.204
 10
10.755
 20
40.035
 10
10.833
 20
39.957
 10
10.923
 20
39.929
 10
11.029
 20
40.02
 10
11.053
 20
40.192
 10
11.17
 20
40.271
 10
11.21
 20
40.388
 10
11.382
 20
40.451
 10
11.539
 20
40.624
 10
11.484
 20
40.687
 10
11.276
 20
40.792
 97
0
 92
2
 72
0
 73
1
 93
25
 10
9.852
 20
40.506
 10
9.735
 20
40.451
 10
9.343
 20
40.059
 10
9.288
 20
39.941
 10
9.656
 20
39.8
 10
9.735
 20
39.643
 10
9.825
 20
39.576
 10
10.139
 20
39.576
 10
10.335
 20
39.537
 10
10.543
 20
39.431
 10
10.649
 20
39.223
 10
10.766
 20
38.714
 10
10.912
 20
38.427
 10
11.08
 20
38.4
 10
11.394
 20
38.478
 10
11.904
 20
38.478
 10
12.1
 20
38.4
 10
12.19
 20
38.466
 10
12.363
 20
38.725
 10
12.257
 20
38.792
 10
11.355
 20
38.753
 10
11.225
 20
38.819
 10
10.739
 20
39.745
 10
10.088
 20
40.114
 10
9.97
 20
40.232
 97
0
 92
2
 72
0
 73
1
 93
34
 10
11.982
 20
40.4
 10
11.892
 20
40.333
 10
11.826
 20
40.204
 10
11.484
 20
39.392
 10
11.708
 20
39.263
 10
12.492
 20
38.949
 10
12.571
 20
39.067
 10
12.571
 20
39.184
 10
12.649
 20
39.38
 10
12.622
 20
39.549
 10
12.492
 20
39.655
 10
12.52
 20
39.761
 10
12.386
 20
39.761
 10
12.335
 20
39.655
 10
12.257
 20
39.773
 10
12.206
 20
39.627
 10
12.022
 20
39.616
 10
11.943
 20
39.655
 10
11.892
 20
39.549
 10
11.826
 20
39.537
 10
11.747
 20
39.616
 10
11.837
 20
39.918
 10
12.061
 20
40.165
 10
12.296
 20
40.086
 10
12.414
 20
40.008
 10
12.52
 20
39.996
 10
12.543
 20
39.863
 10
12.649
 20
39.89
 10
12.728
 20
39.812
 10
12.936
 20
39.839
 10
13.002
 20
39.969
 10
12.806
 20
40.086
 10
12.688
 20
40.086
 10
12.571
 20
40.165
 97
0
 92
2
 72
0
 73
1
 93
8
 10
15.709
 20
40.086
 10
15.658
 20
40.059
 10
15.552
 20
39.812
 10
15.697
 20
39.682
 10
15.787
 20
39.655
 10
15.866
 20
39.773
 10
15.905
 20
39.929
 10
15.838
 20
40.02
 97
0
 92
2
 72
0
 73
1
 93
45
 10
14.65
 20
39.812
 10
14.571
 20
39.773
 10
14.375
 20
39.773
 10
13.983
 20
39.655
 10
13.069
 20
39.118
 10
12.637
 20
38.725
 10
12.245
 20
38.176
 10
11.904
 20
37.458
 10
11.904
 20
37.341
 10
11.826
 20
37.145
 10
11.826
 20
36.988
 10
11.747
 20
36.713
 10
11.786
 20
35.576
 10
11.892
 20
35.328
 10
12.112
 20
35.273
 10
12.61
 20
35.301
 10
12.924
 20
35.379
 10
13.316
 20
35.379
 10
13.473
 20
35.458
 10
13.591
 20
35.458
 10
13.708
 20
35.536
 10
13.787
 20
35.536
 10
13.995
 20
35.681
 10
14.034
 20
35.76
 10
14.152
 20
35.799
 10
14.206
 20
35.901
 10
14.465
 20
36.034
 10
14.677
 20
36.215
 10
14.756
 20
36.231
 10
14.689
 20
36.125
 10
14.74
 20
36.113
 10
15.093
 20
36.466
 10
15.289
 20
36.74
 10
15.395
 20
37.105
 10
15.642
 20
37.447
 10
15.709
 20
37.615
 10
15.748
 20
37.89
 10
15.905
 20
38.4
 10
15.905
 20
38.87
 10
15.799
 20
39.196
 10
15.681
 20
39.431
 10
15.564
 20
39.549
 10
15.407
 20
39.667
 10
15.042
 20
39.812
 10
14.716
 20
39.784
 97
0
 92
2
 72
0
 73
1
 93
10
 10
14.152
 20
39.29
 10
14.246
 20
39.274
 10
13.563
 20
38.819
 10
13.524
 20
38.741
 10
13.092
 20
38.333
 10
13.081
 20
38.4
 10
13.226
 20
38.608
 10
13.461
 20
38.765
 10
13.736
 20
39.039
 10
14.128
 20
39.235
 97
0
 92
2
 72
0
 73
1
 93
5
 10
14.858
 20
38.427
 10
14.885
 20
38.4
 10
14.779
 20
38.231
 10
14.661
 20
38.137
 10
14.677
 20
38.215
 97
0
 92
2
 72
0
 73
1
 93
10
 10
15.603
 20
38.427
 10
15.67
 20
38.4
 10
15.591
 20
38.204
 10
15.591
 20
38.047
 10
15.407
 20
37.603
 10
15.03
 20
37.078
 10
14.818
 20
36.882
 10
14.834
 20
36.999
 10
15.054
 20
37.29
 10
15.25
 20
37.643
 97
0
 92
2
 72
0
 73
1
 93
5
 10
12.543
 20
37.603
 10
12.19
 20
36.842
 10
12.179
 20
36.909
 10
12.257
 20
37.145
 10
12.402
 20
37.431
 97
0
 92
2
 72
0
 73
1
 93
15
 10
13.602
 20
36.937
 10
13.63
 20
36.909
 10
13.602
 20
36.858
 10
13.485
 20
36.701
 10
13.265
 20
36.529
 10
13.21
 20
36.427
 10
13.108
 20
36.372
 10
12.857
 20
36.113
 10
12.583
 20
35.98
 10
12.637
 20
36.097
 10
12.755
 20
36.215
 10
12.857
 20
36.27
 10
13.108
 20
36.529
 10
13.21
 20
36.584
 10
13.461
 20
36.842
 97
0
 92
2
 72
0
 73
1
 93
11
 10
14.505
 20
36.584
 10
14.532
 20
36.556
 10
14.505
 20
36.505
 10
14.387
 20
36.348
 10
13.955
 20
35.956
 10
13.277
 20
35.615
 10
12.885
 20
35.497
 10
12.818
 20
35.509
 10
12.818
 20
35.564
 10
12.99
 20
35.666
 10
13.681
 20
35.995
 97
0
 75
0
 76
1
 98
0
  0
HATCH
  5
5E
330
17
100
AcDbEntity
  8
RASTER
 62
7
100
AcDbHatch
 10
0.0
 20
0.0
 30
0.0
210
0.0
220
0.0
230
1.0
  2
SOLID
 70
1
 71
0
 91
2
 92
3
 72
0
 73
1
 93
48
 10
24.406
 20
38.94
 10
24.379
 20
38.526
 10
24.298
 20
38.118
 10
24.164
 20
37.725
 10
23.981
 20
37.352
 10
23.75
 20
37.007
 10
23.476
 20
36.695
 10
23.164
 20
36.421
 10
22.818
 20
36.19
 10
22.446
 20
36.006
 10
22.052
 20
35.873
 10
21.645
 20
35.792
 10
21.231
 20
35.765
 10
20.816
 20
35.792
 10
20.409
 20
35.873
 10
20.015
 20
36.006
 10
19.643
 20
36.19
 10
19.297
 20
36.421
 10
18.985
 20
36.695
 10
18.711
 20
37.007
 10
18.48
 20
37.352
 10
18.297
 20
37.725
 10
18.163
 20
38.118
 10
18.082
 20
38.526
 10
18.055
 20
38.94
 10
18.082
 20
39.355
 10
18.163
 20
39.762
 10
18.297
 20
40.155
 10
18.48
 20
40.528
 10
18.711
 20
40.873
 10
18.985
 20
41.186
 10
19.297
 20
41.46
 10
19.643
 20
41.69
 10
20.015
 20
41.874
 10
20.409
 20
42.008
 10
20.816
 20
42.089
 10
21.231
 20
42.116
 10
21.645
 20
42.089
 10
22.052
 20
42.008
 10
22.446
 20
41.874
 10
22.818
 20
41.69
 10
23.164
 20
41.46
 10
23.476
 20
41.186
 10
23.75
 20
40.873
 10
23.981
 20
40.528
 10
24.164
 20
40.155
 10
24.298
 20
39.762
 10
24.379
 20
39.355
 97
0
 92
2
 72
0
 73
1
 93
327
 10
20.882
 20
39.191
 10
20.882
 20
38.831
 10
20.994
 20
38.831
 10
21.021
 20
38.831
 10
21.047
 20
38.83
 10
21.074
 20
38.828
 10
21.102
 20
38.826
 10
21.129
 20
38.823
 10
21.157
 20
38.819
 10
21.185
 20
38.814
 10
21.214
 20
38.809
 10
21.242
 20
38.803
 10
21.27
 20
38.796
 10
21.296
 20
38.788
 10
21.323
 20
38.779
 10
21.348
 20
38.77
 10
21.373
 20
38.759
 10
21.398
 20
38.748
 10
21.422
 20
38.736
 10
21.445
 20
38.723
 10
21.466
 20
38.708
 10
21.487
 20
38.693
 10
21.507
 20
38.676
 10
21.526
 20
38.658
 10
21.544
 20
38.639
 10
21.561
 20
38.619
 10
21.577
 20
38.597
 10
21.592
 20
38.575
 10
21.604
 20
38.551
 10
21.615
 20
38.526
 10
21.624
 20
38.499
 10
21.63
 20
38.472
 10
21.635
 20
38.443
 10
21.638
 20
38.413
 10
21.639
 20
38.382
 10
21.638
 20
38.352
 10
21.636
 20
38.324
 10
21.633
 20
38.297
 10
21.628
 20
38.271
 10
21.622
 20
38.247
 10
21.615
 20
38.223
 10
21.606
 20
38.201
 10
21.596
 20
38.179
 10
21.585
 20
38.159
 10
21.573
 20
38.14
 10
21.56
 20
38.122
 10
21.546
 20
38.105
 10
21.532
 20
38.088
 10
21.516
 20
38.073
 10
21.5
 20
38.058
 10
21.483
 20
38.045
 10
21.466
 20
38.032
 10
21.448
 20
38.02
 10
21.429
 20
38.009
 10
21.409
 20
37.999
 10
21.389
 20
37.99
 10
21.369
 20
37.982
 10
21.348
 20
37.974
 10
21.326
 20
37.968
 10
21.304
 20
37.962
 10
21.282
 20
37.957
 10
21.26
 20
37.953
 10
21.238
 20
37.949
 10
21.217
 20
37.947
 10
21.195
 20
37.945
 10
21.173
 20
37.944
 10
21.152
 20
37.943
 10
21.1
 20
37.945
 10
21.05
 20
37.95
 10
21.003
 20
37.959
 10
20.958
 20
37.971
 10
20.916
 20
37.986
 10
20.877
 20
38.005
 10
20.84
 20
38.027
 10
20.805
 20
38.052
 10
20.773
 20
38.08
 10
20.744
 20
38.109
 10
20.717
 20
38.14
 10
20.693
 20
38.173
 10
20.672
 20
38.207
 10
20.653
 20
38.242
 10
20.637
 20
38.28
 10
20.623
 20
38.318
 10
20.204
 20
38.187
 10
20.218
 20
38.146
 10
20.233
 20
38.107
 10
20.249
 20
38.07
 10
20.267
 20
38.033
 10
20.286
 20
37.998
 10
20.307
 20
37.965
 10
20.329
 20
37.933
 10
20.352
 20
37.902
 10
20.376
 20
37.873
 10
20.401
 20
37.845
 10
20.428
 20
37.819
 10
20.455
 20
37.793
 10
20.483
 20
37.77
 10
20.512
 20
37.748
 10
20.542
 20
37.727
 10
20.573
 20
37.707
 10
20.605
 20
37.689
 10
20.637
 20
37.672
 10
20.67
 20
37.657
 10
20.705
 20
37.642
 10
20.739
 20
37.629
 10
20.775
 20
37.617
 10
20.811
 20
37.606
 10
20.848
 20
37.597
 10
20.886
 20
37.588
 10
20.924
 20
37.581
 10
20.963
 20
37.575
 10
21.003
 20
37.57
 10
21.043
 20
37.566
 10
21.084
 20
37.563
 10
21.125
 20
37.562
 10
21.167
 20
37.561
 10
21.209
 20
37.562
 10
21.251
 20
37.564
 10
21.293
 20
37.568
 10
21.335
 20
37.574
 10
21.376
 20
37.581
 10
21.418
 20
37.59
 10
21.459
 20
37.6
 10
21.5
 20
37.612
 10
21.541
 20
37.625
 10
21.581
 20
37.64
 10
21.619
 20
37.657
 10
21.657
 20
37.675
 10
21.694
 20
37.695
 10
21.73
 20
37.716
 10
21.764
 20
37.739
 10
21.798
 20
37.764
 10
21.831
 20
37.79
 10
21.861
 20
37.817
 10
21.891
 20
37.847
 10
21.918
 20
37.878
 10
21.944
 20
37.91
 10
21.968
 20
37.945
 10
21.991
 20
37.981
 10
22.012
 20
38.018
 10
22.031
 20
38.058
 10
22.047
 20
38.098
 10
22.061
 20
38.141
 10
22.072
 20
38.185
 10
22.081
 20
38.231
 10
22.087
 20
38.278
 10
22.091
 20
38.327
 10
22.092
 20
38.378
 10
22.09
 20
38.439
 10
22.083
 20
38.497
 10
22.071
 20
38.553
 10
22.054
 20
38.606
 10
22.033
 20
38.657
 10
22.007
 20
38.706
 10
21.976
 20
38.752
 10
21.941
 20
38.796
 10
21.901
 20
38.837
 10
21.859
 20
38.874
 10
21.814
 20
38.907
 10
21.766
 20
38.936
 10
21.715
 20
38.961
 10
21.661
 20
38.983
 10
21.605
 20
39.001
 10
21.545
 20
39.015
 10
21.545
 20
39.023
 10
21.598
 20
39.037
 10
21.648
 20
39.056
 10
21.696
 20
39.078
 10
21.741
 20
39.104
 10
21.783
 20
39.133
 10
21.822
 20
39.166
 10
21.858
 20
39.202
 10
21.892
 20
39.242
 10
21.922
 20
39.284
 10
21.948
 20
39.328
 10
21.971
 20
39.373
 10
21.989
 20
39.42
 10
22.003
 20
39.469
 10
22.013
 20
39.518
 10
22.019
 20
39.569
 10
22.021
 20
39.622
 10
22.02
 20
39.666
 10
22.017
 20
39.709
 10
22.012
 20
39.751
 10
22.004
 20
39.791
 10
21.995
 20
39.829
 10
21.983
 20
39.867
 10
21.97
 20
39.902
 10
21.954
 20
39.937
 10
21.936
 20
39.97
 10
21.917
 20
40.002
 10
21.896
 20
40.032
 10
21.874
 20
40.061
 10
21.85
 20
40.089
 10
21.824
 20
40.115
 10
21.797
 20
40.14
 10
21.768
 20
40.164
 10
21.738
 20
40.186
 10
21.707
 20
40.207
 10
21.674
 20
40.226
 10
21.641
 20
40.244
 10
21.606
 20
40.261
 10
21.57
 20
40.276
 10
21.533
 20
40.29
 10
21.495
 20
40.302
 10
21.456
 20
40.313
 10
21.416
 20
40.323
 10
21.376
 20
40.331
 10
21.335
 20
40.337
 10
21.294
 20
40.343
 10
21.252
 20
40.346
 10
21.21
 20
40.348
 10
21.167
 20
40.349
 10
21.128
 20
40.348
 10
21.089
 20
40.346
 10
21.051
 20
40.343
 10
21.013
 20
40.338
 10
20.976
 20
40.332
 10
20.939
 20
40.324
 10
20.903
 20
40.315
 10
20.867
 20
40.304
 10
20.832
 20
40.292
 10
20.798
 20
40.279
 10
20.764
 20
40.265
 10
20.732
 20
40.25
 10
20.7
 20
40.234
 10
20.669
 20
40.217
 10
20.639
 20
40.198
 10
20.61
 20
40.179
 10
20.582
 20
40.158
 10
20.555
 20
40.136
 10
20.529
 20
40.114
 10
20.504
 20
40.091
 10
20.481
 20
40.066
 10
20.458
 20
40.041
 10
20.436
 20
40.015
 10
20.416
 20
39.987
 10
20.396
 20
39.959
 10
20.378
 20
39.931
 10
20.362
 20
39.901
 10
20.347
 20
39.871
 10
20.333
 20
39.84
 10
20.321
 20
39.808
 10
20.31
 20
39.775
 10
20.301
 20
39.742
 10
20.725
 20
39.633
 10
20.736
 20
39.671
 10
20.749
 20
39.706
 10
20.765
 20
39.74
 10
20.783
 20
39.772
 10
20.803
 20
39.802
 10
20.824
 20
39.83
 10
20.848
 20
39.856
 10
20.875
 20
39.881
 10
20.903
 20
39.903
 10
20.932
 20
39.922
 10
20.964
 20
39.938
 10
20.997
 20
39.951
 10
21.032
 20
39.961
 10
21.069
 20
39.969
 10
21.108
 20
39.973
 10
21.148
 20
39.974
 10
21.169
 20
39.974
 10
21.189
 20
39.973
 10
21.209
 20
39.971
 10
21.229
 20
39.968
 10
21.249
 20
39.964
 10
21.269
 20
39.96
 10
21.288
 20
39.954
 10
21.307
 20
39.948
 10
21.326
 20
39.941
 10
21.345
 20
39.934
 10
21.362
 20
39.925
 10
21.379
 20
39.916
 10
21.396
 20
39.907
 10
21.412
 20
39.896
 10
21.427
 20
39.885
 10
21.442
 20
39.873
 10
21.456
 20
39.861
 10
21.47
 20
39.847
 10
21.482
 20
39.833
 10
21.494
 20
39.819
 10
21.505
 20
39.804
 10
21.516
 20
39.787
 10
21.525
 20
39.771
 10
21.534
 20
39.753
 10
21.542
 20
39.735
 10
21.549
 20
39.717
 10
21.555
 20
39.697
 10
21.559
 20
39.677
 10
21.563
 20
39.657
 10
21.566
 20
39.636
 10
21.567
 20
39.614
 10
21.568
 20
39.592
 10
21.567
 20
39.562
 10
21.565
 20
39.533
 10
21.561
 20
39.506
 10
21.555
 20
39.48
 10
21.548
 20
39.456
 10
21.539
 20
39.433
 10
21.529
 20
39.412
 10
21.517
 20
39.392
 10
21.504
 20
39.373
 10
21.49
 20
39.355
 10
21.475
 20
39.339
 10
21.459
 20
39.323
 10
21.442
 20
39.308
 10
21.423
 20
39.294
 10
21.404
 20
39.282
 10
21.384
 20
39.27
 10
21.363
 20
39.259
 10
21.342
 20
39.249
 10
21.32
 20
39.24
 10
21.298
 20
39.232
 10
21.275
 20
39.225
 10
21.251
 20
39.218
 10
21.227
 20
39.213
 10
21.202
 20
39.208
 10
21.178
 20
39.204
 10
21.153
 20
39.201
 10
21.128
 20
39.198
 10
21.103
 20
39.195
 10
21.078
 20
39.194
 10
21.052
 20
39.192
 10
21.027
 20
39.191
 10
21.002
 20
39.191
 10
20.882
 20
39.191
 97
0
 75
0
 76
1
 98
0
  0
HATCH
  5
5F
330
17
100
AcDbEntity
  8
RASTER
 62
7
100
AcDbHatch
 10
0.0
 20
0.0
 30
0.0
210
0.0
220
0.0
230
1.0
  2
SOLID
 70
1
 71
0
 91
15
 92
3
 72
0
 73
1
 93
99
 10
34.442
 20
42.82
 10
34.587
 20
42.832
 10
34.979
 20
42.675
 10
37.098
 20
41.773
 10
37.502
 20
41.549
 10
37.607
 20
41.302
 10
36.874
 20
39.627
 10
37.176
 20
39.773
 10
37.843
 20
39.969
 10
38.353
 20
40.008
 10
38.667
 20
39.929
 10
38.757
 20
39.996
 10
38.851
 20
40.216
 10
38.941
 20
40.283
 10
39.176
 20
40.283
 10
39.384
 20
40.177
 10
39.451
 20
40.047
 10
39.451
 20
39.812
 10
39.412
 20
39.694
 10
39.306
 20
39.486
 10
39.227
 20
39.408
 10
39.412
 20
39.027
 10
39.451
 20
38.831
 10
39.451
 20
38.4
 10
39.412
 20
38.321
 10
39.373
 20
37.929
 10
39.137
 20
37.145
 10
38.953
 20
36.78
 10
38.561
 20
36.231
 10
38.129
 20
35.799
 10
37.776
 20
35.564
 10
37.333
 20
35.34
 10
36.941
 20
35.222
 10
36.548
 20
35.183
 10
36.47
 20
35.144
 10
36.235
 20
35.144
 10
35.842
 20
35.066
 10
35.293
 20
35.066
 10
35.085
 20
35.171
 10
34.94
 20
35.419
 10
34.94
 20
36.046
 10
34.913
 20
36.097
 10
33.803
 20
36.556
 10
32.677
 20
37.078
 10
32.744
 20
37.105
 10
32.861
 20
37.066
 10
34.783
 20
36.242
 10
34.928
 20
36.254
 10
34.979
 20
36.36
 10
35.019
 20
36.478
 10
34.979
 20
36.635
 10
34.979
 20
36.948
 10
35.058
 20
37.223
 10
35.058
 20
37.38
 10
35.215
 20
37.851
 10
35.411
 20
38.204
 10
35.411
 20
38.282
 10
35.383
 20
38.333
 10
35.215
 20
38.4
 10
34.822
 20
38.4
 10
34.744
 20
38.36
 10
34.587
 20
38.36
 10
34.313
 20
38.243
 10
34.222
 20
38.27
 10
33.96
 20
38.87
 10
33.869
 20
39.212
 10
33.775
 20
39.353
 10
33.646
 20
39.42
 10
33.293
 20
39.498
 10
33.097
 20
39.498
 10
32.94
 20
39.616
 10
32.771
 20
39.588
 10
32.52
 20
39.094
 10
32.379
 20
38.882
 10
32.234
 20
38.517
 10
32.077
 20
38.243
 10
31.998
 20
38.047
 10
31.998
 20
37.929
 10
31.92
 20
37.772
 10
31.92
 20
37.654
 10
31.987
 20
37.525
 10
32.104
 20
37.407
 10
32.653
 20
37.117
 10
32.508
 20
37.145
 10
32.065
 20
37.368
 10
31.947
 20
37.486
 10
31.881
 20
37.615
 10
31.881
 20
37.851
 10
31.998
 20
38.204
 10
32.744
 20
39.694
 10
32.496
 20
39.8
 10
32.469
 20
40.008
 10
32.638
 20
40.232
 10
32.716
 20
40.271
 10
32.967
 20
40.53
 10
33.187
 20
40.663
 10
33.281
 20
40.647
 10
34.262
 20
42.648
 10
34.34
 20
42.765
 97
0
 92
2
 72
0
 73
1
 93
12
 10
34.509
 20
42.558
 10
34.442
 20
42.507
 10
33.999
 20
41.538
 10
34.116
 20
41.459
 10
34.273
 20
41.459
 10
34.822
 20
41.185
 10
35.019
 20
41.145
 10
35.109
 20
41.212
 10
35.478
 20
41.981
 10
35.595
 20
42.114
 10
35.529
 20
42.205
 10
34.744
 20
42.518
 97
0
 92
2
 72
0
 73
1
 93
12
 10
34.599
 20
42.271
 10
34.795
 20
42.256
 10
34.913
 20
42.177
 10
34.952
 20
42.059
 10
35.007
 20
42.02
 10
34.901
 20
42.048
 10
34.677
 20
41.84
 10
34.509
 20
41.812
 10
34.43
 20
41.734
 10
34.391
 20
41.773
 10
34.469
 20
41.93
 10
34.43
 20
42.008
 97
0
 92
2
 72
0
 73
1
 93
17
 10
35.999
 20
41.969
 10
35.882
 20
41.852
 10
35.882
 20
41.773
 10
35.489
 20
40.91
 10
35.529
 20
40.871
 10
35.646
 20
40.871
 10
36.038
 20
40.753
 10
36.391
 20
40.557
 10
36.548
 20
40.518
 10
36.666
 20
40.636
 10
36.784
 20
40.989
 10
36.772
 20
41.157
 10
36.85
 20
41.157
 10
36.874
 20
41.369
 10
36.992
 20
41.408
 10
37.058
 20
41.538
 10
36.509
 20
41.812
 97
0
 92
2
 72
0
 73
1
 93
21
 10
33.803
 20
41.106
 10
33.685
 20
40.989
 10
33.45
 20
40.439
 10
33.45
 20
40.322
 10
33.501
 20
40.255
 10
33.556
 20
40.271
 10
33.881
 20
40.126
 10
33.987
 20
40.137
 10
34.038
 20
40.243
 10
34.077
 20
40.204
 10
34.105
 20
40.035
 10
34.183
 20
39.957
 10
34.273
 20
39.929
 10
34.379
 20
40.02
 10
34.403
 20
40.192
 10
34.52
 20
40.271
 10
34.56
 20
40.388
 10
34.732
 20
40.451
 10
34.889
 20
40.624
 10
34.834
 20
40.687
 10
34.626
 20
40.792
 97
0
 92
2
 72
0
 73
1
 93
25
 10
33.202
 20
40.506
 10
33.085
 20
40.451
 10
32.693
 20
40.059
 10
32.638
 20
39.941
 10
33.006
 20
39.8
 10
33.085
 20
39.643
 10
33.175
 20
39.576
 10
33.489
 20
39.576
 10
33.685
 20
39.537
 10
33.893
 20
39.431
 10
33.999
 20
39.223
 10
34.116
 20
38.714
 10
34.262
 20
38.427
 10
34.43
 20
38.4
 10
34.744
 20
38.478
 10
35.254
 20
38.478
 10
35.45
 20
38.4
 10
35.54
 20
38.466
 10
35.713
 20
38.725
 10
35.607
 20
38.792
 10
34.705
 20
38.753
 10
34.575
 20
38.819
 10
34.089
 20
39.745
 10
33.438
 20
40.114
 10
33.32
 20
40.232
 97
0
 92
2
 72
0
 73
1
 93
34
 10
35.332
 20
40.4
 10
35.242
 20
40.333
 10
35.176
 20
40.204
 10
34.834
 20
39.392
 10
35.058
 20
39.263
 10
35.842
 20
38.949
 10
35.921
 20
39.067
 10
35.921
 20
39.184
 10
35.999
 20
39.38
 10
35.972
 20
39.549
 10
35.842
 20
39.655
 10
35.87
 20
39.761
 10
35.736
 20
39.761
 10
35.685
 20
39.655
 10
35.607
 20
39.773
 10
35.556
 20
39.627
 10
35.372
 20
39.616
 10
35.293
 20
39.655
 10
35.242
 20
39.549
 10
35.176
 20
39.537
 10
35.097
 20
39.616
 10
35.187
 20
39.918
 10
35.411
 20
40.165
 10
35.646
 20
40.086
 10
35.764
 20
40.008
 10
35.87
 20
39.996
 10
35.893
 20
39.863
 10
35.999
 20
39.89
 10
36.078
 20
39.812
 10
36.286
 20
39.839
 10
36.352
 20
39.969
 10
36.156
 20
40.086
 10
36.038
 20
40.086
 10
35.921
 20
40.165
 97
0
 92
2
 72
0
 73
1
 93
8
 10
39.059
 20
40.086
 10
39.008
 20
40.059
 10
38.902
 20
39.812
 10
39.047
 20
39.682
 10
39.137
 20
39.655
 10
39.216
 20
39.773
 10
39.255
 20
39.929
 10
39.188
 20
40.02
 97
0
 92
2
 72
0
 73
1
 93
45
 10
38.0
 20
39.812
 10
37.921
 20
39.773
 10
37.725
 20
39.773
 10
37.333
 20
39.655
 10
36.419
 20
39.118
 10
35.987
 20
38.725
 10
35.595
 20
38.176
 10
35.254
 20
37.458
 10
35.254
 20
37.341
 10
35.176
 20
37.145
 10
35.176
 20
36.988
 10
35.097
 20
36.713
 10
35.136
 20
35.576
 10
35.242
 20
35.328
 10
35.462
 20
35.273
 10
35.96
 20
35.301
 10
36.274
 20
35.379
 10
36.666
 20
35.379
 10
36.823
 20
35.458
 10
36.941
 20
35.458
 10
37.058
 20
35.536
 10
37.137
 20
35.536
 10
37.345
 20
35.681
 10
37.384
 20
35.76
 10
37.502
 20
35.799
 10
37.556
 20
35.901
 10
37.815
 20
36.034
 10
38.027
 20
36.215
 10
38.106
 20
36.231
 10
38.039
 20
36.125
 10
38.09
 20
36.113
 10
38.443
 20
36.466
 10
38.639
 20
36.74
 10
38.745
 20
37.105
 10
38.992
 20
37.447
 10
39.059
 20
37.615
 10
39.098
 20
37.89
 10
39.255
 20
38.4
 10
39.255
 20
38.87
 10
39.149
 20
39.196
 10
39.031
 20
39.431
 10
38.914
 20
39.549
 10
38.757
 20
39.667
 10
38.392
 20
39.812
 10
38.066
 20
39.784
 97
0
 92
2
 72
0
 73
1
 93
10
 10
37.502
 20
39.29
 10
37.596
 20
39.274
 10
36.913
 20
38.819
 10
36.874
 20
38.741
 10
36.442
 20
38.333
 10
36.431
 20
38.4
 10
36.576
 20
38.608
 10
36.811
 20
38.765
 10
37.086
 20
39.039
 10
37.478
 20
39.235
 97
0
 92
2
 72
0
 73
1
 93
5
 10
38.208
 20
38.427
 10
38.235
 20
38.4
 10
38.129
 20
38.231
 10
38.011
 20
38.137
 10
38.027
 20
38.215
 97
0
 92
2
 72
0
 73
1
 93
10
 10
38.953
 20
38.427
 10
39.02
 20
38.4
 10
38.941
 20
38.204
 10
38.941
 20
38.047
 10
38.757
 20
37.603
 10
38.38
 20
37.078
 10
38.168
 20
36.882
 10
38.184
 20
36.999
 10
38.404
 20
37.29
 10
38.6
 20
37.643
 97
0
 92
2
 72
0
 73
1
 93
5
 10
35.893
 20
37.603
 10
35.54
 20
36.842
 10
35.529
 20
36.909
 10
35.607
 20
37.145
 10
35.752
 20
37.431
 97
0
 92
2
 72
0
 73
1
 93
15
 10
36.952
 20
36.937
 10
36.98
 20
36.909
 10
36.952
 20
36.858
 10
36.835
 20
36.701
 10
36.615
 20
36.529
 10
36.56
 20
36.427
 10
36.458
 20
36.372
 10
36.207
 20
36.113
 10
35.933
 20
35.98
 10
35.987
 20
36.097
 10
36.105
 20
36.215
 10
36.207
 20
36.27
 10
36.458
 20
36.529
 10
36.56
 20
36.584
 10
36.811
 20
36.842
 97
0
 92
2
 72
0
 73
1
 93
11
 10
37.855
 20
36.584
 10
37.882
 20
36.556
 10
37.855
 20
36.505
 10
37.737
 20
36.348
 10
37.305
 20
35.956
 10
36.627
 20
35.615
 10
36.235
 20
35.497
 10
36.168
 20
35.509
 10
36.168
 20
35.564
 10
36.34
 20
35.666
 10
37.031
 20
35.995
 97
0
 75
0
 76
1
 98
0
  0
HATCH
  5
60
330
17
100
AcDbEntity
  8
RASTER
 62
7
100
AcDbHatch
 10
0.0
 20
0.0
 30
0.0
210
0.0
220
0.0
230
1.0
  2
SOLID
 70
1
 71
0
 91
3
 92
3
 72
0
 73
1
 93
48
 10
47.756
 20
38.94
 10
47.729
 20
38.526
 10
47.648
 20
38.118
 10
47.514
 20
37.725
 10
47.331
 20
37.352
 10
47.1
 20
37.007
 10
46.826
 20
36.695
 10
46.514
 20
36.421
 10
46.168
 20
36.19
 10
45.796
 20
36.006
 10
45.402
 20
35.873
 10
44.995
 20
35.792
 10
44.581
 20
35.765
 10
44.166
 20
35.792
 10
43.759
 20
35.873
 10
43.365
 20
36.006
 10
42.993
 20
36.19
 10
42.647
 20
36.421
 10
42.335
 20
36.695
 10
42.061
 20
37.007
 10
41.83
 20
37.352
 10
41.647
 20
37.725
 10
41.513
 20
38.118
 10
41.432
 20
38.526
 10
41.405
 20
38.94
 10
41.432
 20
39.355
 10
41.513
 20
39.762
 10
41.647
 20
40.155
 10
41.83
 20
40.528
 10
42.061
 20
40.873
 10
42.335
 20
41.186
 10
42.647
 20
41.46
 10
42.993
 20
41.69
 10
43.365
 20
41.874
 10
43.759
 20
42.008
 10
44.166
 20
42.089
 10
44.581
 20
42.116
 10
44.995
 20
42.089
 10
45.402
 20
42.008
 10
45.796
 20
41.874
 10
46.168
 20
41.69
 10
46.514
 20
41.46
 10
46.826
 20
41.186
 10
47.1
 20
40.873
 10
47.331
 20
40.528
 10
47.514
 20
40.155
 10
47.648
 20
39.762
 10
47.729
 20
39.355
 97
0
 92
2
 72
0
 73
1
 93
12
 10
44.742
 20
38.179
 10
44.742
 20
37.629
 10
45.184
 20
37.629
 10
45.184
 20
38.179
 10
45.555
 20
38.179
 10
45.555
 20
38.565
 10
45.184
 20
38.565
 10
45.184
 20
40.282
 10
44.644
 20
40.282
 10
43.516
 20
38.577
 10
43.516
 20
38.179
 10
44.742
 20
38.179
 97
0
 92
2
 72
0
 73
1
 93
5
 10
44.742
 20
39.753
 10
44.742
 20
38.565
 10
43.981
 20
38.565
 10
44.734
 20
39.753
 10
44.742
 20
39.753
 97
0
 75
0
 76
1
 98
0
  0
HATCH
  5
61
330
17
100
AcDbEntity
  8
RASTER
 62
7
100
AcDbHatch
 10
0.0
 20
0.0
 30
0.0
210
0.0
220
0.0
230
1.0
  2
SOLID
 70
1
 71
0
 91
15
 92
3
 72
0
 73
1
 93
99
 10
34.442
 20
19.47
 10
34.587
 20
19.482
 10
34.979
 20
19.325
 10
37.098
 20
18.423
 10
37.502
 20
18.199
 10
37.607
 20
17.952
 10
36.874
 20
16.277
 10
37.176
 20
16.423
 10
37.843
 20
16.619
 10
38.353
 20
16.658
 10
38.667
 20
16.579
 10
38.757
 20
16.646
 10
38.851
 20
16.866
 10
38.941
 20
16.933
 10
39.176
 20
16.933
 10
39.384
 20
16.827
 10
39.451
 20
16.697
 10
39.451
 20
16.462
 10
39.412
 20
16.344
 10
39.306
 20
16.136
 10
39.227
 20
16.058
 10
39.412
 20
15.677
 10
39.451
 20
15.481
 10
39.451
 20
15.05
 10
39.412
 20
14.971
 10
39.373
 20
14.579
 10
39.137
 20
13.795
 10
38.953
 20
13.43
 10
38.561
 20
12.881
 10
38.129
 20
12.449
 10
37.776
 20
12.214
 10
37.333
 20
11.99
 10
36.941
 20
11.872
 10
36.548
 20
11.833
 10
36.47
 20
11.794
 10
36.235
 20
11.794
 10
35.842
 20
11.716
 10
35.293
 20
11.716
 10
35.085
 20
11.821
 10
34.94
 20
12.069
 10
34.94
 20
12.696
 10
34.913
 20
12.747
 10
33.803
 20
13.206
 10
32.677
 20
13.728
 10
32.744
 20
13.755
 10
32.861
 20
13.716
 10
34.783
 20
12.892
 10
34.928
 20
12.904
 10
34.979
 20
13.01
 10
35.019
 20
13.128
 10
34.979
 20
13.285
 10
34.979
 20
13.598
 10
35.058
 20
13.873
 10
35.058
 20
14.03
 10
35.215
 20
14.501
 10
35.411
 20
14.854
 10
35.411
 20
14.932
 10
35.383
 20
14.983
 10
35.215
 20
15.05
 10
34.822
 20
15.05
 10
34.744
 20
15.01
 10
34.587
 20
15.01
 10
34.313
 20
14.893
 10
34.222
 20
14.92
 10
33.96
 20
15.52
 10
33.869
 20
15.862
 10
33.775
 20
16.003
 10
33.646
 20
16.07
 10
33.293
 20
16.148
 10
33.097
 20
16.148
 10
32.94
 20
16.266
 10
32.771
 20
16.238
 10
32.52
 20
15.744
 10
32.379
 20
15.532
 10
32.234
 20
15.167
 10
32.077
 20
14.893
 10
31.998
 20
14.697
 10
31.998
 20
14.579
 10
31.92
 20
14.422
 10
31.92
 20
14.304
 10
31.987
 20
14.175
 10
32.104
 20
14.057
 10
32.653
 20
13.767
 10
32.508
 20
13.795
 10
32.065
 20
14.018
 10
31.947
 20
14.136
 10
31.881
 20
14.265
 10
31.881
 20
14.501
 10
31.998
 20
14.854
 10
32.744
 20
16.344
 10
32.496
 20
16.45
 10
32.469
 20
16.658
 10
32.638
 20
16.882
 10
32.716
 20
16.921
 10
32.967
 20
17.18
 10
33.187
 20
17.313
 10
33.281
 20
17.297
 10
34.262
 20
19.298
 10
34.34
 20
19.415
 97
0
 92
2
 72
0
 73
1
 93
12
 10
34.509
 20
19.208
 10
34.442
 20
19.157
 10
33.999
 20
18.188
 10
34.116
 20
18.109
 10
34.273
 20
18.109
 10
34.822
 20
17.835
 10
35.019
 20
17.795
 10
35.109
 20
17.862
 10
35.478
 20
18.631
 10
35.595
 20
18.764
 10
35.529
 20
18.855
 10
34.744
 20
19.168
 97
0
 92
2
 72
0
 73
1
 93
12
 10
34.599
 20
18.921
 10
34.795
 20
18.906
 10
34.913
 20
18.827
 10
34.952
 20
18.709
 10
35.007
 20
18.67
 10
34.901
 20
18.698
 10
34.677
 20
18.49
 10
34.509
 20
18.462
 10
34.43
 20
18.384
 10
34.391
 20
18.423
 10
34.469
 20
18.58
 10
34.43
 20
18.658
 97
0
 92
2
 72
0
 73
1
 93
17
 10
35.999
 20
18.619
 10
35.882
 20
18.502
 10
35.882
 20
18.423
 10
35.489
 20
17.56
 10
35.529
 20
17.521
 10
35.646
 20
17.521
 10
36.038
 20
17.403
 10
36.391
 20
17.207
 10
36.548
 20
17.168
 10
36.666
 20
17.286
 10
36.784
 20
17.639
 10
36.772
 20
17.807
 10
36.85
 20
17.807
 10
36.874
 20
18.019
 10
36.992
 20
18.058
 10
37.058
 20
18.188
 10
36.509
 20
18.462
 97
0
 92
2
 72
0
 73
1
 93
21
 10
33.803
 20
17.756
 10
33.685
 20
17.639
 10
33.45
 20
17.089
 10
33.45
 20
16.972
 10
33.501
 20
16.905
 10
33.556
 20
16.921
 10
33.881
 20
16.776
 10
33.987
 20
16.787
 10
34.038
 20
16.893
 10
34.077
 20
16.854
 10
34.105
 20
16.685
 10
34.183
 20
16.607
 10
34.273
 20
16.579
 10
34.379
 20
16.67
 10
34.403
 20
16.842
 10
34.52
 20
16.921
 10
34.56
 20
17.038
 10
34.732
 20
17.101
 10
34.889
 20
17.274
 10
34.834
 20
17.337
 10
34.626
 20
17.442
 97
0
 92
2
 72
0
 73
1
 93
25
 10
33.202
 20
17.156
 10
33.085
 20
17.101
 10
32.693
 20
16.709
 10
32.638
 20
16.591
 10
33.006
 20
16.45
 10
33.085
 20
16.293
 10
33.175
 20
16.226
 10
33.489
 20
16.226
 10
33.685
 20
16.187
 10
33.893
 20
16.081
 10
33.999
 20
15.873
 10
34.116
 20
15.364
 10
34.262
 20
15.077
 10
34.43
 20
15.05
 10
34.744
 20
15.128
 10
35.254
 20
15.128
 10
35.45
 20
15.05
 10
35.54
 20
15.116
 10
35.713
 20
15.375
 10
35.607
 20
15.442
 10
34.705
 20
15.403
 10
34.575
 20
15.469
 10
34.089
 20
16.395
 10
33.438
 20
16.764
 10
33.32
 20
16.882
 97
0
 92
2
 72
0
 73
1
 93
34
 10
35.332
 20
17.05
 10
35.242
 20
16.983
 10
35.176
 20
16.854
 10
34.834
 20
16.042
 10
35.058
 20
15.913
 10
35.842
 20
15.599
 10
35.921
 20
15.717
 10
35.921
 20
15.834
 10
35.999
 20
16.03
 10
35.972
 20
16.199
 10
35.842
 20
16.305
 10
35.87
 20
16.411
 10
35.736
 20
16.411
 10
35.685
 20
16.305
 10
35.607
 20
16.423
 10
35.556
 20
16.277
 10
35.372
 20
16.266
 10
35.293
 20
16.305
 10
35.242
 20
16.199
 10
35.176
 20
16.187
 10
35.097
 20
16.266
 10
35.187
 20
16.568
 10
35.411
 20
16.815
 10
35.646
 20
16.736
 10
35.764
 20
16.658
 10
35.87
 20
16.646
 10
35.893
 20
16.513
 10
35.999
 20
16.54
 10
36.078
 20
16.462
 10
36.286
 20
16.489
 10
36.352
 20
16.619
 10
36.156
 20
16.736
 10
36.038
 20
16.736
 10
35.921
 20
16.815
 97
0
 92
2
 72
0
 73
1
 93
8
 10
39.059
 20
16.736
 10
39.008
 20
16.709
 10
38.902
 20
16.462
 10
39.047
 20
16.332
 10
39.137
 20
16.305
 10
39.216
 20
16.423
 10
39.255
 20
16.579
 10
39.188
 20
16.67
 97
0
 92
2
 72
0
 73
1
 93
45
 10
38.0
 20
16.462
 10
37.921
 20
16.423
 10
37.725
 20
16.423
 10
37.333
 20
16.305
 10
36.419
 20
15.768
 10
35.987
 20
15.375
 10
35.595
 20
14.826
 10
35.254
 20
14.108
 10
35.254
 20
13.991
 10
35.176
 20
13.795
 10
35.176
 20
13.638
 10
35.097
 20
13.363
 10
35.136
 20
12.226
 10
35.242
 20
11.978
 10
35.462
 20
11.923
 10
35.96
 20
11.951
 10
36.274
 20
12.029
 10
36.666
 20
12.029
 10
36.823
 20
12.108
 10
36.941
 20
12.108
 10
37.058
 20
12.186
 10
37.137
 20
12.186
 10
37.345
 20
12.331
 10
37.384
 20
12.41
 10
37.502
 20
12.449
 10
37.556
 20
12.551
 10
37.815
 20
12.684
 10
38.027
 20
12.865
 10
38.106
 20
12.881
 10
38.039
 20
12.775
 10
38.09
 20
12.763
 10
38.443
 20
13.116
 10
38.639
 20
13.39
 10
38.745
 20
13.755
 10
38.992
 20
14.097
 10
39.059
 20
14.265
 10
39.098
 20
14.54
 10
39.255
 20
15.05
 10
39.255
 20
15.52
 10
39.149
 20
15.846
 10
39.031
 20
16.081
 10
38.914
 20
16.199
 10
38.757
 20
16.317
 10
38.392
 20
16.462
 10
38.066
 20
16.434
 97
0
 92
2
 72
0
 73
1
 93
10
 10
37.502
 20
15.94
 10
37.596
 20
15.924
 10
36.913
 20
15.469
 10
36.874
 20
15.391
 10
36.442
 20
14.983
 10
36.431
 20
15.05
 10
36.576
 20
15.258
 10
36.811
 20
15.415
 10
37.086
 20
15.689
 10
37.478
 20
15.885
 97
0
 92
2
 72
0
 73
1
 93
5
 10
38.208
 20
15.077
 10
38.235
 20
15.05
 10
38.129
 20
14.881
 10
38.011
 20
14.787
 10
38.027
 20
14.865
 97
0
 92
2
 72
0
 73
1
 93
10
 10
38.953
 20
15.077
 10
39.02
 20
15.05
 10
38.941
 20
14.854
 10
38.941
 20
14.697
 10
38.757
 20
14.253
 10
38.38
 20
13.728
 10
38.168
 20
13.532
 10
38.184
 20
13.649
 10
38.404
 20
13.94
 10
38.6
 20
14.293
 97
0
 92
2
 72
0
 73
1
 93
5
 10
35.893
 20
14.253
 10
35.54
 20
13.492
 10
35.529
 20
13.559
 10
35.607
 20
13.795
 10
35.752
 20
14.081
 97
0
 92
2
 72
0
 73
1
 93
15
 10
36.952
 20
13.587
 10
36.98
 20
13.559
 10
36.952
 20
13.508
 10
36.835
 20
13.351
 10
36.615
 20
13.179
 10
36.56
 20
13.077
 10
36.458
 20
13.022
 10
36.207
 20
12.763
 10
35.933
 20
12.63
 10
35.987
 20
12.747
 10
36.105
 20
12.865
 10
36.207
 20
12.92
 10
36.458
 20
13.179
 10
36.56
 20
13.234
 10
36.811
 20
13.492
 97
0
 92
2
 72
0
 73
1
 93
11
 10
37.855
 20
13.234
 10
37.882
 20
13.206
 10
37.855
 20
13.155
 10
37.737
 20
12.998
 10
37.305
 20
12.606
 10
36.627
 20
12.265
 10
36.235
 20
12.147
 10
36.168
 20
12.159
 10
36.168
 20
12.214
 10
36.34
 20
12.316
 10
37.031
 20
12.645
 97
0
 75
0
 76
1
 98
0
  0
HATCH
  5
62
330
17
100
AcDbEntity
  8
RASTER
 62
7
100
AcDbHatch
 10
0.0
 20
0.0
 30
0.0
210
0.0
220
0.0
230
1.0
  2
SOLID
 70
1
 71
0
 91
2
 92
3
 72
0
 73
1
 93
48
 10
47.756
 20
15.59
 10
47.729
 20
15.176
 10
47.648
 20
14.768
 10
47.514
 20
14.375
 10
47.331
 20
14.002
 10
47.1
 20
13.657
 10
46.826
 20
13.345
 10
46.514
 20
13.071
 10
46.168
 20
12.84
 10
45.796
 20
12.656
 10
45.402
 20
12.523
 10
44.995
 20
12.442
 10
44.581
 20
12.415
 10
44.166
 20
12.442
 10
43.759
 20
12.523
 10
43.365
 20
12.656
 10
42.993
 20
12.84
 10
42.647
 20
13.071
 10
42.335
 20
13.345
 10
42.061
 20
13.657
 10
41.83
 20
14.002
 10
41.647
 20
14.375
 10
41.513
 20
14.768
 10
41.432
 20
15.176
 10
41.405
 20
15.59
 10
41.432
 20
16.005
 10
41.513
 20
16.412
 10
41.647
 20
16.805
 10
41.83
 20
17.178
 10
42.061
 20
17.523
 10
42.335
 20
17.836
 10
42.647
 20
18.11
 10
42.993
 20
18.34
 10
43.365
 20
18.524
 10
43.759
 20
18.658
 10
44.166
 20
18.739
 10
44.581
 20
18.766
 10
44.995
 20
18.739
 10
45.402
 20
18.658
 10
45.796
 20
18.524
 10
46.168
 20
18.34
 10
46.514
 20
18.11
 10
46.826
 20
17.836
 10
47.1
 20
17.523
 10
47.331
 20
17.178
 10
47.514
 20
16.805
 10
47.648
 20
16.412
 10
47.729
 20
16.005
 97
0
 92
2
 72
0
 73
1
 93
215
 10
45.33
 20
16.527
 10
45.33
 20
16.932
 10
43.82
 20
16.932
 10
43.775
 20
15.481
 10
43.79
 20
15.489
 10
43.806
 20
15.496
 10
43.822
 20
15.503
 10
43.839
 20
15.511
 10
43.856
 20
15.517
 10
43.874
 20
15.524
 10
43.893
 20
15.531
 10
43.912
 20
15.538
 10
43.931
 20
15.544
 10
43.95
 20
15.55
 10
43.97
 20
15.557
 10
43.989
 20
15.563
 10
44.009
 20
15.568
 10
44.029
 20
15.574
 10
44.049
 20
15.579
 10
44.069
 20
15.585
 10
44.089
 20
15.59
 10
44.11
 20
15.594
 10
44.13
 20
15.599
 10
44.151
 20
15.603
 10
44.171
 20
15.607
 10
44.192
 20
15.61
 10
44.213
 20
15.613
 10
44.234
 20
15.616
 10
44.255
 20
15.619
 10
44.275
 20
15.621
 10
44.296
 20
15.623
 10
44.316
 20
15.625
 10
44.336
 20
15.626
 10
44.355
 20
15.627
 10
44.374
 20
15.627
 10
44.393
 20
15.628
 10
44.42
 20
15.627
 10
44.447
 20
15.626
 10
44.474
 20
15.624
 10
44.501
 20
15.622
 10
44.528
 20
15.618
 10
44.554
 20
15.614
 10
44.58
 20
15.609
 10
44.607
 20
15.603
 10
44.633
 20
15.597
 10
44.658
 20
15.589
 10
44.683
 20
15.58
 10
44.707
 20
15.57
 10
44.73
 20
15.558
 10
44.753
 20
15.546
 10
44.775
 20
15.532
 10
44.796
 20
15.517
 10
44.817
 20
15.501
 10
44.836
 20
15.484
 10
44.855
 20
15.465
 10
44.872
 20
15.445
 10
44.889
 20
15.424
 10
44.905
 20
15.402
 10
44.919
 20
15.379
 10
44.933
 20
15.354
 10
44.945
 20
15.328
 10
44.956
 20
15.3
 10
44.965
 20
15.271
 10
44.972
 20
15.24
 10
44.978
 20
15.207
 10
44.982
 20
15.173
 10
44.984
 20
15.137
 10
44.985
 20
15.099
 10
44.985
 20
15.07
 10
44.983
 20
15.041
 10
44.98
 20
15.013
 10
44.975
 20
14.985
 10
44.97
 20
14.959
 10
44.963
 20
14.933
 10
44.955
 20
14.908
 10
44.946
 20
14.884
 10
44.936
 20
14.86
 10
44.924
 20
14.838
 10
44.912
 20
14.817
 10
44.9
 20
14.796
 10
44.886
 20
14.777
 10
44.871
 20
14.758
 10
44.856
 20
14.741
 10
44.839
 20
14.725
 10
44.822
 20
14.709
 10
44.804
 20
14.695
 10
44.785
 20
14.681
 10
44.766
 20
14.668
 10
44.746
 20
14.657
 10
44.725
 20
14.646
 10
44.704
 20
14.636
 10
44.682
 20
14.627
 10
44.659
 20
14.619
 10
44.636
 20
14.612
 10
44.613
 20
14.607
 10
44.589
 20
14.602
 10
44.565
 20
14.598
 10
44.54
 20
14.595
 10
44.516
 20
14.594
 10
44.491
 20
14.593
 10
44.446
 20
14.595
 10
44.404
 20
14.599
 10
44.363
 20
14.607
 10
44.323
 20
14.617
 10
44.285
 20
14.631
 10
44.248
 20
14.647
 10
44.213
 20
14.667
 10
44.18
 20
14.689
 10
44.148
 20
14.714
 10
44.119
 20
14.741
 10
44.092
 20
14.769
 10
44.067
 20
14.8
 10
44.045
 20
14.833
 10
44.025
 20
14.867
 10
44.007
 20
14.903
 10
43.992
 20
14.942
 10
43.584
 20
14.792
 10
43.612
 20
14.726
 10
43.644
 20
14.664
 10
43.68
 20
14.606
 10
43.72
 20
14.551
 10
43.763
 20
14.499
 10
43.811
 20
14.452
 10
43.862
 20
14.407
 10
43.917
 20
14.367
 10
43.976
 20
14.33
 10
44.038
 20
14.299
 10
44.103
 20
14.272
 10
44.172
 20
14.25
 10
44.244
 20
14.233
 10
44.319
 20
14.221
 10
44.398
 20
14.214
 10
44.479
 20
14.211
 10
44.529
 20
14.212
 10
44.577
 20
14.215
 10
44.625
 20
14.22
 10
44.672
 20
14.227
 10
44.719
 20
14.236
 10
44.765
 20
14.247
 10
44.81
 20
14.26
 10
44.854
 20
14.275
 10
44.897
 20
14.292
 10
44.939
 20
14.31
 10
44.98
 20
14.331
 10
45.019
 20
14.353
 10
45.057
 20
14.376
 10
45.093
 20
14.402
 10
45.128
 20
14.429
 10
45.161
 20
14.458
 10
45.193
 20
14.489
 10
45.224
 20
14.522
 10
45.252
 20
14.556
 10
45.279
 20
14.592
 10
45.304
 20
14.63
 10
45.328
 20
14.669
 10
45.349
 20
14.71
 10
45.369
 20
14.753
 10
45.387
 20
14.797
 10
45.403
 20
14.843
 10
45.416
 20
14.89
 10
45.427
 20
14.939
 10
45.435
 20
14.989
 10
45.441
 20
15.04
 10
45.445
 20
15.093
 10
45.446
 20
15.148
 10
45.445
 20
15.198
 10
45.442
 20
15.246
 10
45.436
 20
15.293
 10
45.429
 20
15.339
 10
45.419
 20
15.383
 10
45.407
 20
15.425
 10
45.393
 20
15.466
 10
45.377
 20
15.506
 10
45.359
 20
15.544
 10
45.339
 20
15.581
 10
45.317
 20
15.616
 10
45.294
 20
15.649
 10
45.269
 20
15.681
 10
45.242
 20
15.712
 10
45.214
 20
15.741
 10
45.184
 20
15.768
 10
45.152
 20
15.794
 10
45.119
 20
15.818
 10
45.085
 20
15.841
 10
45.049
 20
15.862
 10
45.012
 20
15.882
 10
44.974
 20
15.9
 10
44.934
 20
15.916
 10
44.893
 20
15.931
 10
44.851
 20
15.944
 10
44.808
 20
15.956
 10
44.764
 20
15.965
 10
44.72
 20
15.973
 10
44.674
 20
15.979
 10
44.627
 20
15.984
 10
44.58
 20
15.986
 10
44.532
 20
15.987
 10
44.514
 20
15.987
 10
44.495
 20
15.987
 10
44.476
 20
15.986
 10
44.456
 20
15.985
 10
44.436
 20
15.984
 10
44.416
 20
15.983
 10
44.394
 20
15.982
 10
44.373
 20
15.98
 10
44.351
 20
15.978
 10
44.33
 20
15.975
 10
44.31
 20
15.973
 10
44.291
 20
15.97
 10
44.272
 20
15.966
 10
44.254
 20
15.962
 10
44.237
 20
15.958
 10
44.221
 20
15.954
 10
44.247
 20
16.527
 10
45.33
 20
16.527
 97
0
 75
0
 76
1
 98
0
  0
LWPOLYLINE
  5
63
330
17
100
AcDbEntity
  8
CUT
100
AcDbPolyline
 90
585
 70
1
 10
78.082
 20
46.446
 10
78.172
 20
46.712
 10
78.282
 20
46.954
 10
78.394
 20
47.191
 10
78.517
 20
47.404
 10
78.634
 20
47.611
 10
78.874
 20
47.987
 10
79.105
 20
48.327
 10
79.336
 20
48.643
 10
79.578
 20
48.944
 10
79.846
 20
49.229
 10
80.153
 20
49.493
 10
80.507
 20
49.727
 10
80.91
 20
49.923
 10
81.132
 20
50.0
 10
81.356
 20
50.077
 10
81.599
 20
50.135
 10
81.843
 20
50.193
 10
82.106
 20
50.238
 10
82.37
 20
50.286
 10
82.652
 20
50.324
 10
82.935
 20
50.367
 10
83.401
 20
50.434
 10
83.867
 20
50.504
 10
84.333
 20
50.56
 10
84.801
 20
50.584
 10
85.27
 20
50.564
 10
85.738
 20
50.496
 10
86.206
 20
50.391
 10
86.671
 20
50.268
 10
87.134
 20
50.15
 10
87.596
 20
50.059
 10
88.057
 20
50.012
 10
88.519
 20
50.01
 10
88.981
 20
50.048
 10
89.444
 20
50.11
 10
89.909
 20
50.179
 10
90.375
 20
50.239
 10
90.841
 20
50.285
 10
91.307
 20
50.316
 10
91.772
 20
50.34
 10
92.236
 20
50.368
 10
92.7
 20
50.405
 10
93.164
 20
50.453
 10
93.629
 20
50.503
 10
94.096
 20
50.541
 10
94.564
 20
50.551
 10
95.032
 20
50.521
 10
95.5
 20
50.449
 10
95.967
 20
50.342
 10
96.432
 20
50.22
 10
96.895
 20
50.106
 10
97.357
 20
50.022
 10
97.818
 20
49.984
 10
98.279
 20
49.995
 10
98.741
 20
50.048
 10
99.204
 20
50.128
 10
99.669
 20
50.214
 10
100.135
 20
50.29
 10
100.602
 20
50.346
 10
101.068
 20
50.38
 10
101.534
 20
50.399
 10
101.999
 20
50.414
 10
102.463
 20
50.433
 10
102.927
 20
50.46
 10
103.392
 20
50.489
 10
103.859
 20
50.51
 10
104.326
 20
50.507
 10
104.794
 20
50.47
 10
105.261
 20
50.396
 10
105.728
 20
50.292
 10
106.193
 20
50.176
 10
106.656
 20
50.07
 10
107.118
 20
49.996
 10
107.578
 20
49.969
 10
108.039
 20
49.993
 10
108.501
 20
50.061
 10
108.964
 20
50.157
 10
109.429
 20
50.258
 10
109.896
 20
50.346
 10
110.363
 20
50.407
 10
110.83
 20
50.441
 10
111.296
 20
50.451
 10
111.762
 20
50.451
 10
112.226
 20
50.45
 10
112.691
 20
50.454
 10
113.155
 20
50.463
 10
113.621
 20
50.467
 10
114.088
 20
50.454
 10
114.555
 20
50.413
 10
115.022
 20
50.342
 10
115.489
 20
50.245
 10
115.953
 20
50.139
 10
116.416
 20
50.045
 10
116.878
 20
49.983
 10
117.338
 20
49.968
 10
117.799
 20
50.006
 10
118.261
 20
50.087
 10
118.725
 20
50.194
 10
119.19
 20
50.307
 10
119.657
 20
50.402
 10
120.124
 20
50.466
 10
120.592
 20
50.495
 10
121.059
 20
50.494
 10
121.525
 20
50.476
 10
121.989
 20
50.454
 10
122.454
 20
50.436
 10
122.918
 20
50.425
 10
123.384
 20
50.414
 10
123.85
 20
50.394
 10
124.316
 20
50.353
 10
124.783
 20
50.288
 10
125.249
 20
50.203
 10
125.714
 20
50.111
 10
126.177
 20
50.031
 10
126.638
 20
49.983
 10
127.099
 20
49.982
 10
127.56
 20
50.03
 10
128.022
 20
50.122
 10
128.486
 20
50.239
 10
128.951
 20
50.357
 10
129.418
 20
50.456
 10
129.886
 20
50.518
 10
130.354
 20
50.54
 10
130.822
 20
50.525
 10
131.288
 20
50.488
 10
131.753
 20
50.445
 10
132.217
 20
50.406
 10
132.681
 20
50.377
 10
133.146
 20
50.355
 10
133.611
 20
50.33
 10
134.077
 20
50.293
 10
134.543
 20
50.239
 10
135.009
 20
50.169
 10
135.474
 20
50.094
 10
135.937
 20
50.031
 10
136.398
 20
49.998
 10
136.859
 20
50.008
 10
137.32
 20
50.067
 10
137.783
 20
50.165
 10
138.247
 20
50.286
 10
138.712
 20
50.407
 10
139.18
 20
50.505
 10
139.648
 20
50.562
 10
140.117
 20
50.573
 10
140.584
 20
50.544
 10
141.051
 20
50.488
 10
141.516
 20
50.424
 10
141.98
 20
50.366
 10
142.443
 20
50.322
 10
142.908
 20
50.291
 10
143.191
 20
50.266
 10
143.473
 20
50.242
 10
143.737
 20
50.198
 10
143.999
 20
50.151
 10
144.24
 20
50.083
 10
144.479
 20
50.012
 10
144.696
 20
49.922
 10
144.907
 20
49.833
 10
145.295
 20
49.627
 10
145.639
 20
49.407
 10
145.958
 20
49.182
 10
146.263
 20
48.948
 10
146.567
 20
48.697
 10
146.873
 20
48.413
 10
147.175
 20
48.083
 10
147.453
 20
47.695
 10
147.573
 20
47.47
 10
147.684
 20
47.24
 10
147.768
 20
46.986
 10
147.838
 20
46.728
 10
147.874
 20
46.449
 10
147.894
 20
46.169
 10
147.879
 20
45.872
 10
147.85
 20
45.581
 10
147.773
 20
45.119
 10
147.693
 20
44.662
 10
147.624
 20
44.206
 10
147.574
 20
43.751
 10
147.542
 20
43.295
 10
147.522
 20
42.838
 10
147.504
 20
42.38
 10
147.48
 20
41.922
 10
147.448
 20
41.465
 10
147.414
 20
41.008
 10
147.39
 20
40.552
 10
147.389
 20
40.097
 10
147.421
 20
39.643
 10
147.491
 20
39.188
 10
147.592
 20
38.733
 10
147.708
 20
38.276
 10
147.817
 20
37.817
 10
147.899
 20
37.356
 10
147.936
 20
36.895
 10
147.923
 20
36.434
 10
147.865
 20
35.973
 10
147.777
 20
35.514
 10
147.681
 20
35.057
 10
147.593
 20
34.601
 10
147.528
 20
34.145
 10
147.489
 20
33.69
 10
147.472
 20
33.234
 10
147.467
 20
32.778
 10
147.464
 20
32.321
 10
147.45
 20
32.041
 10
147.435
 20
31.762
 10
147.4
 20
31.503
 10
147.365
 20
31.245
 10
147.315
 20
31.005
 10
147.27
 20
30.766
 10
147.211
 20
30.545
 10
147.161
 20
30.324
 10
147.041
 20
29.899
 10
146.906
 20
29.491
 10
146.74
 20
29.092
 10
146.52
 20
28.715
 10
146.235
 20
28.375
 10
145.882
 20
28.091
 10
145.47
 20
27.877
 10
145.016
 20
27.738
 10
144.766
 20
27.697
 10
144.522
 20
27.662
 10
144.263
 20
27.647
 10
144.008
 20
27.631
 10
143.738
 20
27.631
 10
143.471
 20
27.623
 10
143.188
 20
27.627
 10
142.906
 20
27.622
 10
142.438
 20
27.614
 10
141.971
 20
27.611
 10
141.504
 20
27.611
 10
141.037
 20
27.611
 10
140.517
 20
27.611
 10
140.517
 20
26.752
 10
140.791
 20
26.946
 10
141.203
 20
27.037
 10
141.618
 20
26.962
 10
141.972
 20
26.732
 10
142.209
 20
26.383
 10
142.292
 20
25.969
 10
142.209
 20
25.556
 10
141.972
 20
25.207
 10
141.618
 20
24.977
 10
141.203
 20
24.901
 10
140.791
 20
24.993
 10
140.517
 20
25.187
 10
140.517
 20
21.708
 10
140.791
 20
21.903
 10
141.203
 20
21.994
 10
141.618
 20
21.919
 10
141.972
 20
21.688
 10
142.209
 20
21.339
 10
142.292
 20
20.926
 10
142.209
 20
20.512
 10
141.972
 20
20.163
 10
141.618
 20
19.933
 10
141.203
 20
19.858
 10
140.791
 20
19.949
 10
140.517
 20
20.143
 10
140.517
 20
19.285
 10
143.75
 20
19.285
 10
144.119
 20
19.211
 10
144.435
 20
19.0
 10
144.646
 20
18.684
 10
144.72
 20
18.315
 10
144.72
 20
16.906
 10
144.646
 20
16.537
 10
144.435
 20
16.22
 10
144.119
 20
16.009
 10
143.75
 20
15.936
 10
128.798
 20
15.936
 10
128.429
 20
16.009
 10
128.112
 20
16.22
 10
127.901
 20
16.537
 10
127.828
 20
16.906
 10
127.828
 20
18.315
 10
127.901
 20
18.684
 10
128.112
 20
19.0
 10
128.429
 20
19.211
 10
128.798
 20
19.285
 10
132.031
 20
19.285
 10
132.031
 20
20.143
 10
131.756
 20
19.949
 10
131.344
 20
19.858
 10
130.929
 20
19.933
 10
130.575
 20
20.163
 10
130.338
 20
20.512
 10
130.255
 20
20.926
 10
130.338
 20
21.339
 10
130.575
 20
21.688
 10
130.929
 20
21.919
 10
131.344
 20
21.994
 10
131.756
 20
21.903
 10
132.031
 20
21.708
 10
132.031
 20
25.187
 10
131.756
 20
24.993
 10
131.344
 20
24.901
 10
130.929
 20
24.977
 10
130.575
 20
25.207
 10
130.338
 20
25.556
 10
130.255
 20
25.969
 10
130.338
 20
26.383
 10
130.575
 20
26.732
 10
130.929
 20
26.962
 10
131.344
 20
27.037
 10
131.756
 20
26.946
 10
132.031
 20
26.752
 10
132.031
 20
27.611
 10
131.697
 20
27.611
 10
131.23
 20
27.611
 10
130.763
 20
27.611
 10
130.296
 20
27.611
 10
129.828
 20
27.618
 10
129.362
 20
27.624
 10
128.896
 20
27.624
 10
128.614
 20
27.611
 10
128.334
 20
27.591
 10
128.074
 20
27.549
 10
127.816
 20
27.499
 10
127.579
 20
27.428
 10
127.345
 20
27.351
 10
127.133
 20
27.256
 10
126.927
 20
27.161
 10
126.55
 20
26.947
 10
126.21
 20
26.728
 10
125.889
 20
26.512
 10
125.565
 20
26.3
 10
125.237
 20
26.068
 10
124.917
 20
25.794
 10
124.619
 20
25.462
 10
124.365
 20
25.071
 10
124.264
 20
24.844
 10
124.176
 20
24.614
 10
124.116
 20
24.363
 10
124.069
 20
24.109
 10
124.052
 20
23.836
 10
124.046
 20
23.563
 10
124.068
 20
23.273
 10
124.094
 20
22.987
 10
124.152
 20
22.518
 10
124.201
 20
22.05
 10
124.236
 20
21.582
 10
124.263
 20
21.115
 10
124.29
 20
20.648
 10
124.326
 20
20.182
 10
124.377
 20
19.716
 10
124.437
 20
19.25
 10
124.495
 20
18.782
 10
124.534
 20
18.312
 10
124.537
 20
17.842
 10
124.496
 20
17.371
 10
124.411
 20
16.901
 10
124.295
 20
16.433
 10
124.171
 20
15.966
 10
124.062
 20
15.501
 10
123.989
 20
15.037
 10
123.964
 20
14.574
 10
123.985
 20
14.111
 10
124.043
 20
13.646
 10
124.119
 20
13.18
 10
124.196
 20
12.713
 10
124.258
 20
12.244
 10
124.302
 20
11.776
 10
124.329
 20
11.308
 10
124.35
 20
10.841
 10
124.374
 20
10.374
 10
124.407
 20
9.908
 10
124.447
 20
9.441
 10
124.484
 20
8.97
 10
124.49
 20
8.68
 10
124.486
 20
8.386
 10
124.451
 20
8.111
 10
124.403
 20
7.836
 10
124.325
 20
7.584
 10
124.236
 20
7.336
 10
124.122
 20
7.112
 10
124.002
 20
6.894
 10
123.729
 20
6.515
 10
123.439
 20
6.192
 10
123.149
 20
5.912
 10
122.864
 20
5.658
 10
122.579
 20
5.414
 10
122.28
 20
5.168
 10
121.952
 20
4.919
 10
121.577
 20
4.676
 10
121.367
 20
4.567
 10
121.151
 20
4.459
 10
120.912
 20
4.369
 10
120.667
 20
4.286
 10
120.401
 20
4.226
 10
120.133
 20
4.175
 10
119.845
 20
4.15
 10
119.558
 20
4.131
 10
119.098
 20
4.122
 10
118.641
 20
4.114
 10
118.184
 20
4.101
 10
117.727
 20
4.082
 10
117.269
 20
4.067
 10
116.81
 20
4.067
 10
116.35
 20
4.093
 10
115.89
 20
4.152
 10
115.431
 20
4.242
 10
114.972
 20
4.35
 10
114.516
 20
4.456
 10
114.061
 20
4.54
 10
113.608
 20
4.584
 10
113.155
 20
4.578
 10
112.701
 20
4.524
 10
112.246
 20
4.435
 10
111.789
 20
4.33
 10
111.331
 20
4.229
 10
110.871
 20
4.149
 10
110.411
 20
4.1
 10
109.952
 20
4.081
 10
109.493
 20
4.083
 10
109.035
 20
4.094
 10
108.578
 20
4.104
 10
108.121
 20
4.108
 10
107.664
 20
4.109
 10
107.206
 20
4.116
 10
106.746
 20
4.139
 10
106.286
 20
4.186
 10
106.001
 20
4.239
 10
105.718
 20
4.3
 10
105.458
 20
4.383
 10
105.202
 20
4.467
 10
104.97
 20
4.564
 10
104.742
 20
4.655
 10
104.534
 20
4.754
 10
104.333
 20
4.84
 10
103.947
 20
5.014
 10
103.583
 20
5.177
 10
103.226
 20
5.344
 10
102.871
 20
5.536
 10
102.523
 20
5.771
 10
102.197
 20
6.065
 10
101.91
 20
6.425
 10
101.685
 20
6.843
 10
101.601
 20
7.084
 10
101.528
 20
7.324
 10
101.482
 20
7.583
 10
101.444
 20
7.842
 10
101.431
 20
8.119
 10
101.422
 20
8.393
 10
101.433
 20
8.684
 10
101.442
 20
8.971
 10
101.466
 20
9.439
 10
101.483
 20
9.906
 10
101.503
 20
10.374
 10
101.534
 20
10.842
 10
101.586
 20
11.311
 10
101.658
 20
11.779
 10
101.742
 20
12.247
 10
101.821
 20
12.712
 10
101.876
 20
13.177
 10
101.89
 20
13.64
 10
101.854
 20
14.103
 10
101.773
 20
14.566
 10
101.659
 20
15.032
 10
101.536
 20
15.499
 10
101.426
 20
15.968
 10
101.351
 20
16.438
 10
101.319
 20
16.909
 10
101.328
 20
17.379
 10
101.368
 20
17.848
 10
101.421
 20
18.315
 10
101.473
 20
18.782
 10
101.515
 20
19.248
 10
101.544
 20
19.714
 10
101.569
 20
20.181
 10
101.599
 20
20.649
 10
101.642
 20
21.117
 10
101.7
 20
21.585
 10
101.766
 20
22.052
 10
101.826
 20
22.518
 10
101.862
 20
22.985
 10
101.856
 20
23.271
 10
101.833
 20
23.558
 10
101.778
 20
23.826
 10
101.708
 20
24.091
 10
101.611
 20
24.333
 10
101.507
 20
24.569
 10
101.383
 20
24.782
 10
101.26
 20
24.989
 10
100.995
 20
25.355
 10
100.731
 20
25.678
 10
100.473
 20
25.971
 10
100.218
 20
26.248
 10
99.953
 20
26.517
 10
99.662
 20
26.779
 10
99.332
 20
27.027
 10
98.951
 20
27.249
 10
98.739
 20
27.341
 10
98.522
 20
27.43
 10
98.283
 20
27.499
 10
98.042
 20
27.563
 10
97.78
 20
27.606
 10
97.517
 20
27.647
 10
97.234
 20
27.669
 10
96.95
 20
27.694
 10
96.482
 20
27.726
 10
96.014
 20
27.768
 10
95.548
 20
27.814
 10
95.082
 20
27.849
 10
94.618
 20
27.859
 10
94.154
 20
27.832
 10
93.69
 20
27.764
 10
93.226
 20
27.66
 10
92.759
 20
27.539
 10
92.291
 20
27.424
 10
91.821
 20
27.337
 10
91.349
 20
27.297
 10
90.878
 20
27.308
 10
90.408
 20
27.363
 10
89.94
 20
27.447
 10
89.473
 20
27.538
 10
89.007
 20
27.618
 10
88.542
 20
27.677
 10
88.077
 20
27.712
 10
87.611
 20
27.73
 10
87.144
 20
27.741
 10
86.677
 20
27.755
 10
86.209
 20
27.777
 10
85.742
 20
27.801
 10
85.277
 20
27.817
 10
84.812
 20
27.812
 10
84.348
 20
27.775
 10
83.884
 20
27.701
 10
83.418
 20
27.599
 10
82.949
 20
27.485
 10
82.66
 20
27.428
 10
82.364
 20
27.38
 10
82.083
 20
27.367
 10
81.8
 20
27.37
 10
81.535
 20
27.409
 10
81.272
 20
27.465
 10
81.032
 20
27.552
 10
80.791
 20
27.653
 10
80.379
 20
27.905
 10
80.023
 20
28.202
 10
79.721
 20
28.521
 10
79.463
 20
28.85
 10
79.236
 20
29.188
 10
79.031
 20
29.538
 10
78.846
 20
29.912
 10
78.683
 20
30.319
 10
78.618
 20
30.538
 10
78.552
 20
30.76
 10
78.506
 20
31.001
 10
78.461
 20
31.243
 10
78.436
 20
31.503
 10
78.411
 20
31.763
 10
78.403
 20
32.042
 10
78.391
 20
32.321
 10
78.369
 20
32.775
 10
78.321
 20
33.23
 10
78.246
 20
33.685
 10
78.149
 20
34.142
 10
78.049
 20
34.599
 10
77.964
 20
35.059
 10
77.914
 20
35.52
 10
77.913
 20
35.981
 10
77.961
 20
36.443
 10
78.05
 20
36.903
 10
78.161
 20
37.361
 10
78.272
 20
37.817
 10
78.363
 20
38.273
 10
78.422
 20
38.727
 10
78.446
 20
39.182
 10
78.441
 20
39.637
 10
78.418
 20
40.093
 10
78.391
 20
40.551
 10
78.368
 20
41.008
 10
78.353
 20
41.466
 10
78.339
 20
41.923
 10
78.318
 20
42.379
 10
78.28
 20
42.835
 10
78.221
 20
43.291
 10
78.142
 20
43.747
 10
78.055
 20
44.204
 10
77.978
 20
44.663
 10
77.928
 20
45.124
 10
77.922
 20
45.589
 10
77.953
 20
45.881
 10
78.002
 20
46.175
  0
HATCH
  5
64
330
17
100
AcDbEntity
  8
RASTER
 62
7
100
AcDbHatch
 10
0.0
 20
0.0
 30
0.0
210
0.0
220
0.0
230
1.0
  2
SOLID
 70
1
 71
0
 91
1
 92
3
 72
0
 73
1
 93
740
 10
130.959
 20
30.052
 10
130.406
 20
30.071
 10
129.853
 20
30.118
 10
129.289
 20
30.167
 10
128.721
 20
30.2
 10
128.156
 20
30.218
 10
127.601
 20
30.235
 10
127.056
 20
30.272
 10
126.507
 20
30.347
 10
126.23
 20
30.391
 10
125.934
 20
30.445
 10
125.361
 20
30.519
 10
124.787
 20
30.534
 10
124.226
 20
30.459
 10
123.702
 20
30.278
 10
123.239
 20
29.993
 10
122.859
 20
29.622
 10
122.571
 20
29.194
 10
122.372
 20
28.737
 10
122.246
 20
28.276
 10
122.168
 20
27.827
 10
122.109
 20
27.392
 10
122.045
 20
26.959
 10
121.962
 20
26.505
 10
121.857
 20
26.005
 10
121.807
 20
25.736
 10
121.751
 20
25.453
 10
121.663
 20
24.886
 10
121.596
 20
24.315
 10
121.555
 20
23.745
 10
121.526
 20
23.184
 10
121.491
 20
22.631
 10
121.43
 20
22.084
 10
121.342
 20
21.533
 10
121.241
 20
20.972
 10
121.154
 20
20.394
 10
121.121
 20
19.802
 10
121.167
 20
19.204
 10
121.294
 20
18.612
 10
121.478
 20
18.035
 10
121.673
 20
17.477
 10
121.834
 20
16.938
 10
121.928
 20
16.414
 10
121.942
 20
15.894
 10
121.882
 20
15.365
 10
121.772
 20
14.82
 10
121.646
 20
14.258
 10
121.537
 20
13.684
 10
121.464
 20
13.107
 10
121.425
 20
12.535
 10
121.404
 20
11.971
 10
121.378
 20
11.419
 10
121.35
 20
11.153
 10
121.319
 20
10.899
 10
121.212
 20
10.409
 10
121.077
 20
9.966
 10
120.931
 20
9.556
 10
120.785
 20
9.17
 10
120.641
 20
8.8
 10
120.493
 20
8.439
 10
120.326
 20
8.083
 10
120.122
 20
7.736
 10
119.867
 20
7.406
 10
119.553
 20
7.112
 10
119.179
 20
6.875
 10
118.751
 20
6.718
 10
118.274
 20
6.655
 10
117.751
 20
6.692
 10
117.478
 20
6.749
 10
117.2
 20
6.815
 10
116.634
 20
6.97
 10
116.055
 20
7.098
 10
115.472
 20
7.177
 10
114.892
 20
7.208
 10
114.324
 20
7.208
 10
113.765
 20
7.204
 10
113.211
 20
7.212
 10
112.654
 20
7.234
 10
112.088
 20
7.256
 10
111.509
 20
7.252
 10
110.922
 20
7.198
 10
110.337
 20
7.084
 10
109.763
 20
6.925
 10
109.206
 20
6.756
 10
108.658
 20
6.618
 10
108.398
 20
6.584
 10
108.136
 20
6.567
 10
107.626
 20
6.63
 10
107.167
 20
6.792
 10
106.759
 20
7.027
 10
106.404
 20
7.308
 10
106.101
 20
7.61
 10
105.839
 20
7.918
 10
105.608
 20
8.224
 10
105.395
 20
8.531
 10
105.193
 20
8.846
 10
105.003
 20
9.179
 10
104.83
 20
9.54
 10
104.685
 20
9.939
 10
104.578
 20
10.381
 10
104.514
 20
10.875
 10
104.503
 20
11.135
 10
104.489
 20
11.413
 10
104.467
 20
11.958
 10
104.41
 20
12.515
 10
104.312
 20
13.073
 10
104.181
 20
13.622
 10
104.044
 20
14.157
 10
103.935
 20
14.675
 10
103.883
 20
15.179
 10
103.906
 20
15.677
 10
104.003
 20
16.181
 10
104.161
 20
16.701
 10
104.346
 20
17.239
 10
104.518
 20
17.794
 10
104.64
 20
18.362
 10
104.691
 20
18.935
 10
104.674
 20
19.502
 10
104.611
 20
20.056
 10
104.533
 20
20.597
 10
104.465
 20
21.129
 10
104.418
 20
21.657
 10
104.388
 20
22.191
 10
104.362
 20
22.732
 10
104.319
 20
23.282
 10
104.248
 20
23.835
 10
104.15
 20
24.383
 10
104.043
 20
24.92
 10
103.957
 20
25.448
 10
103.922
 20
25.708
 10
103.904
 20
25.955
 10
103.888
 20
26.452
 10
103.901
 20
26.927
 10
103.915
 20
27.411
 10
103.898
 20
27.91
 10
103.816
 20
28.414
 10
103.644
 20
28.903
 10
103.373
 20
29.35
 10
103.008
 20
29.73
 10
102.565
 20
30.021
 10
102.071
 20
30.217
 10
101.549
 20
30.326
 10
101.017
 20
30.366
 10
100.48
 20
30.363
 10
99.932
 20
30.341
 10
99.647
 20
30.321
 10
99.367
 20
30.309
 10
98.807
 20
30.282
 10
98.242
 20
30.255
 10
97.672
 20
30.21
 10
97.105
 20
30.144
 10
96.547
 20
30.072
 10
96.004
 20
30.02
 10
95.473
 20
30.016
 10
94.947
 20
30.079
 10
94.414
 20
30.208
 10
93.864
 20
30.387
 10
93.297
 20
30.577
 10
92.71
 20
30.732
 10
92.109
 20
30.809
 10
91.507
 20
30.791
 10
90.917
 20
30.691
 10
90.344
 20
30.547
 10
89.789
 20
30.401
 10
89.246
 20
30.286
 10
88.707
 20
30.215
 10
88.163
 20
30.185
 10
87.61
 20
30.179
 10
87.046
 20
30.174
 10
86.479
 20
30.156
 10
85.916
 20
30.123
 10
85.359
 20
30.094
 10
85.088
 20
30.097
 10
84.823
 20
30.109
 10
84.321
 20
30.205
 10
83.877
 20
30.375
 10
83.488
 20
30.605
 10
83.155
 20
30.874
 10
82.873
 20
31.161
 10
82.629
 20
31.451
 10
82.404
 20
31.736
 10
82.181
 20
32.019
 10
81.946
 20
32.305
 10
81.697
 20
32.607
 10
81.439
 20
32.941
 10
81.188
 20
33.321
 10
80.969
 20
33.753
 10
80.806
 20
34.244
 10
80.761
 20
34.501
 10
80.728
 20
34.762
 10
80.716
 20
35.307
 10
80.738
 20
35.856
 10
80.77
 20
36.417
 10
80.791
 20
36.984
 10
80.796
 20
37.549
 10
80.798
 20
38.106
 10
80.818
 20
38.651
 10
80.877
 20
39.19
 10
80.981
 20
39.731
 10
81.123
 20
40.282
 10
81.273
 20
40.85
 10
81.391
 20
41.435
 10
81.437
 20
42.035
 10
81.387
 20
42.638
 10
81.254
 20
43.219
 10
81.173
 20
43.51
 10
81.089
 20
43.781
 10
80.972
 20
44.304
 10
80.93
 20
44.79
 10
80.975
 20
45.24
 10
81.103
 20
45.651
 10
81.303
 20
46.019
 10
81.561
 20
46.34
 10
81.865
 20
46.616
 10
82.203
 20
46.849
 10
82.568
 20
47.047
 10
82.959
 20
47.214
 10
83.374
 20
47.352
 10
83.816
 20
47.457
 10
84.287
 20
47.517
 10
84.795
 20
47.517
 10
85.053
 20
47.486
 10
85.32
 20
47.447
 10
85.871
 20
47.332
 10
86.437
 20
47.217
 10
87.02
 20
47.138
 10
87.614
 20
47.131
 10
88.209
 20
47.212
 10
88.792
 20
47.368
 10
89.357
 20
47.562
 10
89.903
 20
47.747
 10
90.432
 20
47.883
 10
90.951
 20
47.947
 10
91.472
 20
47.936
 10
92.006
 20
47.865
 10
92.555
 20
47.76
 10
93.118
 20
47.656
 10
93.688
 20
47.576
 10
94.257
 20
47.527
 10
94.818
 20
47.498
 10
95.37
 20
47.468
 10
95.916
 20
47.42
 10
96.465
 20
47.349
 10
97.023
 20
47.267
 10
97.595
 20
47.2
 10
98.181
 20
47.181
 10
98.773
 20
47.236
 10
99.36
 20
47.366
 10
99.931
 20
47.548
 10
100.484
 20
47.738
 10
101.018
 20
47.893
 10
101.537
 20
47.979
 10
102.052
 20
47.985
 10
102.576
 20
47.914
 10
103.117
 20
47.791
 10
103.675
 20
47.65
 10
104.246
 20
47.526
 10
104.822
 20
47.442
 10
105.396
 20
47.401
 10
105.959
 20
47.387
 10
106.514
 20
47.376
 10
107.063
 20
47.353
 10
107.615
 20
47.313
 10
108.177
 20
47.271
 10
108.752
 20
47.253
 10
109.337
 20
47.286
 10
109.922
 20
47.385
 10
110.498
 20
47.54
 10
111.058
 20
47.719
 10
111.599
 20
47.88
 10
112.123
 20
47.984
 10
112.636
 20
48.009
 10
113.154
 20
47.951
 10
113.686
 20
47.824
 10
114.237
 20
47.659
 10
114.805
 20
47.498
 10
115.384
 20
47.377
 10
115.967
 20
47.313
 10
116.543
 20
47.301
 10
117.108
 20
47.318
 10
117.662
 20
47.339
 10
118.213
 20
47.348
 10
118.766
 20
47.343
 10
119.329
 20
47.339
 10
119.903
 20
47.36
 10
120.482
 20
47.427
 10
121.059
 20
47.545
 10
121.625
 20
47.698
 10
122.174
 20
47.85
 10
122.705
 20
47.962
 10
123.222
 20
48.006
 10
123.736
 20
47.966
 10
124.262
 20
47.849
 10
124.805
 20
47.677
 10
125.367
 20
47.491
 10
125.945
 20
47.336
 10
126.533
 20
47.242
 10
127.12
 20
47.219
 10
127.697
 20
47.252
 10
128.26
 20
47.311
 10
128.812
 20
47.368
 10
129.36
 20
47.407
 10
129.912
 20
47.429
 10
130.473
 20
47.451
 10
131.043
 20
47.493
 10
131.617
 20
47.571
 10
132.186
 20
47.685
 10
132.742
 20
47.812
 10
133.282
 20
47.919
 10
133.806
 20
47.974
 10
134.322
 20
47.955
 10
134.844
 20
47.857
 10
135.38
 20
47.694
 10
135.935
 20
47.499
 10
136.509
 20
47.319
 10
137.098
 20
47.195
 10
137.692
 20
47.152
 10
138.279
 20
47.187
 10
138.852
 20
47.271
 10
139.409
 20
47.371
 10
139.956
 20
47.456
 10
140.5
 20
47.514
 10
140.768
 20
47.524
 10
141.035
 20
47.531
 10
141.553
 20
47.503
 10
142.04
 20
47.448
 10
142.502
 20
47.371
 10
142.938
 20
47.268
 10
143.347
 20
47.129
 10
143.722
 20
46.944
 10
144.053
 20
46.706
 10
144.33
 20
46.412
 10
144.54
 20
46.065
 10
144.674
 20
45.672
 10
144.728
 20
45.238
 10
144.708
 20
44.771
 10
144.63
 20
44.274
 10
144.529
 20
43.748
 10
144.476
 20
43.466
 10
144.444
 20
43.164
 10
144.434
 20
42.58
 10
144.507
 20
41.987
 10
144.631
 20
41.412
 10
144.764
 20
40.853
 10
144.875
 20
40.306
 10
144.948
 20
39.764
 10
144.985
 20
39.218
 10
145.003
 20
38.663
 10
145.022
 20
38.098
 10
145.058
 20
37.529
 10
145.109
 20
36.966
 10
145.158
 20
36.413
 10
145.178
 20
35.873
 10
145.145
 20
35.343
 10
145.048
 20
34.807
 10
144.971
 20
34.548
 10
144.884
 20
34.289
 10
144.663
 20
33.8
 10
144.432
 20
33.366
 10
144.213
 20
32.971
 10
144.02
 20
32.604
 10
143.852
 20
32.255
 10
143.694
 20
31.918
 10
143.528
 20
31.591
 10
143.333
 20
31.274
 10
143.092
 20
30.974
 10
142.795
 20
30.705
 10
142.439
 20
30.481
 10
142.026
 20
30.314
 10
141.541
 20
30.205
 10
141.664
 20
29.658
 10
142.192
 20
29.779
 10
142.693
 20
29.982
 10
143.132
 20
30.258
 10
143.498
 20
30.589
 10
143.79
 20
30.949
 10
144.017
 20
31.316
 10
144.198
 20
31.672
 10
144.358
 20
32.014
 10
144.52
 20
32.351
 10
144.706
 20
32.704
 10
144.924
 20
33.099
 10
145.167
 20
33.554
 10
145.402
 20
34.076
 10
145.505
 20
34.379
 10
145.595
 20
34.687
 10
145.701
 20
35.276
 10
145.738
 20
35.866
 10
145.717
 20
36.448
 10
145.667
 20
37.016
 10
145.617
 20
37.573
 10
145.582
 20
38.125
 10
145.563
 20
38.681
 10
145.545
 20
39.246
 10
145.506
 20
39.821
 10
145.428
 20
40.4
 10
145.311
 20
40.974
 10
145.177
 20
41.536
 10
145.059
 20
42.081
 10
144.994
 20
42.61
 10
145.004
 20
43.137
 10
145.03
 20
43.384
 10
145.079
 20
43.643
 10
145.182
 20
44.178
 10
145.265
 20
44.715
 10
145.288
 20
45.26
 10
145.22
 20
45.797
 10
145.048
 20
46.302
 10
144.777
 20
46.751
 10
144.423
 20
47.127
 10
144.01
 20
47.425
 10
143.562
 20
47.647
 10
143.093
 20
47.806
 10
142.612
 20
47.92
 10
142.117
 20
48.003
 10
141.598
 20
48.062
 10
141.05
 20
48.091
 10
140.75
 20
48.084
 10
140.453
 20
48.072
 10
139.884
 20
48.011
 10
139.317
 20
47.923
 10
138.762
 20
47.824
 10
138.221
 20
47.744
 10
137.695
 20
47.713
 10
137.176
 20
47.75
 10
136.651
 20
47.861
 10
136.112
 20
48.031
 10
135.554
 20
48.226
 10
134.977
 20
48.401
 10
134.385
 20
48.512
 10
133.788
 20
48.534
 10
133.199
 20
48.473
 10
132.625
 20
48.36
 10
132.069
 20
48.233
 10
131.524
 20
48.124
 10
130.985
 20
48.05
 10
130.442
 20
48.011
 10
129.89
 20
47.989
 10
129.328
 20
47.966
 10
128.763
 20
47.926
 10
128.202
 20
47.868
 10
127.652
 20
47.811
 10
127.115
 20
47.78
 10
126.589
 20
47.799
 10
126.063
 20
47.883
 10
125.528
 20
48.028
 10
124.977
 20
48.21
 10
124.407
 20
48.39
 10
123.819
 20
48.52
 10
123.22
 20
48.566
 10
122.624
 20
48.517
 10
122.042
 20
48.394
 10
121.477
 20
48.238
 10
120.93
 20
48.091
 10
120.394
 20
47.981
 10
119.86
 20
47.919
 10
119.321
 20
47.9
 10
118.77
 20
47.904
 10
118.211
 20
47.908
 10
117.647
 20
47.9
 10
117.089
 20
47.878
 10
116.54
 20
47.861
 10
116.003
 20
47.872
 10
115.473
 20
47.93
 10
114.939
 20
48.042
 10
114.393
 20
48.197
 10
113.831
 20
48.365
 10
113.25
 20
48.503
 10
112.654
 20
48.569
 10
112.054
 20
48.54
 10
111.465
 20
48.424
 10
110.893
 20
48.254
 10
110.34
 20
48.077
 10
109.802
 20
47.932
 10
109.274
 20
47.843
 10
108.746
 20
47.814
 10
108.207
 20
47.831
 10
107.656
 20
47.872
 10
107.095
 20
47.912
 10
106.531
 20
47.936
 10
105.972
 20
47.947
 10
105.423
 20
47.961
 10
104.883
 20
48.0
 10
104.346
 20
48.077
 10
103.803
 20
48.195
 10
103.248
 20
48.336
 10
102.676
 20
48.466
 10
102.087
 20
48.544
 10
101.488
 20
48.538
 10
100.894
 20
48.44
 10
100.315
 20
48.273
 10
99.755
 20
48.08
 10
99.213
 20
47.907
 10
98.686
 20
47.789
 10
98.165
 20
47.741
 10
97.637
 20
47.759
 10
97.097
 20
47.823
 10
96.542
 20
47.905
 10
95.977
 20
47.977
 10
95.41
 20
48.027
 10
94.848
 20
48.057
 10
94.296
 20
48.086
 10
93.752
 20
48.133
 10
93.208
 20
48.209
 10
92.658
 20
48.311
 10
92.095
 20
48.418
 10
91.515
 20
48.495
 10
90.923
 20
48.507
 10
90.328
 20
48.434
 10
89.744
 20
48.284
 10
89.177
 20
48.093
 10
88.628
 20
47.904
 10
88.098
 20
47.761
 10
87.58
 20
47.69
 10
87.061
 20
47.697
 10
86.531
 20
47.769
 10
85.984
 20
47.881
 10
85.423
 20
47.998
 10
85.126
 20
48.042
 10
84.817
 20
48.077
 10
84.252
 20
48.076
 10
83.717
 20
48.009
 10
83.222
 20
47.892
 10
82.76
 20
47.738
 10
82.324
 20
47.552
 10
81.91
 20
47.327
 10
81.516
 20
47.054
 10
81.153
 20
46.724
 10
80.836
 20
46.329
 10
80.586
 20
45.868
 10
80.426
 20
45.351
 10
80.37
 20
44.793
 10
80.418
 20
44.218
 10
80.546
 20
43.644
 10
80.635
 20
43.353
 10
80.71
 20
43.085
 10
80.833
 20
42.551
 10
80.876
 20
42.033
 10
80.836
 20
41.513
 10
80.727
 20
40.977
 10
80.58
 20
40.424
 10
80.434
 20
39.854
 10
80.322
 20
39.274
 10
80.259
 20
38.692
 10
80.238
 20
38.117
 10
80.236
 20
37.553
 10
80.23
 20
36.997
 10
80.21
 20
36.443
 10
80.178
 20
35.883
 10
80.155
 20
35.312
 10
80.168
 20
34.73
 10
80.207
 20
34.417
 10
80.266
 20
34.094
 10
80.451
 20
33.538
 10
80.703
 20
33.04
 10
80.983
 20
32.616
 10
81.259
 20
32.258
 10
81.514
 20
31.949
 10
81.745
 20
31.667
 10
81.965
 20
31.389
 10
82.195
 20
31.097
 10
82.46
 20
30.783
 10
82.78
 20
30.458
 10
83.169
 20
30.143
 10
83.635
 20
29.869
 10
84.169
 20
29.665
 10
84.745
 20
29.554
 10
85.07
 20
29.537
 10
85.376
 20
29.534
 10
85.946
 20
29.564
 10
86.504
 20
29.596
 10
87.058
 20
29.614
 10
87.615
 20
29.619
 10
88.182
 20
29.625
 10
88.759
 20
29.657
 10
89.341
 20
29.733
 10
89.919
 20
29.856
 10
90.484
 20
30.005
 10
91.032
 20
30.143
 10
91.563
 20
30.233
 10
92.082
 20
30.249
 10
92.602
 20
30.182
 10
93.136
 20
30.041
 10
93.689
 20
29.855
 10
94.26
 20
29.669
 10
94.848
 20
29.527
 10
95.442
 20
29.457
 10
96.032
 20
29.46
 10
96.61
 20
29.515
 10
97.173
 20
29.588
 10
97.727
 20
29.652
 10
98.277
 20
29.695
 10
98.834
 20
29.722
 10
99.393
 20
29.75
 10
99.678
 20
29.762
 10
99.96
 20
29.781
 10
100.493
 20
29.803
 10
100.998
 20
29.806
 10
101.472
 20
29.771
 10
101.911
 20
29.68
 10
102.307
 20
29.524
 10
102.65
 20
29.298
 10
102.929
 20
29.009
 10
103.137
 20
28.664
 10
103.273
 20
28.276
 10
103.34
 20
27.856
 10
103.355
 20
27.411
 10
103.341
 20
26.943
 10
103.328
 20
26.45
 10
103.345
 20
25.93
 10
103.364
 20
25.65
 10
103.403
 20
25.362
 10
103.492
 20
24.82
 10
103.599
 20
24.279
 10
103.694
 20
23.75
 10
103.762
 20
23.225
 10
103.802
 20
22.697
 10
103.829
 20
22.161
 10
103.859
 20
21.617
 10
103.908
 20
21.068
 10
103.978
 20
20.522
 10
104.055
 20
19.985
 10
104.115
 20
19.462
 10
104.131
 20
18.951
 10
104.086
 20
18.446
 10
103.976
 20
17.936
 10
103.813
 20
17.414
 10
103.627
 20
16.874
 10
103.459
 20
16.316
 10
103.349
 20
15.743
 10
103.323
 20
15.163
 10
103.381
 20
14.589
 10
103.498
 20
14.03
 10
103.637
 20
13.487
 10
103.763
 20
12.959
 10
103.855
 20
12.438
 10
103.908
 20
11.918
 10
103.929
 20
11.389
 10
103.943
 20
11.108
 10
103.957
 20
10.819
 10
104.027
 20
10.279
 10
104.148
 20
9.778
 10
104.313
 20
9.324
 10
104.506
 20
8.92
 10
104.714
 20
8.556
 10
104.929
 20
8.22
 10
105.154
 20
7.895
 10
105.403
 20
7.567
 10
105.69
 20
7.229
 10
106.033
 20
6.888
 10
106.445
 20
6.562
 10
106.935
 20
6.282
 10
107.499
 20
6.084
 10
108.102
 20
6.008
 10
108.45
 20
6.026
 10
108.774
 20
6.07
 10
109.356
 20
6.216
 10
109.919
 20
6.387
 10
110.466
 20
6.539
 10
111.002
 20
6.643
 10
111.536
 20
6.692
 10
112.078
 20
6.696
 10
112.632
 20
6.674
 10
113.196
 20
6.652
 10
113.763
 20
6.644
 10
114.326
 20
6.648
 10
114.878
 20
6.648
 10
115.419
 20
6.619
 10
115.957
 20
6.547
 10
116.499
 20
6.426
 10
117.058
 20
6.273
 10
117.357
 20
6.202
 10
117.686
 20
6.136
 10
118.29
 20
6.095
 10
118.883
 20
6.173
 10
119.425
 20
6.372
 10
119.894
 20
6.667
 10
120.281
 20
7.028
 10
120.585
 20
7.421
 10
120.821
 20
7.821
 10
121.006
 20
8.213
 10
121.162
 20
8.592
 10
121.308
 20
8.97
 10
121.457
 20
9.363
 10
121.609
 20
9.791
 10
121.754
 20
10.269
 10
121.87
 20
10.797
 10
121.906
 20
11.09
 10
121.937
 20
11.382
 10
121.964
 20
11.947
 10
121.985
 20
12.505
 10
122.021
 20
13.053
 10
122.09
 20
13.597
 10
122.195
 20
14.144
 10
122.32
 20
14.703
 10
122.436
 20
15.278
 10
122.502
 20
15.87
 10
122.486
 20
16.471
 10
122.38
 20
17.068
 10
122.207
 20
17.65
 10
122.01
 20
18.213
 10
121.836
 20
18.757
 10
121.721
 20
19.285
 10
121.681
 20
19.808
 10
121.712
 20
20.337
 10
121.793
 20
20.88
 10
121.895
 20
21.439
 10
121.986
 20
22.009
 10
122.049
 20
22.583
 10
122.086
 20
23.151
 10
122.114
 20
23.711
 10
122.154
 20
24.262
 10
122.218
 20
24.811
 10
122.304
 20
25.36
 10
122.357
 20
25.63
 10
122.407
 20
25.894
 10
122.512
 20
26.397
 10
122.598
 20
26.867
 10
122.664
 20
27.314
 10
122.722
 20
27.742
 10
122.793
 20
28.154
 10
122.901
 20
28.55
 10
123.062
 20
28.924
 10
123.289
 20
29.263
 10
123.583
 20
29.55
 10
123.941
 20
29.771
 10
124.354
 20
29.913
 10
124.816
 20
29.974
 10
125.316
 20
29.961
 10
125.851
 20
29.891
 10
126.135
 20
29.838
 10
126.427
 20
29.792
 10
126.998
 20
29.714
 10
127.574
 20
29.675
 10
128.139
 20
29.658
 10
128.696
 20
29.641
 10
129.248
 20
29.608
 10
129.805
 20
29.56
 10
130.373
 20
29.511
 10
130.94
 20
29.492
 97
0
 75
0
 76
1
 98
0
  0
HATCH
  5
65
330
17
100
AcDbEntity
  8
RASTER
 62
7
100
AcDbHatch
 10
0.0
 20
0.0
 30
0.0
210
0.0
220
0.0
230
1.0
  2
SOLID
 70
1
 71
0
 91
6
 92
3
 72
0
 73
1
 93
4
 10
140.477
 20
30.079
 10
132.071
 20
30.079
 10
132.071
 20
19.525
 10
140.477
 20
19.525
 97
0
 92
2
 72
0
 73
1
 93
5
 10
140.01
 20
28.491
 10
140.01
 20
28.118
 10
132.538
 20
28.118
 10
132.538
 20
28.491
 10
140.01
 20
28.491
 97
0
 92
2
 72
0
 73
1
 93
5
 10
140.01
 20
26.717
 10
140.01
 20
26.343
 10
132.538
 20
26.343
 10
132.538
 20
26.717
 10
140.01
 20
26.717
 97
0
 92
2
 72
0
 73
1
 93
5
 10
140.01
 20
24.942
 10
140.01
 20
24.568
 10
132.538
 20
24.568
 10
132.538
 20
24.942
 10
140.01
 20
24.942
 97
0
 92
2
 72
0
 73
1
 93
5
 10
140.01
 20
23.167
 10
140.01
 20
22.794
 10
132.538
 20
22.794
 10
132.538
 20
23.167
 10
140.01
 20
23.167
 97
0
 92
2
 72
0
 73
1
 93
5
 10
140.01
 20
21.393
 10
140.01
 20
21.019
 10
132.538
 20
21.019
 10
132.538
 20
21.393
 10
140.01
 20
21.393
 97
0
 75
0
 76
1
 98
0
  0
HATCH
  5
66
330
17
100
AcDbEntity
  8
RASTER
 62
7
100
AcDbHatch
 10
0.0
 20
0.0
 30
0.0
210
0.0
220
0.0
230
1.0
  2
SOLID
 70
1
 71
0
 91
8
 92
3
 72
0
 73
1
 93
4
 10
144.119
 20
18.964
 10
128.428
 20
18.964
 10
128.428
 20
16.536
 10
144.119
 20
16.536
 97
0
 92
2
 72
0
 73
1
 93
5
 10
141.784
 20
18.964
 10
141.784
 20
16.536
 10
141.411
 20
16.536
 10
141.411
 20
18.964
 10
141.784
 20
18.964
 97
0
 92
2
 72
0
 73
1
 93
5
 10
140.01
 20
18.964
 10
140.01
 20
16.536
 10
139.636
 20
16.536
 10
139.636
 20
18.964
 10
140.01
 20
18.964
 97
0
 92
2
 72
0
 73
1
 93
5
 10
138.235
 20
18.964
 10
138.235
 20
16.536
 10
137.861
 20
16.536
 10
137.861
 20
18.964
 10
138.235
 20
18.964
 97
0
 92
2
 72
0
 73
1
 93
5
 10
136.46
 20
18.964
 10
136.46
 20
16.536
 10
136.087
 20
16.536
 10
136.087
 20
18.964
 10
136.46
 20
18.964
 97
0
 92
2
 72
0
 73
1
 93
5
 10
134.686
 20
18.964
 10
134.686
 20
16.536
 10
134.312
 20
16.536
 10
134.312
 20
18.964
 10
134.686
 20
18.964
 97
0
 92
2
 72
0
 73
1
 93
5
 10
132.911
 20
18.964
 10
132.911
 20
16.536
 10
132.538
 20
16.536
 10
132.538
 20
18.964
 10
132.911
 20
18.964
 97
0
 92
2
 72
0
 73
1
 93
5
 10
131.137
 20
18.964
 10
131.137
 20
16.536
 10
130.763
 20
16.536
 10
130.763
 20
18.964
 10
131.137
 20
18.964
 97
0
 75
0
 76
1
 98
0
  0
HATCH
  5
67
330
17
100
AcDbEntity
  8
RASTER
 62
7
100
AcDbHatch
 10
0.0
 20
0.0
 30
0.0
210
0.0
220
0.0
230
1.0
  2
SOLID
 70
1
 71
0
 91
15
 92
3
 72
0
 73
1
 93
62
 10
85.338
 20
42.631
 10
85.614
 20
42.644
 10
85.914
 20
42.491
 10
86.902
 20
41.092
 10
88.194
 20
41.957
 10
88.576
 20
42.15
 10
88.906
 20
42.15
 10
89.124
 20
42.039
 10
89.206
 20
41.957
 10
89.346
 20
41.685
 10
89.605
 20
41.656
 10
89.782
 20
41.545
 10
89.934
 20
41.245
 10
89.934
 20
40.874
 10
89.864
 20
40.697
 10
89.782
 20
40.599
 10
90.07
 20
40.475
 10
90.193
 20
40.352
 10
90.346
 20
39.969
 10
90.304
 20
39.681
 10
90.111
 20
39.34
 10
89.017
 20
38.048
 10
88.988
 20
37.747
 10
88.906
 20
37.501
 10
88.794
 20
37.324
 10
88.506
 20
37.077
 10
87.947
 20
36.855
 10
87.766
 20
36.624
 10
87.535
 20
36.402
 10
87.478
 20
36.295
 10
87.165
 20
35.991
 10
87.108
 20
35.884
 10
86.655
 20
35.431
 10
86.355
 20
35.279
 10
85.779
 20
35.279
 10
85.367
 20
35.402
 10
85.026
 20
35.596
 10
84.861
 20
35.76
 10
84.709
 20
36.019
 10
84.668
 20
36.143
 10
84.655
 20
36.624
 10
84.215
 20
36.348
 10
83.927
 20
36.266
 10
83.598
 20
36.307
 10
83.133
 20
36.501
 10
83.009
 20
36.583
 10
82.68
 20
36.953
 10
82.487
 20
37.377
 10
82.487
 20
37.583
 10
82.446
 20
37.665
 10
82.528
 20
38.118
 10
82.721
 20
38.459
 10
85.108
 20
39.982
 10
84.639
 20
40.722
 10
84.408
 20
41.027
 10
84.256
 20
41.327
 10
84.215
 20
41.615
 10
84.351
 20
41.973
 10
84.45
 20
42.08
 10
84.668
 20
42.191
 10
84.902
 20
42.203
 10
85.067
 20
42.491
 97
0
 92
2
 72
0
 73
1
 93
17
 10
85.408
 20
42.438
 10
85.19
 20
42.327
 10
85.12
 20
42.191
 10
85.149
 20
42.014
 10
85.503
 20
41.545
 10
86.095
 20
40.656
 10
86.696
 20
39.858
 10
87.042
 20
39.299
 10
87.396
 20
38.83
 10
87.7
 20
38.352
 10
87.741
 20
38.336
 10
87.906
 20
38.583
 10
88.165
 20
38.694
 10
88.399
 20
38.706
 10
87.33
 20
40.121
 10
85.832
 20
42.286
 10
85.614
 20
42.438
 97
0
 92
2
 72
0
 73
1
 93
25
 10
84.668
 20
41.985
 10
84.532
 20
41.915
 10
84.421
 20
41.697
 10
84.421
 20
41.45
 10
84.491
 20
41.315
 10
85.955
 20
39.159
 10
86.713
 20
37.924
 10
86.877
 20
38.212
 10
87.001
 20
38.336
 10
87.412
 20
38.5
 10
87.396
 20
38.541
 10
86.507
 20
39.71
 10
85.272
 20
41.479
 10
85.215
 20
41.463
 10
85.215
 20
41.52
 10
85.133
 20
41.422
 10
85.19
 20
41.562
 10
85.108
 20
41.504
 10
85.067
 20
41.52
 10
84.82
 20
41.808
 10
84.791
 20
41.862
 10
84.832
 20
41.903
 10
85.009
 20
41.792
 10
85.009
 20
41.833
 10
84.75
 20
41.985
 97
0
 92
2
 72
0
 73
1
 93
17
 10
88.741
 20
41.985
 10
88.576
 20
41.944
 10
88.235
 20
41.751
 10
87.083
 20
40.969
 10
87.054
 20
40.874
 10
87.165
 20
40.697
 10
87.289
 20
40.599
 10
87.618
 20
40.846
 10
88.317
 20
41.257
 10
88.371
 20
41.286
 10
88.441
 20
41.257
 10
88.482
 20
41.315
 10
88.535
 20
41.162
 10
89.041
 20
41.479
 10
89.14
 20
41.586
 10
89.082
 20
41.751
 10
89.0
 20
41.874
 97
0
 92
2
 72
0
 73
1
 93
26
 10
89.44
 20
41.45
 10
89.058
 20
41.257
 10
87.56
 20
40.245
 10
87.577
 20
40.121
 10
87.988
 20
39.587
 10
88.054
 20
39.587
 10
88.548
 20
39.957
 10
88.576
 20
40.01
 10
88.548
 20
40.039
 10
88.383
 20
39.899
 10
88.441
 20
40.039
 10
88.342
 20
39.982
 10
88.358
 20
40.08
 10
88.177
 20
40.064
 10
88.235
 20
40.187
 10
88.399
 20
40.311
 10
88.959
 20
40.656
 10
89.0
 20
40.64
 10
89.029
 20
40.545
 10
89.181
 20
40.574
 10
89.152
 20
40.463
 10
89.181
 20
40.434
 10
89.675
 20
40.763
 10
89.728
 20
40.874
 10
89.728
 20
41.204
 10
89.617
 20
41.422
 97
0
 92
2
 72
0
 73
1
 93
29
 10
89.687
 20
40.381
 10
88.412
 20
39.064
 10
88.564
 20
38.805
 10
88.947
 20
38.323
 10
89.082
 20
38.435
 10
89.14
 20
38.541
 10
89.329
 20
38.723
 10
89.387
 20
38.83
 10
89.811
 20
39.311
 10
89.782
 20
39.34
 10
89.741
 20
39.257
 10
89.469
 20
38.994
 10
89.37
 20
38.994
 10
89.469
 20
39.134
 10
89.329
 20
39.076
 10
89.346
 20
39.175
 10
89.247
 20
39.159
 10
89.329
 20
39.299
 10
89.659
 20
39.628
 10
89.7
 20
39.529
 10
89.741
 20
39.587
 10
89.782
 20
39.529
 10
89.922
 20
39.545
 10
89.852
 20
39.434
 10
89.905
 20
39.422
 10
90.099
 20
39.722
 10
90.14
 20
39.928
 10
90.029
 20
40.228
 10
89.852
 20
40.381
 97
0
 92
2
 72
0
 73
1
 93
11
 10
84.956
 20
39.64
 10
83.915
 20
38.994
 10
83.421
 20
38.665
 10
83.404
 20
38.624
 10
83.692
 20
38.5
 10
83.915
 20
38.27
 10
83.981
 20
38.27
 10
85.215
 20
39.175
 10
85.244
 20
39.27
 10
85.133
 20
39.488
 10
85.05
 20
39.611
 97
0
 92
2
 72
0
 73
1
 93
7
 10
88.206
 20
39.393
 10
88.165
 20
39.352
 10
88.194
 20
39.299
 10
88.288
 20
39.229
 10
88.441
 20
39.364
 10
88.301
 20
39.282
 10
88.218
 20
39.323
 97
0
 92
2
 72
0
 73
1
 93
12
 10
85.56
 20
38.805
 10
85.437
 20
38.747
 10
84.215
 20
37.871
 10
84.474
 20
37.719
 10
84.639
 20
37.513
 10
84.709
 20
37.336
 10
84.721
 20
37.019
 10
85.379
 20
37.529
 10
85.807
 20
37.924
 10
85.82
 20
38.241
 10
85.779
 20
38.447
 10
85.667
 20
38.706
 97
0
 92
2
 72
0
 73
1
 93
47
 10
88.165
 20
38.529
 10
88.029
 20
38.459
 10
87.906
 20
38.336
 10
87.877
 20
38.077
 10
87.988
 20
37.941
 10
88.165
 20
37.912
 10
88.177
 20
37.965
 10
88.042
 20
38.118
 10
88.07
 20
38.253
 10
88.247
 20
38.365
 10
88.506
 20
38.253
 10
88.618
 20
38.035
 10
88.618
 20
37.83
 10
88.548
 20
37.653
 10
88.424
 20
37.488
 10
88.124
 20
37.295
 10
87.836
 20
37.213
 10
87.548
 20
37.254
 10
87.289
 20
37.365
 10
87.165
 20
37.488
 10
87.054
 20
37.747
 10
87.124
 20
37.965
 10
87.26
 20
38.077
 10
87.478
 20
38.048
 10
87.507
 20
37.871
 10
87.424
 20
37.747
 10
87.465
 20
37.706
 10
87.56
 20
37.735
 10
87.671
 20
37.871
 10
87.642
 20
38.171
 10
87.519
 20
38.295
 10
87.342
 20
38.323
 10
87.042
 20
38.171
 10
86.889
 20
37.912
 10
86.889
 20
37.624
 10
87.001
 20
37.406
 10
87.124
 20
37.282
 10
87.548
 20
37.089
 10
87.959
 20
37.089
 10
88.124
 20
37.13
 10
88.506
 20
37.324
 10
88.63
 20
37.447
 10
88.782
 20
37.747
 10
88.782
 20
38.077
 10
88.671
 20
38.295
 10
88.506
 20
38.459
 10
88.371
 20
38.529
 97
0
 92
2
 72
0
 73
1
 93
52
 10
83.269
 20
38.488
 10
83.051
 20
38.418
 10
82.804
 20
38.253
 10
82.652
 20
37.871
 10
82.652
 20
37.542
 10
82.693
 20
37.377
 10
82.886
 20
36.994
 10
83.174
 20
36.706
 10
83.474
 20
36.554
 10
83.762
 20
36.472
 10
84.133
 20
36.513
 10
84.392
 20
36.665
 10
84.544
 20
36.966
 10
84.544
 20
37.336
 10
84.474
 20
37.513
 10
84.31
 20
37.677
 10
83.968
 20
37.706
 10
83.832
 20
37.595
 10
83.762
 20
37.459
 10
83.762
 20
37.254
 10
83.816
 20
37.143
 10
83.874
 20
37.143
 10
83.956
 20
37.389
 10
84.092
 20
37.459
 10
84.269
 20
37.348
 10
84.326
 20
37.159
 10
84.227
 20
36.871
 10
84.145
 20
36.789
 10
83.886
 20
36.678
 10
83.68
 20
36.678
 10
83.339
 20
36.83
 10
83.051
 20
37.077
 10
82.898
 20
37.336
 10
82.816
 20
37.583
 10
82.816
 20
37.747
 10
82.927
 20
38.048
 10
83.051
 20
38.171
 10
83.186
 20
38.241
 10
83.392
 20
38.241
 10
83.528
 20
38.171
 10
83.598
 20
38.035
 10
83.598
 20
37.871
 10
83.544
 20
37.76
 10
83.363
 20
37.694
 10
83.38
 20
37.612
 10
83.433
 20
37.583
 10
83.598
 20
37.583
 10
83.75
 20
37.677
 10
83.886
 20
37.953
 10
83.857
 20
38.089
 10
83.692
 20
38.336
 10
83.474
 20
38.447
 97
0
 92
2
 72
0
 73
1
 93
14
 10
85.421
 20
38.064
 10
85.478
 20
38.064
 10
85.462
 20
38.007
 10
85.544
 20
37.924
 10
85.585
 20
37.982
 10
85.643
 20
37.982
 10
85.56
 20
37.801
 10
85.491
 20
37.83
 10
85.396
 20
37.76
 10
85.297
 20
37.76
 10
85.314
 20
37.858
 10
85.231
 20
37.801
 10
85.133
 20
37.801
 10
85.231
 20
37.924
 97
0
 92
2
 72
0
 73
1
 93
13
 10
86.095
 20
37.858
 10
85.807
 20
37.636
 10
85.544
 20
37.365
 10
85.437
 20
37.307
 10
85.297
 20
37.143
 10
85.491
 20
37.089
 10
85.725
 20
36.937
 10
85.766
 20
37.019
 10
86.178
 20
37.431
 10
86.301
 20
37.447
 10
86.342
 20
37.389
 10
86.313
 20
37.583
 10
86.243
 20
37.719
 97
0
 92
2
 72
0
 73
1
 93
9
 10
86.548
 20
37.324
 10
86.161
 20
36.937
 10
86.573
 20
36.772
 10
86.778
 20
36.525
 10
86.848
 20
36.307
 10
86.918
 20
36.237
 10
86.972
 20
36.719
 10
86.889
 20
36.966
 10
86.778
 20
37.143
 97
0
 92
2
 72
0
 73
1
 93
51
 10
85.161
 20
36.966
 10
84.943
 20
36.813
 10
84.832
 20
36.595
 10
84.832
 20
36.266
 10
84.943
 20
36.007
 10
85.231
 20
35.719
 10
85.655
 20
35.526
 10
86.079
 20
35.456
 10
86.313
 20
35.484
 10
86.531
 20
35.596
 10
86.614
 20
35.678
 10
86.725
 20
35.896
 10
86.725
 20
36.307
 10
86.614
 20
36.525
 10
86.49
 20
36.649
 10
86.272
 20
36.76
 10
86.067
 20
36.76
 10
85.873
 20
36.665
 10
85.779
 20
36.472
 10
85.779
 20
36.348
 10
85.89
 20
36.172
 10
86.013
 20
36.114
 10
86.054
 20
36.172
 10
85.943
 20
36.307
 10
85.972
 20
36.443
 10
86.067
 20
36.513
 10
86.285
 20
36.484
 10
86.367
 20
36.402
 10
86.478
 20
36.143
 10
86.478
 20
36.019
 10
86.342
 20
35.785
 10
86.025
 20
35.649
 10
85.737
 20
35.649
 10
85.437
 20
35.76
 10
85.19
 20
35.925
 10
85.108
 20
36.007
 10
84.997
 20
36.225
 10
84.968
 20
36.377
 10
85.026
 20
36.608
 10
85.244
 20
36.76
 10
85.462
 20
36.69
 10
85.532
 20
36.595
 10
85.532
 20
36.472
 10
85.379
 20
36.32
 10
85.491
 20
36.266
 10
85.544
 20
36.295
 10
85.614
 20
36.431
 10
85.614
 20
36.554
 10
85.684
 20
36.748
 10
85.626
 20
36.855
 10
85.491
 20
36.966
 97
0
 75
0
 76
1
 98
0
  0
HATCH
  5
68
330
17
100
AcDbEntity
  8
RASTER
 62
7
100
AcDbHatch
 10
0.0
 20
0.0
 30
0.0
210
0.0
220
0.0
230
1.0
  2
SOLID
 70
1
 71
0
 91
2
 92
3
 72
0
 73
1
 93
48
 10
98.353
 20
38.952
 10
98.326
 20
38.538
 10
98.245
 20
38.13
 10
98.111
 20
37.737
 10
97.928
 20
37.364
 10
97.697
 20
37.019
 10
97.423
 20
36.707
 10
97.111
 20
36.433
 10
96.765
 20
36.202
 10
96.393
 20
36.018
 10
96.0
 20
35.885
 10
95.592
 20
35.804
 10
95.178
 20
35.776
 10
94.763
 20
35.804
 10
94.356
 20
35.885
 10
93.962
 20
36.018
 10
93.59
 20
36.202
 10
93.244
 20
36.433
 10
92.932
 20
36.707
 10
92.658
 20
37.019
 10
92.427
 20
37.364
 10
92.244
 20
37.737
 10
92.11
 20
38.13
 10
92.029
 20
38.538
 10
92.002
 20
38.952
 10
92.029
 20
39.367
 10
92.11
 20
39.774
 10
92.244
 20
40.167
 10
92.427
 20
40.54
 10
92.658
 20
40.885
 10
92.932
 20
41.198
 10
93.244
 20
41.471
 10
93.59
 20
41.702
 10
93.962
 20
41.886
 10
94.356
 20
42.019
 10
94.763
 20
42.1
 10
95.178
 20
42.128
 10
95.592
 20
42.1
 10
96.0
 20
42.019
 10
96.393
 20
41.886
 10
96.765
 20
41.702
 10
97.111
 20
41.471
 10
97.423
 20
41.198
 10
97.697
 20
40.885
 10
97.928
 20
40.54
 10
98.111
 20
40.167
 10
98.245
 20
39.774
 10
98.326
 20
39.367
 97
0
 92
2
 72
0
 73
1
 93
327
 10
94.829
 20
39.203
 10
94.829
 20
38.843
 10
94.942
 20
38.843
 10
94.968
 20
38.843
 10
94.995
 20
38.842
 10
95.022
 20
38.84
 10
95.049
 20
38.838
 10
95.076
 20
38.835
 10
95.104
 20
38.831
 10
95.132
 20
38.826
 10
95.161
 20
38.821
 10
95.189
 20
38.815
 10
95.217
 20
38.808
 10
95.244
 20
38.8
 10
95.27
 20
38.791
 10
95.296
 20
38.782
 10
95.321
 20
38.771
 10
95.345
 20
38.76
 10
95.369
 20
38.748
 10
95.392
 20
38.735
 10
95.414
 20
38.72
 10
95.434
 20
38.705
 10
95.454
 20
38.688
 10
95.473
 20
38.67
 10
95.491
 20
38.651
 10
95.508
 20
38.631
 10
95.524
 20
38.609
 10
95.539
 20
38.587
 10
95.551
 20
38.563
 10
95.562
 20
38.538
 10
95.571
 20
38.511
 10
95.577
 20
38.484
 10
95.582
 20
38.455
 10
95.585
 20
38.425
 10
95.586
 20
38.394
 10
95.585
 20
38.364
 10
95.583
 20
38.336
 10
95.58
 20
38.309
 10
95.575
 20
38.283
 10
95.569
 20
38.258
 10
95.562
 20
38.235
 10
95.553
 20
38.213
 10
95.543
 20
38.191
 10
95.532
 20
38.171
 10
95.52
 20
38.152
 10
95.507
 20
38.134
 10
95.493
 20
38.116
 10
95.479
 20
38.1
 10
95.464
 20
38.085
 10
95.447
 20
38.07
 10
95.431
 20
38.056
 10
95.413
 20
38.044
 10
95.395
 20
38.032
 10
95.376
 20
38.021
 10
95.357
 20
38.011
 10
95.337
 20
38.002
 10
95.316
 20
37.994
 10
95.295
 20
37.986
 10
95.273
 20
37.98
 10
95.251
 20
37.974
 10
95.229
 20
37.969
 10
95.207
 20
37.965
 10
95.186
 20
37.961
 10
95.164
 20
37.959
 10
95.142
 20
37.957
 10
95.12
 20
37.956
 10
95.099
 20
37.955
 10
95.047
 20
37.957
 10
94.997
 20
37.962
 10
94.95
 20
37.971
 10
94.905
 20
37.982
 10
94.863
 20
37.998
 10
94.824
 20
38.016
 10
94.787
 20
38.038
 10
94.752
 20
38.064
 10
94.72
 20
38.092
 10
94.691
 20
38.121
 10
94.664
 20
38.152
 10
94.64
 20
38.185
 10
94.619
 20
38.219
 10
94.6
 20
38.254
 10
94.584
 20
38.291
 10
94.571
 20
38.33
 10
94.151
 20
38.199
 10
94.165
 20
38.158
 10
94.18
 20
38.119
 10
94.196
 20
38.082
 10
94.214
 20
38.045
 10
94.233
 20
38.01
 10
94.254
 20
37.977
 10
94.276
 20
37.945
 10
94.299
 20
37.914
 10
94.323
 20
37.885
 10
94.349
 20
37.857
 10
94.375
 20
37.83
 10
94.402
 20
37.805
 10
94.43
 20
37.782
 10
94.459
 20
37.759
 10
94.489
 20
37.739
 10
94.52
 20
37.719
 10
94.552
 20
37.701
 10
94.584
 20
37.684
 10
94.618
 20
37.669
 10
94.652
 20
37.654
 10
94.686
 20
37.641
 10
94.722
 20
37.629
 10
94.758
 20
37.618
 10
94.795
 20
37.609
 10
94.833
 20
37.6
 10
94.872
 20
37.593
 10
94.91
 20
37.587
 10
94.95
 20
37.582
 10
94.99
 20
37.578
 10
95.031
 20
37.575
 10
95.072
 20
37.574
 10
95.114
 20
37.573
 10
95.156
 20
37.574
 10
95.198
 20
37.576
 10
95.24
 20
37.58
 10
95.282
 20
37.586
 10
95.323
 20
37.593
 10
95.365
 20
37.602
 10
95.406
 20
37.612
 10
95.447
 20
37.624
 10
95.488
 20
37.637
 10
95.528
 20
37.652
 10
95.567
 20
37.669
 10
95.604
 20
37.687
 10
95.641
 20
37.707
 10
95.677
 20
37.728
 10
95.712
 20
37.751
 10
95.745
 20
37.775
 10
95.778
 20
37.802
 10
95.809
 20
37.829
 10
95.838
 20
37.859
 10
95.865
 20
37.89
 10
95.891
 20
37.922
 10
95.915
 20
37.957
 10
95.938
 20
37.993
 10
95.959
 20
38.03
 10
95.978
 20
38.069
 10
95.994
 20
38.11
 10
96.008
 20
38.153
 10
96.019
 20
38.197
 10
96.028
 20
38.243
 10
96.034
 20
38.29
 10
96.038
 20
38.339
 10
96.039
 20
38.39
 10
96.037
 20
38.451
 10
96.03
 20
38.509
 10
96.018
 20
38.565
 10
96.002
 20
38.618
 10
95.98
 20
38.669
 10
95.954
 20
38.718
 10
95.923
 20
38.764
 10
95.888
 20
38.808
 10
95.848
 20
38.848
 10
95.806
 20
38.885
 10
95.761
 20
38.919
 10
95.713
 20
38.948
 10
95.662
 20
38.973
 10
95.608
 20
38.995
 10
95.552
 20
39.013
 10
95.492
 20
39.027
 10
95.492
 20
39.034
 10
95.545
 20
39.049
 10
95.596
 20
39.068
 10
95.643
 20
39.09
 10
95.688
 20
39.116
 10
95.73
 20
39.145
 10
95.769
 20
39.177
 10
95.805
 20
39.214
 10
95.839
 20
39.254
 10
95.869
 20
39.296
 10
95.896
 20
39.34
 10
95.918
 20
39.385
 10
95.936
 20
39.432
 10
95.95
 20
39.48
 10
95.96
 20
39.53
 10
95.966
 20
39.581
 10
95.968
 20
39.634
 10
95.967
 20
39.678
 10
95.964
 20
39.721
 10
95.959
 20
39.763
 10
95.951
 20
39.803
 10
95.942
 20
39.841
 10
95.93
 20
39.879
 10
95.917
 20
39.914
 10
95.901
 20
39.949
 10
95.883
 20
39.982
 10
95.864
 20
40.014
 10
95.843
 20
40.044
 10
95.821
 20
40.073
 10
95.797
 20
40.101
 10
95.771
 20
40.127
 10
95.744
 20
40.152
 10
95.715
 20
40.175
 10
95.685
 20
40.198
 10
95.654
 20
40.219
 10
95.622
 20
40.238
 10
95.588
 20
40.256
 10
95.553
 20
40.273
 10
95.517
 20
40.288
 10
95.48
 20
40.302
 10
95.442
 20
40.314
 10
95.403
 20
40.325
 10
95.363
 20
40.335
 10
95.323
 20
40.343
 10
95.282
 20
40.349
 10
95.241
 20
40.354
 10
95.199
 20
40.358
 10
95.157
 20
40.36
 10
95.114
 20
40.361
 10
95.075
 20
40.36
 10
95.036
 20
40.358
 10
94.998
 20
40.355
 10
94.96
 20
40.35
 10
94.923
 20
40.343
 10
94.886
 20
40.336
 10
94.85
 20
40.327
 10
94.814
 20
40.316
 10
94.779
 20
40.304
 10
94.745
 20
40.291
 10
94.711
 20
40.277
 10
94.679
 20
40.262
 10
94.647
 20
40.246
 10
94.616
 20
40.229
 10
94.586
 20
40.21
 10
94.557
 20
40.19
 10
94.529
 20
40.17
 10
94.502
 20
40.148
 10
94.476
 20
40.126
 10
94.452
 20
40.102
 10
94.428
 20
40.078
 10
94.405
 20
40.053
 10
94.383
 20
40.027
 10
94.363
 20
39.999
 10
94.343
 20
39.971
 10
94.325
 20
39.943
 10
94.309
 20
39.913
 10
94.294
 20
39.883
 10
94.28
 20
39.852
 10
94.268
 20
39.82
 10
94.257
 20
39.787
 10
94.248
 20
39.754
 10
94.672
 20
39.645
 10
94.683
 20
39.683
 10
94.697
 20
39.718
 10
94.712
 20
39.752
 10
94.73
 20
39.784
 10
94.75
 20
39.814
 10
94.771
 20
39.842
 10
94.796
 20
39.868
 10
94.822
 20
39.893
 10
94.85
 20
39.915
 10
94.879
 20
39.934
 10
94.911
 20
39.95
 10
94.944
 20
39.963
 10
94.979
 20
39.973
 10
95.016
 20
39.98
 10
95.055
 20
39.985
 10
95.095
 20
39.986
 10
95.116
 20
39.986
 10
95.136
 20
39.985
 10
95.156
 20
39.983
 10
95.176
 20
39.98
 10
95.196
 20
39.976
 10
95.216
 20
39.972
 10
95.235
 20
39.966
 10
95.254
 20
39.96
 10
95.273
 20
39.953
 10
95.292
 20
39.946
 10
95.309
 20
39.937
 10
95.327
 20
39.928
 10
95.343
 20
39.918
 10
95.359
 20
39.908
 10
95.375
 20
39.897
 10
95.389
 20
39.885
 10
95.403
 20
39.873
 10
95.417
 20
39.859
 10
95.429
 20
39.845
 10
95.441
 20
39.831
 10
95.452
 20
39.815
 10
95.463
 20
39.799
 10
95.472
 20
39.783
 10
95.481
 20
39.765
 10
95.489
 20
39.747
 10
95.496
 20
39.728
 10
95.502
 20
39.709
 10
95.506
 20
39.689
 10
95.51
 20
39.669
 10
95.513
 20
39.648
 10
95.514
 20
39.626
 10
95.515
 20
39.604
 10
95.514
 20
39.574
 10
95.512
 20
39.545
 10
95.508
 20
39.518
 10
95.502
 20
39.492
 10
95.495
 20
39.468
 10
95.486
 20
39.445
 10
95.476
 20
39.424
 10
95.464
 20
39.404
 10
95.451
 20
39.385
 10
95.437
 20
39.367
 10
95.422
 20
39.35
 10
95.406
 20
39.335
 10
95.389
 20
39.32
 10
95.37
 20
39.306
 10
95.351
 20
39.294
 10
95.331
 20
39.282
 10
95.31
 20
39.271
 10
95.289
 20
39.261
 10
95.267
 20
39.252
 10
95.245
 20
39.244
 10
95.222
 20
39.237
 10
95.198
 20
39.23
 10
95.174
 20
39.225
 10
95.149
 20
39.22
 10
95.125
 20
39.216
 10
95.1
 20
39.213
 10
95.075
 20
39.21
 10
95.05
 20
39.207
 10
95.025
 20
39.205
 10
94.999
 20
39.204
 10
94.974
 20
39.203
 10
94.949
 20
39.203
 10
94.829
 20
39.203
 97
0
 75
0
 76
1
 98
0
  0
HATCH
  5
69
330
17
100
AcDbEntity
  8
RASTER
 62
7
100
AcDbHatch
 10
0.0
 20
0.0
 30
0.0
210
0.0
220
0.0
230
1.0
  2
SOLID
 70
1
 71
0
 91
15
 92
3
 72
0
 73
1
 93
62
 10
108.688
 20
42.631
 10
108.964
 20
42.644
 10
109.264
 20
42.491
 10
110.252
 20
41.092
 10
111.544
 20
41.957
 10
111.926
 20
42.15
 10
112.256
 20
42.15
 10
112.474
 20
42.039
 10
112.556
 20
41.957
 10
112.696
 20
41.685
 10
112.955
 20
41.656
 10
113.132
 20
41.545
 10
113.284
 20
41.245
 10
113.284
 20
40.874
 10
113.214
 20
40.697
 10
113.132
 20
40.599
 10
113.42
 20
40.475
 10
113.543
 20
40.352
 10
113.696
 20
39.969
 10
113.654
 20
39.681
 10
113.461
 20
39.34
 10
112.367
 20
38.048
 10
112.338
 20
37.747
 10
112.256
 20
37.501
 10
112.144
 20
37.324
 10
111.856
 20
37.077
 10
111.297
 20
36.855
 10
111.116
 20
36.624
 10
110.885
 20
36.402
 10
110.828
 20
36.295
 10
110.515
 20
35.991
 10
110.458
 20
35.884
 10
110.005
 20
35.431
 10
109.705
 20
35.279
 10
109.129
 20
35.279
 10
108.717
 20
35.402
 10
108.376
 20
35.596
 10
108.211
 20
35.76
 10
108.059
 20
36.019
 10
108.018
 20
36.143
 10
108.005
 20
36.624
 10
107.565
 20
36.348
 10
107.277
 20
36.266
 10
106.948
 20
36.307
 10
106.483
 20
36.501
 10
106.359
 20
36.583
 10
106.03
 20
36.953
 10
105.837
 20
37.377
 10
105.837
 20
37.583
 10
105.796
 20
37.665
 10
105.878
 20
38.118
 10
106.071
 20
38.459
 10
108.458
 20
39.982
 10
107.989
 20
40.722
 10
107.758
 20
41.027
 10
107.606
 20
41.327
 10
107.565
 20
41.615
 10
107.701
 20
41.973
 10
107.8
 20
42.08
 10
108.018
 20
42.191
 10
108.252
 20
42.203
 10
108.417
 20
42.491
 97
0
 92
2
 72
0
 73
1
 93
17
 10
108.758
 20
42.438
 10
108.54
 20
42.327
 10
108.47
 20
42.191
 10
108.499
 20
42.014
 10
108.853
 20
41.545
 10
109.445
 20
40.656
 10
110.046
 20
39.858
 10
110.392
 20
39.299
 10
110.746
 20
38.83
 10
111.05
 20
38.352
 10
111.091
 20
38.336
 10
111.256
 20
38.583
 10
111.515
 20
38.694
 10
111.749
 20
38.706
 10
110.68
 20
40.121
 10
109.182
 20
42.286
 10
108.964
 20
42.438
 97
0
 92
2
 72
0
 73
1
 93
25
 10
108.018
 20
41.985
 10
107.882
 20
41.915
 10
107.771
 20
41.697
 10
107.771
 20
41.45
 10
107.841
 20
41.315
 10
109.305
 20
39.159
 10
110.063
 20
37.924
 10
110.227
 20
38.212
 10
110.351
 20
38.336
 10
110.762
 20
38.5
 10
110.746
 20
38.541
 10
109.857
 20
39.71
 10
108.622
 20
41.479
 10
108.565
 20
41.463
 10
108.565
 20
41.52
 10
108.483
 20
41.422
 10
108.54
 20
41.562
 10
108.458
 20
41.504
 10
108.417
 20
41.52
 10
108.17
 20
41.808
 10
108.141
 20
41.862
 10
108.182
 20
41.903
 10
108.359
 20
41.792
 10
108.359
 20
41.833
 10
108.1
 20
41.985
 97
0
 92
2
 72
0
 73
1
 93
17
 10
112.091
 20
41.985
 10
111.926
 20
41.944
 10
111.585
 20
41.751
 10
110.433
 20
40.969
 10
110.404
 20
40.874
 10
110.515
 20
40.697
 10
110.639
 20
40.599
 10
110.968
 20
40.846
 10
111.667
 20
41.257
 10
111.721
 20
41.286
 10
111.791
 20
41.257
 10
111.832
 20
41.315
 10
111.885
 20
41.162
 10
112.391
 20
41.479
 10
112.49
 20
41.586
 10
112.432
 20
41.751
 10
112.35
 20
41.874
 97
0
 92
2
 72
0
 73
1
 93
26
 10
112.79
 20
41.45
 10
112.408
 20
41.257
 10
110.91
 20
40.245
 10
110.927
 20
40.121
 10
111.338
 20
39.587
 10
111.404
 20
39.587
 10
111.898
 20
39.957
 10
111.926
 20
40.01
 10
111.898
 20
40.039
 10
111.733
 20
39.899
 10
111.791
 20
40.039
 10
111.692
 20
39.982
 10
111.708
 20
40.08
 10
111.527
 20
40.064
 10
111.585
 20
40.187
 10
111.749
 20
40.311
 10
112.309
 20
40.656
 10
112.35
 20
40.64
 10
112.379
 20
40.545
 10
112.531
 20
40.574
 10
112.502
 20
40.463
 10
112.531
 20
40.434
 10
113.025
 20
40.763
 10
113.078
 20
40.874
 10
113.078
 20
41.204
 10
112.967
 20
41.422
 97
0
 92
2
 72
0
 73
1
 93
29
 10
113.037
 20
40.381
 10
111.762
 20
39.064
 10
111.914
 20
38.805
 10
112.297
 20
38.323
 10
112.432
 20
38.435
 10
112.49
 20
38.541
 10
112.679
 20
38.723
 10
112.737
 20
38.83
 10
113.161
 20
39.311
 10
113.132
 20
39.34
 10
113.091
 20
39.257
 10
112.819
 20
38.994
 10
112.72
 20
38.994
 10
112.819
 20
39.134
 10
112.679
 20
39.076
 10
112.696
 20
39.175
 10
112.597
 20
39.159
 10
112.679
 20
39.299
 10
113.009
 20
39.628
 10
113.05
 20
39.529
 10
113.091
 20
39.587
 10
113.132
 20
39.529
 10
113.272
 20
39.545
 10
113.202
 20
39.434
 10
113.255
 20
39.422
 10
113.449
 20
39.722
 10
113.49
 20
39.928
 10
113.379
 20
40.228
 10
113.202
 20
40.381
 97
0
 92
2
 72
0
 73
1
 93
11
 10
108.306
 20
39.64
 10
107.265
 20
38.994
 10
106.771
 20
38.665
 10
106.754
 20
38.624
 10
107.042
 20
38.5
 10
107.265
 20
38.27
 10
107.331
 20
38.27
 10
108.565
 20
39.175
 10
108.594
 20
39.27
 10
108.483
 20
39.488
 10
108.4
 20
39.611
 97
0
 92
2
 72
0
 73
1
 93
7
 10
111.556
 20
39.393
 10
111.515
 20
39.352
 10
111.544
 20
39.299
 10
111.638
 20
39.229
 10
111.791
 20
39.364
 10
111.651
 20
39.282
 10
111.568
 20
39.323
 97
0
 92
2
 72
0
 73
1
 93
12
 10
108.91
 20
38.805
 10
108.787
 20
38.747
 10
107.565
 20
37.871
 10
107.824
 20
37.719
 10
107.989
 20
37.513
 10
108.059
 20
37.336
 10
108.071
 20
37.019
 10
108.729
 20
37.529
 10
109.157
 20
37.924
 10
109.17
 20
38.241
 10
109.129
 20
38.447
 10
109.017
 20
38.706
 97
0
 92
2
 72
0
 73
1
 93
47
 10
111.515
 20
38.529
 10
111.379
 20
38.459
 10
111.256
 20
38.336
 10
111.227
 20
38.077
 10
111.338
 20
37.941
 10
111.515
 20
37.912
 10
111.527
 20
37.965
 10
111.392
 20
38.118
 10
111.42
 20
38.253
 10
111.597
 20
38.365
 10
111.856
 20
38.253
 10
111.968
 20
38.035
 10
111.968
 20
37.83
 10
111.898
 20
37.653
 10
111.774
 20
37.488
 10
111.474
 20
37.295
 10
111.186
 20
37.213
 10
110.898
 20
37.254
 10
110.639
 20
37.365
 10
110.515
 20
37.488
 10
110.404
 20
37.747
 10
110.474
 20
37.965
 10
110.61
 20
38.077
 10
110.828
 20
38.048
 10
110.857
 20
37.871
 10
110.774
 20
37.747
 10
110.815
 20
37.706
 10
110.91
 20
37.735
 10
111.021
 20
37.871
 10
110.992
 20
38.171
 10
110.869
 20
38.295
 10
110.692
 20
38.323
 10
110.392
 20
38.171
 10
110.239
 20
37.912
 10
110.239
 20
37.624
 10
110.351
 20
37.406
 10
110.474
 20
37.282
 10
110.898
 20
37.089
 10
111.309
 20
37.089
 10
111.474
 20
37.13
 10
111.856
 20
37.324
 10
111.98
 20
37.447
 10
112.132
 20
37.747
 10
112.132
 20
38.077
 10
112.021
 20
38.295
 10
111.856
 20
38.459
 10
111.721
 20
38.529
 97
0
 92
2
 72
0
 73
1
 93
52
 10
106.619
 20
38.488
 10
106.401
 20
38.418
 10
106.154
 20
38.253
 10
106.002
 20
37.871
 10
106.002
 20
37.542
 10
106.043
 20
37.377
 10
106.236
 20
36.994
 10
106.524
 20
36.706
 10
106.824
 20
36.554
 10
107.112
 20
36.472
 10
107.483
 20
36.513
 10
107.742
 20
36.665
 10
107.894
 20
36.966
 10
107.894
 20
37.336
 10
107.824
 20
37.513
 10
107.66
 20
37.677
 10
107.318
 20
37.706
 10
107.182
 20
37.595
 10
107.112
 20
37.459
 10
107.112
 20
37.254
 10
107.166
 20
37.143
 10
107.224
 20
37.143
 10
107.306
 20
37.389
 10
107.442
 20
37.459
 10
107.619
 20
37.348
 10
107.676
 20
37.159
 10
107.577
 20
36.871
 10
107.495
 20
36.789
 10
107.236
 20
36.678
 10
107.03
 20
36.678
 10
106.689
 20
36.83
 10
106.401
 20
37.077
 10
106.248
 20
37.336
 10
106.166
 20
37.583
 10
106.166
 20
37.747
 10
106.277
 20
38.048
 10
106.401
 20
38.171
 10
106.536
 20
38.241
 10
106.742
 20
38.241
 10
106.878
 20
38.171
 10
106.948
 20
38.035
 10
106.948
 20
37.871
 10
106.894
 20
37.76
 10
106.713
 20
37.694
 10
106.73
 20
37.612
 10
106.783
 20
37.583
 10
106.948
 20
37.583
 10
107.1
 20
37.677
 10
107.236
 20
37.953
 10
107.207
 20
38.089
 10
107.042
 20
38.336
 10
106.824
 20
38.447
 97
0
 92
2
 72
0
 73
1
 93
14
 10
108.771
 20
38.064
 10
108.828
 20
38.064
 10
108.812
 20
38.007
 10
108.894
 20
37.924
 10
108.935
 20
37.982
 10
108.993
 20
37.982
 10
108.91
 20
37.801
 10
108.841
 20
37.83
 10
108.746
 20
37.76
 10
108.647
 20
37.76
 10
108.664
 20
37.858
 10
108.581
 20
37.801
 10
108.483
 20
37.801
 10
108.581
 20
37.924
 97
0
 92
2
 72
0
 73
1
 93
13
 10
109.445
 20
37.858
 10
109.157
 20
37.636
 10
108.894
 20
37.365
 10
108.787
 20
37.307
 10
108.647
 20
37.143
 10
108.841
 20
37.089
 10
109.075
 20
36.937
 10
109.116
 20
37.019
 10
109.528
 20
37.431
 10
109.651
 20
37.447
 10
109.692
 20
37.389
 10
109.663
 20
37.583
 10
109.593
 20
37.719
 97
0
 92
2
 72
0
 73
1
 93
9
 10
109.898
 20
37.324
 10
109.511
 20
36.937
 10
109.923
 20
36.772
 10
110.128
 20
36.525
 10
110.198
 20
36.307
 10
110.268
 20
36.237
 10
110.322
 20
36.719
 10
110.239
 20
36.966
 10
110.128
 20
37.143
 97
0
 92
2
 72
0
 73
1
 93
51
 10
108.511
 20
36.966
 10
108.293
 20
36.813
 10
108.182
 20
36.595
 10
108.182
 20
36.266
 10
108.293
 20
36.007
 10
108.581
 20
35.719
 10
109.005
 20
35.526
 10
109.429
 20
35.456
 10
109.663
 20
35.484
 10
109.881
 20
35.596
 10
109.964
 20
35.678
 10
110.075
 20
35.896
 10
110.075
 20
36.307
 10
109.964
 20
36.525
 10
109.84
 20
36.649
 10
109.622
 20
36.76
 10
109.417
 20
36.76
 10
109.223
 20
36.665
 10
109.129
 20
36.472
 10
109.129
 20
36.348
 10
109.24
 20
36.172
 10
109.363
 20
36.114
 10
109.404
 20
36.172
 10
109.293
 20
36.307
 10
109.322
 20
36.443
 10
109.417
 20
36.513
 10
109.635
 20
36.484
 10
109.717
 20
36.402
 10
109.828
 20
36.143
 10
109.828
 20
36.019
 10
109.692
 20
35.785
 10
109.375
 20
35.649
 10
109.087
 20
35.649
 10
108.787
 20
35.76
 10
108.54
 20
35.925
 10
108.458
 20
36.007
 10
108.347
 20
36.225
 10
108.318
 20
36.377
 10
108.376
 20
36.608
 10
108.594
 20
36.76
 10
108.812
 20
36.69
 10
108.882
 20
36.595
 10
108.882
 20
36.472
 10
108.729
 20
36.32
 10
108.841
 20
36.266
 10
108.894
 20
36.295
 10
108.964
 20
36.431
 10
108.964
 20
36.554
 10
109.034
 20
36.748
 10
108.976
 20
36.855
 10
108.841
 20
36.966
 97
0
 75
0
 76
1
 98
0
  0
HATCH
  5
6A
330
17
100
AcDbEntity
  8
RASTER
 62
7
100
AcDbHatch
 10
0.0
 20
0.0
 30
0.0
210
0.0
220
0.0
230
1.0
  2
SOLID
 70
1
 71
0
 91
3
 92
3
 72
0
 73
1
 93
48
 10
121.703
 20
38.952
 10
121.676
 20
38.538
 10
121.595
 20
38.13
 10
121.461
 20
37.737
 10
121.278
 20
37.364
 10
121.047
 20
37.019
 10
120.773
 20
36.707
 10
120.461
 20
36.433
 10
120.115
 20
36.202
 10
119.743
 20
36.018
 10
119.35
 20
35.885
 10
118.942
 20
35.804
 10
118.528
 20
35.776
 10
118.113
 20
35.804
 10
117.706
 20
35.885
 10
117.312
 20
36.018
 10
116.94
 20
36.202
 10
116.594
 20
36.433
 10
116.282
 20
36.707
 10
116.008
 20
37.019
 10
115.777
 20
37.364
 10
115.594
 20
37.737
 10
115.46
 20
38.13
 10
115.379
 20
38.538
 10
115.352
 20
38.952
 10
115.379
 20
39.367
 10
115.46
 20
39.774
 10
115.594
 20
40.167
 10
115.777
 20
40.54
 10
116.008
 20
40.885
 10
116.282
 20
41.198
 10
116.594
 20
41.471
 10
116.94
 20
41.702
 10
117.312
 20
41.886
 10
117.706
 20
42.019
 10
118.113
 20
42.1
 10
118.528
 20
42.128
 10
118.942
 20
42.1
 10
119.35
 20
42.019
 10
119.743
 20
41.886
 10
120.115
 20
41.702
 10
120.461
 20
41.471
 10
120.773
 20
41.198
 10
121.047
 20
40.885
 10
121.278
 20
40.54
 10
121.461
 20
40.167
 10
121.595
 20
39.774
 10
121.676
 20
39.367
 97
0
 92
2
 72
0
 73
1
 93
12
 10
118.689
 20
38.191
 10
118.689
 20
37.641
 10
119.131
 20
37.641
 10
119.131
 20
38.191
 10
119.502
 20
38.191
 10
119.502
 20
38.577
 10
119.131
 20
38.577
 10
119.131
 20
40.294
 10
118.591
 20
40.294
 10
117.463
 20
38.589
 10
117.463
 20
38.191
 10
118.689
 20
38.191
 97
0
 92
2
 72
0
 73
1
 93
5
 10
118.689
 20
39.765
 10
118.689
 20
38.577
 10
117.928
 20
38.577
 10
118.681
 20
39.765
 10
118.689
 20
39.765
 97
0
 75
0
 76
1
 98
0
  0
HATCH
  5
6B
330
17
100
AcDbEntity
  8
RASTER
 62
7
100
AcDbHatch
 10
0.0
 20
0.0
 30
0.0
210
0.0
220
0.0
230
1.0
  2
SOLID
 70
1
 71
0
 91
15
 92
3
 72
0
 73
1
 93
62
 10
132.038
 20
42.631
 10
132.314
 20
42.644
 10
132.614
 20
42.491
 10
133.602
 20
41.092
 10
134.894
 20
41.957
 10
135.276
 20
42.15
 10
135.606
 20
42.15
 10
135.824
 20
42.039
 10
135.906
 20
41.957
 10
136.046
 20
41.685
 10
136.305
 20
41.656
 10
136.482
 20
41.545
 10
136.634
 20
41.245
 10
136.634
 20
40.874
 10
136.564
 20
40.697
 10
136.482
 20
40.599
 10
136.77
 20
40.475
 10
136.893
 20
40.352
 10
137.046
 20
39.969
 10
137.004
 20
39.681
 10
136.811
 20
39.34
 10
135.717
 20
38.048
 10
135.688
 20
37.747
 10
135.606
 20
37.501
 10
135.494
 20
37.324
 10
135.206
 20
37.077
 10
134.647
 20
36.855
 10
134.466
 20
36.624
 10
134.235
 20
36.402
 10
134.178
 20
36.295
 10
133.865
 20
35.991
 10
133.808
 20
35.884
 10
133.355
 20
35.431
 10
133.055
 20
35.279
 10
132.479
 20
35.279
 10
132.067
 20
35.402
 10
131.726
 20
35.596
 10
131.561
 20
35.76
 10
131.409
 20
36.019
 10
131.368
 20
36.143
 10
131.355
 20
36.624
 10
130.915
 20
36.348
 10
130.627
 20
36.266
 10
130.298
 20
36.307
 10
129.833
 20
36.501
 10
129.709
 20
36.583
 10
129.38
 20
36.953
 10
129.187
 20
37.377
 10
129.187
 20
37.583
 10
129.146
 20
37.665
 10
129.228
 20
38.118
 10
129.421
 20
38.459
 10
131.808
 20
39.982
 10
131.339
 20
40.722
 10
131.108
 20
41.027
 10
130.956
 20
41.327
 10
130.915
 20
41.615
 10
131.051
 20
41.973
 10
131.15
 20
42.08
 10
131.368
 20
42.191
 10
131.602
 20
42.203
 10
131.767
 20
42.491
 97
0
 92
2
 72
0
 73
1
 93
17
 10
132.108
 20
42.438
 10
131.89
 20
42.327
 10
131.82
 20
42.191
 10
131.849
 20
42.014
 10
132.203
 20
41.545
 10
132.795
 20
40.656
 10
133.396
 20
39.858
 10
133.742
 20
39.299
 10
134.096
 20
38.83
 10
134.4
 20
38.352
 10
134.441
 20
38.336
 10
134.606
 20
38.583
 10
134.865
 20
38.694
 10
135.099
 20
38.706
 10
134.03
 20
40.121
 10
132.532
 20
42.286
 10
132.314
 20
42.438
 97
0
 92
2
 72
0
 73
1
 93
25
 10
131.368
 20
41.985
 10
131.232
 20
41.915
 10
131.121
 20
41.697
 10
131.121
 20
41.45
 10
131.191
 20
41.315
 10
132.655
 20
39.159
 10
133.413
 20
37.924
 10
133.577
 20
38.212
 10
133.701
 20
38.336
 10
134.112
 20
38.5
 10
134.096
 20
38.541
 10
133.207
 20
39.71
 10
131.972
 20
41.479
 10
131.915
 20
41.463
 10
131.915
 20
41.52
 10
131.833
 20
41.422
 10
131.89
 20
41.562
 10
131.808
 20
41.504
 10
131.767
 20
41.52
 10
131.52
 20
41.808
 10
131.491
 20
41.862
 10
131.532
 20
41.903
 10
131.709
 20
41.792
 10
131.709
 20
41.833
 10
131.45
 20
41.985
 97
0
 92
2
 72
0
 73
1
 93
17
 10
135.441
 20
41.985
 10
135.276
 20
41.944
 10
134.935
 20
41.751
 10
133.783
 20
40.969
 10
133.754
 20
40.874
 10
133.865
 20
40.697
 10
133.989
 20
40.599
 10
134.318
 20
40.846
 10
135.017
 20
41.257
 10
135.071
 20
41.286
 10
135.141
 20
41.257
 10
135.182
 20
41.315
 10
135.235
 20
41.162
 10
135.741
 20
41.479
 10
135.84
 20
41.586
 10
135.782
 20
41.751
 10
135.7
 20
41.874
 97
0
 92
2
 72
0
 73
1
 93
26
 10
136.14
 20
41.45
 10
135.758
 20
41.257
 10
134.26
 20
40.245
 10
134.277
 20
40.121
 10
134.688
 20
39.587
 10
134.754
 20
39.587
 10
135.248
 20
39.957
 10
135.276
 20
40.01
 10
135.248
 20
40.039
 10
135.083
 20
39.899
 10
135.141
 20
40.039
 10
135.042
 20
39.982
 10
135.058
 20
40.08
 10
134.877
 20
40.064
 10
134.935
 20
40.187
 10
135.099
 20
40.311
 10
135.659
 20
40.656
 10
135.7
 20
40.64
 10
135.729
 20
40.545
 10
135.881
 20
40.574
 10
135.852
 20
40.463
 10
135.881
 20
40.434
 10
136.375
 20
40.763
 10
136.428
 20
40.874
 10
136.428
 20
41.204
 10
136.317
 20
41.422
 97
0
 92
2
 72
0
 73
1
 93
29
 10
136.387
 20
40.381
 10
135.112
 20
39.064
 10
135.264
 20
38.805
 10
135.647
 20
38.323
 10
135.782
 20
38.435
 10
135.84
 20
38.541
 10
136.029
 20
38.723
 10
136.087
 20
38.83
 10
136.511
 20
39.311
 10
136.482
 20
39.34
 10
136.441
 20
39.257
 10
136.169
 20
38.994
 10
136.07
 20
38.994
 10
136.169
 20
39.134
 10
136.029
 20
39.076
 10
136.046
 20
39.175
 10
135.947
 20
39.159
 10
136.029
 20
39.299
 10
136.359
 20
39.628
 10
136.4
 20
39.529
 10
136.441
 20
39.587
 10
136.482
 20
39.529
 10
136.622
 20
39.545
 10
136.552
 20
39.434
 10
136.605
 20
39.422
 10
136.799
 20
39.722
 10
136.84
 20
39.928
 10
136.729
 20
40.228
 10
136.552
 20
40.381
 97
0
 92
2
 72
0
 73
1
 93
11
 10
131.656
 20
39.64
 10
130.615
 20
38.994
 10
130.121
 20
38.665
 10
130.104
 20
38.624
 10
130.392
 20
38.5
 10
130.615
 20
38.27
 10
130.681
 20
38.27
 10
131.915
 20
39.175
 10
131.944
 20
39.27
 10
131.833
 20
39.488
 10
131.75
 20
39.611
 97
0
 92
2
 72
0
 73
1
 93
7
 10
134.906
 20
39.393
 10
134.865
 20
39.352
 10
134.894
 20
39.299
 10
134.988
 20
39.229
 10
135.141
 20
39.364
 10
135.001
 20
39.282
 10
134.918
 20
39.323
 97
0
 92
2
 72
0
 73
1
 93
12
 10
132.26
 20
38.805
 10
132.137
 20
38.747
 10
130.915
 20
37.871
 10
131.174
 20
37.719
 10
131.339
 20
37.513
 10
131.409
 20
37.336
 10
131.421
 20
37.019
 10
132.079
 20
37.529
 10
132.507
 20
37.924
 10
132.52
 20
38.241
 10
132.479
 20
38.447
 10
132.367
 20
38.706
 97
0
 92
2
 72
0
 73
1
 93
47
 10
134.865
 20
38.529
 10
134.729
 20
38.459
 10
134.606
 20
38.336
 10
134.577
 20
38.077
 10
134.688
 20
37.941
 10
134.865
 20
37.912
 10
134.877
 20
37.965
 10
134.742
 20
38.118
 10
134.77
 20
38.253
 10
134.947
 20
38.365
 10
135.206
 20
38.253
 10
135.318
 20
38.035
 10
135.318
 20
37.83
 10
135.248
 20
37.653
 10
135.124
 20
37.488
 10
134.824
 20
37.295
 10
134.536
 20
37.213
 10
134.248
 20
37.254
 10
133.989
 20
37.365
 10
133.865
 20
37.488
 10
133.754
 20
37.747
 10
133.824
 20
37.965
 10
133.96
 20
38.077
 10
134.178
 20
38.048
 10
134.207
 20
37.871
 10
134.124
 20
37.747
 10
134.165
 20
37.706
 10
134.26
 20
37.735
 10
134.371
 20
37.871
 10
134.342
 20
38.171
 10
134.219
 20
38.295
 10
134.042
 20
38.323
 10
133.742
 20
38.171
 10
133.589
 20
37.912
 10
133.589
 20
37.624
 10
133.701
 20
37.406
 10
133.824
 20
37.282
 10
134.248
 20
37.089
 10
134.659
 20
37.089
 10
134.824
 20
37.13
 10
135.206
 20
37.324
 10
135.33
 20
37.447
 10
135.482
 20
37.747
 10
135.482
 20
38.077
 10
135.371
 20
38.295
 10
135.206
 20
38.459
 10
135.071
 20
38.529
 97
0
 92
2
 72
0
 73
1
 93
52
 10
129.969
 20
38.488
 10
129.751
 20
38.418
 10
129.504
 20
38.253
 10
129.352
 20
37.871
 10
129.352
 20
37.542
 10
129.393
 20
37.377
 10
129.586
 20
36.994
 10
129.874
 20
36.706
 10
130.174
 20
36.554
 10
130.462
 20
36.472
 10
130.833
 20
36.513
 10
131.092
 20
36.665
 10
131.244
 20
36.966
 10
131.244
 20
37.336
 10
131.174
 20
37.513
 10
131.01
 20
37.677
 10
130.668
 20
37.706
 10
130.532
 20
37.595
 10
130.462
 20
37.459
 10
130.462
 20
37.254
 10
130.516
 20
37.143
 10
130.574
 20
37.143
 10
130.656
 20
37.389
 10
130.792
 20
37.459
 10
130.969
 20
37.348
 10
131.026
 20
37.159
 10
130.927
 20
36.871
 10
130.845
 20
36.789
 10
130.586
 20
36.678
 10
130.38
 20
36.678
 10
130.039
 20
36.83
 10
129.751
 20
37.077
 10
129.598
 20
37.336
 10
129.516
 20
37.583
 10
129.516
 20
37.747
 10
129.627
 20
38.048
 10
129.751
 20
38.171
 10
129.886
 20
38.241
 10
130.092
 20
38.241
 10
130.228
 20
38.171
 10
130.298
 20
38.035
 10
130.298
 20
37.871
 10
130.244
 20
37.76
 10
130.063
 20
37.694
 10
130.08
 20
37.612
 10
130.133
 20
37.583
 10
130.298
 20
37.583
 10
130.45
 20
37.677
 10
130.586
 20
37.953
 10
130.557
 20
38.089
 10
130.392
 20
38.336
 10
130.174
 20
38.447
 97
0
 92
2
 72
0
 73
1
 93
14
 10
132.121
 20
38.064
 10
132.178
 20
38.064
 10
132.162
 20
38.007
 10
132.244
 20
37.924
 10
132.285
 20
37.982
 10
132.343
 20
37.982
 10
132.26
 20
37.801
 10
132.191
 20
37.83
 10
132.096
 20
37.76
 10
131.997
 20
37.76
 10
132.014
 20
37.858
 10
131.931
 20
37.801
 10
131.833
 20
37.801
 10
131.931
 20
37.924
 97
0
 92
2
 72
0
 73
1
 93
13
 10
132.795
 20
37.858
 10
132.507
 20
37.636
 10
132.244
 20
37.365
 10
132.137
 20
37.307
 10
131.997
 20
37.143
 10
132.191
 20
37.089
 10
132.425
 20
36.937
 10
132.466
 20
37.019
 10
132.878
 20
37.431
 10
133.001
 20
37.447
 10
133.042
 20
37.389
 10
133.013
 20
37.583
 10
132.943
 20
37.719
 97
0
 92
2
 72
0
 73
1
 93
9
 10
133.248
 20
37.324
 10
132.861
 20
36.937
 10
133.273
 20
36.772
 10
133.478
 20
36.525
 10
133.548
 20
36.307
 10
133.618
 20
36.237
 10
133.672
 20
36.719
 10
133.589
 20
36.966
 10
133.478
 20
37.143
 97
0
 92
2
 72
0
 73
1
 93
51
 10
131.861
 20
36.966
 10
131.643
 20
36.813
 10
131.532
 20
36.595
 10
131.532
 20
36.266
 10
131.643
 20
36.007
 10
131.931
 20
35.719
 10
132.355
 20
35.526
 10
132.779
 20
35.456
 10
133.013
 20
35.484
 10
133.231
 20
35.596
 10
133.314
 20
35.678
 10
133.425
 20
35.896
 10
133.425
 20
36.307
 10
133.314
 20
36.525
 10
133.19
 20
36.649
 10
132.972
 20
36.76
 10
132.767
 20
36.76
 10
132.573
 20
36.665
 10
132.479
 20
36.472
 10
132.479
 20
36.348
 10
132.59
 20
36.172
 10
132.713
 20
36.114
 10
132.754
 20
36.172
 10
132.643
 20
36.307
 10
132.672
 20
36.443
 10
132.767
 20
36.513
 10
132.985
 20
36.484
 10
133.067
 20
36.402
 10
133.178
 20
36.143
 10
133.178
 20
36.019
 10
133.042
 20
35.785
 10
132.725
 20
35.649
 10
132.437
 20
35.649
 10
132.137
 20
35.76
 10
131.89
 20
35.925
 10
131.808
 20
36.007
 10
131.697
 20
36.225
 10
131.668
 20
36.377
 10
131.726
 20
36.608
 10
131.944
 20
36.76
 10
132.162
 20
36.69
 10
132.232
 20
36.595
 10
132.232
 20
36.472
 10
132.079
 20
36.32
 10
132.191
 20
36.266
 10
132.244
 20
36.295
 10
132.314
 20
36.431
 10
132.314
 20
36.554
 10
132.384
 20
36.748
 10
132.326
 20
36.855
 10
132.191
 20
36.966
 97
0
 75
0
 76
1
 98
0
  0
HATCH
  5
6C
330
17
100
AcDbEntity
  8
RASTER
 62
7
100
AcDbHatch
 10
0.0
 20
0.0
 30
0.0
210
0.0
220
0.0
230
1.0
  2
SOLID
 70
1
 71
0
 91
2
 92
3
 72
0
 73
1
 93
48
 10
145.053
 20
38.952
 10
145.026
 20
38.538
 10
144.945
 20
38.13
 10
144.811
 20
37.737
 10
144.628
 20
37.364
 10
144.397
 20
37.019
 10
144.123
 20
36.707
 10
143.811
 20
36.433
 10
143.465
 20
36.202
 10
143.093
 20
36.018
 10
142.7
 20
35.885
 10
142.292
 20
35.804
 10
141.878
 20
35.776
 10
141.463
 20
35.804
 10
141.056
 20
35.885
 10
140.662
 20
36.018
 10
140.29
 20
36.202
 10
139.944
 20
36.433
 10
139.632
 20
36.707
 10
139.358
 20
37.019
 10
139.127
 20
37.364
 10
138.944
 20
37.737
 10
138.81
 20
38.13
 10
138.729
 20
38.538
 10
138.702
 20
38.952
 10
138.729
 20
39.367
 10
138.81
 20
39.774
 10
138.944
 20
40.167
 10
139.127
 20
40.54
 10
139.358
 20
40.885
 10
139.632
 20
41.198
 10
139.944
 20
41.471
 10
140.29
 20
41.702
 10
140.662
 20
41.886
 10
141.056
 20
42.019
 10
141.463
 20
42.1
 10
141.878
 20
42.128
 10
142.292
 20
42.1
 10
142.7
 20
42.019
 10
143.093
 20
41.886
 10
143.465
 20
41.702
 10
143.811
 20
41.471
 10
144.123
 20
41.198
 10
144.397
 20
40.885
 10
144.628
 20
40.54
 10
144.811
 20
40.167
 10
144.945
 20
39.774
 10
145.026
 20
39.367
 97
0
 92
2
 72
0
 73
1
 93
215
 10
142.627
 20
39.889
 10
142.627
 20
40.294
 10
141.117
 20
40.294
 10
141.072
 20
38.843
 10
141.087
 20
38.851
 10
141.103
 20
38.858
 10
141.119
 20
38.865
 10
141.136
 20
38.872
 10
141.153
 20
38.879
 10
141.171
 20
38.886
 10
141.19
 20
38.893
 10
141.209
 20
38.9
 10
141.228
 20
38.906
 10
141.247
 20
38.912
 10
141.267
 20
38.918
 10
141.286
 20
38.924
 10
141.306
 20
38.93
 10
141.326
 20
38.936
 10
141.346
 20
38.941
 10
141.366
 20
38.946
 10
141.386
 20
38.951
 10
141.407
 20
38.956
 10
141.427
 20
38.961
 10
141.448
 20
38.965
 10
141.468
 20
38.969
 10
141.489
 20
38.972
 10
141.51
 20
38.975
 10
141.531
 20
38.978
 10
141.552
 20
38.981
 10
141.573
 20
38.983
 10
141.593
 20
38.985
 10
141.613
 20
38.987
 10
141.633
 20
38.988
 10
141.652
 20
38.989
 10
141.671
 20
38.989
 10
141.69
 20
38.99
 10
141.717
 20
38.989
 10
141.744
 20
38.988
 10
141.771
 20
38.986
 10
141.798
 20
38.983
 10
141.825
 20
38.98
 10
141.851
 20
38.976
 10
141.878
 20
38.971
 10
141.904
 20
38.965
 10
141.93
 20
38.958
 10
141.955
 20
38.951
 10
141.98
 20
38.942
 10
142.004
 20
38.931
 10
142.027
 20
38.92
 10
142.05
 20
38.908
 10
142.072
 20
38.894
 10
142.093
 20
38.879
 10
142.114
 20
38.863
 10
142.133
 20
38.846
 10
142.152
 20
38.827
 10
142.169
 20
38.807
 10
142.186
 20
38.786
 10
142.202
 20
38.764
 10
142.216
 20
38.741
 10
142.23
 20
38.716
 10
142.242
 20
38.69
 10
142.253
 20
38.662
 10
142.262
 20
38.633
 10
142.269
 20
38.602
 10
142.275
 20
38.569
 10
142.279
 20
38.535
 10
142.281
 20
38.499
 10
142.282
 20
38.461
 10
142.282
 20
38.432
 10
142.28
 20
38.403
 10
142.277
 20
38.375
 10
142.272
 20
38.347
 10
142.267
 20
38.321
 10
142.26
 20
38.295
 10
142.252
 20
38.27
 10
142.243
 20
38.246
 10
142.233
 20
38.222
 10
142.222
 20
38.2
 10
142.209
 20
38.178
 10
142.197
 20
38.158
 10
142.183
 20
38.139
 10
142.168
 20
38.12
 10
142.153
 20
38.103
 10
142.136
 20
38.086
 10
142.119
 20
38.071
 10
142.101
 20
38.056
 10
142.082
 20
38.043
 10
142.063
 20
38.03
 10
142.043
 20
38.019
 10
142.022
 20
38.008
 10
142.001
 20
37.998
 10
141.979
 20
37.989
 10
141.956
 20
37.981
 10
141.933
 20
37.974
 10
141.91
 20
37.968
 10
141.886
 20
37.964
 10
141.862
 20
37.96
 10
141.838
 20
37.957
 10
141.813
 20
37.956
 10
141.788
 20
37.955
 10
141.743
 20
37.957
 10
141.701
 20
37.961
 10
141.66
 20
37.969
 10
141.62
 20
37.979
 10
141.582
 20
37.993
 10
141.545
 20
38.009
 10
141.51
 20
38.028
 10
141.477
 20
38.051
 10
141.445
 20
38.076
 10
141.416
 20
38.102
 10
141.389
 20
38.131
 10
141.364
 20
38.162
 10
141.342
 20
38.194
 10
141.322
 20
38.229
 10
141.305
 20
38.265
 10
141.289
 20
38.304
 10
140.881
 20
38.154
 10
140.909
 20
38.088
 10
140.941
 20
38.026
 10
140.977
 20
37.968
 10
141.017
 20
37.913
 10
141.06
 20
37.861
 10
141.108
 20
37.813
 10
141.159
 20
37.769
 10
141.214
 20
37.729
 10
141.273
 20
37.692
 10
141.335
 20
37.661
 10
141.401
 20
37.634
 10
141.469
 20
37.612
 10
141.541
 20
37.595
 10
141.616
 20
37.583
 10
141.695
 20
37.575
 10
141.776
 20
37.573
 10
141.826
 20
37.574
 10
141.874
 20
37.577
 10
141.922
 20
37.582
 10
141.969
 20
37.589
 10
142.016
 20
37.598
 10
142.062
 20
37.609
 10
142.107
 20
37.622
 10
142.151
 20
37.637
 10
142.194
 20
37.654
 10
142.236
 20
37.672
 10
142.277
 20
37.692
 10
142.316
 20
37.715
 10
142.354
 20
37.738
 10
142.39
 20
37.764
 10
142.425
 20
37.791
 10
142.458
 20
37.82
 10
142.49
 20
37.851
 10
142.521
 20
37.884
 10
142.549
 20
37.918
 10
142.576
 20
37.954
 10
142.601
 20
37.991
 10
142.625
 20
38.031
 10
142.646
 20
38.072
 10
142.666
 20
38.115
 10
142.684
 20
38.159
 10
142.7
 20
38.205
 10
142.713
 20
38.252
 10
142.724
 20
38.3
 10
142.732
 20
38.351
 10
142.738
 20
38.402
 10
142.742
 20
38.455
 10
142.743
 20
38.51
 10
142.742
 20
38.56
 10
142.739
 20
38.608
 10
142.733
 20
38.655
 10
142.726
 20
38.701
 10
142.716
 20
38.745
 10
142.704
 20
38.787
 10
142.69
 20
38.828
 10
142.674
 20
38.868
 10
142.656
 20
38.906
 10
142.636
 20
38.942
 10
142.614
 20
38.978
 10
142.591
 20
39.011
 10
142.566
 20
39.043
 10
142.539
 20
39.074
 10
142.511
 20
39.103
 10
142.481
 20
39.13
 10
142.449
 20
39.156
 10
142.416
 20
39.18
 10
142.382
 20
39.203
 10
142.346
 20
39.224
 10
142.309
 20
39.244
 10
142.271
 20
39.262
 10
142.232
 20
39.278
 10
142.19
 20
39.293
 10
142.148
 20
39.306
 10
142.105
 20
39.318
 10
142.061
 20
39.327
 10
142.017
 20
39.335
 10
141.971
 20
39.341
 10
141.925
 20
39.346
 10
141.877
 20
39.348
 10
141.829
 20
39.349
 10
141.811
 20
39.349
 10
141.792
 20
39.349
 10
141.773
 20
39.348
 10
141.753
 20
39.347
 10
141.733
 20
39.346
 10
141.713
 20
39.345
 10
141.691
 20
39.343
 10
141.67
 20
39.342
 10
141.648
 20
39.34
 10
141.627
 20
39.337
 10
141.607
 20
39.335
 10
141.588
 20
39.331
 10
141.569
 20
39.328
 10
141.551
 20
39.324
 10
141.534
 20
39.32
 10
141.518
 20
39.316
 10
141.544
 20
39.889
 10
142.627
 20
39.889
 97
0
 75
0
 76
1
 98
0
  0
LWPOLYLINE
  5
6D
330
17
100
AcDbEntity
  8
CUT
100
AcDbPolyline
 90
577
 70
1
 10
153.371
 20
49.061
 10
153.663
 20
49.363
 10
154.002
 20
49.626
 10
154.382
 20
49.854
 10
154.799
 20
50.051
 10
155.029
 20
50.137
 10
155.258
 20
50.225
 10
155.507
 20
50.297
 10
155.758
 20
50.37
 10
156.029
 20
50.423
 10
156.303
 20
50.472
 10
156.596
 20
50.495
 10
156.886
 20
50.506
 10
157.358
 20
50.477
 10
157.826
 20
50.407
 10
158.292
 20
50.303
 10
158.758
 20
50.183
 10
159.221
 20
50.068
 10
159.683
 20
49.982
 10
160.144
 20
49.94
 10
160.604
 20
49.949
 10
161.066
 20
50.005
 10
161.529
 20
50.093
 10
161.994
 20
50.192
 10
162.46
 20
50.284
 10
162.927
 20
50.354
 10
163.394
 20
50.396
 10
163.86
 20
50.414
 10
164.326
 20
50.417
 10
164.791
 20
50.416
 10
165.255
 20
50.416
 10
165.72
 20
50.42
 10
166.186
 20
50.422
 10
166.652
 20
50.41
 10
167.119
 20
50.375
 10
167.586
 20
50.313
 10
168.052
 20
50.225
 10
168.518
 20
50.124
 10
168.981
 20
50.029
 10
169.443
 20
49.961
 10
169.904
 20
49.936
 10
170.364
 20
49.963
 10
170.826
 20
50.037
 10
171.289
 20
50.145
 10
171.754
 20
50.265
 10
172.22
 20
50.375
 10
172.688
 20
50.456
 10
173.156
 20
50.497
 10
173.624
 20
50.499
 10
174.09
 20
50.472
 10
174.556
 20
50.429
 10
175.02
 20
50.385
 10
175.485
 20
50.347
 10
175.949
 20
50.318
 10
176.414
 20
50.292
 10
176.879
 20
50.26
 10
177.345
 20
50.216
 10
177.811
 20
50.157
 10
178.276
 20
50.09
 10
178.74
 20
50.027
 10
179.202
 20
49.985
 10
179.664
 20
49.979
 10
180.125
 20
50.018
 10
180.587
 20
50.101
 10
181.05
 20
50.215
 10
181.515
 20
50.34
 10
181.981
 20
50.453
 10
182.45
 20
50.531
 10
182.918
 20
50.563
 10
183.387
 20
50.545
 10
183.854
 20
50.488
 10
184.32
 20
50.409
 10
184.785
 20
50.325
 10
185.248
 20
50.254
 10
185.712
 20
50.202
 10
186.175
 20
50.169
 10
186.639
 20
50.149
 10
187.104
 20
50.132
 10
187.569
 20
50.112
 10
188.034
 20
50.087
 10
188.499
 20
50.063
 10
188.962
 20
50.051
 10
189.424
 20
50.063
 10
189.886
 20
50.107
 10
190.348
 20
50.186
 10
190.812
 20
50.29
 10
191.277
 20
50.404
 10
191.744
 20
50.503
 10
192.212
 20
50.568
 10
192.681
 20
50.584
 10
193.15
 20
50.547
 10
193.618
 20
50.466
 10
194.084
 20
50.359
 10
194.548
 20
50.249
 10
195.011
 20
50.154
 10
195.473
 20
50.09
 10
195.936
 20
50.06
 10
196.398
 20
50.058
 10
196.862
 20
50.075
 10
197.327
 20
50.098
 10
197.792
 20
50.119
 10
198.257
 20
50.134
 10
198.721
 20
50.15
 10
199.185
 20
50.174
 10
199.648
 20
50.215
 10
200.112
 20
50.277
 10
200.575
 20
50.357
 10
201.041
 20
50.443
 10
201.507
 20
50.517
 10
201.975
 20
50.56
 10
202.444
 20
50.558
 10
202.913
 20
50.507
 10
203.38
 20
50.412
 10
203.846
 20
50.292
 10
204.311
 20
50.168
 10
204.773
 20
50.066
 10
205.234
 20
50.0
 10
205.696
 20
49.98
 10
206.157
 20
50.001
 10
206.62
 20
50.052
 10
207.085
 20
50.116
 10
207.55
 20
50.179
 10
208.016
 20
50.23
 10
208.482
 20
50.268
 10
208.947
 20
50.296
 10
209.412
 20
50.324
 10
209.876
 20
50.358
 10
210.34
 20
50.401
 10
210.805
 20
50.449
 10
211.271
 20
50.489
 10
211.738
 20
50.507
 10
212.206
 20
50.489
 10
212.674
 20
50.431
 10
213.142
 20
50.336
 10
213.608
 20
50.218
 10
214.072
 20
50.099
 10
214.534
 20
50.003
 10
214.995
 20
49.947
 10
215.455
 20
49.942
 10
215.916
 20
49.985
 10
216.379
 20
50.065
 10
216.843
 20
50.164
 10
217.126
 20
50.214
 10
217.414
 20
50.26
 10
217.686
 20
50.277
 10
217.961
 20
50.284
 10
218.219
 20
50.262
 10
218.477
 20
50.232
 10
218.717
 20
50.176
 10
218.959
 20
50.113
 10
219.397
 20
49.943
 10
219.799
 20
49.731
 10
220.165
 20
49.481
 10
220.496
 20
49.194
 10
220.789
 20
48.866
 10
221.035
 20
48.495
 10
221.226
 20
48.081
 10
221.35
 20
47.628
 10
221.381
 20
47.381
 10
221.404
 20
47.138
 10
221.4
 20
46.88
 10
221.391
 20
46.626
 10
221.36
 20
46.358
 10
221.333
 20
46.095
 10
221.291
 20
45.818
 10
221.264
 20
45.542
 10
221.239
 20
45.085
 10
221.266
 20
44.626
 10
221.34
 20
44.166
 10
221.448
 20
43.704
 10
221.568
 20
43.241
 10
221.678
 20
42.776
 10
221.758
 20
42.309
 10
221.8
 20
41.843
 10
221.802
 20
41.376
 10
221.775
 20
40.911
 10
221.733
 20
40.447
 10
221.689
 20
39.983
 10
221.651
 20
39.521
 10
221.622
 20
39.058
 10
221.596
 20
38.594
 10
221.565
 20
38.13
 10
221.521
 20
37.665
 10
221.463
 20
37.201
 10
221.396
 20
36.737
 10
221.332
 20
36.275
 10
221.289
 20
35.814
 10
221.282
 20
35.354
 10
221.318
 20
34.894
 10
221.398
 20
34.434
 10
221.511
 20
33.972
 10
221.635
 20
33.509
 10
221.749
 20
33.043
 10
221.83
 20
32.577
 10
221.865
 20
32.109
 10
221.851
 20
31.642
 10
221.797
 20
31.176
 10
221.719
 20
30.711
 10
221.635
 20
30.248
 10
221.562
 20
29.785
 10
221.509
 20
29.324
 10
221.474
 20
28.862
 10
221.454
 20
28.399
 10
221.437
 20
27.936
 10
221.418
 20
27.472
 10
221.393
 20
27.008
 10
221.369
 20
26.545
 10
221.354
 20
26.083
 10
221.363
 20
25.622
 10
221.403
 20
25.161
 10
221.478
 20
24.7
 10
221.58
 20
24.239
 10
221.693
 20
23.775
 10
221.795
 20
23.31
 10
221.865
 20
22.843
 10
221.888
 20
22.375
 10
221.858
 20
21.908
 10
221.783
 20
21.441
 10
221.679
 20
20.976
 10
221.567
 20
20.513
 10
221.47
 20
20.051
 10
221.401
 20
19.59
 10
221.365
 20
19.13
 10
221.36
 20
18.668
 10
221.375
 20
18.206
 10
221.397
 20
17.743
 10
221.419
 20
17.279
 10
221.435
 20
16.816
 10
221.45
 20
16.352
 10
221.472
 20
15.89
 10
221.509
 20
15.428
 10
221.567
 20
14.966
 10
221.644
 20
14.504
 10
221.73
 20
14.04
 10
221.807
 20
13.576
 10
221.858
 20
13.109
 10
221.866
 20
12.642
 10
221.824
 20
12.174
 10
221.737
 20
11.708
 10
221.62
 20
11.243
 10
221.496
 20
10.78
 10
221.388
 20
10.318
 10
221.314
 20
9.858
 10
221.284
 20
9.398
 10
221.296
 20
8.94
 10
221.312
 20
8.663
 10
221.337
 20
8.386
 10
221.347
 20
8.125
 10
221.358
 20
7.86
 10
221.347
 20
7.611
 10
221.332
 20
7.359
 10
221.294
 20
7.125
 10
221.252
 20
6.889
 10
221.117
 20
6.452
 10
220.936
 20
6.05
 10
220.713
 20
5.68
 10
220.453
 20
5.338
 10
220.154
 20
5.024
 10
219.812
 20
4.738
 10
219.424
 20
4.488
 10
218.99
 20
4.289
 10
218.744
 20
4.216
 10
218.5
 20
4.155
 10
218.237
 20
4.124
 10
217.974
 20
4.107
 10
217.694
 20
4.123
 10
217.417
 20
4.151
 10
217.127
 20
4.211
 10
216.841
 20
4.276
 10
216.385
 20
4.392
 10
215.93
 20
4.485
 10
215.477
 20
4.538
 10
215.024
 20
4.542
 10
214.57
 20
4.499
 10
214.115
 20
4.42
 10
213.658
 20
4.324
 10
213.2
 20
4.229
 10
212.741
 20
4.152
 10
212.281
 20
4.1
 10
211.822
 20
4.074
 10
211.364
 20
4.067
 10
210.906
 20
4.067
 10
210.449
 20
4.068
 10
209.992
 20
4.065
 10
209.534
 20
4.062
 10
209.076
 20
4.066
 10
208.616
 20
4.088
 10
208.157
 20
4.135
 10
207.697
 20
4.21
 10
207.239
 20
4.304
 10
206.782
 20
4.404
 10
206.327
 20
4.488
 10
205.873
 20
4.539
 10
205.42
 20
4.544
 10
204.966
 20
4.499
 10
204.512
 20
4.412
 10
204.056
 20
4.299
 10
203.597
 20
4.181
 10
203.309
 20
4.124
 10
203.016
 20
4.079
 10
202.738
 20
4.068
 10
202.459
 20
4.071
 10
202.197
 20
4.107
 10
201.937
 20
4.154
 10
201.698
 20
4.229
 10
201.457
 20
4.312
 10
201.031
 20
4.521
 10
200.647
 20
4.77
 10
200.308
 20
5.052
 10
200.009
 20
5.36
 10
199.747
 20
5.695
 10
199.524
 20
6.061
 10
199.341
 20
6.46
 10
199.199
 20
6.891
 10
199.147
 20
7.123
 10
199.094
 20
7.353
 10
199.058
 20
7.6
 10
199.017
 20
7.845
 10
198.99
 20
8.108
 10
198.958
 20
8.37
 10
198.937
 20
8.651
 10
198.913
 20
8.933
 10
198.884
 20
9.401
 10
198.879
 20
9.869
 10
198.879
 20
10.337
 10
198.879
 20
10.804
 10
198.879
 20
11.324
 10
198.02
 20
11.324
 10
198.214
 20
11.049
 10
198.305
 20
10.637
 10
198.23
 20
10.222
 10
198.0
 20
9.869
 10
197.651
 20
9.632
 10
197.237
 20
9.549
 10
196.824
 20
9.632
 10
196.475
 20
9.869
 10
196.245
 20
10.222
 10
196.169
 20
10.637
 10
196.261
 20
11.049
 10
196.455
 20
11.324
 10
192.976
 20
11.324
 10
193.171
 20
11.049
 10
193.262
 20
10.637
 10
193.187
 20
10.222
 10
192.956
 20
9.869
 10
192.607
 20
9.632
 10
192.194
 20
9.549
 10
191.78
 20
9.632
 10
191.431
 20
9.869
 10
191.201
 20
10.222
 10
191.126
 20
10.637
 10
191.217
 20
11.049
 10
191.411
 20
11.324
 10
190.553
 20
11.324
 10
190.553
 20
8.091
 10
190.479
 20
7.722
 10
190.268
 20
7.406
 10
189.952
 20
7.194
 10
189.583
 20
7.121
 10
188.174
 20
7.121
 10
187.805
 20
7.194
 10
187.488
 20
7.406
 10
187.277
 20
7.722
 10
187.204
 20
8.091
 10
187.204
 20
23.043
 10
187.277
 20
23.412
 10
187.488
 20
23.728
 10
187.805
 20
23.94
 10
188.174
 20
24.013
 10
189.583
 20
24.013
 10
189.952
 20
23.94
 10
190.268
 20
23.728
 10
190.479
 20
23.412
 10
190.553
 20
23.043
 10
190.553
 20
19.81
 10
191.411
 20
19.81
 10
191.217
 20
20.085
 10
191.126
 20
20.497
 10
191.201
 20
20.912
 10
191.431
 20
21.265
 10
191.78
 20
21.502
 10
192.194
 20
21.585
 10
192.607
 20
21.502
 10
192.956
 20
21.265
 10
193.187
 20
20.912
 10
193.262
 20
20.497
 10
193.171
 20
20.085
 10
192.976
 20
19.81
 10
196.455
 20
19.81
 10
196.261
 20
20.085
 10
196.169
 20
20.497
 10
196.245
 20
20.912
 10
196.475
 20
21.265
 10
196.824
 20
21.502
 10
197.237
 20
21.585
 10
197.651
 20
21.502
 10
198.0
 20
21.265
 10
198.23
 20
20.912
 10
198.305
 20
20.497
 10
198.214
 20
20.085
 10
198.02
 20
19.81
 10
198.879
 20
19.81
 10
198.879
 20
20.144
 10
198.879
 20
20.611
 10
198.879
 20
21.078
 10
198.879
 20
21.543
 10
198.853
 20
22.009
 10
198.824
 20
22.477
 10
198.814
 20
22.944
 10
198.811
 20
23.227
 10
198.819
 20
23.508
 10
198.815
 20
23.774
 10
198.817
 20
24.041
 10
198.802
 20
24.292
 10
198.787
 20
24.545
 10
198.75
 20
24.782
 10
198.708
 20
25.022
 10
198.573
 20
25.461
 10
198.38
 20
25.863
 10
198.134
 20
26.222
 10
197.839
 20
26.533
 10
197.506
 20
26.802
 10
197.141
 20
27.034
 10
196.743
 20
27.227
 10
196.313
 20
27.375
 10
196.077
 20
27.426
 10
195.844
 20
27.471
 10
195.593
 20
27.491
 10
195.343
 20
27.504
 10
195.077
 20
27.49
 10
194.813
 20
27.471
 10
194.533
 20
27.428
 10
194.252
 20
27.386
 10
193.786
 20
27.313
 10
193.316
 20
27.272
 10
192.845
 20
27.278
 10
192.374
 20
27.334
 10
191.904
 20
27.432
 10
191.436
 20
27.554
 10
190.97
 20
27.677
 10
190.506
 20
27.777
 10
190.042
 20
27.838
 10
189.579
 20
27.854
 10
189.115
 20
27.828
 10
188.65
 20
27.774
 10
188.183
 20
27.709
 10
187.715
 20
27.647
 10
187.247
 20
27.597
 10
186.779
 20
27.562
 10
186.312
 20
27.534
 10
185.845
 20
27.505
 10
185.379
 20
27.469
 10
184.913
 20
27.425
 10
184.445
 20
27.378
 10
183.977
 20
27.34
 10
183.507
 20
27.327
 10
183.037
 20
27.352
 10
182.567
 20
27.418
 10
182.097
 20
27.519
 10
181.63
 20
27.64
 10
181.164
 20
27.756
 10
180.7
 20
27.846
 10
180.237
 20
27.892
 10
179.774
 20
27.887
 10
179.311
 20
27.834
 10
178.845
 20
27.748
 10
178.379
 20
27.648
 10
177.911
 20
27.555
 10
177.442
 20
27.483
 10
176.972
 20
27.439
 10
176.504
 20
27.42
 10
176.036
 20
27.416
 10
175.569
 20
27.418
 10
175.102
 20
27.417
 10
174.635
 20
27.414
 10
174.167
 20
27.412
 10
173.699
 20
27.423
 10
173.23
 20
27.458
 10
172.76
 20
27.521
 10
172.292
 20
27.609
 10
171.824
 20
27.71
 10
171.359
 20
27.805
 10
170.895
 20
27.873
 10
170.432
 20
27.898
 10
169.969
 20
27.87
 10
169.505
 20
27.795
 10
169.04
 20
27.686
 10
168.573
 20
27.565
 10
168.105
 20
27.455
 10
167.635
 20
27.375
 10
167.164
 20
27.336
 10
166.694
 20
27.336
 10
166.226
 20
27.365
 10
165.758
 20
27.408
 10
165.291
 20
27.452
 10
164.825
 20
27.489
 10
164.358
 20
27.518
 10
163.891
 20
27.544
 10
163.423
 20
27.577
 10
162.955
 20
27.623
 10
162.487
 20
27.683
 10
162.02
 20
27.751
 10
161.554
 20
27.813
 10
161.09
 20
27.852
 10
160.627
 20
27.852
 10
160.163
 20
27.808
 10
159.699
 20
27.72
 10
159.234
 20
27.603
 10
158.766
 20
27.477
 10
158.297
 20
27.368
 10
157.827
 20
27.295
 10
157.356
 20
27.271
 10
156.881
 20
27.295
 10
156.591
 20
27.339
 10
156.301
 20
27.393
 10
156.032
 20
27.468
 10
155.766
 20
27.544
 10
155.523
 20
27.634
 10
155.282
 20
27.72
 10
155.061
 20
27.817
 10
154.842
 20
27.907
 10
154.439
 20
28.107
 10
154.072
 20
28.325
 10
153.742
 20
28.57
 10
153.45
 20
28.849
 10
153.198
 20
29.163
 10
152.989
 20
29.51
 10
152.816
 20
29.889
 10
152.668
 20
30.299
 10
152.606
 20
30.514
 10
152.535
 20
30.731
 10
152.471
 20
30.965
 10
152.397
 20
31.2
 10
152.327
 20
31.455
 10
152.247
 20
31.712
 10
152.173
 20
31.992
 10
152.095
 20
32.275
 10
151.987
 20
32.735
 10
151.901
 20
33.195
 10
151.856
 20
33.656
 10
151.861
 20
34.117
 10
151.916
 20
34.578
 10
152.007
 20
35.038
 10
152.116
 20
35.496
 10
152.222
 20
35.952
 10
152.306
 20
36.408
 10
152.359
 20
36.862
 10
152.38
 20
37.317
 10
152.376
 20
37.773
 10
152.356
 20
38.229
 10
152.334
 20
38.686
 10
152.315
 20
39.144
 10
152.3
 20
39.602
 10
152.284
 20
40.058
 10
152.258
 20
40.515
 10
152.214
 20
40.97
 10
152.15
 20
41.426
 10
152.07
 20
41.883
 10
151.986
 20
42.34
 10
151.915
 20
42.8
 10
151.876
 20
43.26
 10
151.88
 20
43.721
 10
151.933
 20
44.183
 10
152.027
 20
44.643
 10
152.146
 20
45.101
 10
152.267
 20
45.558
 10
152.343
 20
45.836
 10
152.407
 20
46.109
 10
152.471
 20
46.362
 10
152.52
 20
46.613
 10
152.572
 20
46.846
 10
152.61
 20
47.081
 10
152.657
 20
47.301
 10
152.695
 20
47.521
 10
152.8
 20
47.948
 10
152.941
 20
48.349
 10
153.129
 20
48.722
  0
HATCH
  5
6E
330
17
100
AcDbEntity
  8
RASTER
 62
7
100
AcDbHatch
 10
0.0
 20
0.0
 30
0.0
210
0.0
220
0.0
230
1.0
  2
SOLID
 70
1
 71
0
 91
1
 92
3
 72
0
 73
1
 93
734
 10
202.018
 20
21.072
 10
202.0
 20
21.63
 10
201.901
 20
22.204
 10
201.736
 20
22.766
 10
201.543
 20
23.31
 10
201.366
 20
23.836
 10
201.241
 20
24.344
 10
201.191
 20
24.842
 10
201.218
 20
25.348
 10
201.25
 20
25.603
 10
201.298
 20
25.873
 10
201.374
 20
26.415
 10
201.403
 20
26.95
 10
201.36
 20
27.471
 10
201.238
 20
27.963
 10
201.044
 20
28.413
 10
200.791
 20
28.817
 10
200.49
 20
29.176
 10
200.152
 20
29.494
 10
199.778
 20
29.779
 10
199.365
 20
30.034
 10
198.908
 20
30.255
 10
198.4
 20
30.43
 10
197.84
 20
30.536
 10
197.251
 20
30.546
 10
196.92
 20
30.502
 10
196.607
 20
30.439
 10
196.036
 20
30.27
 10
195.481
 20
30.089
 10
194.946
 20
29.942
 10
194.428
 20
29.864
 10
193.916
 20
29.873
 10
193.394
 20
29.965
 10
192.854
 20
30.119
 10
192.295
 20
30.296
 10
191.72
 20
30.452
 10
191.135
 20
30.555
 10
190.55
 20
30.594
 10
189.975
 20
30.583
 10
189.412
 20
30.549
 10
188.858
 20
30.518
 10
188.307
 20
30.502
 10
187.749
 20
30.494
 10
187.182
 20
30.477
 10
186.606
 20
30.428
 10
186.028
 20
30.334
 10
185.457
 20
30.2
 10
184.902
 20
30.055
 10
184.364
 20
29.937
 10
183.843
 20
29.879
 10
183.329
 20
29.903
 10
182.808
 20
30.01
 10
182.268
 20
30.182
 10
181.709
 20
30.38
 10
181.132
 20
30.557
 10
180.54
 20
30.67
 10
179.945
 20
30.701
 10
179.36
 20
30.658
 10
178.79
 20
30.573
 10
178.234
 20
30.48
 10
177.687
 20
30.406
 10
177.14
 20
30.356
 10
176.586
 20
30.323
 10
176.023
 20
30.288
 10
175.454
 20
30.232
 10
174.887
 20
30.151
 10
174.329
 20
30.056
 10
173.786
 20
29.977
 10
173.259
 20
29.945
 10
172.738
 20
29.981
 10
172.214
 20
30.091
 10
171.674
 20
30.263
 10
171.115
 20
30.462
 10
170.536
 20
30.639
 10
169.941
 20
30.749
 10
169.34
 20
30.764
 10
168.748
 20
30.69
 10
168.172
 20
30.559
 10
167.615
 20
30.414
 10
167.072
 20
30.292
 10
166.534
 20
30.21
 10
165.994
 20
30.17
 10
165.445
 20
30.156
 10
164.886
 20
30.147
 10
164.322
 20
30.126
 10
163.761
 20
30.092
 10
163.21
 20
30.059
 10
162.672
 20
30.053
 10
162.143
 20
30.095
 10
161.612
 20
30.197
 10
161.071
 20
30.35
 10
160.512
 20
30.528
 10
159.934
 20
30.686
 10
159.358
 20
30.778
 10
159.056
 20
30.8
 10
158.772
 20
30.793
 10
158.25
 20
30.756
 10
157.759
 20
30.706
 10
157.299
 20
30.683
 10
156.869
 20
30.713
 10
156.473
 20
30.811
 10
156.115
 20
30.979
 10
155.802
 20
31.216
 10
155.538
 20
31.512
 10
155.323
 20
31.86
 10
155.153
 20
32.252
 10
155.021
 20
32.679
 10
154.919
 20
33.139
 10
154.845
 20
33.629
 10
154.805
 20
34.151
 10
154.807
 20
34.421
 10
154.815
 20
34.688
 10
154.878
 20
35.232
 10
154.982
 20
35.776
 10
155.116
 20
36.33
 10
155.251
 20
36.901
 10
155.345
 20
37.49
 10
155.36
 20
38.092
 10
155.279
 20
38.693
 10
155.118
 20
39.281
 10
154.919
 20
39.849
 10
154.731
 20
40.398
 10
154.597
 20
40.929
 10
154.538
 20
41.45
 10
154.554
 20
41.976
 10
154.628
 20
42.516
 10
154.728
 20
43.069
 10
154.787
 20
43.352
 10
154.841
 20
43.634
 10
154.961
 20
44.151
 10
155.087
 20
44.624
 10
155.232
 20
45.048
 10
155.405
 20
45.423
 10
155.612
 20
45.747
 10
155.853
 20
46.022
 10
156.126
 20
46.25
 10
156.427
 20
46.438
 10
156.755
 20
46.598
 10
157.11
 20
46.747
 10
157.494
 20
46.902
 10
157.91
 20
47.079
 10
158.363
 20
47.285
 10
158.862
 20
47.509
 10
159.132
 20
47.614
 10
159.4
 20
47.716
 10
159.935
 20
47.871
 10
160.452
 20
47.953
 10
160.965
 20
47.95
 10
161.488
 20
47.869
 10
162.03
 20
47.734
 10
162.589
 20
47.583
 10
163.162
 20
47.452
 10
163.74
 20
47.367
 10
164.316
 20
47.329
 10
164.881
 20
47.321
 10
165.437
 20
47.32
 10
165.987
 20
47.308
 10
166.541
 20
47.283
 10
167.105
 20
47.26
 10
167.68
 20
47.263
 10
168.263
 20
47.318
 10
168.845
 20
47.433
 10
169.416
 20
47.593
 10
169.969
 20
47.764
 10
170.503
 20
47.901
 10
171.021
 20
47.971
 10
171.532
 20
47.955
 10
172.053
 20
47.856
 10
172.591
 20
47.693
 10
173.15
 20
47.507
 10
173.725
 20
47.343
 10
174.312
 20
47.236
 10
174.899
 20
47.2
 10
175.477
 20
47.222
 10
176.042
 20
47.273
 10
176.595
 20
47.325
 10
177.144
 20
47.362
 10
177.697
 20
47.384
 10
178.259
 20
47.407
 10
178.83
 20
47.452
 10
179.404
 20
47.534
 10
179.972
 20
47.652
 10
180.528
 20
47.781
 10
181.066
 20
47.888
 10
181.588
 20
47.938
 10
182.103
 20
47.911
 10
182.624
 20
47.802
 10
183.162
 20
47.63
 10
183.719
 20
47.429
 10
184.296
 20
47.25
 10
184.888
 20
47.134
 10
185.484
 20
47.106
 10
186.072
 20
47.158
 10
186.643
 20
47.259
 10
187.199
 20
47.37
 10
187.744
 20
47.462
 10
188.287
 20
47.525
 10
188.835
 20
47.561
 10
189.392
 20
47.59
 10
189.957
 20
47.63
 10
190.522
 20
47.692
 10
191.08
 20
47.766
 10
191.625
 20
47.831
 10
192.155
 20
47.858
 10
192.677
 20
47.822
 10
193.202
 20
47.717
 10
193.741
 20
47.552
 10
194.298
 20
47.358
 10
194.874
 20
47.183
 10
195.468
 20
47.073
 10
196.07
 20
47.058
 10
196.663
 20
47.136
 10
197.239
 20
47.277
 10
197.797
 20
47.436
 10
198.339
 20
47.574
 10
198.873
 20
47.666
 10
199.408
 20
47.71
 10
199.951
 20
47.718
 10
200.505
 20
47.711
 10
201.067
 20
47.709
 10
201.628
 20
47.722
 10
202.182
 20
47.738
 10
202.724
 20
47.739
 10
203.257
 20
47.7
 10
203.788
 20
47.609
 10
204.329
 20
47.469
 10
204.885
 20
47.304
 10
205.459
 20
47.152
 10
206.052
 20
47.059
 10
206.653
 20
47.06
 10
207.249
 20
47.157
 10
207.828
 20
47.324
 10
208.387
 20
47.514
 10
208.927
 20
47.681
 10
209.454
 20
47.792
 10
209.978
 20
47.837
 10
210.509
 20
47.821
 10
211.054
 20
47.768
 10
211.611
 20
47.704
 10
212.175
 20
47.652
 10
212.739
 20
47.619
 10
213.294
 20
47.594
 10
213.84
 20
47.558
 10
214.382
 20
47.493
 10
214.644
 20
47.44
 10
214.899
 20
47.381
 10
215.386
 20
47.219
 10
215.824
 20
47.038
 10
216.226
 20
46.859
 10
216.605
 20
46.696
 10
216.97
 20
46.549
 10
217.328
 20
46.407
 10
217.682
 20
46.252
 10
218.03
 20
46.062
 10
218.361
 20
45.82
 10
218.658
 20
45.517
 10
218.898
 20
45.151
 10
219.062
 20
44.728
 10
219.136
 20
44.254
 10
219.118
 20
43.732
 10
219.075
 20
43.457
 10
219.024
 20
43.177
 10
218.907
 20
42.614
 10
218.815
 20
42.042
 10
218.757
 20
41.47
 10
218.725
 20
40.906
 10
218.699
 20
40.351
 10
218.661
 20
39.801
 10
218.604
 20
39.251
 10
218.538
 20
38.691
 10
218.49
 20
38.117
 10
218.491
 20
37.531
 10
218.564
 20
36.941
 10
218.707
 20
36.357
 10
218.892
 20
35.789
 10
219.076
 20
35.241
 10
219.213
 20
34.711
 10
219.274
 20
34.197
 10
219.248
 20
33.683
 10
219.144
 20
33.157
 10
218.99
 20
32.612
 10
218.826
 20
32.048
 10
218.692
 20
31.472
 10
218.611
 20
30.889
 10
218.584
 20
30.311
 10
218.591
 20
29.743
 10
218.607
 20
29.186
 10
218.614
 20
28.635
 10
218.607
 20
28.081
 10
218.601
 20
27.518
 10
218.62
 20
26.944
 10
218.684
 20
26.363
 10
218.801
 20
25.784
 10
218.955
 20
25.217
 10
219.111
 20
24.667
 10
219.227
 20
24.136
 10
219.272
 20
23.62
 10
219.231
 20
23.106
 10
219.11
 20
22.582
 10
218.932
 20
22.038
 10
218.739
 20
21.475
 10
218.579
 20
20.894
 10
218.486
 20
20.304
 10
218.47
 20
19.714
 10
218.514
 20
19.135
 10
218.586
 20
18.571
 10
218.656
 20
18.019
 10
218.707
 20
17.471
 10
218.74
 20
16.92
 10
218.769
 20
16.359
 10
218.815
 20
15.791
 10
218.893
 20
15.219
 10
218.999
 20
14.653
 10
219.11
 20
14.1
 10
219.193
 20
13.564
 10
219.219
 20
13.042
 10
219.168
 20
12.525
 10
219.041
 20
11.999
 10
218.858
 20
11.458
 10
218.75
 20
11.187
 10
218.644
 20
10.918
 10
218.437
 20
10.419
 10
218.264
 20
9.961
 10
218.129
 20
9.536
 10
218.018
 20
9.138
 10
217.907
 20
8.766
 10
217.775
 20
8.418
 10
217.605
 20
8.095
 10
217.386
 20
7.801
 10
217.112
 20
7.542
 10
216.782
 20
7.323
 10
216.398
 20
7.146
 10
215.964
 20
7.007
 10
215.483
 20
6.897
 10
214.96
 20
6.807
 10
214.677
 20
6.773
 10
214.396
 20
6.736
 10
213.844
 20
6.685
 10
213.304
 20
6.662
 10
212.775
 20
6.692
 10
212.245
 20
6.788
 10
211.704
 20
6.943
 10
211.145
 20
7.129
 10
210.567
 20
7.303
 10
209.97
 20
7.416
 10
209.365
 20
7.434
 10
208.765
 20
7.353
 10
208.183
 20
7.203
 10
207.62
 20
7.03
 10
207.074
 20
6.879
 10
206.539
 20
6.776
 10
206.0
 20
6.729
 10
205.735
 20
6.733
 10
205.463
 20
6.745
 10
204.942
 20
6.82
 10
204.456
 20
6.931
 10
204.005
 20
7.068
 10
203.592
 20
7.231
 10
203.22
 20
7.426
 10
202.894
 20
7.658
 10
202.62
 20
7.931
 10
202.404
 20
8.245
 10
202.249
 20
8.596
 10
202.155
 20
8.982
 10
202.115
 20
9.401
 10
202.112
 20
9.85
 10
202.118
 20
10.326
 10
201.558
 20
10.333
 10
201.552
 20
9.852
 10
201.555
 20
9.372
 10
201.602
 20
8.889
 10
201.718
 20
8.416
 10
201.915
 20
7.971
 10
202.19
 20
7.572
 10
202.532
 20
7.23
 10
202.927
 20
6.948
 10
203.359
 20
6.721
 10
203.821
 20
6.539
 10
204.313
 20
6.389
 10
204.84
 20
6.269
 10
205.402
 20
6.188
 10
205.718
 20
6.173
 10
206.029
 20
6.169
 10
206.616
 20
6.221
 10
207.202
 20
6.333
 10
207.777
 20
6.493
 10
208.335
 20
6.664
 10
208.873
 20
6.803
 10
209.394
 20
6.874
 10
209.909
 20
6.859
 10
210.433
 20
6.759
 10
210.976
 20
6.595
 10
211.538
 20
6.407
 10
212.118
 20
6.242
 10
212.709
 20
6.136
 10
213.3
 20
6.101
 10
213.882
 20
6.126
 10
214.455
 20
6.179
 10
214.748
 20
6.217
 10
215.046
 20
6.253
 10
215.593
 20
6.348
 10
216.112
 20
6.466
 10
216.601
 20
6.624
 10
217.055
 20
6.834
 10
217.46
 20
7.103
 10
217.804
 20
7.428
 10
218.079
 20
7.795
 10
218.286
 20
8.187
 10
218.438
 20
8.587
 10
218.556
 20
8.983
 10
218.666
 20
9.375
 10
218.793
 20
9.777
 10
218.958
 20
10.212
 10
219.163
 20
10.706
 10
219.271
 20
10.98
 10
219.386
 20
11.269
 10
219.579
 20
11.843
 10
219.721
 20
12.431
 10
219.779
 20
13.028
 10
219.751
 20
13.621
 10
219.661
 20
14.199
 10
219.549
 20
14.76
 10
219.446
 20
15.308
 10
219.373
 20
15.851
 10
219.328
 20
16.397
 10
219.299
 20
16.951
 10
219.266
 20
17.514
 10
219.213
 20
18.08
 10
219.142
 20
18.642
 10
219.072
 20
19.192
 10
219.03
 20
19.728
 10
219.044
 20
20.252
 10
219.127
 20
20.776
 10
219.275
 20
21.309
 10
219.463
 20
21.86
 10
219.649
 20
22.431
 10
219.785
 20
23.021
 10
219.832
 20
23.622
 10
219.781
 20
24.22
 10
219.654
 20
24.803
 10
219.495
 20
25.367
 10
219.347
 20
25.914
 10
219.238
 20
26.45
 10
219.179
 20
26.983
 10
219.162
 20
27.523
 10
219.168
 20
28.075
 10
219.174
 20
28.635
 10
219.167
 20
29.197
 10
219.151
 20
29.755
 10
219.144
 20
30.301
 10
219.169
 20
30.837
 10
219.243
 20
31.369
 10
219.368
 20
31.906
 10
219.529
 20
32.457
 10
219.689
 20
33.027
 10
219.804
 20
33.615
 10
219.834
 20
34.215
 10
219.764
 20
34.815
 10
219.613
 20
35.4
 10
219.424
 20
35.965
 10
219.245
 20
36.512
 10
219.115
 20
37.042
 10
219.05
 20
37.566
 10
219.05
 20
38.094
 10
219.096
 20
38.635
 10
219.161
 20
39.189
 10
219.219
 20
39.753
 10
219.259
 20
40.318
 10
219.285
 20
40.877
 10
219.316
 20
41.427
 10
219.37
 20
41.969
 10
219.458
 20
42.512
 10
219.574
 20
43.068
 10
219.627
 20
43.365
 10
219.677
 20
43.69
 10
219.695
 20
44.288
 10
219.604
 20
44.872
 10
219.397
 20
45.406
 10
219.096
 20
45.867
 10
218.729
 20
46.242
 10
218.331
 20
46.534
 10
217.93
 20
46.754
 10
217.544
 20
46.924
 10
217.178
 20
47.069
 10
216.821
 20
47.213
 10
216.451
 20
47.372
 10
216.044
 20
47.553
 10
215.581
 20
47.744
 10
215.059
 20
47.918
 10
214.763
 20
47.988
 10
214.464
 20
48.048
 10
213.892
 20
48.116
 10
213.325
 20
48.154
 10
212.768
 20
48.178
 10
212.218
 20
48.211
 10
211.669
 20
48.261
 10
211.113
 20
48.325
 10
210.544
 20
48.38
 10
209.962
 20
48.397
 10
209.372
 20
48.347
 10
208.786
 20
48.223
 10
208.214
 20
48.047
 10
207.659
 20
47.859
 10
207.125
 20
47.704
 10
206.607
 20
47.618
 10
206.096
 20
47.618
 10
205.575
 20
47.7
 10
205.036
 20
47.843
 10
204.479
 20
48.009
 10
203.906
 20
48.157
 10
203.324
 20
48.256
 10
202.744
 20
48.299
 10
202.173
 20
48.299
 10
201.613
 20
48.282
 10
201.061
 20
48.27
 10
200.51
 20
48.271
 10
199.951
 20
48.278
 10
199.381
 20
48.27
 10
198.802
 20
48.222
 10
198.222
 20
48.122
 10
197.651
 20
47.977
 10
197.096
 20
47.819
 10
196.559
 20
47.687
 10
196.039
 20
47.617
 10
195.527
 20
47.63
 10
195.008
 20
47.727
 10
194.471
 20
47.891
 10
193.915
 20
48.084
 10
193.34
 20
48.26
 10
192.752
 20
48.377
 10
192.161
 20
48.418
 10
191.578
 20
48.39
 10
191.01
 20
48.322
 10
190.454
 20
48.248
 10
189.906
 20
48.188
 10
189.358
 20
48.149
 10
188.802
 20
48.121
 10
188.236
 20
48.083
 10
187.666
 20
48.017
 10
187.097
 20
47.921
 10
186.54
 20
47.81
 10
185.998
 20
47.714
 10
185.473
 20
47.667
 10
184.956
 20
47.691
 10
184.434
 20
47.793
 10
183.898
 20
47.961
 10
183.342
 20
48.16
 10
182.767
 20
48.344
 10
182.175
 20
48.466
 10
181.576
 20
48.498
 10
180.985
 20
48.442
 10
180.41
 20
48.329
 10
179.852
 20
48.199
 10
179.307
 20
48.086
 10
178.768
 20
48.009
 10
178.226
 20
47.966
 10
177.674
 20
47.944
 10
177.114
 20
47.921
 10
176.55
 20
47.883
 10
175.99
 20
47.831
 10
175.441
 20
47.781
 10
174.906
 20
47.761
 10
174.38
 20
47.793
 10
173.853
 20
47.889
 10
173.316
 20
48.043
 10
172.761
 20
48.228
 10
172.186
 20
48.4
 10
171.594
 20
48.512
 10
170.992
 20
48.53
 10
170.396
 20
48.451
 10
169.817
 20
48.303
 10
169.257
 20
48.131
 10
168.714
 20
47.978
 10
168.183
 20
47.872
 10
167.653
 20
47.823
 10
167.115
 20
47.82
 10
166.565
 20
47.843
 10
166.006
 20
47.868
 10
165.443
 20
47.88
 10
164.886
 20
47.882
 10
164.338
 20
47.889
 10
163.8
 20
47.924
 10
163.265
 20
48.003
 10
162.725
 20
48.126
 10
162.171
 20
48.277
 10
161.599
 20
48.419
 10
161.009
 20
48.509
 10
160.409
 20
48.512
 10
159.813
 20
48.417
 10
159.23
 20
48.25
 10
158.931
 20
48.138
 10
158.642
 20
48.024
 10
158.132
 20
47.796
 10
157.684
 20
47.592
 10
157.279
 20
47.419
 10
156.897
 20
47.265
 10
156.523
 20
47.109
 10
156.154
 20
46.928
 10
155.796
 20
46.703
 10
155.461
 20
46.422
 10
155.164
 20
46.083
 10
154.913
 20
45.691
 10
154.712
 20
45.256
 10
154.551
 20
44.787
 10
154.417
 20
44.287
 10
154.294
 20
43.752
 10
154.238
 20
43.462
 10
154.178
 20
43.175
 10
154.074
 20
42.603
 10
153.996
 20
42.022
 10
153.978
 20
41.427
 10
154.046
 20
40.828
 10
154.194
 20
40.238
 10
154.389
 20
39.666
 10
154.583
 20
39.113
 10
154.73
 20
38.58
 10
154.801
 20
38.061
 10
154.787
 20
37.542
 10
154.701
 20
37.01
 10
154.571
 20
36.46
 10
154.434
 20
35.894
 10
154.324
 20
35.317
 10
154.257
 20
34.737
 10
154.247
 20
34.433
 10
154.245
 20
34.124
 10
154.288
 20
33.566
 10
154.368
 20
33.037
 10
154.479
 20
32.536
 10
154.627
 20
32.057
 10
154.826
 20
31.601
 10
155.089
 20
31.177
 10
155.423
 20
30.803
 10
155.826
 20
30.5
 10
156.285
 20
30.283
 10
156.782
 20
30.16
 10
157.293
 20
30.122
 10
157.802
 20
30.147
 10
158.298
 20
30.198
 10
158.802
 20
30.234
 10
159.042
 20
30.239
 10
159.286
 20
30.222
 10
159.815
 20
30.139
 10
160.353
 20
29.99
 10
160.909
 20
29.813
 10
161.483
 20
29.651
 10
162.068
 20
29.54
 10
162.653
 20
29.493
 10
163.23
 20
29.499
 10
163.795
 20
29.532
 10
164.349
 20
29.566
 10
164.901
 20
29.587
 10
165.457
 20
29.596
 10
166.022
 20
29.61
 10
166.598
 20
29.654
 10
167.175
 20
29.741
 10
167.747
 20
29.87
 10
168.305
 20
30.014
 10
168.845
 20
30.138
 10
169.368
 20
30.204
 10
169.882
 20
30.191
 10
170.402
 20
30.095
 10
170.939
 20
29.93
 10
171.495
 20
29.732
 10
172.071
 20
29.549
 10
172.661
 20
29.426
 10
173.256
 20
29.384
 10
173.844
 20
29.42
 10
174.416
 20
29.502
 10
174.974
 20
29.597
 10
175.522
 20
29.676
 10
176.068
 20
29.73
 10
176.62
 20
29.764
 10
177.182
 20
29.797
 10
177.75
 20
29.849
 10
178.318
 20
29.926
 10
178.877
 20
30.019
 10
179.422
 20
30.101
 10
179.952
 20
30.14
 10
180.473
 20
30.114
 10
180.996
 20
30.013
 10
181.534
 20
29.848
 10
182.09
 20
29.651
 10
182.666
 20
29.468
 10
183.259
 20
29.347
 10
183.861
 20
29.319
 10
184.455
 20
29.384
 10
185.033
 20
29.51
 10
185.592
 20
29.657
 10
186.137
 20
29.784
 10
186.675
 20
29.872
 10
187.214
 20
29.918
 10
187.761
 20
29.934
 10
188.319
 20
29.941
 10
188.883
 20
29.959
 10
189.444
 20
29.99
 10
189.997
 20
30.023
 10
190.537
 20
30.034
 10
191.067
 20
29.999
 10
191.597
 20
29.906
 10
192.137
 20
29.759
 10
192.693
 20
29.583
 10
193.269
 20
29.419
 10
193.862
 20
29.315
 10
194.465
 20
29.305
 10
195.062
 20
29.394
 10
195.642
 20
29.552
 10
196.203
 20
29.735
 10
196.75
 20
29.897
 10
197.012
 20
29.949
 10
197.272
 20
29.986
 10
197.785
 20
29.979
 10
198.257
 20
29.889
 10
198.695
 20
29.737
 10
199.096
 20
29.542
 10
199.461
 20
29.317
 10
199.79
 20
29.067
 10
200.083
 20
28.791
 10
200.337
 20
28.488
 10
200.548
 20
28.153
 10
200.707
 20
27.785
 10
200.807
 20
27.382
 10
200.843
 20
26.944
 10
200.816
 20
26.47
 10
200.744
 20
25.958
 10
200.695
 20
25.687
 10
200.659
 20
25.391
 10
200.63
 20
24.828
 10
200.689
 20
24.249
 10
200.828
 20
23.679
 10
201.014
 20
23.127
 10
201.203
 20
22.593
 10
201.355
 20
22.077
 10
201.442
 20
21.574
 10
201.458
 20
21.054
 97
0
 75
0
 76
1
 98
0
  0
HATCH
  5
6F
330
17
100
AcDbEntity
  8
RASTER
 62
7
100
AcDbHatch
 10
0.0
 20
0.0
 30
0.0
210
0.0
220
0.0
230
1.0
  2
SOLID
 70
1
 71
0
 91
6
 92
3
 72
0
 73
1
 93
4
 10
201.347
 20
11.364
 10
201.347
 20
19.77
 10
190.793
 20
19.77
 10
190.793
 20
11.364
 97
0
 92
2
 72
0
 73
1
 93
5
 10
199.759
 20
11.831
 10
199.386
 20
11.831
 10
199.386
 20
19.303
 10
199.759
 20
19.303
 10
199.759
 20
11.831
 97
0
 92
2
 72
0
 73
1
 93
5
 10
197.985
 20
11.831
 10
197.611
 20
11.831
 10
197.611
 20
19.303
 10
197.985
 20
19.303
 10
197.985
 20
11.831
 97
0
 92
2
 72
0
 73
1
 93
5
 10
196.21
 20
11.831
 10
195.836
 20
11.831
 10
195.836
 20
19.303
 10
196.21
 20
19.303
 10
196.21
 20
11.831
 97
0
 92
2
 72
0
 73
1
 93
5
 10
194.435
 20
11.831
 10
194.062
 20
11.831
 10
194.062
 20
19.303
 10
194.435
 20
19.303
 10
194.435
 20
11.831
 97
0
 92
2
 72
0
 73
1
 93
5
 10
192.661
 20
11.831
 10
192.287
 20
11.831
 10
192.287
 20
19.303
 10
192.661
 20
19.303
 10
192.661
 20
11.831
 97
0
 75
0
 76
1
 98
0
  0
HATCH
  5
70
330
17
100
AcDbEntity
  8
RASTER
 62
7
100
AcDbHatch
 10
0.0
 20
0.0
 30
0.0
210
0.0
220
0.0
230
1.0
  2
SOLID
 70
1
 71
0
 91
8
 92
3
 72
0
 73
1
 93
4
 10
190.232
 20
7.721
 10
190.232
 20
23.413
 10
187.804
 20
23.413
 10
187.804
 20
7.721
 97
0
 92
2
 72
0
 73
1
 93
5
 10
190.232
 20
10.056
 10
187.804
 20
10.056
 10
187.804
 20
10.43
 10
190.232
 20
10.43
 10
190.232
 20
10.056
 97
0
 92
2
 72
0
 73
1
 93
5
 10
190.232
 20
11.831
 10
187.804
 20
11.831
 10
187.804
 20
12.205
 10
190.232
 20
12.205
 10
190.232
 20
11.831
 97
0
 92
2
 72
0
 73
1
 93
5
 10
190.232
 20
13.606
 10
187.804
 20
13.606
 10
187.804
 20
13.979
 10
190.232
 20
13.979
 10
190.232
 20
13.606
 97
0
 92
2
 72
0
 73
1
 93
5
 10
190.232
 20
15.38
 10
187.804
 20
15.38
 10
187.804
 20
15.754
 10
190.232
 20
15.754
 10
190.232
 20
15.38
 97
0
 92
2
 72
0
 73
1
 93
5
 10
190.232
 20
17.155
 10
187.804
 20
17.155
 10
187.804
 20
17.528
 10
190.232
 20
17.528
 10
190.232
 20
17.155
 97
0
 92
2
 72
0
 73
1
 93
5
 10
190.232
 20
18.929
 10
187.804
 20
18.929
 10
187.804
 20
19.303
 10
190.232
 20
19.303
 10
190.232
 20
18.929
 97
0
 92
2
 72
0
 73
1
 93
5
 10
190.232
 20
20.704
 10
187.804
 20
20.704
 10
187.804
 20
21.078
 10
190.232
 20
21.078
 10
190.232
 20
20.704
 97
0
 75
0
 76
1
 98
0
  0
HATCH
  5
71
330
17
100
AcDbEntity
  8
RASTER
 62
7
100
AcDbHatch
 10
0.0
 20
0.0
 30
0.0
210
0.0
220
0.0
230
1.0
  2
SOLID
 70
1
 71
0
 91
7
 92
3
 72
0
 73
1
 93
137
 10
162.574
 20
42.103
 10
162.76
 20
42.113
 10
162.868
 20
42.057
 10
162.998
 20
41.959
 10
163.087
 20
41.786
 10
163.087
 20
41.492
 10
163.054
 20
41.361
 10
162.868
 20
40.96
 10
162.639
 20
40.587
 10
163.315
 20
40.871
 10
163.74
 20
40.969
 10
164.001
 20
40.937
 10
164.174
 20
40.849
 10
164.24
 20
40.783
 10
164.295
 20
40.643
 10
164.22
 20
40.391
 10
164.109
 20
40.274
 10
164.067
 20
40.251
 10
163.894
 20
40.274
 10
163.871
 20
40.479
 10
163.805
 20
40.512
 10
163.371
 20
40.293
 10
162.737
 20
39.849
 10
162.77
 20
39.803
 10
162.825
 20
39.826
 10
162.923
 20
39.793
 10
163.227
 20
39.64
 10
163.39
 20
39.509
 10
163.413
 20
39.369
 10
163.348
 20
39.205
 10
163.227
 20
38.967
 10
163.064
 20
38.738
 10
162.737
 20
38.412
 10
162.433
 20
38.225
 10
162.172
 20
38.127
 10
161.911
 20
38.095
 10
161.878
 20
38.062
 10
162.018
 20
37.909
 10
162.172
 20
37.605
 10
162.303
 20
37.082
 10
162.303
 20
36.461
 10
162.182
 20
36.092
 10
162.074
 20
36.037
 10
161.813
 20
36.069
 10
161.127
 20
36.265
 10
160.823
 20
36.419
 10
160.431
 20
36.778
 10
160.31
 20
36.984
 10
160.222
 20
37.236
 10
159.928
 20
36.778
 10
159.601
 20
36.55
 10
159.232
 20
36.363
 10
158.579
 20
36.2
 10
158.383
 20
36.2
 10
158.229
 20
36.354
 10
158.079
 20
36.21
 10
157.991
 20
36.069
 10
158.023
 20
35.939
 10
158.0
 20
35.798
 10
157.827
 20
35.677
 10
157.654
 20
35.733
 10
157.533
 20
35.906
 10
157.533
 20
36.135
 10
157.599
 20
36.331
 10
157.817
 20
36.7
 10
158.098
 20
37.007
 10
158.177
 20
37.138
 10
158.111
 20
37.125
 10
157.739
 20
36.876
 10
157.435
 20
36.723
 10
157.109
 20
36.625
 10
156.815
 20
36.625
 10
156.609
 20
36.713
 10
156.478
 20
36.876
 10
156.423
 20
37.049
 10
156.478
 20
37.255
 10
156.53
 20
37.334
 10
156.619
 20
37.376
 10
156.717
 20
37.409
 10
156.824
 20
37.353
 10
156.935
 20
37.138
 10
156.978
 20
37.115
 10
157.38
 20
37.366
 10
157.817
 20
37.713
 10
157.631
 20
37.67
 10
157.468
 20
37.67
 10
157.403
 20
37.637
 10
156.913
 20
37.637
 10
156.543
 20
37.791
 10
156.423
 20
37.997
 10
156.423
 20
38.16
 10
156.478
 20
38.268
 10
156.576
 20
38.366
 10
156.684
 20
38.389
 10
156.792
 20
38.333
 10
156.87
 20
38.15
 10
156.913
 20
38.127
 10
157.076
 20
38.127
 10
157.566
 20
38.258
 10
158.154
 20
38.487
 10
158.317
 20
38.585
 10
158.144
 20
38.706
 10
157.883
 20
38.967
 10
157.719
 20
39.196
 10
157.599
 20
39.401
 10
157.468
 20
39.728
 10
157.491
 20
39.934
 10
157.654
 20
40.065
 10
157.86
 20
40.153
 10
158.154
 20
40.251
 10
158.481
 20
40.316
 10
158.938
 20
40.316
 10
159.265
 20
40.218
 10
159.581
 20
40.065
 10
159.559
 20
40.512
 10
159.657
 20
40.839
 10
159.81
 20
41.143
 10
159.941
 20
41.339
 10
160.3
 20
41.731
 10
160.637
 20
41.949
 10
160.777
 20
41.894
 10
160.908
 20
41.763
 10
161.234
 20
41.306
 10
161.453
 20
40.806
 10
161.486
 20
40.675
 10
161.486
 20
40.414
 10
161.519
 20
40.381
 10
162.28
 20
41.123
 10
162.541
 20
41.482
 10
162.629
 20
41.655
 10
162.62
 20
41.711
 10
162.564
 20
41.721
 10
162.499
 20
41.688
 10
162.358
 20
41.711
 10
162.303
 20
41.786
 10
162.303
 20
41.884
 10
162.391
 20
42.025
 97
0
 92
2
 72
0
 73
1
 93
43
 10
160.637
 20
41.786
 10
160.529
 20
41.731
 10
160.169
 20
41.371
 10
159.973
 20
41.11
 10
159.787
 20
40.741
 10
159.689
 20
40.251
 10
159.722
 20
40.185
 10
159.722
 20
39.989
 10
159.843
 20
39.686
 10
160.081
 20
39.63
 10
160.212
 20
39.565
 10
160.375
 20
39.63
 10
160.571
 20
39.63
 10
160.679
 20
39.542
 10
160.757
 20
39.392
 10
160.865
 20
39.336
 10
160.963
 20
39.336
 10
161.104
 20
39.248
 10
161.202
 20
39.117
 10
161.29
 20
38.911
 10
161.257
 20
38.715
 10
161.127
 20
38.487
 10
161.421
 20
38.323
 10
161.617
 20
38.258
 10
161.943
 20
38.258
 10
162.476
 20
38.444
 10
162.672
 20
38.575
 10
163.031
 20
38.967
 10
163.25
 20
39.369
 10
163.227
 20
39.444
 10
162.966
 20
39.607
 10
162.466
 20
39.826
 10
162.205
 20
39.891
 10
161.845
 20
39.891
 10
161.617
 20
39.826
 10
161.313
 20
39.673
 10
160.973
 20
39.379
 10
161.29
 20
40.022
 10
161.345
 20
40.391
 10
161.323
 20
40.675
 10
161.192
 20
41.067
 10
161.038
 20
41.339
 10
160.875
 20
41.567
 97
0
 92
2
 72
0
 73
1
 93
26
 10
158.579
 20
40.185
 10
158.513
 20
40.153
 10
158.219
 20
40.12
 10
157.925
 20
40.022
 10
157.621
 20
39.869
 10
157.599
 20
39.793
 10
157.631
 20
39.695
 10
157.817
 20
39.326
 10
157.948
 20
39.13
 10
158.242
 20
38.836
 10
158.373
 20
38.738
 10
158.677
 20
38.585
 10
158.905
 20
38.519
 10
159.395
 20
38.519
 10
159.438
 20
38.542
 10
159.526
 20
38.748
 10
159.526
 20
38.846
 10
159.461
 20
39.042
 10
159.493
 20
39.238
 10
159.581
 20
39.444
 10
159.732
 20
39.588
 10
159.755
 20
39.63
 10
159.732
 20
39.673
 10
159.536
 20
39.901
 10
159.134
 20
40.12
 10
158.873
 20
40.185
 97
0
 92
2
 72
0
 73
1
 93
31
 10
159.951
 20
39.63
 10
159.745
 20
39.542
 10
159.679
 20
39.477
 10
159.559
 20
39.205
 10
159.559
 20
39.009
 10
159.689
 20
38.781
 10
159.526
 20
38.552
 10
159.526
 20
38.258
 10
159.614
 20
38.085
 10
159.755
 20
37.997
 10
159.853
 20
37.997
 10
160.049
 20
38.127
 10
160.202
 20
37.954
 10
160.31
 20
37.899
 10
160.441
 20
37.899
 10
160.581
 20
37.954
 10
160.712
 20
38.052
 10
160.8
 20
38.225
 10
160.81
 20
38.51
 10
160.963
 20
38.519
 10
161.084
 20
38.595
 10
161.192
 20
38.781
 10
161.192
 20
38.944
 10
161.071
 20
39.15
 10
160.865
 20
39.271
 10
160.712
 20
39.281
 10
160.702
 20
39.369
 10
160.614
 20
39.509
 10
160.408
 20
39.532
 10
160.254
 20
39.411
 10
160.091
 20
39.575
 97
0
 92
2
 72
0
 73
1
 93
17
 10
160.124
 20
39.0
 10
160.212
 20
39.009
 10
160.245
 20
38.977
 10
160.114
 20
38.781
 10
160.114
 20
38.617
 10
160.179
 20
38.552
 10
160.352
 20
38.608
 10
160.529
 20
38.791
 10
160.604
 20
38.813
 10
160.637
 20
38.781
 10
160.581
 20
38.673
 10
160.483
 20
38.575
 10
160.245
 20
38.421
 10
160.147
 20
38.421
 10
160.058
 20
38.464
 10
160.016
 20
38.552
 10
160.016
 20
38.813
 97
0
 92
2
 72
0
 73
1
 93
23
 10
159.33
 20
38.421
 10
158.895
 20
38.203
 10
158.601
 20
37.909
 10
158.415
 20
37.572
 10
158.317
 20
37.18
 10
158.317
 20
36.69
 10
158.35
 20
36.527
 10
158.448
 20
36.363
 10
158.579
 20
36.363
 10
159.003
 20
36.461
 10
159.363
 20
36.592
 10
159.634
 20
36.746
 10
159.862
 20
36.942
 10
160.147
 20
37.409
 10
160.212
 20
37.605
 10
160.222
 20
37.778
 10
160.104
 20
37.856
 10
160.016
 20
37.964
 10
159.885
 20
37.899
 10
159.722
 20
37.899
 10
159.614
 20
37.954
 10
159.461
 20
38.127
 10
159.418
 20
38.412
 97
0
 92
2
 72
0
 73
1
 93
23
 10
160.996
 20
38.389
 10
160.953
 20
38.366
 10
160.898
 20
38.16
 10
160.777
 20
37.954
 10
160.506
 20
37.801
 10
160.365
 20
37.778
 10
160.343
 20
37.735
 10
160.32
 20
37.628
 10
160.343
 20
37.409
 10
160.441
 20
37.115
 10
160.594
 20
36.844
 10
160.79
 20
36.648
 10
160.986
 20
36.517
 10
161.551
 20
36.298
 10
162.041
 20
36.2
 10
162.107
 20
36.265
 10
162.172
 20
36.527
 10
162.172
 20
37.017
 10
162.074
 20
37.441
 10
161.855
 20
37.843
 10
161.659
 20
38.039
 10
161.43
 20
38.203
 10
161.061
 20
38.389
 97
0
 75
0
 76
1
 98
0
  0
HATCH
  5
72
330
17
100
AcDbEntity
  8
RASTER
 62
7
100
AcDbHatch
 10
0.0
 20
0.0
 30
0.0
210
0.0
220
0.0
230
1.0
  2
SOLID
 70
1
 71
0
 91
2
 92
3
 72
0
 73
1
 93
48
 10
172.3
 20
38.917
 10
172.272
 20
38.502
 10
172.191
 20
38.095
 10
172.058
 20
37.702
 10
171.874
 20
37.329
 10
171.643
 20
36.984
 10
171.37
 20
36.671
 10
171.057
 20
36.398
 10
170.712
 20
36.167
 10
170.339
 20
35.983
 10
169.946
 20
35.85
 10
169.539
 20
35.768
 10
169.124
 20
35.741
 10
168.71
 20
35.768
 10
168.302
 20
35.85
 10
167.909
 20
35.983
 10
167.536
 20
36.167
 10
167.191
 20
36.398
 10
166.879
 20
36.671
 10
166.605
 20
36.984
 10
166.374
 20
37.329
 10
166.19
 20
37.702
 10
166.057
 20
38.095
 10
165.976
 20
38.502
 10
165.948
 20
38.917
 10
165.976
 20
39.331
 10
166.057
 20
39.739
 10
166.19
 20
40.132
 10
166.374
 20
40.505
 10
166.605
 20
40.85
 10
166.879
 20
41.162
 10
167.191
 20
41.436
 10
167.536
 20
41.667
 10
167.909
 20
41.851
 10
168.302
 20
41.984
 10
168.71
 20
42.065
 10
169.124
 20
42.093
 10
169.539
 20
42.065
 10
169.946
 20
41.984
 10
170.339
 20
41.851
 10
170.712
 20
41.667
 10
171.057
 20
41.436
 10
171.37
 20
41.162
 10
171.643
 20
40.85
 10
171.874
 20
40.505
 10
172.058
 20
40.132
 10
172.191
 20
39.739
 10
172.272
 20
39.331
 97
0
 92
2
 72
0
 73
1
 93
327
 10
168.776
 20
39.168
 10
168.776
 20
38.808
 10
168.888
 20
38.808
 10
168.914
 20
38.808
 10
168.941
 20
38.807
 10
168.968
 20
38.805
 10
168.995
 20
38.803
 10
169.023
 20
38.799
 10
169.051
 20
38.796
 10
169.079
 20
38.791
 10
169.107
 20
38.786
 10
169.135
 20
38.78
 10
169.163
 20
38.773
 10
169.19
 20
38.765
 10
169.216
 20
38.756
 10
169.242
 20
38.747
 10
169.267
 20
38.736
 10
169.291
 20
38.725
 10
169.315
 20
38.713
 10
169.338
 20
38.699
 10
169.36
 20
38.685
 10
169.381
 20
38.669
 10
169.401
 20
38.653
 10
169.42
 20
38.635
 10
169.438
 20
38.616
 10
169.455
 20
38.595
 10
169.471
 20
38.574
 10
169.485
 20
38.551
 10
169.498
 20
38.528
 10
169.508
 20
38.502
 10
169.517
 20
38.476
 10
169.524
 20
38.449
 10
169.529
 20
38.42
 10
169.532
 20
38.39
 10
169.532
 20
38.359
 10
169.532
 20
38.329
 10
169.53
 20
38.301
 10
169.526
 20
38.274
 10
169.522
 20
38.248
 10
169.516
 20
38.223
 10
169.508
 20
38.2
 10
169.499
 20
38.177
 10
169.489
 20
38.156
 10
169.478
 20
38.136
 10
169.466
 20
38.117
 10
169.453
 20
38.099
 10
169.44
 20
38.081
 10
169.425
 20
38.065
 10
169.41
 20
38.049
 10
169.394
 20
38.035
 10
169.377
 20
38.021
 10
169.359
 20
38.009
 10
169.341
 20
37.997
 10
169.322
 20
37.986
 10
169.303
 20
37.976
 10
169.283
 20
37.967
 10
169.262
 20
37.958
 10
169.241
 20
37.951
 10
169.22
 20
37.945
 10
169.198
 20
37.939
 10
169.176
 20
37.934
 10
169.154
 20
37.93
 10
169.132
 20
37.926
 10
169.11
 20
37.924
 10
169.089
 20
37.922
 10
169.067
 20
37.921
 10
169.045
 20
37.92
 10
168.993
 20
37.922
 10
168.944
 20
37.927
 10
168.896
 20
37.935
 10
168.852
 20
37.947
 10
168.81
 20
37.963
 10
168.77
 20
37.981
 10
168.733
 20
38.003
 10
168.699
 20
38.029
 10
168.667
 20
38.057
 10
168.637
 20
38.086
 10
168.611
 20
38.117
 10
168.587
 20
38.15
 10
168.565
 20
38.184
 10
168.547
 20
38.219
 10
168.53
 20
38.256
 10
168.517
 20
38.295
 10
168.097
 20
38.164
 10
168.111
 20
38.123
 10
168.126
 20
38.084
 10
168.143
 20
38.046
 10
168.161
 20
38.01
 10
168.18
 20
37.975
 10
168.2
 20
37.942
 10
168.222
 20
37.91
 10
168.245
 20
37.879
 10
168.27
 20
37.85
 10
168.295
 20
37.822
 10
168.321
 20
37.795
 10
168.348
 20
37.77
 10
168.376
 20
37.747
 10
168.406
 20
37.724
 10
168.435
 20
37.704
 10
168.466
 20
37.684
 10
168.498
 20
37.666
 10
168.531
 20
37.649
 10
168.564
 20
37.633
 10
168.598
 20
37.619
 10
168.633
 20
37.606
 10
168.668
 20
37.594
 10
168.705
 20
37.583
 10
168.742
 20
37.574
 10
168.78
 20
37.565
 10
168.818
 20
37.558
 10
168.857
 20
37.552
 10
168.896
 20
37.547
 10
168.937
 20
37.543
 10
168.977
 20
37.54
 10
169.018
 20
37.539
 10
169.06
 20
37.538
 10
169.102
 20
37.539
 10
169.144
 20
37.541
 10
169.186
 20
37.545
 10
169.228
 20
37.551
 10
169.27
 20
37.558
 10
169.311
 20
37.566
 10
169.353
 20
37.577
 10
169.394
 20
37.589
 10
169.435
 20
37.602
 10
169.474
 20
37.617
 10
169.513
 20
37.634
 10
169.551
 20
37.652
 10
169.587
 20
37.672
 10
169.623
 20
37.693
 10
169.658
 20
37.716
 10
169.692
 20
37.74
 10
169.724
 20
37.766
 10
169.755
 20
37.794
 10
169.784
 20
37.824
 10
169.812
 20
37.855
 10
169.838
 20
37.887
 10
169.862
 20
37.922
 10
169.884
 20
37.958
 10
169.905
 20
37.995
 10
169.924
 20
38.034
 10
169.941
 20
38.075
 10
169.954
 20
38.118
 10
169.966
 20
38.162
 10
169.975
 20
38.208
 10
169.981
 20
38.255
 10
169.985
 20
38.304
 10
169.986
 20
38.355
 10
169.984
 20
38.415
 10
169.976
 20
38.474
 10
169.965
 20
38.53
 10
169.948
 20
38.583
 10
169.927
 20
38.634
 10
169.901
 20
38.683
 10
169.87
 20
38.729
 10
169.834
 20
38.773
 10
169.795
 20
38.813
 10
169.753
 20
38.85
 10
169.707
 20
38.883
 10
169.659
 20
38.913
 10
169.609
 20
38.938
 10
169.555
 20
38.96
 10
169.498
 20
38.978
 10
169.439
 20
38.992
 10
169.439
 20
38.999
 10
169.492
 20
39.014
 10
169.542
 20
39.033
 10
169.589
 20
39.055
 10
169.634
 20
39.08
 10
169.676
 20
39.11
 10
169.715
 20
39.142
 10
169.752
 20
39.179
 10
169.785
 20
39.219
 10
169.816
 20
39.261
 10
169.842
 20
39.305
 10
169.864
 20
39.35
 10
169.882
 20
39.397
 10
169.897
 20
39.445
 10
169.907
 20
39.495
 10
169.913
 20
39.546
 10
169.915
 20
39.599
 10
169.914
 20
39.643
 10
169.91
 20
39.686
 10
169.905
 20
39.727
 10
169.898
 20
39.768
 10
169.888
 20
39.806
 10
169.877
 20
39.843
 10
169.863
 20
39.879
 10
169.847
 20
39.914
 10
169.83
 20
39.947
 10
169.81
 20
39.978
 10
169.79
 20
40.009
 10
169.767
 20
40.038
 10
169.743
 20
40.065
 10
169.718
 20
40.092
 10
169.69
 20
40.117
 10
169.662
 20
40.14
 10
169.632
 20
40.163
 10
169.6
 20
40.183
 10
169.568
 20
40.203
 10
169.534
 20
40.221
 10
169.5
 20
40.238
 10
169.464
 20
40.253
 10
169.427
 20
40.267
 10
169.388
 20
40.279
 10
169.349
 20
40.29
 10
169.309
 20
40.3
 10
169.269
 20
40.308
 10
169.228
 20
40.314
 10
169.187
 20
40.319
 10
169.145
 20
40.323
 10
169.103
 20
40.325
 10
169.06
 20
40.326
 10
169.021
 20
40.325
 10
168.983
 20
40.323
 10
168.944
 20
40.32
 10
168.907
 20
40.315
 10
168.869
 20
40.308
 10
168.833
 20
40.301
 10
168.796
 20
40.291
 10
168.761
 20
40.281
 10
168.725
 20
40.269
 10
168.691
 20
40.256
 10
168.658
 20
40.242
 10
168.625
 20
40.227
 10
168.594
 20
40.211
 10
168.563
 20
40.193
 10
168.533
 20
40.175
 10
168.504
 20
40.155
 10
168.476
 20
40.135
 10
168.449
 20
40.113
 10
168.423
 20
40.091
 10
168.398
 20
40.067
 10
168.374
 20
40.043
 10
168.351
 20
40.018
 10
168.33
 20
39.991
 10
168.309
 20
39.964
 10
168.29
 20
39.936
 10
168.272
 20
39.907
 10
168.255
 20
39.878
 10
168.24
 20
39.848
 10
168.227
 20
39.817
 10
168.215
 20
39.785
 10
168.204
 20
39.752
 10
168.195
 20
39.719
 10
168.618
 20
39.61
 10
168.63
 20
39.648
 10
168.643
 20
39.683
 10
168.659
 20
39.717
 10
168.676
 20
39.749
 10
168.696
 20
39.779
 10
168.718
 20
39.807
 10
168.742
 20
39.833
 10
168.768
 20
39.857
 10
168.796
 20
39.879
 10
168.826
 20
39.898
 10
168.857
 20
39.915
 10
168.891
 20
39.928
 10
168.926
 20
39.938
 10
168.963
 20
39.945
 10
169.001
 20
39.95
 10
169.042
 20
39.951
 10
169.062
 20
39.951
 10
169.082
 20
39.95
 10
169.103
 20
39.947
 10
169.123
 20
39.945
 10
169.142
 20
39.941
 10
169.162
 20
39.936
 10
169.182
 20
39.931
 10
169.201
 20
39.925
 10
169.22
 20
39.918
 10
169.238
 20
39.91
 10
169.256
 20
39.902
 10
169.273
 20
39.893
 10
169.29
 20
39.883
 10
169.306
 20
39.873
 10
169.321
 20
39.862
 10
169.336
 20
39.85
 10
169.35
 20
39.837
 10
169.363
 20
39.824
 10
169.376
 20
39.81
 10
169.388
 20
39.796
 10
169.399
 20
39.78
 10
169.409
 20
39.764
 10
169.419
 20
39.748
 10
169.428
 20
39.73
 10
169.435
 20
39.712
 10
169.442
 20
39.693
 10
169.448
 20
39.674
 10
169.453
 20
39.654
 10
169.457
 20
39.634
 10
169.459
 20
39.613
 10
169.461
 20
39.591
 10
169.461
 20
39.569
 10
169.46
 20
39.539
 10
169.458
 20
39.51
 10
169.454
 20
39.483
 10
169.449
 20
39.457
 10
169.442
 20
39.433
 10
169.433
 20
39.41
 10
169.423
 20
39.388
 10
169.411
 20
39.368
 10
169.398
 20
39.35
 10
169.383
 20
39.332
 10
169.368
 20
39.315
 10
169.352
 20
39.3
 10
169.335
 20
39.285
 10
169.317
 20
39.271
 10
169.298
 20
39.258
 10
169.278
 20
39.247
 10
169.257
 20
39.236
 10
169.235
 20
39.226
 10
169.213
 20
39.217
 10
169.191
 20
39.209
 10
169.168
 20
39.201
 10
169.145
 20
39.195
 10
169.12
 20
39.19
 10
169.096
 20
39.185
 10
169.071
 20
39.181
 10
169.046
 20
39.177
 10
169.021
 20
39.175
 10
168.996
 20
39.172
 10
168.971
 20
39.17
 10
168.946
 20
39.169
 10
168.921
 20
39.168
 10
168.895
 20
39.168
 10
168.776
 20
39.168
 97
0
 75
0
 76
1
 98
0
  0
HATCH
  5
73
330
17
100
AcDbEntity
  8
RASTER
 62
7
100
AcDbHatch
 10
0.0
 20
0.0
 30
0.0
210
0.0
220
0.0
230
1.0
  2
SOLID
 70
1
 71
0
 91
7
 92
3
 72
0
 73
1
 93
137
 10
185.924
 20
42.103
 10
186.11
 20
42.113
 10
186.218
 20
42.057
 10
186.348
 20
41.959
 10
186.437
 20
41.786
 10
186.437
 20
41.492
 10
186.404
 20
41.361
 10
186.218
 20
40.96
 10
185.989
 20
40.587
 10
186.665
 20
40.871
 10
187.09
 20
40.969
 10
187.351
 20
40.937
 10
187.524
 20
40.849
 10
187.59
 20
40.783
 10
187.645
 20
40.643
 10
187.57
 20
40.391
 10
187.459
 20
40.274
 10
187.417
 20
40.251
 10
187.244
 20
40.274
 10
187.221
 20
40.479
 10
187.155
 20
40.512
 10
186.721
 20
40.293
 10
186.087
 20
39.849
 10
186.12
 20
39.803
 10
186.175
 20
39.826
 10
186.273
 20
39.793
 10
186.577
 20
39.64
 10
186.74
 20
39.509
 10
186.763
 20
39.369
 10
186.698
 20
39.205
 10
186.577
 20
38.967
 10
186.414
 20
38.738
 10
186.087
 20
38.412
 10
185.783
 20
38.225
 10
185.522
 20
38.127
 10
185.261
 20
38.095
 10
185.228
 20
38.062
 10
185.368
 20
37.909
 10
185.522
 20
37.605
 10
185.653
 20
37.082
 10
185.653
 20
36.461
 10
185.532
 20
36.092
 10
185.424
 20
36.037
 10
185.163
 20
36.069
 10
184.477
 20
36.265
 10
184.173
 20
36.419
 10
183.781
 20
36.778
 10
183.66
 20
36.984
 10
183.572
 20
37.236
 10
183.278
 20
36.778
 10
182.951
 20
36.55
 10
182.582
 20
36.363
 10
181.929
 20
36.2
 10
181.733
 20
36.2
 10
181.579
 20
36.354
 10
181.429
 20
36.21
 10
181.341
 20
36.069
 10
181.373
 20
35.939
 10
181.35
 20
35.798
 10
181.177
 20
35.677
 10
181.004
 20
35.733
 10
180.883
 20
35.906
 10
180.883
 20
36.135
 10
180.949
 20
36.331
 10
181.167
 20
36.7
 10
181.448
 20
37.007
 10
181.527
 20
37.138
 10
181.461
 20
37.125
 10
181.089
 20
36.876
 10
180.785
 20
36.723
 10
180.459
 20
36.625
 10
180.165
 20
36.625
 10
179.959
 20
36.713
 10
179.828
 20
36.876
 10
179.773
 20
37.049
 10
179.828
 20
37.255
 10
179.88
 20
37.334
 10
179.969
 20
37.376
 10
180.067
 20
37.409
 10
180.174
 20
37.353
 10
180.285
 20
37.138
 10
180.328
 20
37.115
 10
180.73
 20
37.366
 10
181.167
 20
37.713
 10
180.981
 20
37.67
 10
180.818
 20
37.67
 10
180.753
 20
37.637
 10
180.263
 20
37.637
 10
179.893
 20
37.791
 10
179.773
 20
37.997
 10
179.773
 20
38.16
 10
179.828
 20
38.268
 10
179.926
 20
38.366
 10
180.034
 20
38.389
 10
180.142
 20
38.333
 10
180.22
 20
38.15
 10
180.263
 20
38.127
 10
180.426
 20
38.127
 10
180.916
 20
38.258
 10
181.504
 20
38.487
 10
181.667
 20
38.585
 10
181.494
 20
38.706
 10
181.233
 20
38.967
 10
181.069
 20
39.196
 10
180.949
 20
39.401
 10
180.818
 20
39.728
 10
180.841
 20
39.934
 10
181.004
 20
40.065
 10
181.21
 20
40.153
 10
181.504
 20
40.251
 10
181.831
 20
40.316
 10
182.288
 20
40.316
 10
182.615
 20
40.218
 10
182.931
 20
40.065
 10
182.909
 20
40.512
 10
183.007
 20
40.839
 10
183.16
 20
41.143
 10
183.291
 20
41.339
 10
183.65
 20
41.731
 10
183.987
 20
41.949
 10
184.127
 20
41.894
 10
184.258
 20
41.763
 10
184.584
 20
41.306
 10
184.803
 20
40.806
 10
184.836
 20
40.675
 10
184.836
 20
40.414
 10
184.869
 20
40.381
 10
185.63
 20
41.123
 10
185.891
 20
41.482
 10
185.979
 20
41.655
 10
185.97
 20
41.711
 10
185.914
 20
41.721
 10
185.849
 20
41.688
 10
185.708
 20
41.711
 10
185.653
 20
41.786
 10
185.653
 20
41.884
 10
185.741
 20
42.025
 97
0
 92
2
 72
0
 73
1
 93
43
 10
183.987
 20
41.786
 10
183.879
 20
41.731
 10
183.519
 20
41.371
 10
183.323
 20
41.11
 10
183.137
 20
40.741
 10
183.039
 20
40.251
 10
183.072
 20
40.185
 10
183.072
 20
39.989
 10
183.193
 20
39.686
 10
183.431
 20
39.63
 10
183.562
 20
39.565
 10
183.725
 20
39.63
 10
183.921
 20
39.63
 10
184.029
 20
39.542
 10
184.107
 20
39.392
 10
184.215
 20
39.336
 10
184.313
 20
39.336
 10
184.454
 20
39.248
 10
184.552
 20
39.117
 10
184.64
 20
38.911
 10
184.607
 20
38.715
 10
184.477
 20
38.487
 10
184.771
 20
38.323
 10
184.967
 20
38.258
 10
185.293
 20
38.258
 10
185.826
 20
38.444
 10
186.022
 20
38.575
 10
186.381
 20
38.967
 10
186.6
 20
39.369
 10
186.577
 20
39.444
 10
186.316
 20
39.607
 10
185.816
 20
39.826
 10
185.555
 20
39.891
 10
185.195
 20
39.891
 10
184.967
 20
39.826
 10
184.663
 20
39.673
 10
184.323
 20
39.379
 10
184.64
 20
40.022
 10
184.695
 20
40.391
 10
184.673
 20
40.675
 10
184.542
 20
41.067
 10
184.388
 20
41.339
 10
184.225
 20
41.567
 97
0
 92
2
 72
0
 73
1
 93
26
 10
181.929
 20
40.185
 10
181.863
 20
40.153
 10
181.569
 20
40.12
 10
181.275
 20
40.022
 10
180.971
 20
39.869
 10
180.949
 20
39.793
 10
180.981
 20
39.695
 10
181.167
 20
39.326
 10
181.298
 20
39.13
 10
181.592
 20
38.836
 10
181.723
 20
38.738
 10
182.027
 20
38.585
 10
182.255
 20
38.519
 10
182.745
 20
38.519
 10
182.788
 20
38.542
 10
182.876
 20
38.748
 10
182.876
 20
38.846
 10
182.811
 20
39.042
 10
182.843
 20
39.238
 10
182.931
 20
39.444
 10
183.082
 20
39.588
 10
183.105
 20
39.63
 10
183.082
 20
39.673
 10
182.886
 20
39.901
 10
182.484
 20
40.12
 10
182.223
 20
40.185
 97
0
 92
2
 72
0
 73
1
 93
31
 10
183.301
 20
39.63
 10
183.095
 20
39.542
 10
183.029
 20
39.477
 10
182.909
 20
39.205
 10
182.909
 20
39.009
 10
183.039
 20
38.781
 10
182.876
 20
38.552
 10
182.876
 20
38.258
 10
182.964
 20
38.085
 10
183.105
 20
37.997
 10
183.203
 20
37.997
 10
183.399
 20
38.127
 10
183.552
 20
37.954
 10
183.66
 20
37.899
 10
183.791
 20
37.899
 10
183.931
 20
37.954
 10
184.062
 20
38.052
 10
184.15
 20
38.225
 10
184.16
 20
38.51
 10
184.313
 20
38.519
 10
184.434
 20
38.595
 10
184.542
 20
38.781
 10
184.542
 20
38.944
 10
184.421
 20
39.15
 10
184.215
 20
39.271
 10
184.062
 20
39.281
 10
184.052
 20
39.369
 10
183.964
 20
39.509
 10
183.758
 20
39.532
 10
183.604
 20
39.411
 10
183.441
 20
39.575
 97
0
 92
2
 72
0
 73
1
 93
17
 10
183.474
 20
39.0
 10
183.562
 20
39.009
 10
183.595
 20
38.977
 10
183.464
 20
38.781
 10
183.464
 20
38.617
 10
183.529
 20
38.552
 10
183.702
 20
38.608
 10
183.879
 20
38.791
 10
183.954
 20
38.813
 10
183.987
 20
38.781
 10
183.931
 20
38.673
 10
183.833
 20
38.575
 10
183.595
 20
38.421
 10
183.497
 20
38.421
 10
183.408
 20
38.464
 10
183.366
 20
38.552
 10
183.366
 20
38.813
 97
0
 92
2
 72
0
 73
1
 93
23
 10
182.68
 20
38.421
 10
182.245
 20
38.203
 10
181.951
 20
37.909
 10
181.765
 20
37.572
 10
181.667
 20
37.18
 10
181.667
 20
36.69
 10
181.7
 20
36.527
 10
181.798
 20
36.363
 10
181.929
 20
36.363
 10
182.353
 20
36.461
 10
182.713
 20
36.592
 10
182.984
 20
36.746
 10
183.212
 20
36.942
 10
183.497
 20
37.409
 10
183.562
 20
37.605
 10
183.572
 20
37.778
 10
183.454
 20
37.856
 10
183.366
 20
37.964
 10
183.235
 20
37.899
 10
183.072
 20
37.899
 10
182.964
 20
37.954
 10
182.811
 20
38.127
 10
182.768
 20
38.412
 97
0
 92
2
 72
0
 73
1
 93
23
 10
184.346
 20
38.389
 10
184.303
 20
38.366
 10
184.248
 20
38.16
 10
184.127
 20
37.954
 10
183.856
 20
37.801
 10
183.715
 20
37.778
 10
183.693
 20
37.735
 10
183.67
 20
37.628
 10
183.693
 20
37.409
 10
183.791
 20
37.115
 10
183.944
 20
36.844
 10
184.14
 20
36.648
 10
184.336
 20
36.517
 10
184.901
 20
36.298
 10
185.391
 20
36.2
 10
185.457
 20
36.265
 10
185.522
 20
36.527
 10
185.522
 20
37.017
 10
185.424
 20
37.441
 10
185.205
 20
37.843
 10
185.009
 20
38.039
 10
184.78
 20
38.203
 10
184.411
 20
38.389
 97
0
 75
0
 76
1
 98
0
  0
HATCH
  5
74
330
17
100
AcDbEntity
  8
RASTER
 62
7
100
AcDbHatch
 10
0.0
 20
0.0
 30
0.0
210
0.0
220
0.0
230
1.0
  2
SOLID
 70
1
 71
0
 91
3
 92
3
 72
0
 73
1
 93
48
 10
195.65
 20
38.917
 10
195.622
 20
38.502
 10
195.541
 20
38.095
 10
195.408
 20
37.702
 10
195.224
 20
37.329
 10
194.993
 20
36.984
 10
194.72
 20
36.671
 10
194.407
 20
36.398
 10
194.062
 20
36.167
 10
193.689
 20
35.983
 10
193.296
 20
35.85
 10
192.889
 20
35.768
 10
192.474
 20
35.741
 10
192.06
 20
35.768
 10
191.652
 20
35.85
 10
191.259
 20
35.983
 10
190.886
 20
36.167
 10
190.541
 20
36.398
 10
190.229
 20
36.671
 10
189.955
 20
36.984
 10
189.724
 20
37.329
 10
189.54
 20
37.702
 10
189.407
 20
38.095
 10
189.326
 20
38.502
 10
189.298
 20
38.917
 10
189.326
 20
39.331
 10
189.407
 20
39.739
 10
189.54
 20
40.132
 10
189.724
 20
40.505
 10
189.955
 20
40.85
 10
190.229
 20
41.162
 10
190.541
 20
41.436
 10
190.886
 20
41.667
 10
191.259
 20
41.851
 10
191.652
 20
41.984
 10
192.06
 20
42.065
 10
192.474
 20
42.093
 10
192.889
 20
42.065
 10
193.296
 20
41.984
 10
193.689
 20
41.851
 10
194.062
 20
41.667
 10
194.407
 20
41.436
 10
194.72
 20
41.162
 10
194.993
 20
40.85
 10
195.224
 20
40.505
 10
195.408
 20
40.132
 10
195.541
 20
39.739
 10
195.622
 20
39.331
 97
0
 92
2
 72
0
 73
1
 93
12
 10
192.635
 20
38.156
 10
192.635
 20
37.605
 10
193.077
 20
37.605
 10
193.077
 20
38.156
 10
193.448
 20
38.156
 10
193.448
 20
38.542
 10
193.077
 20
38.542
 10
193.077
 20
40.258
 10
192.538
 20
40.258
 10
191.41
 20
38.553
 10
191.41
 20
38.156
 10
192.635
 20
38.156
 97
0
 92
2
 72
0
 73
1
 93
5
 10
192.635
 20
39.73
 10
192.635
 20
38.542
 10
191.874
 20
38.542
 10
192.628
 20
39.73
 10
192.635
 20
39.73
 97
0
 75
0
 76
1
 98
0
  0
HATCH
  5
75
330
17
100
AcDbEntity
  8
RASTER
 62
7
100
AcDbHatch
 10
0.0
 20
0.0
 30
0.0
210
0.0
220
0.0
230
1.0
  2
SOLID
 70
1
 71
0
 91
7
 92
3
 72
0
 73
1
 93
137
 10
209.274
 20
42.103
 10
209.46
 20
42.113
 10
209.568
 20
42.057
 10
209.698
 20
41.959
 10
209.787
 20
41.786
 10
209.787
 20
41.492
 10
209.754
 20
41.361
 10
209.568
 20
40.96
 10
209.339
 20
40.587
 10
210.015
 20
40.871
 10
210.44
 20
40.969
 10
210.701
 20
40.937
 10
210.874
 20
40.849
 10
210.94
 20
40.783
 10
210.995
 20
40.643
 10
210.92
 20
40.391
 10
210.809
 20
40.274
 10
210.767
 20
40.251
 10
210.594
 20
40.274
 10
210.571
 20
40.479
 10
210.505
 20
40.512
 10
210.071
 20
40.293
 10
209.437
 20
39.849
 10
209.47
 20
39.803
 10
209.525
 20
39.826
 10
209.623
 20
39.793
 10
209.927
 20
39.64
 10
210.09
 20
39.509
 10
210.113
 20
39.369
 10
210.048
 20
39.205
 10
209.927
 20
38.967
 10
209.764
 20
38.738
 10
209.437
 20
38.412
 10
209.133
 20
38.225
 10
208.872
 20
38.127
 10
208.611
 20
38.095
 10
208.578
 20
38.062
 10
208.718
 20
37.909
 10
208.872
 20
37.605
 10
209.003
 20
37.082
 10
209.003
 20
36.461
 10
208.882
 20
36.092
 10
208.774
 20
36.037
 10
208.513
 20
36.069
 10
207.827
 20
36.265
 10
207.523
 20
36.419
 10
207.131
 20
36.778
 10
207.01
 20
36.984
 10
206.922
 20
37.236
 10
206.628
 20
36.778
 10
206.301
 20
36.55
 10
205.932
 20
36.363
 10
205.279
 20
36.2
 10
205.083
 20
36.2
 10
204.929
 20
36.354
 10
204.779
 20
36.21
 10
204.691
 20
36.069
 10
204.723
 20
35.939
 10
204.7
 20
35.798
 10
204.527
 20
35.677
 10
204.354
 20
35.733
 10
204.233
 20
35.906
 10
204.233
 20
36.135
 10
204.299
 20
36.331
 10
204.517
 20
36.7
 10
204.798
 20
37.007
 10
204.877
 20
37.138
 10
204.811
 20
37.125
 10
204.439
 20
36.876
 10
204.135
 20
36.723
 10
203.809
 20
36.625
 10
203.515
 20
36.625
 10
203.309
 20
36.713
 10
203.178
 20
36.876
 10
203.123
 20
37.049
 10
203.178
 20
37.255
 10
203.23
 20
37.334
 10
203.319
 20
37.376
 10
203.417
 20
37.409
 10
203.524
 20
37.353
 10
203.635
 20
37.138
 10
203.678
 20
37.115
 10
204.08
 20
37.366
 10
204.517
 20
37.713
 10
204.331
 20
37.67
 10
204.168
 20
37.67
 10
204.103
 20
37.637
 10
203.613
 20
37.637
 10
203.243
 20
37.791
 10
203.123
 20
37.997
 10
203.123
 20
38.16
 10
203.178
 20
38.268
 10
203.276
 20
38.366
 10
203.384
 20
38.389
 10
203.492
 20
38.333
 10
203.57
 20
38.15
 10
203.613
 20
38.127
 10
203.776
 20
38.127
 10
204.266
 20
38.258
 10
204.854
 20
38.487
 10
205.017
 20
38.585
 10
204.844
 20
38.706
 10
204.583
 20
38.967
 10
204.419
 20
39.196
 10
204.299
 20
39.401
 10
204.168
 20
39.728
 10
204.191
 20
39.934
 10
204.354
 20
40.065
 10
204.56
 20
40.153
 10
204.854
 20
40.251
 10
205.181
 20
40.316
 10
205.638
 20
40.316
 10
205.965
 20
40.218
 10
206.281
 20
40.065
 10
206.259
 20
40.512
 10
206.357
 20
40.839
 10
206.51
 20
41.143
 10
206.641
 20
41.339
 10
207.0
 20
41.731
 10
207.337
 20
41.949
 10
207.477
 20
41.894
 10
207.608
 20
41.763
 10
207.934
 20
41.306
 10
208.153
 20
40.806
 10
208.186
 20
40.675
 10
208.186
 20
40.414
 10
208.219
 20
40.381
 10
208.98
 20
41.123
 10
209.241
 20
41.482
 10
209.329
 20
41.655
 10
209.32
 20
41.711
 10
209.264
 20
41.721
 10
209.199
 20
41.688
 10
209.058
 20
41.711
 10
209.003
 20
41.786
 10
209.003
 20
41.884
 10
209.091
 20
42.025
 97
0
 92
2
 72
0
 73
1
 93
43
 10
207.337
 20
41.786
 10
207.229
 20
41.731
 10
206.869
 20
41.371
 10
206.673
 20
41.11
 10
206.487
 20
40.741
 10
206.389
 20
40.251
 10
206.422
 20
40.185
 10
206.422
 20
39.989
 10
206.543
 20
39.686
 10
206.781
 20
39.63
 10
206.912
 20
39.565
 10
207.075
 20
39.63
 10
207.271
 20
39.63
 10
207.379
 20
39.542
 10
207.457
 20
39.392
 10
207.565
 20
39.336
 10
207.663
 20
39.336
 10
207.804
 20
39.248
 10
207.902
 20
39.117
 10
207.99
 20
38.911
 10
207.957
 20
38.715
 10
207.827
 20
38.487
 10
208.121
 20
38.323
 10
208.317
 20
38.258
 10
208.643
 20
38.258
 10
209.176
 20
38.444
 10
209.372
 20
38.575
 10
209.731
 20
38.967
 10
209.95
 20
39.369
 10
209.927
 20
39.444
 10
209.666
 20
39.607
 10
209.166
 20
39.826
 10
208.905
 20
39.891
 10
208.545
 20
39.891
 10
208.317
 20
39.826
 10
208.013
 20
39.673
 10
207.673
 20
39.379
 10
207.99
 20
40.022
 10
208.045
 20
40.391
 10
208.023
 20
40.675
 10
207.892
 20
41.067
 10
207.738
 20
41.339
 10
207.575
 20
41.567
 97
0
 92
2
 72
0
 73
1
 93
26
 10
205.279
 20
40.185
 10
205.213
 20
40.153
 10
204.919
 20
40.12
 10
204.625
 20
40.022
 10
204.321
 20
39.869
 10
204.299
 20
39.793
 10
204.331
 20
39.695
 10
204.517
 20
39.326
 10
204.648
 20
39.13
 10
204.942
 20
38.836
 10
205.073
 20
38.738
 10
205.377
 20
38.585
 10
205.605
 20
38.519
 10
206.095
 20
38.519
 10
206.138
 20
38.542
 10
206.226
 20
38.748
 10
206.226
 20
38.846
 10
206.161
 20
39.042
 10
206.193
 20
39.238
 10
206.281
 20
39.444
 10
206.432
 20
39.588
 10
206.455
 20
39.63
 10
206.432
 20
39.673
 10
206.236
 20
39.901
 10
205.834
 20
40.12
 10
205.573
 20
40.185
 97
0
 92
2
 72
0
 73
1
 93
31
 10
206.651
 20
39.63
 10
206.445
 20
39.542
 10
206.379
 20
39.477
 10
206.259
 20
39.205
 10
206.259
 20
39.009
 10
206.389
 20
38.781
 10
206.226
 20
38.552
 10
206.226
 20
38.258
 10
206.314
 20
38.085
 10
206.455
 20
37.997
 10
206.553
 20
37.997
 10
206.749
 20
38.127
 10
206.902
 20
37.954
 10
207.01
 20
37.899
 10
207.141
 20
37.899
 10
207.281
 20
37.954
 10
207.412
 20
38.052
 10
207.5
 20
38.225
 10
207.51
 20
38.51
 10
207.663
 20
38.519
 10
207.784
 20
38.595
 10
207.892
 20
38.781
 10
207.892
 20
38.944
 10
207.771
 20
39.15
 10
207.565
 20
39.271
 10
207.412
 20
39.281
 10
207.402
 20
39.369
 10
207.314
 20
39.509
 10
207.108
 20
39.532
 10
206.954
 20
39.411
 10
206.791
 20
39.575
 97
0
 92
2
 72
0
 73
1
 93
17
 10
206.824
 20
39.0
 10
206.912
 20
39.009
 10
206.945
 20
38.977
 10
206.814
 20
38.781
 10
206.814
 20
38.617
 10
206.879
 20
38.552
 10
207.052
 20
38.608
 10
207.229
 20
38.791
 10
207.304
 20
38.813
 10
207.337
 20
38.781
 10
207.281
 20
38.673
 10
207.183
 20
38.575
 10
206.945
 20
38.421
 10
206.847
 20
38.421
 10
206.758
 20
38.464
 10
206.716
 20
38.552
 10
206.716
 20
38.813
 97
0
 92
2
 72
0
 73
1
 93
23
 10
206.03
 20
38.421
 10
205.595
 20
38.203
 10
205.301
 20
37.909
 10
205.115
 20
37.572
 10
205.017
 20
37.18
 10
205.017
 20
36.69
 10
205.05
 20
36.527
 10
205.148
 20
36.363
 10
205.279
 20
36.363
 10
205.703
 20
36.461
 10
206.063
 20
36.592
 10
206.334
 20
36.746
 10
206.562
 20
36.942
 10
206.847
 20
37.409
 10
206.912
 20
37.605
 10
206.922
 20
37.778
 10
206.804
 20
37.856
 10
206.716
 20
37.964
 10
206.585
 20
37.899
 10
206.422
 20
37.899
 10
206.314
 20
37.954
 10
206.161
 20
38.127
 10
206.118
 20
38.412
 97
0
 92
2
 72
0
 73
1
 93
23
 10
207.696
 20
38.389
 10
207.653
 20
38.366
 10
207.598
 20
38.16
 10
207.477
 20
37.954
 10
207.206
 20
37.801
 10
207.065
 20
37.778
 10
207.043
 20
37.735
 10
207.02
 20
37.628
 10
207.043
 20
37.409
 10
207.141
 20
37.115
 10
207.294
 20
36.844
 10
207.49
 20
36.648
 10
207.686
 20
36.517
 10
208.251
 20
36.298
 10
208.741
 20
36.2
 10
208.807
 20
36.265
 10
208.872
 20
36.527
 10
208.872
 20
37.017
 10
208.774
 20
37.441
 10
208.555
 20
37.843
 10
208.359
 20
38.039
 10
208.13
 20
38.203
 10
207.761
 20
38.389
 97
0
 75
0
 76
1
 98
0
  0
HATCH
  5
76
330
17
100
AcDbEntity
  8
RASTER
 62
7
100
AcDbHatch
 10
0.0
 20
0.0
 30
0.0
210
0.0
220
0.0
230
1.0
  2
SOLID
 70
1
 71
0
 91
2
 92
3
 72
0
 73
1
 93
48
 10
219.0
 20
38.917
 10
218.972
 20
38.502
 10
218.891
 20
38.095
 10
218.758
 20
37.702
 10
218.574
 20
37.329
 10
218.343
 20
36.984
 10
218.07
 20
36.671
 10
217.757
 20
36.398
 10
217.412
 20
36.167
 10
217.039
 20
35.983
 10
216.646
 20
35.85
 10
216.239
 20
35.768
 10
215.824
 20
35.741
 10
215.41
 20
35.768
 10
215.002
 20
35.85
 10
214.609
 20
35.983
 10
214.236
 20
36.167
 10
213.891
 20
36.398
 10
213.579
 20
36.671
 10
213.305
 20
36.984
 10
213.074
 20
37.329
 10
212.89
 20
37.702
 10
212.757
 20
38.095
 10
212.676
 20
38.502
 10
212.648
 20
38.917
 10
212.676
 20
39.331
 10
212.757
 20
39.739
 10
212.89
 20
40.132
 10
213.074
 20
40.505
 10
213.305
 20
40.85
 10
213.579
 20
41.162
 10
213.891
 20
41.436
 10
214.236
 20
41.667
 10
214.609
 20
41.851
 10
215.002
 20
41.984
 10
215.41
 20
42.065
 10
215.824
 20
42.093
 10
216.239
 20
42.065
 10
216.646
 20
41.984
 10
217.039
 20
41.851
 10
217.412
 20
41.667
 10
217.757
 20
41.436
 10
218.07
 20
41.162
 10
218.343
 20
40.85
 10
218.574
 20
40.505
 10
218.758
 20
40.132
 10
218.891
 20
39.739
 10
218.972
 20
39.331
 97
0
 92
2
 72
0
 73
1
 93
215
 10
216.573
 20
39.854
 10
216.573
 20
40.258
 10
215.063
 20
40.258
 10
215.018
 20
38.808
 10
215.034
 20
38.816
 10
215.049
 20
38.823
 10
215.066
 20
38.83
 10
215.083
 20
38.837
 10
215.1
 20
38.844
 10
215.118
 20
38.851
 10
215.136
 20
38.858
 10
215.155
 20
38.864
 10
215.174
 20
38.871
 10
215.194
 20
38.877
 10
215.213
 20
38.883
 10
215.233
 20
38.889
 10
215.253
 20
38.895
 10
215.272
 20
38.901
 10
215.292
 20
38.906
 10
215.313
 20
38.911
 10
215.333
 20
38.916
 10
215.353
 20
38.921
 10
215.373
 20
38.925
 10
215.394
 20
38.93
 10
215.415
 20
38.933
 10
215.436
 20
38.937
 10
215.456
 20
38.94
 10
215.477
 20
38.943
 10
215.498
 20
38.946
 10
215.519
 20
38.948
 10
215.539
 20
38.95
 10
215.559
 20
38.952
 10
215.579
 20
38.953
 10
215.599
 20
38.954
 10
215.618
 20
38.954
 10
215.637
 20
38.954
 10
215.664
 20
38.954
 10
215.691
 20
38.953
 10
215.718
 20
38.951
 10
215.744
 20
38.948
 10
215.771
 20
38.945
 10
215.798
 20
38.941
 10
215.824
 20
38.936
 10
215.85
 20
38.93
 10
215.876
 20
38.923
 10
215.901
 20
38.916
 10
215.926
 20
38.907
 10
215.95
 20
38.896
 10
215.973
 20
38.885
 10
215.996
 20
38.872
 10
216.018
 20
38.859
 10
216.04
 20
38.844
 10
216.06
 20
38.828
 10
216.08
 20
38.81
 10
216.098
 20
38.792
 10
216.116
 20
38.772
 10
216.132
 20
38.751
 10
216.148
 20
38.729
 10
216.163
 20
38.706
 10
216.176
 20
38.681
 10
216.189
 20
38.655
 10
216.199
 20
38.627
 10
216.208
 20
38.598
 10
216.216
 20
38.567
 10
216.221
 20
38.534
 10
216.225
 20
38.5
 10
216.228
 20
38.464
 10
216.229
 20
38.426
 10
216.228
 20
38.396
 10
216.226
 20
38.368
 10
216.223
 20
38.34
 10
216.219
 20
38.312
 10
216.213
 20
38.286
 10
216.207
 20
38.26
 10
216.199
 20
38.235
 10
216.189
 20
38.211
 10
216.179
 20
38.187
 10
216.168
 20
38.165
 10
216.156
 20
38.143
 10
216.143
 20
38.123
 10
216.129
 20
38.104
 10
216.115
 20
38.085
 10
216.099
 20
38.068
 10
216.083
 20
38.051
 10
216.065
 20
38.036
 10
216.047
 20
38.021
 10
216.029
 20
38.008
 10
216.01
 20
37.995
 10
215.99
 20
37.983
 10
215.969
 20
37.973
 10
215.947
 20
37.963
 10
215.925
 20
37.954
 10
215.903
 20
37.946
 10
215.88
 20
37.939
 10
215.856
 20
37.933
 10
215.832
 20
37.929
 10
215.808
 20
37.925
 10
215.784
 20
37.922
 10
215.759
 20
37.921
 10
215.734
 20
37.92
 10
215.69
 20
37.922
 10
215.647
 20
37.926
 10
215.606
 20
37.934
 10
215.566
 20
37.944
 10
215.528
 20
37.957
 10
215.492
 20
37.974
 10
215.457
 20
37.993
 10
215.423
 20
38.016
 10
215.391
 20
38.041
 10
215.362
 20
38.067
 10
215.335
 20
38.096
 10
215.311
 20
38.127
 10
215.288
 20
38.159
 10
215.269
 20
38.194
 10
215.251
 20
38.23
 10
215.236
 20
38.269
 10
214.827
 20
38.119
 10
214.855
 20
38.053
 10
214.887
 20
37.991
 10
214.923
 20
37.932
 10
214.963
 20
37.878
 10
215.007
 20
37.826
 10
215.054
 20
37.778
 10
215.106
 20
37.734
 10
215.161
 20
37.693
 10
215.22
 20
37.657
 10
215.282
 20
37.625
 10
215.347
 20
37.599
 10
215.416
 20
37.577
 10
215.487
 20
37.56
 10
215.563
 20
37.548
 10
215.641
 20
37.54
 10
215.723
 20
37.538
 10
215.772
 20
37.539
 10
215.821
 20
37.542
 10
215.869
 20
37.547
 10
215.916
 20
37.554
 10
215.962
 20
37.563
 10
216.008
 20
37.574
 10
216.053
 20
37.587
 10
216.098
 20
37.602
 10
216.141
 20
37.618
 10
216.183
 20
37.637
 10
216.223
 20
37.657
 10
216.262
 20
37.679
 10
216.3
 20
37.703
 10
216.336
 20
37.729
 10
216.371
 20
37.756
 10
216.405
 20
37.785
 10
216.437
 20
37.816
 10
216.467
 20
37.849
 10
216.496
 20
37.883
 10
216.522
 20
37.919
 10
216.548
 20
37.956
 10
216.571
 20
37.996
 10
216.593
 20
38.037
 10
216.613
 20
38.079
 10
216.631
 20
38.124
 10
216.646
 20
38.169
 10
216.66
 20
38.217
 10
216.67
 20
38.265
 10
216.679
 20
38.316
 10
216.685
 20
38.367
 10
216.688
 20
38.42
 10
216.69
 20
38.475
 10
216.689
 20
38.525
 10
216.685
 20
38.573
 10
216.68
 20
38.62
 10
216.672
 20
38.665
 10
216.663
 20
38.709
 10
216.651
 20
38.752
 10
216.637
 20
38.793
 10
216.62
 20
38.833
 10
216.602
 20
38.871
 10
216.582
 20
38.907
 10
216.561
 20
38.942
 10
216.537
 20
38.976
 10
216.512
 20
39.008
 10
216.486
 20
39.038
 10
216.457
 20
39.067
 10
216.427
 20
39.095
 10
216.396
 20
39.121
 10
216.363
 20
39.145
 10
216.329
 20
39.168
 10
216.293
 20
39.189
 10
216.256
 20
39.209
 10
216.218
 20
39.227
 10
216.178
 20
39.243
 10
216.137
 20
39.258
 10
216.095
 20
39.271
 10
216.052
 20
39.283
 10
216.008
 20
39.292
 10
215.963
 20
39.3
 10
215.918
 20
39.306
 10
215.871
 20
39.311
 10
215.824
 20
39.313
 10
215.775
 20
39.314
 10
215.757
 20
39.314
 10
215.739
 20
39.314
 10
215.72
 20
39.313
 10
215.7
 20
39.312
 10
215.68
 20
39.311
 10
215.659
 20
39.31
 10
215.638
 20
39.308
 10
215.616
 20
39.307
 10
215.594
 20
39.305
 10
215.574
 20
39.302
 10
215.553
 20
39.299
 10
215.534
 20
39.296
 10
215.516
 20
39.293
 10
215.498
 20
39.289
 10
215.481
 20
39.285
 10
215.464
 20
39.28
 10
215.491
 20
39.854
 10
216.573
 20
39.854
 97
0
 75
0
 76
1
 98
0
  0
ENDSEC
  0
SECTION
  2
OBJECTS
  0
DICTIONARY
  5
A
330
0
100
AcDbDictionary
281
1
  3
ACAD_COLOR
350
B
  3
ACAD_GROUP
350
C
  3
ACAD_LAYOUT
350
D
  3
ACAD_MATERIAL
350
E
  3
ACAD_MLEADERSTYLE
350
F
  3
ACAD_MLINESTYLE
350
10
  3
ACAD_PLOTSETTINGS
350
11
  3
ACAD_PLOTSTYLENAME
350
12
  3
ACAD_SCALELIST
350
14
  3
ACAD_TABLESTYLE
350
15
  3
ACAD_VISUALSTYLE
350
16
  3
EZDXF_META
350
2D
  0
DICTIONARY
  5
B
330
A
100
AcDbDictionary
281
1
  0
DICTIONARY
  5
C
330
A
100
AcDbDictionary
281
1
  0
DICTIONARY
  5
D
330
A
100
AcDbDictionary
281
1
  3
Model
350
1A
  3
Layout1
350
1E
  0
DICTIONARY
  5
E
330
A
100
AcDbDictionary
281
1
  3
ByBlock
350
1F
  3
ByLayer
350
20
  3
Global
350
21
  0
DICTIONARY
  5
F
330
A
100
AcDbDictionary
281
1
  3
Standard
350
2C
  0
DICTIONARY
  5
10
330
A
100
AcDbDictionary
281
1
  3
Standard
350
22
  0
DICTIONARY
  5
11
330
A
100
AcDbDictionary
281
1
  0
ACDBDICTIONARYWDFLT
  5
12
330
A
100
AcDbDictionary
281
1
  3
Normal
350
13
100
AcDbDictionaryWithDefault
340
13
  0
ACDBPLACEHOLDER
  5
13
330
12
  0
DICTIONARY
  5
14
330
A
100
AcDbDictionary
281
1
  0
DICTIONARY
  5
15
330
A
100
AcDbDictionary
281
1
  0
DICTIONARY
  5
16
330
A
100
AcDbDictionary
281
1
  0
LAYOUT
  5
1A
330
D
100
AcDbPlotSettings
  1

  4
A3
  6

 40
7.5
 41
20.0
 42
7.5
 43
20.0
 44
420.0
 45
297.0
 46
0.0
 47
0.0
 48
0.0
 49
0.0
140
0.0
141
0.0
142
1.0
143
1.0
 70
1024
 72
1
 73
0
 74
5
  7

 75
16
 76
0
 77
2
 78
300
147
1.0
148
0.0
149
0.0
100
AcDbLayout
  1
Model
 70
1
 71
0
 10
0.0
 20
0.0
 11
420.0
 21
297.0
 12
0.0
 22
0.0
 32
0.0
 14
1e+20
 24
1e+20
 34
1e+20
 15
-1e+20
 25
-1e+20
 35
-1e+20
146
0.0
 13
0.0
 23
0.0
 33
0.0
 16
1.0
 26
0.0
 36
0.0
 17
0.0
 27
1.0
 37
0.0
 76
1
330
17
  0
LAYOUT
  5
1E
330
D
100
AcDbPlotSettings
  1

  4
A3
  6

 40
7.5
 41
20.0
 42
7.5
 43
20.0
 44
420.0
 45
297.0
 46
0.0
 47
0.0
 48
0.0
 49
0.0
140
0.0
141
0.0
142
1.0
143
1.0
 70
0
 72
1
 73
0
 74
5
  7

 75
16
 76
0
 77
2
 78
300
147
1.0
148
0.0
149
0.0
100
AcDbLayout
  1
Layout1
 70
1
 71
1
 10
0.0
 20
0.0
 11
420.0
 21
297.0
 12
0.0
 22
0.0
 32
0.0
 14
1e+20
 24
1e+20
 34
1e+20
 15
-1e+20
 25
-1e+20
 35
-1e+20
146
0.0
 13
0.0
 23
0.0
 33
0.0
 16
1.0
 26
0.0
 36
0.0
 17
0.0
 27
1.0
 37
0.0
 76
1
330
1B
  0
MATERIAL
  5
1F
102
{ACAD_REACTORS
330
E
102
}
330
E
100
AcDbMaterial
  1
ByBlock
  2

 70
0
 40
1.0
 71
1
 41
1.0
 91
-1023410177
 42
1.0
 72
1
  3

 73
1
 74
1
 75
1
 44
0.5
 73
0
 45
1.0
 46
1.0
 77
1
  4

 78
1
 79
1
170
1
 48
1.0
171
1
  6

172
1
173
1
174
1
140
1.0
141
1.0
175
1
  7

176
1
177
1
178
1
143
1.0
179
1
  8

270
1
271
1
272
1
145
1.0
146
1.0
273
1
  9

274
1
275
1
276
1
 42
1.0
 72
1
  3

 73
1
 74
1
 75
1
 94
63
  0
MATERIAL
  5
20
102
{ACAD_REACTORS
330
E
102
}
330
E
100
AcDbMaterial
  1
ByLayer
  2

 70
0
 40
1.0
 71
1
 41
1.0
 91
-1023410177
 42
1.0
 72
1
  3

 73
1
 74
1
 75
1
 44
0.5
 73
0
 45
1.0
 46
1.0
 77
1
  4

 78
1
 79
1
170
1
 48
1.0
171
1
  6

172
1
173
1
174
1
140
1.0
141
1.0
175
1
  7

176
1
177
1
178
1
143
1.0
179
1
  8

270
1
271
1
272
1
145
1.0
146
1.0
273
1
  9

274
1
275
1
276
1
 42
1.0
 72
1
  3

 73
1
 74
1
 75
1
 94
63
  0
MATERIAL
  5
21
102
{ACAD_REACTORS
330
E
102
}
330
E
100
AcDbMaterial
  1
Global
  2

 70
0
 40
1.0
 71
1
 41
1.0
 91
-1023410177
 42
1.0
 72
1
  3

 73
1
 74
1
 75
1
 44
0.5
 73
0
 45
1.0
 46
1.0
 77
1
  4

 78
1
 79
1
170
1
 48
1.0
171
1
  6

172
1
173
1
174
1
140
1.0
141
1.0
175
1
  7

176
1
177
1
178
1
143
1.0
179
1
  8

270
1
271
1
272
1
145
1.0
146
1.0
273
1
  9

274
1
275
1
276
1
 42
1.0
 72
1
  3

 73
1
 74
1
 75
1
 94
63
  0
MLINESTYLE
  5
22
102
{ACAD_REACTORS
330
10
102
}
330
10
100
AcDbMlineStyle
  2
Standard
 70
0
  3

 62
256
 51
90.0
 52
90.0
 71
2
 49
0.5
 62
256
  6
BYLAYER
 49
-0.5
 62
256
  6
BYLAYER
  0
MLEADERSTYLE
  5
2C
102
{ACAD_REACTORS
330
F
102
}
330
F
100
AcDbMLeaderStyle
179
2
170
2
171
1
172
0
 90
2
 40
0.0
 41
0.0
173
1
 91
-1056964608
 92
-2
290
1
 42
2.0
291
1
 43
8.0
  3
Standard
 44
4.0
300

342
29
174
1
175
1
176
0
178
1
 93
-1056964608
 45
4.0
292
0
297
0
 46
4.0
 94
-1056964608
 47
1.0
 49
1.0
140
1.0
294
1
141
0.0
177
0
142
1.0
295
0
296
0
143
3.75
271
0
272
9
273
9
  0
DICTIONARY
  5
2D
330
A
100
AcDbDictionary
280
1
281
1
  3
CREATED_BY_EZDXF
350
2E
  3
WRITTEN_BY_EZDXF
350
79
  0
DICTIONARYVAR
  5
2E
330
2D
100
DictionaryVariables
280
0
  1
1.4.2 @ 2026-09-12T14:22:41.566098+00:00
  0
DICTIONARYVAR
  5
79
330
2D
100
DictionaryVariables
280
0
  1
1.4.2 @ 2026-09-12T14:22:41.649533+00:00
  0
ENDSEC
  0
EOF
