  0
SECTION
  2
HEADER
  9
$ACADVER
  1
AC1015
  9
$ACADMAINTVER
 70
6
  9
$DWGCODEPAGE
  3
ANSI_1252
  9
$INSBASE
 10
0.0
 20
0.0
 30
0.0
  9
$EXTMIN
 10
1e+20
 20
1e+20
 30
1e+20
  9
$EXTMAX
 10
-1e+20
 20
-1e+20
 30
-1e+20
  9
$LIMMIN
 10
0.0
 20
0.0
  9
$LIMMAX
 10
420.0
 20
297.0
  9
$ORTHOMODE
 70
0
  9
$REGENMODE
 70
1
  9
$FILLMODE
 70
1
  9
$QTEXTMODE
 70
0
  9
$MIRRTEXT
 70
1
  9
$LTSCALE
 40
1.0
  9
$ATTMODE
 70
1
  9
$TEXTSIZE
 40
2.5
  9
$TRACEWID
 40
1.0
  9
$TEXTSTYLE
  7
Standard
  9
$CLAYER
  8
0
  9
$CELTYPE
  6
ByLayer
  9
$CECOLOR
 62
256
  9
$CELTSCALE
 40
1.0
  9
$DISPSILH
 70
0
  9
$DIMSCALE
 40
1.0
  9
$DIMASZ
 40
2.5
  9
$DIMEXO
 40
0.625
  9
$DIMDLI
 40
3.75
  9
$DIMRND
 40
0.0
  9
$DIMDLE
 40
0.0
  9
$DIMEXE
 40
1.25
  9
$DIMTP
 40
0.0
  9
$DIMTM
 40
0.0
  9
$DIMTXT
 40
2.5
  9
$DIMCEN
 40
2.5
  9
$DIMTSZ
 40
0.0
  9
$DIMTOL
 70
0
  9
$DIMLIM
 70
0
  9
$DIMTIH
 70
0
  9
$DIMTOH
 70
0
  9
$DIMSE1
 70
0
  9
$DIMSE2
 70
0
  9
$DIMTAD
 70
1
  9
$DIMZIN
 70
8
  9
$DIMBLK
  1

  9
$DIMASO
 70
1
  9
$DIMSHO
 70
1
  9
$DIMPOST
  1

  9
$DIMAPOST
  1

  9
$DIMALT
 70
0
  9
$DIMALTD
 70
3
  9
$DIMALTF
 40
0.03937007874
  9
$DIMLFAC
 40
1.0
  9
$DIMTOFL
 70
1
  9
$DIMTVP
 40
0.0
  9
$DIMTIX
 70
0
  9
$DIMSOXD
 70
0
  9
$DIMSAH
 70
0
  9
$DIMBLK1
  1

  9
$DIMBLK2
  1

  9
$DIMSTYLE
  2
ISO-25
  9
$DIMCLRD
 70
0
  9
$DIMCLRE
 70
0
  9
$DIMCLRT
 70
0
  9
$DIMTFAC
 40
1.0
  9
$DIMGAP
 40
0.625
  9
$DIMJUST
 70
0
  9
$DIMSD1
 70
0
  9
$DIMSD2
 70
0
  9
$DIMTOLJ
 70
0
  9
$DIMTZIN
 70
8
  9
$DIMALTZ
 70
0
  9
$DIMALTTZ
 70
0
  9
$DIMUPT
 70
0
  9
$DIMDEC
 70
2
  9
$DIMTDEC
 70
2
  9
$DIMALTU
 70
2
  9
$DIMALTTD
 70
3
  9
$DIMTXSTY
  7
Standard
  9
$DIMAUNIT
 70
0
  9
$DIMADEC
 70
0
  9
$DIMALTRND
 40
0.0
  9
$DIMAZIN
 70
0
  9
$DIMDSEP
 70
44
  9
$DIMATFIT
 70
3
  9
$DIMFRAC
 70
0
  9
$DIMLDRBLK
  1

  9
$DIMLUNIT
 70
2
  9
$DIMLWD
 70
-2
  9
$DIMLWE
 70
-2
  9
$DIMTMOVE
 70
0
  9
$LUNITS
 70
2
  9
$LUPREC
 70
4
  9
$SKETCHINC
 40
1.0
  9
$FILLETRAD
 40
10.0
  9
$AUNITS
 70
0
  9
$AUPREC
 70
2
  9
$MENU
  1
.
  9
$ELEVATION
 40
0.0
  9
$PELEVATION
 40
0.0
  9
$THICKNESS
 40
0.0
  9
$LIMCHECK
 70
0
  9
$CHAMFERA
 40
0.0
  9
$CHAMFERB
 40
0.0
  9
$CHAMFERC
 40
0.0
  9
$CHAMFERD
 40
0.0
  9
$SKPOLY
 70
0
  9
$TDCREATE
 40
2461294.8779282407
  9
$TDUCREATE
 40
2458532.153996898
  9
$TDUPDATE
 40
2461294.8779282407
  9
$TDUUPDATE
 40
2458532.1544311
  9
$TDINDWG
 40
0.0
  9
$TDUSRTIMER
 40
0.0
  9
$USRTIMER
 70
1
  9
$ANGBASE
 50
0.0
  9
$ANGDIR
 70
0
  9
$PDMODE
 70
0
  9
$PDSIZE
 40
0.0
  9
$PLINEWID
 40
0.0
  9
$SPLFRAME
 70
0
  9
$SPLINETYPE
 70
6
  9
$SPLINESEGS
 70
8
  9
$HANDSEED
  5
3C1
  9
$SURFTAB1
 70
6
  9
$SURFTAB2
 70
6
  9
$SURFTYPE
 70
6
  9
$SURFU
 70
6
  9
$SURFV
 70
6
  9
$UCSBASE
  2

  9
$UCSNAME
  2

  9
$UCSORG
 10
0.0
 20
0.0
 30
0.0
  9
$UCSXDIR
 10
1.0
 20
0.0
 30
0.0
  9
$UCSYDIR
 10
0.0
 20
1.0
 30
0.0
  9
$UCSORTHOREF
  2

  9
$UCSORTHOVIEW
 70
0
  9
$UCSORGTOP
 10
0.0
 20
0.0
 30
0.0
  9
$UCSORGBOTTOM
 10
0.0
 20
0.0
 30
0.0
  9
$UCSORGLEFT
 10
0.0
 20
0.0
 30
0.0
  9
$UCSORGRIGHT
 10
0.0
 20
0.0
 30
0.0
  9
$UCSORGFRONT
 10
0.0
 20
0.0
 30
0.0
  9
$UCSORGBACK
 10
0.0
 20
0.0
 30
0.0
  9
$PUCSBASE
  2

  9
$PUCSNAME
  2

  9
$PUCSORG
 10
0.0
 20
0.0
 30
0.0
  9
$PUCSXDIR
 10
1.0
 20
0.0
 30
0.0
  9
$PUCSYDIR
 10
0.0
 20
1.0
 30
0.0
  9
$PUCSORTHOREF
  2

  9
$PUCSORTHOVIEW
 70
0
  9
$PUCSORGTOP
 10
0.0
 20
0.0
 30
0.0
  9
$PUCSORGBOTTOM
 10
0.0
 20
0.0
 30
0.0
  9
$PUCSORGLEFT
 10
0.0
 20
0.0
 30
0.0
  9
$PUCSORGRIGHT
 10
0.0
 20
0.0
 30
0.0
  9
$PUCSORGFRONT
 10
0.0
 20
0.0
 30
0.0
  9
$PUCSORGBACK
 10
0.0
 20
0.0
 30
0.0
  9
$USERI1
 70
0
  9
$USERI2
 70
0
  9
$USERI3
 70
0
  9
$USERI4
 70
0
  9
$USERI5
 70
0
  9
$USERR1
 40
0.0
  9
$USERR2
 40
0.0
  9
$USERR3
 40
0.0
  9
$USERR4
 40
0.0
  9
$USERR5
 40
0.0
  9
$WORLDVIEW
 70
1
  9
$SHADEDGE
 70
3
  9
$SHADEDIF
 70
70
  9
$TILEMODE
 70
1
  9
$MAXACTVP
 70
64
  9
$PINSBASE
 10
0.0
 20
0.0
 30
0.0
  9
$PLIMCHECK
 70
0
  9
$PEXTMIN
 10
1e+20
 20
1e+20
 30
1e+20
  9
$PEXTMAX
 10
-1e+20
 20
-1e+20
 30
-1e+20
  9
$PLIMMIN
 10
0.0
 20
0.0
  9
$PLIMMAX
 10
420.0
 20
297.0
  9
$UNITMODE
 70
0
  9
$VISRETAIN
 70
1
  9
$PLINEGEN
 70
0
  9
$PSLTSCALE
 70
1
  9
$TREEDEPTH
 70
3020
  9
$CMLSTYLE
  2
Standard
  9
$CMLJUST
 70
0
  9
$CMLSCALE
 40
20.0
  9
$PROXYGRAPHICS
 70
1
  9
$MEASUREMENT
 70
1
  9
$CELWEIGHT
370
-1
  9
$ENDCAPS
280
0
  9
$JOINSTYLE
280
0
  9
$LWDISPLAY
290
0
  9
$INSUNITS
 70
4
  9
$HYPERLINKBASE
  1

  9
$STYLESHEET
  1

  9
$XEDIT
290
1
  9
$CEPSNTYPE
380
0
  9
$PSTYLEMODE
290
1
  9
$FINGERPRINTGUID
  2
{E823BEDE-1D20-4354-BD88-12A43FFEB2C7}
  9
$VERSIONGUID
  2
{5FBD459E-5F55-4F5F-A76E-B17FCA028FF6}
  9
$EXTNAMES
290
1
  9
$PSVPSCALE
 40
0.0
  9
$OLESTARTUP
290
0
  0
ENDSEC
  0
SECTION
  2
CLASSES
  0
CLASS
  1
ACDBDICTIONARYWDFLT
  2
AcDbDictionaryWithDefault
  3
ObjectDBX Classes
 90
0
280
0
281
0
  0
CLASS
  1
SUN
  2
AcDbSun
  3
SCENEOE
 90
1153
280
0
281
0
  0
CLASS
  1
VISUALSTYLE
  2
AcDbVisualStyle
  3
ObjectDBX Classes
 90
4095
280
0
281
0
  0
CLASS
  1
MATERIAL
  2
AcDbMaterial
  3
ObjectDBX Classes
 90
1153
280
0
281
0
  0
CLASS
  1
SCALE
  2
AcDbScale
  3
ObjectDBX Classes
 90
1153
280
0
281
0
  0
CLASS
  1
TABLESTYLE
  2
AcDbTableStyle
  3
ObjectDBX Classes
 90
4095
280
0
281
0
  0
CLASS
  1
MLEADERSTYLE
  2
AcDbMLeaderStyle
  3
ACDB_MLEADERSTYLE_CLASS
 90
4095
280
0
281
0
  0
CLASS
  1
DICTIONARYVAR
  2
AcDbDictionaryVar
  3
ObjectDBX Classes
 90
0
280
0
281
0
  0
CLASS
  1
CELLSTYLEMAP
  2
AcDbCellStyleMap
  3
ObjectDBX Classes
 90
1152
280
0
281
0
  0
CLASS
  1
MENTALRAYRENDERSETTINGS
  2
AcDbMentalRayRenderSettings
  3
SCENEOE
 90
1024
280
0
281
0
  0
CLASS
  1
ACDBDETAILVIEWSTYLE
  2
AcDbDetailViewStyle
  3
ObjectDBX Classes
 90
1025
280
0
281
0
  0
CLASS
  1
ACDBSECTIONVIEWSTYLE
  2
AcDbSectionViewStyle
  3
ObjectDBX Classes
 90
1025
280
0
281
0
  0
CLASS
  1
RASTERVARIABLES
  2
AcDbRasterVariables
  3
ISM
 90
0
280
0
281
0
  0
CLASS
  1
ACDBPLACEHOLDER
  2
AcDbPlaceHolder
  3
ObjectDBX Classes
 90
0
280
0
281
0
  0
CLASS
  1
LAYOUT
  2
AcDbLayout
  3
ObjectDBX Classes
 90
0
280
0
281
0
  0
ENDSEC
  0
SECTION
  2
TABLES
  0
TABLE
  2
VPORT
  5
8
330
0
100
AcDbSymbolTable
 70
1
  0
VPORT
  5
23
330
8
100
AcDbSymbolTableRecord
100
AcDbViewportTableRecord
  2
*Active
 70
0
 10
0.0
 20
0.0
 11
1.0
 21
1.0
 12
0.0
 22
0.0
 13
0.0
 23
0.0
 14
0.5
 24
0.5
 15
0.5
 25
0.5
 16
0.0
 26
0.0
 36
1.0
 17
0.0
 27
0.0
 37
0.0
 40
1000.0
 41
1.34
 42
50.0
 43
0.0
 44
0.0
 50
0.0
 51
0.0
 71
0
 72
1000
 73
1
 74
3
 75
0
 76
0
 77
0
 78
0
281
0
 65
0
146
0.0
  0
ENDTAB
  0
TABLE
  2
LTYPE
  5
2
330
0
100
AcDbSymbolTable
 70
3
  0
LTYPE
  5
24
330
2
100
AcDbSymbolTableRecord
100
AcDbLinetypeTableRecord
  2
ByBlock
 70
0
  3

 72
65
 73
0
 40
0.0
  0
LTYPE
  5
25
330
2
100
AcDbSymbolTableRecord
100
AcDbLinetypeTableRecord
  2
ByLayer
 70
0
  3

 72
65
 73
0
 40
0.0
  0
LTYPE
  5
26
330
2
100
AcDbSymbolTableRecord
100
AcDbLinetypeTableRecord
  2
Continuous
 70
0
  3

 72
65
 73
0
 40
0.0
  0
ENDTAB
  0
TABLE
  2
LAYER
  5
1
330
0
100
AcDbSymbolTable
 70
4
  0
LAYER
  5
27
330
1
100
AcDbSymbolTableRecord
100
AcDbLayerTableRecord
  2
0
 70
0
 62
7
  6
Continuous
370
-3
390
13
  0
LAYER
  5
28
330
1
100
AcDbSymbolTableRecord
100
AcDbLayerTableRecord
  2
Defpoints
 70
0
 62
7
  6
Continuous
290
0
370
-3
390
13
  0
LAYER
  5
2F
330
1
100
AcDbSymbolTableRecord
100
AcDbLayerTableRecord
  2
CUT
 70
0
 62
1
  6
Continuous
370
-3
390
13
  0
LAYER
  5
30
330
1
100
AcDbSymbolTableRecord
100
AcDbLayerTableRecord
  2
RASTER
 70
0
 62
7
  6
Continuous
370
-3
390
13
  0
ENDTAB
  0
TABLE
  2
STYLE
  5
5
330
0
100
AcDbSymbolTable
 70
1
  0
STYLE
  5
29
330
5
100
AcDbSymbolTableRecord
100
AcDbTextStyleTableRecord
  2
Standard
 70
0
 40
0.0
 41
1.0
 50
0.0
 71
0
 42
2.5
  3
txt
  4

  0
ENDTAB
  0
TABLE
  2
VIEW
  5
7
330
0
100
AcDbSymbolTable
 70
0
  0
ENDTAB
  0
TABLE
  2
UCS
  5
6
330
0
100
AcDbSymbolTable
 70
0
  0
ENDTAB
  0
TABLE
  2
APPID
  5
3
330
0
100
AcDbSymbolTable
 70
3
  0
APPID
  5
2A
330
3
100
AcDbSymbolTableRecord
100
AcDbRegAppTableRecord
  2
ACAD
 70
0
  0
APPID
  5
3BE
330
3
100
AcDbSymbolTableRecord
100
AcDbRegAppTableRecord
  2
HATCHBACKGROUNDCOLOR
 70
0
  0
APPID
  5
3BF
330
3
100
AcDbSymbolTableRecord
100
AcDbRegAppTableRecord
  2
EZDXF
 70
0
  0
ENDTAB
  0
TABLE
  2
DIMSTYLE
  5
4
330
0
100
AcDbSymbolTable
 70
1
100
AcDbDimStyleTable
  0
DIMSTYLE
105
2B
330
4
100
AcDbSymbolTableRecord
100
AcDbDimStyleTableRecord
  2
Standard
 70
0
  3

  4

 40
1.0
 41
2.5
 42
0.625
 43
3.75
 44
1.25
 45
0.0
 46
0.0
 47
0.0
 48
0.0
140
2.5
141
2.5
142
0.0
143
0.03937007874
144
1.0
145
0.0
146
1.0
147
0.625
148
0.0
 71
0
 72
0
 73
0
 74
0
 75
0
 76
0
 77
1
 78
8
 79
3
170
0
171
3
172
1
173
0
174
0
175
0
176
0
177
0
178
0
179
2
271
2
272
2
273
2
274
3
275
0
276
0
277
2
278
44
279
0
280
0
281
0
282
0
283
0
284
8
285
0
286
0
288
0
289
3
371
-2
372
-2
  0
ENDTAB
  0
TABLE
  2
BLOCK_RECORD
  5
9
330
0
100
AcDbSymbolTable
 70
2
  0
BLOCK_RECORD
  5
17
330
9
100
AcDbSymbolTableRecord
100
AcDbBlockTableRecord
  2
*Model_Space
340
1A
  0
BLOCK_RECORD
  5
1B
330
9
100
AcDbSymbolTableRecord
100
AcDbBlockTableRecord
  2
*Paper_Space
340
1E
  0
ENDTAB
  0
ENDSEC
  0
SECTION
  2
BLOCKS
  0
BLOCK
  5
18
330
17
100
AcDbEntity
  8
0
100
AcDbBlockBegin
  2
*Model_Space
 70
0
 10
0.0
 20
0.0
 30
0.0
  3
*Model_Space
  1

  0
ENDBLK
  5
19
330
17
100
AcDbEntity
  8
0
100
AcDbBlockEnd
  0
BLOCK
  5
1C
330
1B
100
AcDbEntity
  8
0
100
AcDbBlockBegin
  2
*Paper_Space
 70
0
 10
0.0
 20
0.0
 30
0.0
  3
*Paper_Space
  1

  0
ENDBLK
  5
1D
330
1B
100
AcDbEntity
  8
0
100
AcDbBlockEnd
  0
ENDSEC
  0
SECTION
  2
ENTITIES
  0
HATCH
  5
31
330
17
100
AcDbEntity
  8
RASTER
 62
7
100
AcDbHatch
 10
0.0
 20
0.0
 30
0.0
210
0.0
220
0.0
230
1.0
  2
SOLID
 70
1
 71
0
 91
1
 92
3
 72
0
 73
1
 93
54
 10
25.825
 20
647.697
 10
25.685
 20
647.628
 10
25.569
 20
647.59
 10
25.479
 20
647.584
 10
25.414
 20
647.61
 10
25.374
 20
647.668
 10
25.359
 20
647.757
 10
25.37
 20
647.878
 10
25.405
 20
648.03
 10
26.111
 20
650.5
 10
26.166
 20
650.663
 10
26.233
 20
650.816
 10
26.314
 20
650.958
 10
26.408
 20
651.09
 10
26.515
 20
651.212
 10
26.636
 20
651.323
 10
26.769
 20
651.423
 10
26.916
 20
651.514
 10
33.485
 20
655.163
 10
33.634
 20
655.233
 10
33.774
 20
655.274
 10
33.906
 20
655.284
 10
34.029
 20
655.265
 10
34.144
 20
655.216
 10
34.25
 20
655.138
 10
34.348
 20
655.029
 10
34.437
 20
654.891
 10
38.087
 20
648.322
 10
38.164
 20
648.168
 10
38.224
 20
648.012
 10
38.267
 20
647.854
 10
38.294
 20
647.694
 10
38.304
 20
647.532
 10
38.298
 20
647.369
 10
38.274
 20
647.203
 10
38.235
 20
647.036
 10
37.529
 20
644.566
 10
37.479
 20
644.418
 10
37.424
 20
644.31
 10
37.364
 20
644.242
 10
37.3
 20
644.214
 10
37.231
 20
644.227
 10
37.157
 20
644.279
 10
37.079
 20
644.372
 10
36.996
 20
644.505
 10
33.347
 20
651.074
 10
33.258
 20
651.212
 10
33.16
 20
651.321
 10
33.053
 20
651.4
 10
32.939
 20
651.448
 10
32.815
 20
651.468
 10
32.684
 20
651.457
 10
32.543
 20
651.417
 10
32.394
 20
651.346
 97
0
 75
0
 76
1
 98
0
  0
HATCH
  5
32
330
17
100
AcDbEntity
  8
RASTER
 62
7
100
AcDbHatch
 10
0.0
 20
0.0
 30
0.0
210
0.0
220
0.0
230
1.0
  2
SOLID
 70
1
 71
0
 91
1
 92
3
 72
0
 73
1
 93
54
 10
26.279
 20
623.441
 10
26.149
 20
623.353
 10
26.04
 20
623.3
 10
25.951
 20
623.282
 10
25.883
 20
623.299
 10
25.836
 20
623.35
 10
25.809
 20
623.437
 10
25.803
 20
623.558
 10
25.817
 20
623.714
 10
26.181
 20
626.256
 10
26.213
 20
626.426
 10
26.259
 20
626.586
 10
26.32
 20
626.738
 10
26.395
 20
626.882
 10
26.485
 20
627.017
 10
26.589
 20
627.143
 10
26.707
 20
627.261
 10
26.84
 20
627.37
 10
32.852
 20
631.879
 10
32.99
 20
631.969
 10
33.123
 20
632.028
 10
33.253
 20
632.056
 10
33.377
 20
632.054
 10
33.498
 20
632.021
 10
33.614
 20
631.958
 10
33.725
 20
631.864
 10
33.833
 20
631.739
 10
38.342
 20
625.727
 10
38.439
 20
625.585
 10
38.519
 20
625.439
 10
38.584
 20
625.288
 10
38.632
 20
625.133
 10
38.664
 20
624.975
 10
38.68
 20
624.812
 10
38.68
 20
624.645
 10
38.663
 20
624.473
 10
38.3
 20
621.931
 10
38.27
 20
621.777
 10
38.23
 20
621.662
 10
38.18
 20
621.587
 10
38.12
 20
621.551
 10
38.05
 20
621.554
 10
37.97
 20
621.596
 10
37.88
 20
621.677
 10
37.78
 20
621.797
 10
33.271
 20
627.809
 10
33.164
 20
627.934
 10
33.052
 20
628.028
 10
32.936
 20
628.092
 10
32.816
 20
628.125
 10
32.691
 20
628.127
 10
32.562
 20
628.098
 10
32.429
 20
628.039
 10
32.291
 20
627.95
 97
0
 75
0
 76
1
 98
0
  0
HATCH
  5
33
330
17
100
AcDbEntity
  8
RASTER
 62
7
100
AcDbHatch
 10
0.0
 20
0.0
 30
0.0
210
0.0
220
0.0
230
1.0
  2
SOLID
 70
1
 71
0
 91
1
 92
3
 72
0
 73
1
 93
54
 10
26.877
 20
599.222
 10
26.761
 20
599.117
 10
26.66
 20
599.049
 10
26.575
 20
599.019
 10
26.505
 20
599.026
 10
26.451
 20
599.07
 10
26.412
 20
599.152
 10
26.389
 20
599.271
 10
26.381
 20
599.428
 10
26.381
 20
601.996
 10
26.389
 20
602.168
 10
26.412
 20
602.333
 10
26.451
 20
602.493
 10
26.505
 20
602.645
 10
26.575
 20
602.792
 10
26.66
 20
602.931
 10
26.761
 20
603.065
 10
26.877
 20
603.192
 10
32.191
 20
608.506
 10
32.314
 20
608.614
 10
32.438
 20
608.691
 10
32.562
 20
608.738
 10
32.686
 20
608.753
 10
32.81
 20
608.738
 10
32.934
 20
608.691
 10
33.057
 20
608.614
 10
33.181
 20
608.506
 10
38.495
 20
603.192
 10
38.611
 20
603.065
 10
38.712
 20
602.931
 10
38.797
 20
602.792
 10
38.867
 20
602.645
 10
38.921
 20
602.493
 10
38.96
 20
602.333
 10
38.983
 20
602.168
 10
38.99
 20
601.996
 10
38.99
 20
599.428
 10
38.983
 20
599.271
 10
38.96
 20
599.152
 10
38.921
 20
599.07
 10
38.867
 20
599.026
 10
38.797
 20
599.019
 10
38.712
 20
599.049
 10
38.611
 20
599.117
 10
38.495
 20
599.222
 10
33.181
 20
604.536
 10
33.057
 20
604.645
 10
32.934
 20
604.722
 10
32.81
 20
604.768
 10
32.686
 20
604.784
 10
32.562
 20
604.768
 10
32.438
 20
604.722
 10
32.314
 20
604.645
 10
32.191
 20
604.536
 97
0
 75
0
 76
1
 98
0
  0
HATCH
  5
34
330
17
100
AcDbEntity
  8
RASTER
 62
7
100
AcDbHatch
 10
0.0
 20
0.0
 30
0.0
210
0.0
220
0.0
230
1.0
  2
SOLID
 70
1
 71
0
 91
1
 92
3
 72
0
 73
1
 93
54
 10
27.592
 20
575.097
 10
27.492
 20
574.977
 10
27.402
 20
574.896
 10
27.322
 20
574.854
 10
27.252
 20
574.851
 10
27.192
 20
574.887
 10
27.142
 20
574.962
 10
27.102
 20
575.077
 10
27.072
 20
575.231
 10
26.709
 20
577.773
 10
26.692
 20
577.945
 10
26.692
 20
578.112
 10
26.708
 20
578.275
 10
26.74
 20
578.433
 10
26.788
 20
578.588
 10
26.853
 20
578.739
 10
26.933
 20
578.885
 10
27.03
 20
579.027
 10
31.539
 20
585.039
 10
31.646
 20
585.164
 10
31.758
 20
585.258
 10
31.874
 20
585.321
 10
31.995
 20
585.354
 10
32.119
 20
585.356
 10
32.248
 20
585.328
 10
32.382
 20
585.269
 10
32.52
 20
585.179
 10
38.532
 20
580.67
 10
38.665
 20
580.561
 10
38.783
 20
580.443
 10
38.887
 20
580.317
 10
38.977
 20
580.182
 10
39.052
 20
580.038
 10
39.113
 20
579.886
 10
39.159
 20
579.726
 10
39.191
 20
579.556
 10
39.555
 20
577.014
 10
39.569
 20
576.858
 10
39.563
 20
576.737
 10
39.536
 20
576.65
 10
39.489
 20
576.599
 10
39.421
 20
576.582
 10
39.332
 20
576.6
 10
39.223
 20
576.653
 10
39.093
 20
576.741
 10
33.081
 20
581.25
 10
32.943
 20
581.339
 10
32.81
 20
581.398
 10
32.681
 20
581.427
 10
32.556
 20
581.425
 10
32.435
 20
581.392
 10
32.319
 20
581.328
 10
32.208
 20
581.234
 10
32.101
 20
581.109
 97
0
 75
0
 76
1
 98
0
  0
HATCH
  5
35
330
17
100
AcDbEntity
  8
RASTER
 62
7
100
AcDbHatch
 10
0.0
 20
0.0
 30
0.0
210
0.0
220
0.0
230
1.0
  2
SOLID
 70
1
 71
0
 91
1
 92
3
 72
0
 73
1
 93
54
 10
28.375
 20
551.105
 10
28.293
 20
550.972
 10
28.215
 20
550.879
 10
28.141
 20
550.827
 10
28.072
 20
550.814
 10
28.008
 20
550.842
 10
27.948
 20
550.91
 10
27.893
 20
551.018
 10
27.843
 20
551.166
 10
27.137
 20
553.636
 10
27.097
 20
553.803
 10
27.074
 20
553.969
 10
27.068
 20
554.132
 10
27.078
 20
554.294
 10
27.105
 20
554.454
 10
27.148
 20
554.612
 10
27.208
 20
554.768
 10
27.285
 20
554.922
 10
30.935
 20
561.491
 10
31.024
 20
561.629
 10
31.122
 20
561.738
 10
31.228
 20
561.816
 10
31.343
 20
561.865
 10
31.466
 20
561.884
 10
31.598
 20
561.874
 10
31.738
 20
561.833
 10
31.887
 20
561.763
 10
38.456
 20
558.114
 10
38.603
 20
558.023
 10
38.736
 20
557.923
 10
38.856
 20
557.812
 10
38.964
 20
557.69
 10
39.058
 20
557.558
 10
39.139
 20
557.416
 10
39.206
 20
557.263
 10
39.261
 20
557.1
 10
39.967
 20
554.63
 10
40.002
 20
554.478
 10
40.013
 20
554.357
 10
39.998
 20
554.268
 10
39.958
 20
554.21
 10
39.893
 20
554.184
 10
39.803
 20
554.19
 10
39.687
 20
554.228
 10
39.547
 20
554.297
 10
32.978
 20
557.946
 10
32.829
 20
558.017
 10
32.688
 20
558.057
 10
32.557
 20
558.068
 10
32.433
 20
558.048
 10
32.318
 20
558.0
 10
32.212
 20
557.921
 10
32.114
 20
557.812
 10
32.025
 20
557.674
 97
0
 75
0
 76
1
 98
0
  0
HATCH
  5
36
330
17
100
AcDbEntity
  8
RASTER
 62
7
100
AcDbHatch
 10
0.0
 20
0.0
 30
0.0
210
0.0
220
0.0
230
1.0
  2
SOLID
 70
1
 71
0
 91
1
 92
3
 72
0
 73
1
 93
54
 10
48.628
 20
696.624
 10
48.473
 20
696.601
 10
48.351
 20
696.601
 10
48.264
 20
696.623
 10
48.21
 20
696.667
 10
48.189
 20
696.734
 10
48.202
 20
696.823
 10
48.249
 20
696.935
 10
48.329
 20
697.07
 10
49.754
 20
699.207
 10
49.856
 20
699.346
 10
49.967
 20
699.47
 10
50.087
 20
699.581
 10
50.217
 20
699.678
 10
50.356
 20
699.761
 10
50.505
 20
699.831
 10
50.663
 20
699.886
 10
50.83
 20
699.927
 10
58.199
 20
701.401
 10
58.362
 20
701.422
 10
58.508
 20
701.418
 10
58.636
 20
701.388
 10
58.748
 20
701.332
 10
58.843
 20
701.251
 10
58.92
 20
701.143
 10
58.98
 20
701.01
 10
59.023
 20
700.851
 10
60.497
 20
693.482
 10
60.523
 20
693.312
 10
60.532
 20
693.145
 10
60.526
 20
692.982
 10
60.503
 20
692.822
 10
60.463
 20
692.664
 10
60.407
 20
692.511
 10
60.334
 20
692.36
 10
60.245
 20
692.213
 10
58.821
 20
690.076
 10
58.727
 20
689.95
 10
58.642
 20
689.863
 10
58.565
 20
689.817
 10
58.495
 20
689.81
 10
58.433
 20
689.843
 10
58.379
 20
689.915
 10
58.333
 20
690.028
 10
58.295
 20
690.18
 10
56.821
 20
697.549
 10
56.778
 20
697.707
 10
56.718
 20
697.84
 10
56.641
 20
697.948
 10
56.546
 20
698.029
 10
56.435
 20
698.085
 10
56.306
 20
698.115
 10
56.16
 20
698.12
 10
55.997
 20
698.098
 97
0
 75
0
 76
1
 98
0
  0
HATCH
  5
37
330
17
100
AcDbEntity
  8
RASTER
 62
7
100
AcDbHatch
 10
0.0
 20
0.0
 30
0.0
210
0.0
220
0.0
230
1.0
  2
SOLID
 70
1
 71
0
 91
1
 92
3
 72
0
 73
1
 93
54
 10
52.916
 20
527.064
 10
52.859
 20
526.918
 10
52.799
 20
526.813
 10
52.737
 20
526.748
 10
52.671
 20
526.723
 10
52.603
 20
526.738
 10
52.532
 20
526.794
 10
52.458
 20
526.89
 10
52.381
 20
527.026
 10
51.232
 20
529.324
 10
51.162
 20
529.481
 10
51.109
 20
529.639
 10
51.073
 20
529.799
 10
51.053
 20
529.96
 10
51.05
 20
530.122
 10
51.063
 20
530.285
 10
51.094
 20
530.449
 10
51.141
 20
530.615
 10
53.517
 20
537.744
 10
53.579
 20
537.896
 10
53.656
 20
538.021
 10
53.746
 20
538.118
 10
53.849
 20
538.187
 10
53.967
 20
538.229
 10
54.099
 20
538.243
 10
54.244
 20
538.229
 10
54.403
 20
538.187
 10
61.532
 20
535.811
 10
61.693
 20
535.749
 10
61.843
 20
535.675
 10
61.981
 20
535.588
 10
62.109
 20
535.488
 10
62.226
 20
535.376
 10
62.332
 20
535.251
 10
62.426
 20
535.113
 10
62.51
 20
534.963
 10
63.659
 20
532.665
 10
63.722
 20
532.522
 10
63.754
 20
532.405
 10
63.756
 20
532.315
 10
63.728
 20
532.251
 10
63.669
 20
532.213
 10
63.579
 20
532.203
 10
63.459
 20
532.218
 10
63.308
 20
532.26
 10
56.178
 20
534.637
 10
56.019
 20
534.678
 10
55.874
 20
534.692
 10
55.742
 20
534.678
 10
55.625
 20
534.637
 10
55.521
 20
534.568
 10
55.431
 20
534.471
 10
55.355
 20
534.346
 10
55.292
 20
534.194
 97
0
 75
0
 76
1
 98
0
  0
HATCH
  5
38
330
17
100
AcDbEntity
  8
RASTER
 62
7
100
AcDbHatch
 10
0.0
 20
0.0
 30
0.0
210
0.0
220
0.0
230
1.0
  2
SOLID
 70
1
 71
0
 91
1
 92
3
 72
0
 73
1
 93
54
 10
71.996
 20
721.44
 10
71.84
 20
721.447
 10
71.721
 20
721.471
 10
71.639
 20
721.509
 10
71.595
 20
721.563
 10
71.588
 20
721.633
 10
71.618
 20
721.718
 10
71.686
 20
721.819
 10
71.791
 20
721.935
 10
73.607
 20
723.751
 10
73.734
 20
723.867
 10
73.868
 20
723.968
 10
74.007
 20
724.053
 10
74.154
 20
724.123
 10
74.306
 20
724.177
 10
74.466
 20
724.215
 10
74.631
 20
724.239
 10
74.803
 20
724.246
 10
82.318
 20
724.246
 10
82.482
 20
724.236
 10
82.624
 20
724.203
 10
82.745
 20
724.148
 10
82.843
 20
724.071
 10
82.92
 20
723.973
 10
82.975
 20
723.852
 10
83.007
 20
723.71
 10
83.018
 20
723.546
 10
83.018
 20
716.031
 10
83.011
 20
715.859
 10
82.987
 20
715.694
 10
82.949
 20
715.535
 10
82.895
 20
715.382
 10
82.825
 20
715.236
 10
82.74
 20
715.096
 10
82.639
 20
714.962
 10
82.523
 20
714.835
 10
80.707
 20
713.019
 10
80.591
 20
712.914
 10
80.49
 20
712.846
 10
80.405
 20
712.816
 10
80.335
 20
712.823
 10
80.281
 20
712.867
 10
80.242
 20
712.949
 10
80.219
 20
713.068
 10
80.212
 20
713.224
 10
80.212
 20
720.739
 10
80.201
 20
720.903
 10
80.168
 20
721.046
 10
80.113
 20
721.166
 10
80.036
 20
721.264
 10
79.938
 20
721.341
 10
79.817
 20
721.396
 10
79.675
 20
721.429
 10
79.511
 20
721.44
 97
0
 75
0
 76
1
 98
0
  0
HATCH
  5
39
330
17
100
AcDbEntity
  8
RASTER
 62
7
100
AcDbHatch
 10
0.0
 20
0.0
 30
0.0
210
0.0
220
0.0
230
1.0
  2
SOLID
 70
1
 71
0
 91
1
 92
3
 72
0
 73
1
 93
54
 10
78.56
 20
479.724
 10
78.553
 20
479.568
 10
78.529
 20
479.449
 10
78.491
 20
479.367
 10
78.437
 20
479.323
 10
78.367
 20
479.316
 10
78.282
 20
479.346
 10
78.181
 20
479.414
 10
78.065
 20
479.519
 10
76.249
 20
481.335
 10
76.133
 20
481.462
 10
76.032
 20
481.596
 10
75.947
 20
481.736
 10
75.877
 20
481.882
 10
75.823
 20
482.035
 10
75.785
 20
482.194
 10
75.761
 20
482.359
 10
75.754
 20
482.531
 10
75.754
 20
490.046
 10
75.764
 20
490.21
 10
75.797
 20
490.352
 10
75.852
 20
490.473
 10
75.929
 20
490.571
 10
76.027
 20
490.648
 10
76.148
 20
490.703
 10
76.29
 20
490.736
 10
76.454
 20
490.746
 10
83.969
 20
490.746
 10
84.141
 20
490.739
 10
84.306
 20
490.715
 10
84.465
 20
490.677
 10
84.618
 20
490.623
 10
84.764
 20
490.553
 10
84.904
 20
490.468
 10
85.038
 20
490.367
 10
85.165
 20
490.251
 10
86.981
 20
488.435
 10
87.086
 20
488.319
 10
87.154
 20
488.218
 10
87.184
 20
488.133
 10
87.177
 20
488.063
 10
87.133
 20
488.009
 10
87.051
 20
487.971
 10
86.932
 20
487.947
 10
86.776
 20
487.94
 10
79.261
 20
487.94
 10
79.097
 20
487.929
 10
78.954
 20
487.896
 10
78.834
 20
487.841
 10
78.736
 20
487.764
 10
78.659
 20
487.666
 10
78.604
 20
487.546
 10
78.571
 20
487.403
 10
78.56
 20
487.239
 97
0
 75
0
 76
1
 98
0
  0
HATCH
  5
3A
330
17
100
AcDbEntity
  8
RASTER
 62
7
100
AcDbHatch
 10
0.0
 20
0.0
 30
0.0
210
0.0
220
0.0
230
1.0
  2
SOLID
 70
1
 71
0
 91
1
 92
3
 72
0
 73
1
 93
54
 10
95.652
 20
746.223
 10
95.5
 20
746.261
 10
95.387
 20
746.307
 10
95.315
 20
746.361
 10
95.282
 20
746.423
 10
95.289
 20
746.493
 10
95.335
 20
746.57
 10
95.422
 20
746.656
 10
95.547
 20
746.749
 10
97.685
 20
748.174
 10
97.832
 20
748.262
 10
97.983
 20
748.335
 10
98.136
 20
748.391
 10
98.293
 20
748.431
 10
98.454
 20
748.454
 10
98.617
 20
748.461
 10
98.784
 20
748.451
 10
98.954
 20
748.425
 10
106.323
 20
746.951
 10
106.482
 20
746.908
 10
106.615
 20
746.848
 10
106.723
 20
746.771
 10
106.804
 20
746.676
 10
106.86
 20
746.565
 10
106.89
 20
746.436
 10
106.894
 20
746.29
 10
106.873
 20
746.127
 10
105.399
 20
738.758
 10
105.358
 20
738.591
 10
105.302
 20
738.433
 10
105.233
 20
738.284
 10
105.15
 20
738.145
 10
105.053
 20
738.016
 10
104.942
 20
737.895
 10
104.818
 20
737.784
 10
104.679
 20
737.682
 10
102.542
 20
736.257
 10
102.407
 20
736.177
 10
102.295
 20
736.13
 10
102.206
 20
736.117
 10
102.139
 20
736.138
 10
102.094
 20
736.192
 10
102.073
 20
736.28
 10
102.073
 20
736.401
 10
102.096
 20
736.556
 10
103.57
 20
743.925
 10
103.591
 20
744.088
 10
103.587
 20
744.234
 10
103.557
 20
744.363
 10
103.501
 20
744.474
 10
103.42
 20
744.569
 10
103.312
 20
744.646
 10
103.179
 20
744.706
 10
103.02
 20
744.749
 97
0
 75
0
 76
1
 98
0
  0
HATCH
  5
3B
330
17
100
AcDbEntity
  8
RASTER
 62
7
100
AcDbHatch
 10
0.0
 20
0.0
 30
0.0
210
0.0
220
0.0
230
1.0
  2
SOLID
 70
1
 71
0
 91
1
 92
3
 72
0
 73
1
 93
54
 10
103.376
 20
456.356
 10
103.399
 20
456.201
 10
103.399
 20
456.08
 10
103.377
 20
455.992
 10
103.333
 20
455.938
 10
103.266
 20
455.917
 10
103.177
 20
455.93
 10
103.065
 20
455.977
 10
102.93
 20
456.057
 10
100.793
 20
457.482
 10
100.654
 20
457.584
 10
100.53
 20
457.695
 10
100.419
 20
457.816
 10
100.322
 20
457.945
 10
100.239
 20
458.084
 10
100.169
 20
458.233
 10
100.114
 20
458.391
 10
100.073
 20
458.558
 10
98.599
 20
465.927
 10
98.578
 20
466.09
 10
98.582
 20
466.236
 10
98.612
 20
466.365
 10
98.668
 20
466.476
 10
98.749
 20
466.571
 10
98.857
 20
466.648
 10
98.99
 20
466.708
 10
99.149
 20
466.751
 10
106.518
 20
468.225
 10
106.688
 20
468.251
 10
106.855
 20
468.261
 10
107.018
 20
468.254
 10
107.178
 20
468.231
 10
107.336
 20
468.191
 10
107.489
 20
468.135
 10
107.64
 20
468.062
 10
107.787
 20
467.974
 10
109.924
 20
466.549
 10
110.05
 20
466.456
 10
110.137
 20
466.37
 10
110.183
 20
466.293
 10
110.19
 20
466.223
 10
110.157
 20
466.161
 10
110.085
 20
466.107
 10
109.972
 20
466.061
 10
109.82
 20
466.023
 10
102.451
 20
464.549
 10
102.293
 20
464.506
 10
102.16
 20
464.446
 10
102.052
 20
464.369
 10
101.971
 20
464.274
 10
101.915
 20
464.163
 10
101.885
 20
464.034
 10
101.88
 20
463.888
 10
101.902
 20
463.725
 97
0
 75
0
 76
1
 98
0
  0
HATCH
  5
3C
330
17
100
AcDbEntity
  8
RASTER
 62
7
100
AcDbHatch
 10
0.0
 20
0.0
 30
0.0
210
0.0
220
0.0
230
1.0
  2
SOLID
 70
1
 71
0
 91
1
 92
3
 72
0
 73
1
 93
54
 10
119.336
 20
747.084
 10
119.19
 20
747.141
 10
119.085
 20
747.201
 10
119.02
 20
747.263
 10
118.995
 20
747.329
 10
119.01
 20
747.397
 10
119.066
 20
747.468
 10
119.162
 20
747.542
 10
119.298
 20
747.619
 10
121.596
 20
748.768
 10
121.753
 20
748.838
 10
121.911
 20
748.891
 10
122.071
 20
748.927
 10
122.232
 20
748.947
 10
122.394
 20
748.95
 10
122.557
 20
748.937
 10
122.721
 20
748.906
 10
122.887
 20
748.859
 10
130.016
 20
746.483
 10
130.168
 20
746.421
 10
130.293
 20
746.344
 10
130.39
 20
746.254
 10
130.459
 20
746.151
 10
130.501
 20
746.033
 10
130.514
 20
745.901
 10
130.501
 20
745.756
 10
130.459
 20
745.597
 10
128.083
 20
738.468
 10
128.021
 20
738.307
 10
127.947
 20
738.157
 10
127.86
 20
738.019
 10
127.76
 20
737.891
 10
127.648
 20
737.774
 10
127.523
 20
737.668
 10
127.385
 20
737.574
 10
127.235
 20
737.49
 10
124.937
 20
736.341
 10
124.794
 20
736.278
 10
124.677
 20
736.246
 10
124.587
 20
736.244
 10
124.523
 20
736.272
 10
124.485
 20
736.331
 10
124.475
 20
736.421
 10
124.49
 20
736.541
 10
124.532
 20
736.692
 10
126.909
 20
743.822
 10
126.95
 20
743.981
 10
126.964
 20
744.126
 10
126.95
 20
744.258
 10
126.909
 20
744.375
 10
126.839
 20
744.479
 10
126.743
 20
744.569
 10
126.618
 20
744.645
 10
126.466
 20
744.708
 97
0
 75
0
 76
1
 98
0
  0
HATCH
  5
3D
330
17
100
AcDbEntity
  8
RASTER
 62
7
100
AcDbHatch
 10
0.0
 20
0.0
 30
0.0
210
0.0
220
0.0
230
1.0
  2
SOLID
 70
1
 71
0
 91
1
 92
3
 72
0
 73
1
 93
54
 10
127.64
 20
456.492
 10
127.682
 20
456.341
 10
127.697
 20
456.221
 10
127.687
 20
456.131
 10
127.649
 20
456.072
 10
127.585
 20
456.044
 10
127.495
 20
456.046
 10
127.378
 20
456.078
 10
127.235
 20
456.141
 10
124.937
 20
457.29
 10
124.787
 20
457.374
 10
124.649
 20
457.468
 10
124.524
 20
457.574
 10
124.412
 20
457.691
 10
124.312
 20
457.819
 10
124.225
 20
457.957
 10
124.151
 20
458.107
 10
124.089
 20
458.268
 10
121.713
 20
465.397
 10
121.671
 20
465.556
 10
121.657
 20
465.701
 10
121.671
 20
465.833
 10
121.713
 20
465.951
 10
121.782
 20
466.054
 10
121.879
 20
466.144
 10
122.004
 20
466.221
 10
122.156
 20
466.283
 10
129.285
 20
468.659
 10
129.451
 20
468.706
 10
129.615
 20
468.737
 10
129.778
 20
468.75
 10
129.94
 20
468.747
 10
130.101
 20
468.727
 10
130.261
 20
468.691
 10
130.419
 20
468.638
 10
130.576
 20
468.568
 10
132.874
 20
467.419
 10
133.01
 20
467.342
 10
133.106
 20
467.268
 10
133.162
 20
467.197
 10
133.177
 20
467.129
 10
133.152
 20
467.063
 10
133.087
 20
467.001
 10
132.982
 20
466.941
 10
132.836
 20
466.884
 10
125.706
 20
464.508
 10
125.554
 20
464.445
 10
125.429
 20
464.369
 10
125.332
 20
464.279
 10
125.263
 20
464.175
 10
125.222
 20
464.058
 10
125.208
 20
463.926
 10
125.222
 20
463.781
 10
125.263
 20
463.622
 97
0
 75
0
 76
1
 98
0
  0
HATCH
  5
3E
330
17
100
AcDbEntity
  8
RASTER
 62
7
100
AcDbHatch
 10
0.0
 20
0.0
 30
0.0
210
0.0
220
0.0
230
1.0
  2
SOLID
 70
1
 71
0
 91
1
 92
3
 72
0
 73
1
 93
54
 10
143.377
 20
771.625
 10
143.244
 20
771.707
 10
143.151
 20
771.785
 10
143.099
 20
771.859
 10
143.086
 20
771.928
 10
143.114
 20
771.992
 10
143.182
 20
772.052
 10
143.29
 20
772.107
 10
143.438
 20
772.157
 10
145.908
 20
772.863
 10
146.075
 20
772.903
 10
146.241
 20
772.926
 10
146.404
 20
772.932
 10
146.566
 20
772.922
 10
146.726
 20
772.895
 10
146.884
 20
772.852
 10
147.04
 20
772.792
 10
147.194
 20
772.715
 10
153.763
 20
769.065
 10
153.901
 20
768.976
 10
154.01
 20
768.878
 10
154.088
 20
768.772
 10
154.137
 20
768.657
 10
154.156
 20
768.534
 10
154.146
 20
768.402
 10
154.105
 20
768.262
 10
154.035
 20
768.113
 10
150.386
 20
761.544
 10
150.295
 20
761.397
 10
150.195
 20
761.264
 10
150.084
 20
761.144
 10
149.962
 20
761.036
 10
149.83
 20
760.942
 10
149.688
 20
760.861
 10
149.535
 20
760.794
 10
149.372
 20
760.739
 10
146.902
 20
760.033
 10
146.75
 20
759.998
 10
146.629
 20
759.987
 10
146.54
 20
760.002
 10
146.482
 20
760.042
 10
146.456
 20
760.107
 10
146.462
 20
760.197
 10
146.5
 20
760.313
 10
146.569
 20
760.453
 10
150.218
 20
767.022
 10
150.289
 20
767.171
 10
150.329
 20
767.312
 10
150.34
 20
767.443
 10
150.32
 20
767.567
 10
150.271
 20
767.682
 10
150.193
 20
767.788
 10
150.084
 20
767.886
 10
149.946
 20
767.975
 97
0
 75
0
 76
1
 98
0
  0
HATCH
  5
3F
330
17
100
AcDbEntity
  8
RASTER
 62
7
100
AcDbHatch
 10
0.0
 20
0.0
 30
0.0
210
0.0
220
0.0
230
1.0
  2
SOLID
 70
1
 71
0
 91
1
 92
3
 72
0
 73
1
 93
54
 10
152.303
 20
433.553
 10
152.372
 20
433.413
 10
152.41
 20
433.297
 10
152.416
 20
433.207
 10
152.39
 20
433.142
 10
152.332
 20
433.102
 10
152.243
 20
433.087
 10
152.122
 20
433.098
 10
151.97
 20
433.133
 10
149.5
 20
433.839
 10
149.337
 20
433.894
 10
149.184
 20
433.961
 10
149.042
 20
434.042
 10
148.91
 20
434.136
 10
148.788
 20
434.244
 10
148.677
 20
434.364
 10
148.577
 20
434.497
 10
148.486
 20
434.644
 10
144.837
 20
441.213
 10
144.767
 20
441.362
 10
144.726
 20
441.502
 10
144.716
 20
441.634
 10
144.735
 20
441.757
 10
144.784
 20
441.872
 10
144.862
 20
441.978
 10
144.971
 20
442.076
 10
145.109
 20
442.165
 10
151.678
 20
445.815
 10
151.832
 20
445.892
 10
151.988
 20
445.952
 10
152.146
 20
445.995
 10
152.306
 20
446.022
 10
152.468
 20
446.032
 10
152.631
 20
446.026
 10
152.797
 20
446.003
 10
152.964
 20
445.963
 10
155.434
 20
445.257
 10
155.582
 20
445.207
 10
155.69
 20
445.152
 10
155.758
 20
445.092
 10
155.786
 20
445.028
 10
155.773
 20
444.959
 10
155.721
 20
444.885
 10
155.628
 20
444.807
 10
155.495
 20
444.725
 10
148.926
 20
441.075
 10
148.788
 20
440.986
 10
148.679
 20
440.888
 10
148.6
 20
440.782
 10
148.552
 20
440.667
 10
148.532
 20
440.543
 10
148.543
 20
440.412
 10
148.583
 20
440.271
 10
148.654
 20
440.122
 97
0
 75
0
 76
1
 98
0
  0
HATCH
  5
40
330
17
100
AcDbEntity
  8
RASTER
 62
7
100
AcDbHatch
 10
0.0
 20
0.0
 30
0.0
210
0.0
220
0.0
230
1.0
  2
SOLID
 70
1
 71
0
 91
1
 92
3
 72
0
 73
1
 93
54
 10
167.369
 20
772.408
 10
167.249
 20
772.508
 10
167.168
 20
772.598
 10
167.125
 20
772.678
 10
167.122
 20
772.748
 10
167.159
 20
772.808
 10
167.234
 20
772.858
 10
167.349
 20
772.898
 10
167.502
 20
772.928
 10
170.045
 20
773.291
 10
170.216
 20
773.308
 10
170.384
 20
773.308
 10
170.547
 20
773.292
 10
170.705
 20
773.26
 10
170.86
 20
773.212
 10
171.01
 20
773.147
 10
171.157
 20
773.067
 10
171.299
 20
772.97
 10
177.311
 20
768.461
 10
177.436
 20
768.354
 10
177.53
 20
768.242
 10
177.593
 20
768.126
 10
177.626
 20
768.005
 10
177.628
 20
767.881
 10
177.6
 20
767.752
 10
177.541
 20
767.618
 10
177.451
 20
767.48
 10
172.942
 20
761.468
 10
172.833
 20
761.335
 10
172.715
 20
761.217
 10
172.588
 20
761.113
 10
172.453
 20
761.023
 10
172.31
 20
760.948
 10
172.158
 20
760.887
 10
171.997
 20
760.841
 10
171.828
 20
760.809
 10
169.286
 20
760.445
 10
169.13
 20
760.431
 10
169.009
 20
760.437
 10
168.922
 20
760.464
 10
168.871
 20
760.511
 10
168.854
 20
760.579
 10
168.872
 20
760.668
 10
168.925
 20
760.777
 10
169.012
 20
760.907
 10
173.521
 20
766.919
 10
173.611
 20
767.057
 10
173.67
 20
767.19
 10
173.699
 20
767.319
 10
173.697
 20
767.444
 10
173.664
 20
767.565
 10
173.6
 20
767.681
 10
173.506
 20
767.792
 10
173.381
 20
767.899
 97
0
 75
0
 76
1
 98
0
  0
HATCH
  5
41
330
17
100
AcDbEntity
  8
RASTER
 62
7
100
AcDbHatch
 10
0.0
 20
0.0
 30
0.0
210
0.0
220
0.0
230
1.0
  2
SOLID
 70
1
 71
0
 91
1
 92
3
 72
0
 73
1
 93
54
 10
176.559
 20
434.007
 10
176.647
 20
433.877
 10
176.7
 20
433.768
 10
176.718
 20
433.679
 10
176.701
 20
433.611
 10
176.65
 20
433.564
 10
176.563
 20
433.537
 10
176.442
 20
433.531
 10
176.286
 20
433.545
 10
173.744
 20
433.909
 10
173.574
 20
433.941
 10
173.414
 20
433.987
 10
173.262
 20
434.048
 10
173.118
 20
434.123
 10
172.983
 20
434.213
 10
172.857
 20
434.317
 10
172.739
 20
434.435
 10
172.63
 20
434.568
 10
168.121
 20
440.58
 10
168.031
 20
440.718
 10
167.972
 20
440.852
 10
167.944
 20
440.981
 10
167.946
 20
441.105
 10
167.979
 20
441.226
 10
168.042
 20
441.342
 10
168.136
 20
441.454
 10
168.261
 20
441.561
 10
174.273
 20
446.07
 10
174.415
 20
446.167
 10
174.561
 20
446.247
 10
174.712
 20
446.312
 10
174.867
 20
446.36
 10
175.025
 20
446.392
 10
175.188
 20
446.408
 10
175.355
 20
446.408
 10
175.527
 20
446.391
 10
178.069
 20
446.028
 10
178.223
 20
445.998
 10
178.338
 20
445.958
 10
178.413
 20
445.908
 10
178.449
 20
445.848
 10
178.446
 20
445.778
 10
178.404
 20
445.698
 10
178.323
 20
445.608
 10
178.203
 20
445.508
 10
172.191
 20
440.999
 10
172.066
 20
440.892
 10
171.972
 20
440.781
 10
171.908
 20
440.665
 10
171.875
 20
440.544
 10
171.873
 20
440.419
 10
171.902
 20
440.29
 10
171.961
 20
440.157
 10
172.05
 20
440.019
 97
0
 75
0
 76
1
 98
0
  0
HATCH
  5
42
330
17
100
AcDbEntity
  8
RASTER
 62
7
100
AcDbHatch
 10
0.0
 20
0.0
 30
0.0
210
0.0
220
0.0
230
1.0
  2
SOLID
 70
1
 71
0
 91
1
 92
3
 72
0
 73
1
 93
54
 10
191.494
 20
773.123
 10
191.389
 20
773.239
 10
191.321
 20
773.34
 10
191.291
 20
773.425
 10
191.298
 20
773.495
 10
191.342
 20
773.549
 10
191.424
 20
773.588
 10
191.543
 20
773.611
 10
191.699
 20
773.619
 10
194.268
 20
773.619
 10
194.44
 20
773.611
 10
194.605
 20
773.588
 10
194.764
 20
773.549
 10
194.917
 20
773.495
 10
195.063
 20
773.425
 10
195.203
 20
773.34
 10
195.337
 20
773.239
 10
195.464
 20
773.123
 10
200.778
 20
767.809
 10
200.886
 20
767.686
 10
200.963
 20
767.562
 10
201.01
 20
767.438
 10
201.025
 20
767.314
 10
201.01
 20
767.19
 10
200.963
 20
767.066
 10
200.886
 20
766.943
 10
200.778
 20
766.819
 10
195.464
 20
761.505
 10
195.337
 20
761.389
 10
195.203
 20
761.288
 10
195.063
 20
761.203
 10
194.917
 20
761.133
 10
194.764
 20
761.079
 10
194.605
 20
761.04
 10
194.44
 20
761.017
 10
194.268
 20
761.01
 10
191.699
 20
761.01
 10
191.543
 20
761.017
 10
191.424
 20
761.04
 10
191.342
 20
761.079
 10
191.298
 20
761.133
 10
191.291
 20
761.203
 10
191.321
 20
761.288
 10
191.389
 20
761.389
 10
191.494
 20
761.505
 10
196.808
 20
766.819
 10
196.916
 20
766.943
 10
196.994
 20
767.066
 10
197.04
 20
767.19
 10
197.056
 20
767.314
 10
197.04
 20
767.438
 10
196.994
 20
767.562
 10
196.916
 20
767.686
 10
196.808
 20
767.809
 97
0
 75
0
 76
1
 98
0
  0
HATCH
  5
43
330
17
100
AcDbEntity
  8
RASTER
 62
7
100
AcDbHatch
 10
0.0
 20
0.0
 30
0.0
210
0.0
220
0.0
230
1.0
  2
SOLID
 70
1
 71
0
 91
1
 92
3
 72
0
 73
1
 93
54
 10
200.778
 20
434.605
 10
200.883
 20
434.489
 10
200.951
 20
434.388
 10
200.981
 20
434.303
 10
200.974
 20
434.233
 10
200.93
 20
434.179
 10
200.848
 20
434.14
 10
200.729
 20
434.117
 10
200.572
 20
434.11
 10
198.004
 20
434.11
 10
197.832
 20
434.117
 10
197.667
 20
434.14
 10
197.507
 20
434.179
 10
197.355
 20
434.233
 10
197.208
 20
434.303
 10
197.069
 20
434.388
 10
196.935
 20
434.489
 10
196.808
 20
434.605
 10
191.494
 20
439.919
 10
191.386
 20
440.043
 10
191.309
 20
440.166
 10
191.262
 20
440.29
 10
191.247
 20
440.414
 10
191.262
 20
440.538
 10
191.309
 20
440.662
 10
191.386
 20
440.786
 10
191.494
 20
440.909
 10
196.808
 20
446.223
 10
196.935
 20
446.339
 10
197.069
 20
446.44
 10
197.208
 20
446.525
 10
197.355
 20
446.595
 10
197.507
 20
446.649
 10
197.667
 20
446.688
 10
197.832
 20
446.711
 10
198.004
 20
446.719
 10
200.572
 20
446.719
 10
200.729
 20
446.711
 10
200.848
 20
446.688
 10
200.93
 20
446.649
 10
200.974
 20
446.595
 10
200.981
 20
446.525
 10
200.951
 20
446.44
 10
200.883
 20
446.339
 10
200.778
 20
446.223
 10
195.464
 20
440.909
 10
195.355
 20
440.786
 10
195.278
 20
440.662
 10
195.232
 20
440.538
 10
195.216
 20
440.414
 10
195.232
 20
440.29
 10
195.278
 20
440.166
 10
195.355
 20
440.043
 10
195.464
 20
439.919
 97
0
 75
0
 76
1
 98
0
  0
HATCH
  5
44
330
17
100
AcDbEntity
  8
RASTER
 62
7
100
AcDbHatch
 10
0.0
 20
0.0
 30
0.0
210
0.0
220
0.0
230
1.0
  2
SOLID
 70
1
 71
0
 91
1
 92
3
 72
0
 73
1
 93
54
 10
215.712
 20
773.721
 10
215.625
 20
773.851
 10
215.572
 20
773.96
 10
215.554
 20
774.049
 10
215.571
 20
774.117
 10
215.622
 20
774.164
 10
215.709
 20
774.191
 10
215.83
 20
774.197
 10
215.986
 20
774.183
 10
218.528
 20
773.819
 10
218.697
 20
773.787
 10
218.858
 20
773.741
 10
219.01
 20
773.68
 10
219.153
 20
773.605
 10
219.288
 20
773.515
 10
219.415
 20
773.411
 10
219.533
 20
773.293
 10
219.642
 20
773.16
 10
224.151
 20
767.148
 10
224.241
 20
767.01
 10
224.3
 20
766.877
 10
224.328
 20
766.747
 10
224.326
 20
766.623
 10
224.293
 20
766.502
 10
224.23
 20
766.386
 10
224.136
 20
766.275
 10
224.011
 20
766.167
 10
217.999
 20
761.658
 10
217.857
 20
761.561
 10
217.71
 20
761.481
 10
217.56
 20
761.416
 10
217.405
 20
761.368
 10
217.247
 20
761.336
 10
217.084
 20
761.32
 10
216.916
 20
761.32
 10
216.745
 20
761.337
 10
214.202
 20
761.7
 10
214.049
 20
761.73
 10
213.934
 20
761.77
 10
213.859
 20
761.82
 10
213.822
 20
761.88
 10
213.825
 20
761.95
 10
213.868
 20
762.03
 10
213.949
 20
762.12
 10
214.069
 20
762.22
 10
220.081
 20
766.729
 10
220.206
 20
766.836
 10
220.3
 20
766.948
 10
220.364
 20
767.064
 10
220.397
 20
767.184
 10
220.399
 20
767.309
 10
220.37
 20
767.438
 10
220.311
 20
767.571
 10
220.221
 20
767.709
 97
0
 75
0
 76
1
 98
0
  0
HATCH
  5
45
330
17
100
AcDbEntity
  8
RASTER
 62
7
100
AcDbHatch
 10
0.0
 20
0.0
 30
0.0
210
0.0
220
0.0
230
1.0
  2
SOLID
 70
1
 71
0
 91
1
 92
3
 72
0
 73
1
 93
54
 10
224.903
 20
435.32
 10
225.023
 20
435.22
 10
225.104
 20
435.13
 10
225.146
 20
435.05
 10
225.149
 20
434.98
 10
225.113
 20
434.92
 10
225.038
 20
434.87
 10
224.923
 20
434.83
 10
224.769
 20
434.8
 10
222.227
 20
434.437
 10
222.055
 20
434.42
 10
221.888
 20
434.42
 10
221.725
 20
434.436
 10
221.567
 20
434.468
 10
221.412
 20
434.516
 10
221.261
 20
434.581
 10
221.115
 20
434.661
 10
220.973
 20
434.758
 10
214.961
 20
439.267
 10
214.836
 20
439.375
 10
214.742
 20
439.486
 10
214.679
 20
439.602
 10
214.646
 20
439.723
 10
214.644
 20
439.847
 10
214.672
 20
439.977
 10
214.731
 20
440.11
 10
214.821
 20
440.248
 10
219.33
 20
446.26
 10
219.439
 20
446.393
 10
219.557
 20
446.511
 10
219.683
 20
446.615
 10
219.818
 20
446.705
 10
219.962
 20
446.78
 10
220.114
 20
446.841
 10
220.274
 20
446.887
 10
220.444
 20
446.919
 10
222.986
 20
447.283
 10
223.142
 20
447.297
 10
223.263
 20
447.291
 10
223.35
 20
447.264
 10
223.401
 20
447.217
 10
223.418
 20
447.149
 10
223.4
 20
447.06
 10
223.347
 20
446.951
 10
223.259
 20
446.821
 10
218.75
 20
440.809
 10
218.661
 20
440.671
 10
218.602
 20
440.538
 10
218.573
 20
440.409
 10
218.575
 20
440.284
 10
218.608
 20
440.164
 10
218.672
 20
440.048
 10
218.766
 20
439.936
 10
218.891
 20
439.829
 97
0
 75
0
 76
1
 98
0
  0
HATCH
  5
46
330
17
100
AcDbEntity
  8
RASTER
 62
7
100
AcDbHatch
 10
0.0
 20
0.0
 30
0.0
210
0.0
220
0.0
230
1.0
  2
SOLID
 70
1
 71
0
 91
1
 92
3
 72
0
 73
1
 93
54
 10
239.969
 20
774.175
 10
239.9
 20
774.315
 10
239.862
 20
774.431
 10
239.856
 20
774.521
 10
239.882
 20
774.586
 10
239.94
 20
774.626
 10
240.029
 20
774.641
 10
240.15
 20
774.63
 10
240.302
 20
774.595
 10
242.772
 20
773.889
 10
242.935
 20
773.834
 10
243.088
 20
773.767
 10
243.23
 20
773.686
 10
243.362
 20
773.592
 10
243.484
 20
773.485
 10
243.595
 20
773.364
 10
243.695
 20
773.231
 10
243.786
 20
773.084
 10
247.435
 20
766.515
 10
247.505
 20
766.366
 10
247.546
 20
766.226
 10
247.556
 20
766.094
 10
247.537
 20
765.971
 10
247.488
 20
765.856
 10
247.41
 20
765.75
 10
247.301
 20
765.652
 10
247.163
 20
765.563
 10
240.594
 20
761.913
 10
240.44
 20
761.836
 10
240.284
 20
761.776
 10
240.126
 20
761.733
 10
239.966
 20
761.706
 10
239.804
 20
761.696
 10
239.641
 20
761.702
 10
239.475
 20
761.726
 10
239.308
 20
761.765
 10
236.838
 20
762.471
 10
236.69
 20
762.521
 10
236.582
 20
762.576
 10
236.514
 20
762.636
 10
236.486
 20
762.7
 10
236.499
 20
762.769
 10
236.551
 20
762.843
 10
236.644
 20
762.921
 10
236.777
 20
763.004
 10
243.346
 20
766.653
 10
243.484
 20
766.742
 10
243.593
 20
766.84
 10
243.671
 20
766.947
 10
243.72
 20
767.061
 10
243.74
 20
767.185
 10
243.729
 20
767.316
 10
243.689
 20
767.457
 10
243.618
 20
767.606
 97
0
 75
0
 76
1
 98
0
  0
HATCH
  5
47
330
17
100
AcDbEntity
  8
RASTER
 62
7
100
AcDbHatch
 10
0.0
 20
0.0
 30
0.0
210
0.0
220
0.0
230
1.0
  2
SOLID
 70
1
 71
0
 91
1
 92
3
 72
0
 73
1
 93
54
 10
264.632
 20
751.236
 10
264.59
 20
751.387
 10
264.575
 20
751.507
 10
264.585
 20
751.597
 10
264.623
 20
751.656
 10
264.687
 20
751.684
 10
264.777
 20
751.683
 10
264.894
 20
751.65
 10
265.037
 20
751.587
 10
267.335
 20
750.438
 10
267.485
 20
750.355
 10
267.623
 20
750.26
 10
267.748
 20
750.154
 10
267.86
 20
750.037
 10
267.96
 20
749.91
 10
268.047
 20
749.771
 10
268.121
 20
749.621
 10
268.183
 20
749.461
 10
270.559
 20
742.331
 10
270.601
 20
742.172
 10
270.614
 20
742.027
 10
270.601
 20
741.895
 10
270.559
 20
741.777
 10
270.49
 20
741.674
 10
270.393
 20
741.584
 10
270.268
 20
741.507
 10
270.116
 20
741.445
 10
262.987
 20
739.069
 10
262.821
 20
739.022
 10
262.657
 20
738.991
 10
262.494
 20
738.978
 10
262.332
 20
738.981
 10
262.171
 20
739.001
 10
262.011
 20
739.037
 10
261.853
 20
739.091
 10
261.696
 20
739.161
 10
259.398
 20
740.309
 10
259.262
 20
740.386
 10
259.166
 20
740.46
 10
259.11
 20
740.531
 10
259.095
 20
740.6
 10
259.12
 20
740.665
 10
259.185
 20
740.727
 10
259.29
 20
740.787
 10
259.436
 20
740.844
 10
266.566
 20
743.22
 10
266.718
 20
743.283
 10
266.843
 20
743.359
 10
266.939
 20
743.449
 10
267.009
 20
743.553
 10
267.05
 20
743.67
 10
267.064
 20
743.802
 10
267.05
 20
743.947
 10
267.009
 20
744.106
 97
0
 75
0
 76
1
 98
0
  0
HATCH
  5
48
330
17
100
AcDbEntity
  8
RASTER
 62
7
100
AcDbHatch
 10
0.0
 20
0.0
 30
0.0
210
0.0
220
0.0
230
1.0
  2
SOLID
 70
1
 71
0
 91
1
 92
3
 72
0
 73
1
 93
54
 10
272.936
 20
460.644
 10
273.082
 20
460.587
 10
273.187
 20
460.527
 10
273.252
 20
460.465
 10
273.277
 20
460.4
 10
273.262
 20
460.331
 10
273.206
 20
460.26
 10
273.11
 20
460.186
 10
272.974
 20
460.109
 10
270.676
 20
458.961
 10
270.519
 20
458.891
 10
270.361
 20
458.837
 10
270.201
 20
458.801
 10
270.04
 20
458.781
 10
269.878
 20
458.778
 10
269.715
 20
458.791
 10
269.551
 20
458.822
 10
269.385
 20
458.869
 10
262.256
 20
461.245
 10
262.104
 20
461.307
 10
261.979
 20
461.384
 10
261.882
 20
461.474
 10
261.813
 20
461.577
 10
261.771
 20
461.695
 10
261.757
 20
461.827
 10
261.771
 20
461.972
 10
261.813
 20
462.131
 10
264.189
 20
469.261
 10
264.251
 20
469.421
 10
264.325
 20
469.571
 10
264.412
 20
469.71
 10
264.512
 20
469.837
 10
264.624
 20
469.954
 10
264.749
 20
470.06
 10
264.887
 20
470.155
 10
265.037
 20
470.238
 10
267.335
 20
471.387
 10
267.478
 20
471.45
 10
267.595
 20
471.483
 10
267.685
 20
471.484
 10
267.749
 20
471.456
 10
267.787
 20
471.397
 10
267.797
 20
471.307
 10
267.782
 20
471.187
 10
267.74
 20
471.036
 10
265.363
 20
463.906
 10
265.322
 20
463.747
 10
265.308
 20
463.602
 10
265.322
 20
463.47
 10
265.363
 20
463.353
 10
265.432
 20
463.249
 10
265.529
 20
463.159
 10
265.654
 20
463.083
 10
265.806
 20
463.02
 97
0
 75
0
 76
1
 98
0
  0
HATCH
  5
49
330
17
100
AcDbEntity
  8
RASTER
 62
7
100
AcDbHatch
 10
0.0
 20
0.0
 30
0.0
210
0.0
220
0.0
230
1.0
  2
SOLID
 70
1
 71
0
 91
1
 92
3
 72
0
 73
1
 93
54
 10
288.896
 20
751.372
 10
288.873
 20
751.527
 10
288.873
 20
751.649
 10
288.894
 20
751.736
 10
288.939
 20
751.79
 10
289.006
 20
751.811
 10
289.095
 20
751.798
 10
289.207
 20
751.751
 10
289.342
 20
751.671
 10
291.479
 20
750.246
 10
291.618
 20
750.144
 10
291.742
 20
750.033
 10
291.853
 20
749.913
 10
291.95
 20
749.783
 10
292.033
 20
749.644
 10
292.102
 20
749.495
 10
292.158
 20
749.337
 10
292.199
 20
749.17
 10
293.673
 20
741.801
 10
293.694
 20
741.638
 10
293.69
 20
741.492
 10
293.66
 20
741.364
 10
293.604
 20
741.252
 10
293.523
 20
741.157
 10
293.415
 20
741.08
 10
293.282
 20
741.02
 10
293.123
 20
740.977
 10
285.754
 20
739.503
 10
285.584
 20
739.477
 10
285.417
 20
739.468
 10
285.254
 20
739.474
 10
285.093
 20
739.497
 10
284.936
 20
739.537
 10
284.783
 20
739.593
 10
284.632
 20
739.666
 10
284.485
 20
739.755
 10
282.347
 20
741.179
 10
282.222
 20
741.273
 10
282.135
 20
741.358
 10
282.089
 20
741.435
 10
282.082
 20
741.505
 10
282.115
 20
741.567
 10
282.187
 20
741.621
 10
282.3
 20
741.667
 10
282.452
 20
741.705
 10
289.82
 20
743.179
 10
289.979
 20
743.222
 10
290.112
 20
743.282
 10
290.22
 20
743.359
 10
290.301
 20
743.454
 10
290.357
 20
743.565
 10
290.387
 20
743.694
 10
290.391
 20
743.84
 10
290.37
 20
744.003
 97
0
 75
0
 76
1
 98
0
  0
HATCH
  5
4A
330
17
100
AcDbEntity
  8
RASTER
 62
7
100
AcDbHatch
 10
0.0
 20
0.0
 30
0.0
210
0.0
220
0.0
230
1.0
  2
SOLID
 70
1
 71
0
 91
1
 92
3
 72
0
 73
1
 93
54
 10
296.62
 20
461.505
 10
296.772
 20
461.467
 10
296.885
 20
461.421
 10
296.957
 20
461.367
 10
296.99
 20
461.305
 10
296.983
 20
461.235
 10
296.937
 20
461.158
 10
296.85
 20
461.073
 10
296.724
 20
460.979
 10
294.587
 20
459.555
 10
294.44
 20
459.466
 10
294.289
 20
459.393
 10
294.136
 20
459.337
 10
293.978
 20
459.297
 10
293.818
 20
459.274
 10
293.655
 20
459.268
 10
293.488
 20
459.277
 10
293.318
 20
459.303
 10
285.949
 20
460.777
 10
285.79
 20
460.82
 10
285.657
 20
460.88
 10
285.549
 20
460.957
 10
285.468
 20
461.052
 10
285.412
 20
461.164
 10
285.382
 20
461.292
 10
285.378
 20
461.438
 10
285.399
 20
461.601
 10
286.873
 20
468.97
 10
286.914
 20
469.137
 10
286.969
 20
469.295
 10
287.039
 20
469.444
 10
287.122
 20
469.583
 10
287.219
 20
469.713
 10
287.33
 20
469.833
 10
287.454
 20
469.944
 10
287.593
 20
470.046
 10
289.73
 20
471.471
 10
289.865
 20
471.551
 10
289.977
 20
471.598
 10
290.066
 20
471.611
 10
290.133
 20
471.59
 10
290.177
 20
471.536
 10
290.199
 20
471.449
 10
290.199
 20
471.327
 10
290.176
 20
471.172
 10
288.702
 20
463.803
 10
288.68
 20
463.64
 10
288.685
 20
463.494
 10
288.715
 20
463.365
 10
288.771
 20
463.254
 10
288.852
 20
463.159
 10
288.96
 20
463.082
 10
289.093
 20
463.022
 10
289.251
 20
462.979
 97
0
 75
0
 76
1
 98
0
  0
HATCH
  5
4B
330
17
100
AcDbEntity
  8
RASTER
 62
7
100
AcDbHatch
 10
0.0
 20
0.0
 30
0.0
210
0.0
220
0.0
230
1.0
  2
SOLID
 70
1
 71
0
 91
1
 92
3
 72
0
 73
1
 93
54
 10
313.712
 20
728.004
 10
313.719
 20
728.16
 10
313.742
 20
728.279
 10
313.781
 20
728.361
 10
313.835
 20
728.405
 10
313.905
 20
728.412
 10
313.99
 20
728.382
 10
314.091
 20
728.314
 10
314.207
 20
728.209
 10
316.023
 20
726.393
 10
316.139
 20
726.266
 10
316.24
 20
726.132
 10
316.325
 20
725.993
 10
316.395
 20
725.846
 10
316.449
 20
725.694
 10
316.487
 20
725.534
 10
316.511
 20
725.369
 10
316.518
 20
725.197
 10
316.518
 20
717.682
 10
316.507
 20
717.518
 10
316.475
 20
717.376
 10
316.42
 20
717.255
 10
316.343
 20
717.157
 10
316.245
 20
717.08
 10
316.124
 20
717.025
 10
315.982
 20
716.993
 10
315.818
 20
716.982
 10
308.303
 20
716.982
 10
308.131
 20
716.989
 10
307.966
 20
717.013
 10
307.806
 20
717.051
 10
307.654
 20
717.105
 10
307.507
 20
717.175
 10
307.368
 20
717.26
 10
307.234
 20
717.361
 10
307.107
 20
717.477
 10
305.291
 20
719.293
 10
305.186
 20
719.409
 10
305.118
 20
719.51
 10
305.088
 20
719.595
 10
305.095
 20
719.665
 10
305.139
 20
719.719
 10
305.221
 20
719.758
 10
305.34
 20
719.781
 10
305.496
 20
719.788
 10
313.011
 20
719.788
 10
313.175
 20
719.799
 10
313.317
 20
719.832
 10
313.438
 20
719.887
 10
313.536
 20
719.964
 10
313.613
 20
720.062
 10
313.668
 20
720.183
 10
313.701
 20
720.325
 10
313.712
 20
720.489
 97
0
 75
0
 76
1
 98
0
  0
HATCH
  5
4C
330
17
100
AcDbEntity
  8
RASTER
 62
7
100
AcDbHatch
 10
0.0
 20
0.0
 30
0.0
210
0.0
220
0.0
230
1.0
  2
SOLID
 70
1
 71
0
 91
1
 92
3
 72
0
 73
1
 93
54
 10
320.276
 20
486.288
 10
320.432
 20
486.281
 10
320.551
 20
486.258
 10
320.633
 20
486.219
 10
320.677
 20
486.165
 10
320.684
 20
486.095
 10
320.654
 20
486.01
 10
320.586
 20
485.909
 10
320.481
 20
485.793
 10
318.665
 20
483.977
 10
318.538
 20
483.861
 10
318.404
 20
483.76
 10
318.264
 20
483.675
 10
318.118
 20
483.605
 10
317.965
 20
483.551
 10
317.806
 20
483.513
 10
317.641
 20
483.489
 10
317.469
 20
483.482
 10
309.954
 20
483.482
 10
309.79
 20
483.493
 10
309.648
 20
483.525
 10
309.527
 20
483.58
 10
309.429
 20
483.657
 10
309.352
 20
483.755
 10
309.297
 20
483.876
 10
309.264
 20
484.018
 10
309.254
 20
484.182
 10
309.254
 20
491.697
 10
309.261
 20
491.869
 10
309.285
 20
492.034
 10
309.323
 20
492.194
 10
309.377
 20
492.346
 10
309.447
 20
492.493
 10
309.532
 20
492.632
 10
309.633
 20
492.766
 10
309.749
 20
492.893
 10
311.565
 20
494.709
 10
311.681
 20
494.814
 10
311.782
 20
494.882
 10
311.867
 20
494.912
 10
311.937
 20
494.905
 10
311.991
 20
494.861
 10
312.029
 20
494.779
 10
312.053
 20
494.66
 10
312.06
 20
494.504
 10
312.06
 20
486.989
 10
312.071
 20
486.825
 10
312.104
 20
486.683
 10
312.159
 20
486.562
 10
312.236
 20
486.464
 10
312.334
 20
486.387
 10
312.454
 20
486.332
 10
312.597
 20
486.299
 10
312.761
 20
486.288
 97
0
 75
0
 76
1
 98
0
  0
HATCH
  5
4D
330
17
100
AcDbEntity
  8
RASTER
 62
7
100
AcDbHatch
 10
0.0
 20
0.0
 30
0.0
210
0.0
220
0.0
230
1.0
  2
SOLID
 70
1
 71
0
 91
1
 92
3
 72
0
 73
1
 93
54
 10
338.495
 20
704.348
 10
338.533
 20
704.5
 10
338.579
 20
704.613
 10
338.633
 20
704.685
 10
338.695
 20
704.718
 10
338.765
 20
704.711
 10
338.842
 20
704.665
 10
338.927
 20
704.578
 10
339.021
 20
704.453
 10
340.445
 20
702.315
 10
340.534
 20
702.168
 10
340.607
 20
702.017
 10
340.663
 20
701.864
 10
340.703
 20
701.707
 10
340.726
 20
701.546
 10
340.732
 20
701.383
 10
340.723
 20
701.216
 10
340.697
 20
701.046
 10
339.223
 20
693.677
 10
339.18
 20
693.518
 10
339.12
 20
693.385
 10
339.043
 20
693.277
 10
338.948
 20
693.196
 10
338.836
 20
693.14
 10
338.708
 20
693.11
 10
338.562
 20
693.106
 10
338.399
 20
693.127
 10
331.03
 20
694.601
 10
330.863
 20
694.642
 10
330.705
 20
694.698
 10
330.556
 20
694.767
 10
330.417
 20
694.85
 10
330.287
 20
694.947
 10
330.167
 20
695.058
 10
330.056
 20
695.182
 10
329.954
 20
695.321
 10
328.529
 20
697.458
 10
328.449
 20
697.593
 10
328.402
 20
697.705
 10
328.389
 20
697.794
 10
328.41
 20
697.861
 10
328.464
 20
697.906
 10
328.551
 20
697.927
 10
328.673
 20
697.927
 10
328.828
 20
697.904
 10
336.197
 20
696.43
 10
336.36
 20
696.409
 10
336.506
 20
696.413
 10
336.635
 20
696.443
 10
336.746
 20
696.499
 10
336.841
 20
696.58
 10
336.918
 20
696.688
 10
336.978
 20
696.821
 10
337.021
 20
696.98
 97
0
 75
0
 76
1
 98
0
  0
HATCH
  5
4E
330
17
100
AcDbEntity
  8
RASTER
 62
7
100
AcDbHatch
 10
0.0
 20
0.0
 30
0.0
210
0.0
220
0.0
230
1.0
  2
SOLID
 70
1
 71
0
 91
1
 92
3
 72
0
 73
1
 93
54
 10
339.356
 20
680.664
 10
339.413
 20
680.81
 10
339.473
 20
680.915
 10
339.535
 20
680.98
 10
339.6
 20
681.005
 10
339.669
 20
680.99
 10
339.74
 20
680.934
 10
339.814
 20
680.838
 10
339.891
 20
680.702
 10
341.039
 20
678.404
 10
341.109
 20
678.247
 10
341.163
 20
678.089
 10
341.199
 20
677.929
 10
341.219
 20
677.768
 10
341.222
 20
677.606
 10
341.209
 20
677.443
 10
341.178
 20
677.279
 10
341.131
 20
677.113
 10
338.755
 20
669.984
 10
338.693
 20
669.832
 10
338.616
 20
669.707
 10
338.526
 20
669.61
 10
338.423
 20
669.541
 10
338.305
 20
669.499
 10
338.173
 20
669.486
 10
338.028
 20
669.499
 10
337.869
 20
669.541
 10
330.739
 20
671.917
 10
330.579
 20
671.979
 10
330.429
 20
672.053
 10
330.29
 20
672.14
 10
330.163
 20
672.24
 10
330.046
 20
672.352
 10
329.94
 20
672.477
 10
329.845
 20
672.615
 10
329.762
 20
672.765
 10
328.613
 20
675.063
 10
328.55
 20
675.206
 10
328.517
 20
675.323
 10
328.516
 20
675.413
 10
328.544
 20
675.477
 10
328.603
 20
675.515
 10
328.693
 20
675.525
 10
328.813
 20
675.51
 10
328.964
 20
675.468
 10
336.094
 20
673.091
 10
336.253
 20
673.05
 10
336.398
 20
673.036
 10
336.53
 20
673.05
 10
336.647
 20
673.091
 10
336.751
 20
673.161
 10
336.841
 20
673.257
 10
336.917
 20
673.382
 10
336.98
 20
673.534
 97
0
 75
0
 76
1
 98
0
  0
HATCH
  5
4F
330
17
100
AcDbEntity
  8
RASTER
 62
7
100
AcDbHatch
 10
0.0
 20
0.0
 30
0.0
210
0.0
220
0.0
230
1.0
  2
SOLID
 70
1
 71
0
 91
1
 92
3
 72
0
 73
1
 93
54
 10
343.508
 20
535.368
 10
343.659
 20
535.41
 10
343.779
 20
535.425
 10
343.869
 20
535.415
 10
343.928
 20
535.377
 10
343.956
 20
535.313
 10
343.954
 20
535.223
 10
343.922
 20
535.106
 10
343.859
 20
534.963
 10
342.71
 20
532.665
 10
342.626
 20
532.515
 10
342.532
 20
532.377
 10
342.426
 20
532.252
 10
342.309
 20
532.14
 10
342.181
 20
532.04
 10
342.043
 20
531.953
 10
341.893
 20
531.879
 10
341.732
 20
531.817
 10
334.603
 20
529.441
 10
334.444
 20
529.399
 10
334.299
 20
529.386
 10
334.167
 20
529.399
 10
334.049
 20
529.441
 10
333.946
 20
529.51
 10
333.856
 20
529.607
 10
333.779
 20
529.732
 10
333.717
 20
529.884
 10
331.341
 20
537.013
 10
331.294
 20
537.179
 10
331.263
 20
537.343
 10
331.25
 20
537.506
 10
331.253
 20
537.668
 10
331.273
 20
537.829
 10
331.309
 20
537.989
 10
331.362
 20
538.147
 10
331.432
 20
538.304
 10
332.581
 20
540.602
 10
332.658
 20
540.738
 10
332.732
 20
540.834
 10
332.803
 20
540.89
 10
332.871
 20
540.905
 10
332.937
 20
540.88
 10
332.999
 20
540.815
 10
333.059
 20
540.71
 10
333.116
 20
540.564
 10
335.492
 20
533.434
 10
335.555
 20
533.282
 10
335.631
 20
533.157
 10
335.721
 20
533.061
 10
335.825
 20
532.991
 10
335.942
 20
532.95
 10
336.074
 20
532.936
 10
336.219
 20
532.95
 10
336.378
 20
532.991
 97
0
 75
0
 76
1
 98
0
  0
HATCH
  5
50
330
17
100
AcDbEntity
  8
RASTER
 62
7
100
AcDbHatch
 10
0.0
 20
0.0
 30
0.0
210
0.0
220
0.0
230
1.0
  2
SOLID
 70
1
 71
0
 91
1
 92
3
 72
0
 73
1
 93
54
 10
343.644
 20
511.104
 10
343.799
 20
511.127
 10
343.92
 20
511.127
 10
344.008
 20
511.106
 10
344.062
 20
511.061
 10
344.083
 20
510.994
 10
344.07
 20
510.905
 10
344.023
 20
510.793
 10
343.943
 20
510.658
 10
342.518
 20
508.521
 10
342.416
 20
508.382
 10
342.305
 20
508.258
 10
342.184
 20
508.147
 10
342.055
 20
508.05
 10
341.916
 20
507.967
 10
341.767
 20
507.898
 10
341.609
 20
507.842
 10
341.442
 20
507.801
 10
334.073
 20
506.327
 10
333.91
 20
506.306
 10
333.764
 20
506.31
 10
333.635
 20
506.34
 10
333.524
 20
506.396
 10
333.429
 20
506.477
 10
333.352
 20
506.585
 10
333.292
 20
506.718
 10
333.249
 20
506.877
 10
331.775
 20
514.246
 10
331.749
 20
514.416
 10
331.739
 20
514.583
 10
331.746
 20
514.746
 10
331.769
 20
514.907
 10
331.809
 20
515.064
 10
331.865
 20
515.217
 10
331.938
 20
515.368
 10
332.026
 20
515.515
 10
333.451
 20
517.653
 10
333.544
 20
517.778
 10
333.63
 20
517.865
 10
333.707
 20
517.911
 10
333.777
 20
517.918
 10
333.839
 20
517.885
 10
333.893
 20
517.813
 10
333.939
 20
517.7
 10
333.977
 20
517.548
 10
335.451
 20
510.18
 10
335.494
 20
510.021
 10
335.554
 20
509.888
 10
335.631
 20
509.78
 10
335.726
 20
509.699
 10
335.837
 20
509.643
 10
335.966
 20
509.613
 10
336.112
 20
509.609
 10
336.275
 20
509.63
 97
0
 75
0
 76
1
 98
0
  0
HATCH
  5
51
330
17
100
AcDbEntity
  8
RASTER
 62
7
100
AcDbHatch
 10
0.0
 20
0.0
 30
0.0
210
0.0
220
0.0
230
1.0
  2
SOLID
 70
1
 71
0
 91
1
 92
3
 72
0
 73
1
 93
54
 10
363.896
 20
656.623
 10
363.979
 20
656.756
 10
364.057
 20
656.849
 10
364.131
 20
656.901
 10
364.2
 20
656.914
 10
364.264
 20
656.886
 10
364.324
 20
656.818
 10
364.379
 20
656.71
 10
364.429
 20
656.562
 10
365.135
 20
654.092
 10
365.174
 20
653.925
 10
365.198
 20
653.759
 10
365.204
 20
653.596
 10
365.194
 20
653.434
 10
365.167
 20
653.274
 10
365.124
 20
653.116
 10
365.064
 20
652.96
 10
364.987
 20
652.806
 10
361.337
 20
646.237
 10
361.248
 20
646.099
 10
361.15
 20
645.99
 10
361.044
 20
645.912
 10
360.929
 20
645.863
 10
360.806
 20
645.844
 10
360.674
 20
645.854
 10
360.534
 20
645.895
 10
360.385
 20
645.965
 10
353.816
 20
649.614
 10
353.669
 20
649.705
 10
353.536
 20
649.805
 10
353.415
 20
649.916
 10
353.308
 20
650.038
 10
353.214
 20
650.17
 10
353.133
 20
650.312
 10
353.066
 20
650.465
 10
353.011
 20
650.628
 10
352.305
 20
653.098
 10
352.27
 20
653.25
 10
352.259
 20
653.371
 10
352.274
 20
653.46
 10
352.314
 20
653.518
 10
352.379
 20
653.544
 10
352.469
 20
653.538
 10
352.585
 20
653.5
 10
352.725
 20
653.431
 10
359.294
 20
649.782
 10
359.443
 20
649.711
 10
359.584
 20
649.671
 10
359.715
 20
649.66
 10
359.839
 20
649.68
 10
359.953
 20
649.729
 10
360.06
 20
649.807
 10
360.158
 20
649.916
 10
360.247
 20
650.054
 97
0
 75
0
 76
1
 98
0
  0
HATCH
  5
52
330
17
100
AcDbEntity
  8
RASTER
 62
7
100
AcDbHatch
 10
0.0
 20
0.0
 30
0.0
210
0.0
220
0.0
230
1.0
  2
SOLID
 70
1
 71
0
 91
1
 92
3
 72
0
 73
1
 93
54
 10
365.395
 20
608.506
 10
365.511
 20
608.611
 10
365.612
 20
608.679
 10
365.697
 20
608.709
 10
365.767
 20
608.702
 10
365.821
 20
608.658
 10
365.86
 20
608.576
 10
365.883
 20
608.457
 10
365.89
 20
608.301
 10
365.89
 20
605.732
 10
365.883
 20
605.56
 10
365.86
 20
605.395
 10
365.821
 20
605.236
 10
365.767
 20
605.083
 10
365.697
 20
604.937
 10
365.612
 20
604.797
 10
365.511
 20
604.663
 10
365.395
 20
604.536
 10
360.081
 20
599.222
 10
359.957
 20
599.114
 10
359.834
 20
599.037
 10
359.71
 20
598.99
 10
359.586
 20
598.975
 10
359.462
 20
598.99
 10
359.338
 20
599.037
 10
359.214
 20
599.114
 10
359.091
 20
599.222
 10
353.777
 20
604.536
 10
353.661
 20
604.663
 10
353.56
 20
604.797
 10
353.475
 20
604.937
 10
353.405
 20
605.083
 10
353.351
 20
605.236
 10
353.312
 20
605.395
 10
353.289
 20
605.56
 10
353.281
 20
605.732
 10
353.281
 20
608.301
 10
353.289
 20
608.457
 10
353.312
 20
608.576
 10
353.351
 20
608.658
 10
353.405
 20
608.702
 10
353.475
 20
608.709
 10
353.56
 20
608.679
 10
353.661
 20
608.611
 10
353.777
 20
608.506
 10
359.091
 20
603.192
 10
359.214
 20
603.084
 10
359.338
 20
603.006
 10
359.462
 20
602.96
 10
359.586
 20
602.944
 10
359.71
 20
602.96
 10
359.834
 20
603.006
 10
359.957
 20
603.084
 10
360.081
 20
603.192
 97
0
 75
0
 76
1
 98
0
  0
HATCH
  5
53
330
17
100
AcDbEntity
  8
RASTER
 62
7
100
AcDbHatch
 10
0.0
 20
0.0
 30
0.0
210
0.0
220
0.0
230
1.0
  2
SOLID
 70
1
 71
0
 91
1
 92
3
 72
0
 73
1
 93
54
 10
365.993
 20
584.288
 10
366.123
 20
584.375
 10
366.232
 20
584.428
 10
366.321
 20
584.446
 10
366.389
 20
584.429
 10
366.436
 20
584.378
 10
366.463
 20
584.291
 10
366.469
 20
584.17
 10
366.455
 20
584.014
 10
366.091
 20
581.472
 10
366.059
 20
581.303
 10
366.013
 20
581.142
 10
365.952
 20
580.99
 10
365.877
 20
580.847
 10
365.787
 20
580.712
 10
365.683
 20
580.585
 10
365.565
 20
580.467
 10
365.432
 20
580.358
 10
359.42
 20
575.849
 10
359.282
 20
575.759
 10
359.148
 20
575.7
 10
359.019
 20
575.672
 10
358.895
 20
575.674
 10
358.774
 20
575.707
 10
358.658
 20
575.77
 10
358.546
 20
575.864
 10
358.439
 20
575.989
 10
353.93
 20
582.001
 10
353.833
 20
582.143
 10
353.753
 20
582.29
 10
353.688
 20
582.44
 10
353.64
 20
582.595
 10
353.608
 20
582.753
 10
353.592
 20
582.916
 10
353.592
 20
583.084
 10
353.609
 20
583.255
 10
353.972
 20
585.798
 10
354.002
 20
585.951
 10
354.042
 20
586.066
 10
354.092
 20
586.141
 10
354.152
 20
586.178
 10
354.222
 20
586.175
 10
354.302
 20
586.132
 10
354.392
 20
586.051
 10
354.492
 20
585.931
 10
359.001
 20
579.919
 10
359.108
 20
579.794
 10
359.219
 20
579.7
 10
359.335
 20
579.636
 10
359.456
 20
579.603
 10
359.581
 20
579.601
 10
359.71
 20
579.63
 10
359.843
 20
579.689
 10
359.981
 20
579.779
 97
0
 75
0
 76
1
 98
0
  0
HATCH
  5
54
330
17
100
AcDbEntity
  8
RASTER
 62
7
100
AcDbHatch
 10
0.0
 20
0.0
 30
0.0
210
0.0
220
0.0
230
1.0
  2
SOLID
 70
1
 71
0
 91
1
 92
3
 72
0
 73
1
 93
54
 10
366.447
 20
560.031
 10
366.587
 20
560.1
 10
366.703
 20
560.138
 10
366.793
 20
560.144
 10
366.858
 20
560.118
 10
366.898
 20
560.06
 10
366.913
 20
559.971
 10
366.902
 20
559.85
 10
366.867
 20
559.698
 10
366.161
 20
557.228
 10
366.106
 20
557.065
 10
366.039
 20
556.912
 10
365.958
 20
556.77
 10
365.864
 20
556.638
 10
365.756
 20
556.516
 10
365.636
 20
556.405
 10
365.503
 20
556.305
 10
365.356
 20
556.214
 10
358.787
 20
552.565
 10
358.638
 20
552.495
 10
358.498
 20
552.454
 10
358.366
 20
552.444
 10
358.243
 20
552.463
 10
358.128
 20
552.512
 10
358.022
 20
552.59
 10
357.924
 20
552.699
 10
357.835
 20
552.837
 10
354.185
 20
559.406
 10
354.108
 20
559.56
 10
354.048
 20
559.716
 10
354.005
 20
559.874
 10
353.978
 20
560.034
 10
353.968
 20
560.196
 10
353.974
 20
560.359
 10
353.997
 20
560.525
 10
354.037
 20
560.692
 10
354.743
 20
563.162
 10
354.793
 20
563.31
 10
354.848
 20
563.418
 10
354.908
 20
563.486
 10
354.972
 20
563.514
 10
355.041
 20
563.501
 10
355.115
 20
563.449
 10
355.193
 20
563.356
 10
355.275
 20
563.223
 10
358.925
 20
556.654
 10
359.014
 20
556.516
 10
359.112
 20
556.407
 10
359.218
 20
556.329
 10
359.333
 20
556.28
 10
359.457
 20
556.26
 10
359.588
 20
556.271
 10
359.729
 20
556.311
 10
359.878
 20
556.382
 97
0
 75
0
 76
1
 98
0
  0
HATCH
  5
55
330
17
100
AcDbEntity
  8
RASTER
 62
7
100
AcDbHatch
 10
0.0
 20
0.0
 30
0.0
210
0.0
220
0.0
230
1.0
  2
SOLID
 70
1
 71
0
 91
3
 92
3
 72
0
 73
1
 93
86
 10
357.824
 20
636.312
 10
360.454
 20
636.35
 10
362.107
 20
635.842
 10
363.67
 20
634.99
 10
365.068
 20
633.72
 10
366.173
 20
631.775
 10
366.555
 20
630.25
 10
366.555
 20
628.471
 10
366.3
 20
627.581
 10
366.339
 20
627.238
 10
366.809
 20
628.09
 10
367.19
 20
629.615
 10
367.19
 20
630.758
 10
366.936
 20
632.029
 10
366.428
 20
633.427
 10
366.517
 20
633.974
 10
366.936
 20
634.19
 10
367.482
 20
633.974
 10
367.864
 20
633.465
 10
368.842
 20
631.394
 10
369.096
 20
630.25
 10
369.096
 20
627.835
 10
368.715
 20
626.31
 10
367.737
 20
624.366
 10
367.355
 20
623.857
 10
365.83
 20
622.46
 10
364.013
 20
621.481
 10
363.25
 20
621.227
 10
361.217
 20
620.973
 10
360.963
 20
621.1
 10
360.073
 20
621.1
 10
358.802
 20
621.481
 10
357.62
 20
622.078
 10
356.731
 20
622.714
 10
356.553
 20
623.044
 10
356.388
 20
623.006
 10
356.858
 20
622.205
 10
357.747
 20
621.316
 10
358.891
 20
620.553
 10
359.692
 20
620.21
 10
361.09
 20
619.829
 10
362.996
 20
619.829
 10
363.25
 20
619.956
 10
364.305
 20
619.867
 10
364.521
 20
619.448
 10
364.305
 20
619.028
 10
363.123
 20
618.431
 10
361.979
 20
618.304
 10
361.725
 20
618.177
 10
359.819
 20
618.177
 10
357.913
 20
618.685
 10
356.222
 20
619.536
 10
355.46
 20
620.045
 10
354.316
 20
621.189
 10
353.553
 20
622.332
 10
352.956
 20
623.641
 10
352.575
 20
625.039
 10
352.575
 20
627.2
 10
352.702
 20
627.835
 10
353.083
 20
628.979
 10
353.935
 20
630.542
 10
355.206
 20
631.813
 10
356.769
 20
632.665
 10
358.04
 20
633.046
 10
359.819
 20
633.046
 10
359.908
 20
633.135
 10
358.675
 20
633.427
 10
358.04
 20
633.427
 10
356.769
 20
633.173
 10
354.951
 20
632.449
 10
353.935
 20
631.813
 10
352.664
 20
630.542
 10
351.812
 20
629.106
 10
351.431
 20
628.09
 10
351.304
 20
627.327
 10
351.088
 20
627.035
 10
350.923
 20
626.946
 10
350.376
 20
627.035
 10
350.033
 20
627.708
 10
350.16
 20
629.106
 10
350.669
 20
630.758
 10
351.52
 20
632.322
 10
352.41
 20
633.465
 10
353.172
 20
634.228
 10
354.443
 20
635.118
 10
356.006
 20
635.842
 97
0
 92
2
 72
0
 73
1
 93
67
 10
359.056
 20
635.842
 10
358.802
 20
635.715
 10
357.277
 20
635.588
 10
355.752
 20
635.079
 10
354.443
 20
634.355
 10
353.426
 20
633.592
 10
352.283
 20
632.322
 10
351.304
 20
630.631
 10
350.796
 20
629.106
 10
350.669
 20
627.835
 10
350.758
 20
627.746
 10
350.923
 20
628.09
 10
351.177
 20
629.106
 10
351.774
 20
630.288
 10
352.41
 20
631.178
 10
353.426
 20
632.195
 10
354.57
 20
632.957
 10
355.879
 20
633.554
 10
357.404
 20
633.936
 10
359.184
 20
633.936
 10
359.819
 20
633.809
 10
360.581
 20
633.554
 10
361.636
 20
632.957
 10
362.526
 20
632.067
 10
363.123
 20
631.013
 10
363.377
 20
630.25
 10
363.505
 20
628.852
 10
363.25
 20
627.962
 10
362.78
 20
627.035
 10
362.145
 20
626.399
 10
361.217
 20
625.929
 10
360.327
 20
625.929
 10
359.781
 20
626.145
 10
359.272
 20
626.526
 10
358.929
 20
627.2
 10
358.929
 20
627.581
 10
359.145
 20
628.001
 10
359.438
 20
628.217
 10
360.073
 20
628.217
 10
360.543
 20
628.001
 10
360.581
 20
628.471
 10
360.238
 20
628.89
 10
359.819
 20
629.106
 10
359.311
 20
629.106
 10
358.637
 20
628.763
 10
358.167
 20
628.09
 10
358.04
 20
627.708
 10
358.04
 20
626.819
 10
358.167
 20
626.437
 10
358.637
 20
625.637
 10
359.018
 20
625.255
 10
360.327
 20
624.531
 10
360.709
 20
624.404
 10
362.615
 20
624.404
 10
363.377
 20
624.658
 10
364.432
 20
625.255
 10
364.814
 20
625.637
 10
365.322
 20
626.399
 10
365.792
 20
627.581
 10
365.792
 20
628.09
 10
365.919
 20
628.344
 10
365.919
 20
630.25
 10
365.538
 20
631.648
 10
365.068
 20
632.576
 10
364.432
 20
633.465
 10
363.034
 20
634.609
 10
360.836
 20
635.588
 97
0
 92
2
 72
0
 73
1
 93
86
 10
367.152
 20
633.389
 10
367.063
 20
633.3
 10
367.698
 20
631.267
 10
367.698
 20
629.106
 10
367.19
 20
627.454
 10
366.593
 20
626.399
 10
366.262
 20
626.094
 10
366.084
 20
625.764
 10
365.195
 20
625.001
 10
363.759
 20
624.15
 10
362.488
 20
623.769
 10
360.836
 20
623.769
 10
359.946
 20
624.023
 10
359.018
 20
624.493
 10
358.51
 20
624.874
 10
357.874
 20
625.637
 10
357.404
 20
627.073
 10
357.658
 20
628.344
 10
358.129
 20
629.144
 10
359.056
 20
629.615
 10
360.2
 20
629.615
 10
360.925
 20
629.195
 10
361.128
 20
628.89
 10
361.217
 20
627.962
 10
360.709
 20
627.454
 10
360.073
 20
627.454
 10
359.603
 20
627.67
 10
359.565
 20
627.327
 10
359.781
 20
626.908
 10
360.709
 20
626.437
 10
361.344
 20
626.564
 10
362.018
 20
626.908
 10
362.399
 20
627.289
 10
362.869
 20
628.217
 10
362.996
 20
628.598
 10
362.996
 20
629.742
 10
362.653
 20
630.669
 10
361.89
 20
631.559
 10
360.836
 20
632.156
 10
359.946
 20
632.411
 10
358.294
 20
632.411
 10
356.896
 20
632.029
 10
355.968
 20
631.559
 10
354.951
 20
630.797
 10
354.189
 20
629.78
 10
353.337
 20
627.835
 10
353.21
 20
627.2
 10
353.21
 20
624.912
 10
353.592
 20
623.641
 10
354.189
 20
622.46
 10
354.824
 20
621.57
 10
355.968
 20
620.426
 10
357.913
 20
619.32
 10
359.692
 20
618.812
 10
361.852
 20
618.812
 10
363.466
 20
619.231
 10
362.742
 20
619.32
 10
362.488
 20
619.193
 10
361.852
 20
619.193
 10
361.598
 20
619.32
 10
360.073
 20
619.448
 10
358.383
 20
620.172
 10
357.112
 20
621.062
 10
356.222
 20
622.078
 10
355.498
 20
623.514
 10
355.244
 20
624.404
 10
355.155
 20
625.332
 10
355.244
 20
626.183
 10
355.46
 20
626.653
 10
355.752
 20
625.294
 10
356.604
 20
623.73
 10
357.366
 20
622.968
 10
358.802
 20
622.116
 10
360.073
 20
621.735
 10
361.852
 20
621.608
 10
362.107
 20
621.735
 10
363.25
 20
621.862
 10
364.686
 20
622.46
 10
365.83
 20
623.222
 10
366.847
 20
624.239
 10
368.08
 20
626.437
 10
368.461
 20
627.708
 10
368.461
 20
628.217
 10
368.588
 20
628.471
 10
368.461
 20
630.377
 10
367.953
 20
632.029
 97
0
 75
0
 76
1
 98
0
  0
HATCH
  5
56
330
17
100
AcDbEntity
  8
RASTER
 62
7
100
AcDbHatch
 10
0.0
 20
0.0
 30
0.0
210
0.0
220
0.0
230
1.0
  2
SOLID
 70
1
 71
0
 91
3
 92
3
 72
0
 73
1
 93
86
 10
241.074
 20
449.512
 10
243.704
 20
449.55
 10
245.357
 20
449.042
 10
246.92
 20
448.19
 10
248.318
 20
446.92
 10
249.423
 20
444.975
 10
249.805
 20
443.45
 10
249.805
 20
441.671
 10
249.55
 20
440.781
 10
249.589
 20
440.438
 10
250.059
 20
441.29
 10
250.44
 20
442.815
 10
250.44
 20
443.958
 10
250.186
 20
445.229
 10
249.678
 20
446.627
 10
249.767
 20
447.174
 10
250.186
 20
447.39
 10
250.732
 20
447.174
 10
251.114
 20
446.665
 10
252.092
 20
444.594
 10
252.346
 20
443.45
 10
252.346
 20
441.035
 10
251.965
 20
439.51
 10
250.987
 20
437.566
 10
250.605
 20
437.057
 10
249.08
 20
435.66
 10
247.263
 20
434.681
 10
246.5
 20
434.427
 10
244.467
 20
434.173
 10
244.213
 20
434.3
 10
243.323
 20
434.3
 10
242.052
 20
434.681
 10
240.87
 20
435.278
 10
239.981
 20
435.914
 10
239.803
 20
436.244
 10
239.638
 20
436.206
 10
240.108
 20
435.405
 10
240.997
 20
434.516
 10
242.141
 20
433.753
 10
242.942
 20
433.41
 10
244.34
 20
433.029
 10
246.246
 20
433.029
 10
246.5
 20
433.156
 10
247.555
 20
433.067
 10
247.771
 20
432.648
 10
247.555
 20
432.228
 10
246.373
 20
431.631
 10
245.229
 20
431.504
 10
244.975
 20
431.377
 10
243.069
 20
431.377
 10
241.163
 20
431.885
 10
239.472
 20
432.736
 10
238.71
 20
433.245
 10
237.566
 20
434.389
 10
236.803
 20
435.532
 10
236.206
 20
436.841
 10
235.825
 20
438.239
 10
235.825
 20
440.4
 10
235.952
 20
441.035
 10
236.333
 20
442.179
 10
237.185
 20
443.742
 10
238.456
 20
445.013
 10
240.019
 20
445.865
 10
241.29
 20
446.246
 10
243.069
 20
446.246
 10
243.158
 20
446.335
 10
241.925
 20
446.627
 10
241.29
 20
446.627
 10
240.019
 20
446.373
 10
238.201
 20
445.649
 10
237.185
 20
445.013
 10
235.914
 20
443.742
 10
235.062
 20
442.306
 10
234.681
 20
441.29
 10
234.554
 20
440.527
 10
234.338
 20
440.235
 10
234.173
 20
440.146
 10
233.626
 20
440.235
 10
233.283
 20
440.908
 10
233.41
 20
442.306
 10
233.919
 20
443.958
 10
234.77
 20
445.522
 10
235.66
 20
446.665
 10
236.422
 20
447.428
 10
237.693
 20
448.318
 10
239.256
 20
449.042
 97
0
 92
2
 72
0
 73
1
 93
67
 10
242.306
 20
449.042
 10
242.052
 20
448.915
 10
240.527
 20
448.788
 10
239.002
 20
448.279
 10
237.693
 20
447.555
 10
236.676
 20
446.792
 10
235.533
 20
445.522
 10
234.554
 20
443.831
 10
234.046
 20
442.306
 10
233.919
 20
441.035
 10
234.008
 20
440.946
 10
234.173
 20
441.29
 10
234.427
 20
442.306
 10
235.024
 20
443.488
 10
235.66
 20
444.378
 10
236.676
 20
445.395
 10
237.82
 20
446.157
 10
239.129
 20
446.754
 10
240.654
 20
447.136
 10
242.434
 20
447.136
 10
243.069
 20
447.009
 10
243.831
 20
446.754
 10
244.886
 20
446.157
 10
245.776
 20
445.267
 10
246.373
 20
444.213
 10
246.627
 20
443.45
 10
246.755
 20
442.052
 10
246.5
 20
441.162
 10
246.03
 20
440.235
 10
245.395
 20
439.599
 10
244.467
 20
439.129
 10
243.577
 20
439.129
 10
243.031
 20
439.345
 10
242.522
 20
439.726
 10
242.179
 20
440.4
 10
242.179
 20
440.781
 10
242.395
 20
441.201
 10
242.688
 20
441.417
 10
243.323
 20
441.417
 10
243.793
 20
441.201
 10
243.831
 20
441.671
 10
243.488
 20
442.09
 10
243.069
 20
442.306
 10
242.561
 20
442.306
 10
241.887
 20
441.963
 10
241.417
 20
441.29
 10
241.29
 20
440.908
 10
241.29
 20
440.019
 10
241.417
 20
439.637
 10
241.887
 20
438.837
 10
242.268
 20
438.455
 10
243.577
 20
437.731
 10
243.959
 20
437.604
 10
245.865
 20
437.604
 10
246.627
 20
437.858
 10
247.682
 20
438.455
 10
248.064
 20
438.837
 10
248.572
 20
439.599
 10
249.042
 20
440.781
 10
249.042
 20
441.29
 10
249.169
 20
441.544
 10
249.169
 20
443.45
 10
248.788
 20
444.848
 10
248.318
 20
445.776
 10
247.682
 20
446.665
 10
246.284
 20
447.809
 10
244.086
 20
448.788
 97
0
 92
2
 72
0
 73
1
 93
86
 10
250.402
 20
446.589
 10
250.313
 20
446.5
 10
250.948
 20
444.467
 10
250.948
 20
442.306
 10
250.44
 20
440.654
 10
249.843
 20
439.599
 10
249.512
 20
439.294
 10
249.334
 20
438.964
 10
248.445
 20
438.201
 10
247.009
 20
437.35
 10
245.738
 20
436.969
 10
244.086
 20
436.969
 10
243.196
 20
437.223
 10
242.268
 20
437.693
 10
241.76
 20
438.074
 10
241.124
 20
438.837
 10
240.654
 20
440.273
 10
240.908
 20
441.544
 10
241.379
 20
442.344
 10
242.306
 20
442.815
 10
243.45
 20
442.815
 10
244.175
 20
442.395
 10
244.378
 20
442.09
 10
244.467
 20
441.162
 10
243.959
 20
440.654
 10
243.323
 20
440.654
 10
242.853
 20
440.87
 10
242.815
 20
440.527
 10
243.031
 20
440.108
 10
243.959
 20
439.637
 10
244.594
 20
439.764
 10
245.268
 20
440.108
 10
245.649
 20
440.489
 10
246.119
 20
441.417
 10
246.246
 20
441.798
 10
246.246
 20
442.942
 10
245.903
 20
443.869
 10
245.14
 20
444.759
 10
244.086
 20
445.356
 10
243.196
 20
445.611
 10
241.544
 20
445.611
 10
240.146
 20
445.229
 10
239.218
 20
444.759
 10
238.201
 20
443.997
 10
237.439
 20
442.98
 10
236.587
 20
441.035
 10
236.46
 20
440.4
 10
236.46
 20
438.112
 10
236.842
 20
436.841
 10
237.439
 20
435.66
 10
238.074
 20
434.77
 10
239.218
 20
433.626
 10
241.163
 20
432.52
 10
242.942
 20
432.012
 10
245.102
 20
432.012
 10
246.716
 20
432.431
 10
245.992
 20
432.52
 10
245.738
 20
432.393
 10
245.102
 20
432.393
 10
244.848
 20
432.52
 10
243.323
 20
432.648
 10
241.633
 20
433.372
 10
240.362
 20
434.262
 10
239.472
 20
435.278
 10
238.748
 20
436.714
 10
238.494
 20
437.604
 10
238.405
 20
438.532
 10
238.494
 20
439.383
 10
238.71
 20
439.853
 10
239.002
 20
438.494
 10
239.854
 20
436.93
 10
240.616
 20
436.168
 10
242.052
 20
435.316
 10
243.323
 20
434.935
 10
245.102
 20
434.808
 10
245.357
 20
434.935
 10
246.5
 20
435.062
 10
247.936
 20
435.66
 10
249.08
 20
436.422
 10
250.097
 20
437.439
 10
251.33
 20
439.637
 10
251.711
 20
440.908
 10
251.711
 20
441.417
 10
251.838
 20
441.671
 10
251.711
 20
443.577
 10
251.203
 20
445.229
 97
0
 75
0
 76
1
 98
0
  0
HATCH
  5
57
330
17
100
AcDbEntity
  8
RASTER
 62
7
100
AcDbHatch
 10
0.0
 20
0.0
 30
0.0
210
0.0
220
0.0
230
1.0
  2
SOLID
 70
1
 71
0
 91
3
 92
3
 72
0
 73
1
 93
86
 10
54.274
 20
519.562
 10
56.904
 20
519.6
 10
58.557
 20
519.092
 10
60.12
 20
518.24
 10
61.518
 20
516.97
 10
62.623
 20
515.025
 10
63.005
 20
513.5
 10
63.005
 20
511.721
 10
62.75
 20
510.831
 10
62.789
 20
510.488
 10
63.259
 20
511.34
 10
63.64
 20
512.865
 10
63.64
 20
514.008
 10
63.386
 20
515.279
 10
62.878
 20
516.677
 10
62.967
 20
517.224
 10
63.386
 20
517.44
 10
63.932
 20
517.224
 10
64.314
 20
516.715
 10
65.292
 20
514.644
 10
65.546
 20
513.5
 10
65.546
 20
511.085
 10
65.165
 20
509.56
 10
64.187
 20
507.616
 10
63.805
 20
507.107
 10
62.28
 20
505.71
 10
60.463
 20
504.731
 10
59.7
 20
504.477
 10
57.667
 20
504.223
 10
57.413
 20
504.35
 10
56.523
 20
504.35
 10
55.252
 20
504.731
 10
54.07
 20
505.328
 10
53.181
 20
505.964
 10
53.003
 20
506.294
 10
52.838
 20
506.256
 10
53.308
 20
505.455
 10
54.197
 20
504.566
 10
55.341
 20
503.803
 10
56.142
 20
503.46
 10
57.54
 20
503.079
 10
59.446
 20
503.079
 10
59.7
 20
503.206
 10
60.755
 20
503.117
 10
60.971
 20
502.698
 10
60.755
 20
502.278
 10
59.573
 20
501.681
 10
58.429
 20
501.554
 10
58.175
 20
501.427
 10
56.269
 20
501.427
 10
54.363
 20
501.935
 10
52.672
 20
502.786
 10
51.91
 20
503.295
 10
50.766
 20
504.439
 10
50.003
 20
505.582
 10
49.406
 20
506.891
 10
49.025
 20
508.289
 10
49.025
 20
510.45
 10
49.152
 20
511.085
 10
49.533
 20
512.229
 10
50.385
 20
513.792
 10
51.656
 20
515.063
 10
53.219
 20
515.915
 10
54.49
 20
516.296
 10
56.269
 20
516.296
 10
56.358
 20
516.385
 10
55.125
 20
516.677
 10
54.49
 20
516.677
 10
53.219
 20
516.423
 10
51.401
 20
515.699
 10
50.385
 20
515.063
 10
49.114
 20
513.792
 10
48.262
 20
512.356
 10
47.881
 20
511.34
 10
47.754
 20
510.577
 10
47.538
 20
510.285
 10
47.373
 20
510.196
 10
46.826
 20
510.285
 10
46.483
 20
510.958
 10
46.61
 20
512.356
 10
47.119
 20
514.008
 10
47.97
 20
515.572
 10
48.86
 20
516.715
 10
49.622
 20
517.478
 10
50.893
 20
518.368
 10
52.456
 20
519.092
 97
0
 92
2
 72
0
 73
1
 93
67
 10
55.506
 20
519.092
 10
55.252
 20
518.965
 10
53.727
 20
518.838
 10
52.202
 20
518.329
 10
50.893
 20
517.605
 10
49.876
 20
516.842
 10
48.733
 20
515.572
 10
47.754
 20
513.881
 10
47.246
 20
512.356
 10
47.119
 20
511.085
 10
47.208
 20
510.996
 10
47.373
 20
511.34
 10
47.627
 20
512.356
 10
48.224
 20
513.538
 10
48.86
 20
514.428
 10
49.876
 20
515.445
 10
51.02
 20
516.207
 10
52.329
 20
516.804
 10
53.854
 20
517.186
 10
55.634
 20
517.186
 10
56.269
 20
517.059
 10
57.031
 20
516.804
 10
58.086
 20
516.207
 10
58.976
 20
515.317
 10
59.573
 20
514.263
 10
59.827
 20
513.5
 10
59.955
 20
512.102
 10
59.7
 20
511.212
 10
59.23
 20
510.285
 10
58.595
 20
509.649
 10
57.667
 20
509.179
 10
56.777
 20
509.179
 10
56.231
 20
509.395
 10
55.722
 20
509.776
 10
55.379
 20
510.45
 10
55.379
 20
510.831
 10
55.595
 20
511.251
 10
55.888
 20
511.467
 10
56.523
 20
511.467
 10
56.993
 20
511.251
 10
57.031
 20
511.721
 10
56.688
 20
512.14
 10
56.269
 20
512.356
 10
55.761
 20
512.356
 10
55.087
 20
512.013
 10
54.617
 20
511.34
 10
54.49
 20
510.958
 10
54.49
 20
510.069
 10
54.617
 20
509.687
 10
55.087
 20
508.887
 10
55.468
 20
508.505
 10
56.777
 20
507.781
 10
57.159
 20
507.654
 10
59.065
 20
507.654
 10
59.827
 20
507.908
 10
60.882
 20
508.505
 10
61.264
 20
508.887
 10
61.772
 20
509.649
 10
62.242
 20
510.831
 10
62.242
 20
511.34
 10
62.369
 20
511.594
 10
62.369
 20
513.5
 10
61.988
 20
514.898
 10
61.518
 20
515.826
 10
60.882
 20
516.715
 10
59.484
 20
517.859
 10
57.286
 20
518.838
 97
0
 92
2
 72
0
 73
1
 93
86
 10
63.602
 20
516.639
 10
63.513
 20
516.55
 10
64.148
 20
514.517
 10
64.148
 20
512.356
 10
63.64
 20
510.704
 10
63.043
 20
509.649
 10
62.712
 20
509.344
 10
62.534
 20
509.014
 10
61.645
 20
508.251
 10
60.209
 20
507.4
 10
58.938
 20
507.019
 10
57.286
 20
507.019
 10
56.396
 20
507.273
 10
55.468
 20
507.743
 10
54.96
 20
508.124
 10
54.324
 20
508.887
 10
53.854
 20
510.323
 10
54.108
 20
511.594
 10
54.579
 20
512.394
 10
55.506
 20
512.865
 10
56.65
 20
512.865
 10
57.375
 20
512.445
 10
57.578
 20
512.14
 10
57.667
 20
511.212
 10
57.159
 20
510.704
 10
56.523
 20
510.704
 10
56.053
 20
510.92
 10
56.015
 20
510.577
 10
56.231
 20
510.158
 10
57.159
 20
509.687
 10
57.794
 20
509.814
 10
58.468
 20
510.158
 10
58.849
 20
510.539
 10
59.319
 20
511.467
 10
59.446
 20
511.848
 10
59.446
 20
512.992
 10
59.103
 20
513.919
 10
58.34
 20
514.809
 10
57.286
 20
515.406
 10
56.396
 20
515.661
 10
54.744
 20
515.661
 10
53.346
 20
515.279
 10
52.418
 20
514.809
 10
51.401
 20
514.047
 10
50.639
 20
513.03
 10
49.787
 20
511.085
 10
49.66
 20
510.45
 10
49.66
 20
508.162
 10
50.042
 20
506.891
 10
50.639
 20
505.71
 10
51.274
 20
504.82
 10
52.418
 20
503.676
 10
54.363
 20
502.57
 10
56.142
 20
502.062
 10
58.302
 20
502.062
 10
59.916
 20
502.481
 10
59.192
 20
502.57
 10
58.938
 20
502.443
 10
58.302
 20
502.443
 10
58.048
 20
502.57
 10
56.523
 20
502.698
 10
54.833
 20
503.422
 10
53.562
 20
504.312
 10
52.672
 20
505.328
 10
51.948
 20
506.764
 10
51.694
 20
507.654
 10
51.605
 20
508.582
 10
51.694
 20
509.433
 10
51.91
 20
509.903
 10
52.202
 20
508.544
 10
53.054
 20
506.98
 10
53.816
 20
506.218
 10
55.252
 20
505.366
 10
56.523
 20
504.985
 10
58.302
 20
504.858
 10
58.557
 20
504.985
 10
59.7
 20
505.112
 10
61.136
 20
505.71
 10
62.28
 20
506.472
 10
63.297
 20
507.489
 10
64.53
 20
509.687
 10
64.911
 20
510.958
 10
64.911
 20
511.467
 10
65.038
 20
511.721
 10
64.911
 20
513.627
 10
64.403
 20
515.279
 97
0
 75
0
 76
1
 98
0
  0
HATCH
  5
58
330
17
100
AcDbEntity
  8
RASTER
 62
7
100
AcDbHatch
 10
0.0
 20
0.0
 30
0.0
210
0.0
220
0.0
230
1.0
  2
SOLID
 70
1
 71
0
 91
3
 92
3
 72
0
 73
1
 93
86
 10
54.274
 20
683.012
 10
56.904
 20
683.05
 10
58.557
 20
682.542
 10
60.12
 20
681.69
 10
61.518
 20
680.42
 10
62.623
 20
678.475
 10
63.005
 20
676.95
 10
63.005
 20
675.171
 10
62.75
 20
674.281
 10
62.789
 20
673.938
 10
63.259
 20
674.79
 10
63.64
 20
676.315
 10
63.64
 20
677.458
 10
63.386
 20
678.729
 10
62.878
 20
680.127
 10
62.967
 20
680.674
 10
63.386
 20
680.89
 10
63.932
 20
680.674
 10
64.314
 20
680.165
 10
65.292
 20
678.094
 10
65.546
 20
676.95
 10
65.546
 20
674.535
 10
65.165
 20
673.01
 10
64.187
 20
671.066
 10
63.805
 20
670.557
 10
62.28
 20
669.16
 10
60.463
 20
668.181
 10
59.7
 20
667.927
 10
57.667
 20
667.673
 10
57.413
 20
667.8
 10
56.523
 20
667.8
 10
55.252
 20
668.181
 10
54.07
 20
668.778
 10
53.181
 20
669.414
 10
53.003
 20
669.744
 10
52.838
 20
669.706
 10
53.308
 20
668.905
 10
54.197
 20
668.016
 10
55.341
 20
667.253
 10
56.142
 20
666.91
 10
57.54
 20
666.529
 10
59.446
 20
666.529
 10
59.7
 20
666.656
 10
60.755
 20
666.567
 10
60.971
 20
666.148
 10
60.755
 20
665.728
 10
59.573
 20
665.131
 10
58.429
 20
665.004
 10
58.175
 20
664.877
 10
56.269
 20
664.877
 10
54.363
 20
665.385
 10
52.672
 20
666.236
 10
51.91
 20
666.745
 10
50.766
 20
667.889
 10
50.003
 20
669.032
 10
49.406
 20
670.341
 10
49.025
 20
671.739
 10
49.025
 20
673.9
 10
49.152
 20
674.535
 10
49.533
 20
675.679
 10
50.385
 20
677.242
 10
51.656
 20
678.513
 10
53.219
 20
679.365
 10
54.49
 20
679.746
 10
56.269
 20
679.746
 10
56.358
 20
679.835
 10
55.125
 20
680.127
 10
54.49
 20
680.127
 10
53.219
 20
679.873
 10
51.401
 20
679.149
 10
50.385
 20
678.513
 10
49.114
 20
677.242
 10
48.262
 20
675.806
 10
47.881
 20
674.79
 10
47.754
 20
674.027
 10
47.538
 20
673.735
 10
47.373
 20
673.646
 10
46.826
 20
673.735
 10
46.483
 20
674.408
 10
46.61
 20
675.806
 10
47.119
 20
677.458
 10
47.97
 20
679.022
 10
48.86
 20
680.165
 10
49.622
 20
680.928
 10
50.893
 20
681.818
 10
52.456
 20
682.542
 97
0
 92
2
 72
0
 73
1
 93
67
 10
55.506
 20
682.542
 10
55.252
 20
682.415
 10
53.727
 20
682.288
 10
52.202
 20
681.779
 10
50.893
 20
681.055
 10
49.876
 20
680.292
 10
48.733
 20
679.022
 10
47.754
 20
677.331
 10
47.246
 20
675.806
 10
47.119
 20
674.535
 10
47.208
 20
674.446
 10
47.373
 20
674.79
 10
47.627
 20
675.806
 10
48.224
 20
676.988
 10
48.86
 20
677.878
 10
49.876
 20
678.895
 10
51.02
 20
679.657
 10
52.329
 20
680.254
 10
53.854
 20
680.636
 10
55.634
 20
680.636
 10
56.269
 20
680.509
 10
57.031
 20
680.254
 10
58.086
 20
679.657
 10
58.976
 20
678.767
 10
59.573
 20
677.713
 10
59.827
 20
676.95
 10
59.955
 20
675.552
 10
59.7
 20
674.662
 10
59.23
 20
673.735
 10
58.595
 20
673.099
 10
57.667
 20
672.629
 10
56.777
 20
672.629
 10
56.231
 20
672.845
 10
55.722
 20
673.226
 10
55.379
 20
673.9
 10
55.379
 20
674.281
 10
55.595
 20
674.701
 10
55.888
 20
674.917
 10
56.523
 20
674.917
 10
56.993
 20
674.701
 10
57.031
 20
675.171
 10
56.688
 20
675.59
 10
56.269
 20
675.806
 10
55.761
 20
675.806
 10
55.087
 20
675.463
 10
54.617
 20
674.79
 10
54.49
 20
674.408
 10
54.49
 20
673.519
 10
54.617
 20
673.137
 10
55.087
 20
672.337
 10
55.468
 20
671.955
 10
56.777
 20
671.231
 10
57.159
 20
671.104
 10
59.065
 20
671.104
 10
59.827
 20
671.358
 10
60.882
 20
671.955
 10
61.264
 20
672.337
 10
61.772
 20
673.099
 10
62.242
 20
674.281
 10
62.242
 20
674.79
 10
62.369
 20
675.044
 10
62.369
 20
676.95
 10
61.988
 20
678.348
 10
61.518
 20
679.276
 10
60.882
 20
680.165
 10
59.484
 20
681.309
 10
57.286
 20
682.288
 97
0
 92
2
 72
0
 73
1
 93
86
 10
63.602
 20
680.089
 10
63.513
 20
680.0
 10
64.148
 20
677.967
 10
64.148
 20
675.806
 10
63.64
 20
674.154
 10
63.043
 20
673.099
 10
62.712
 20
672.794
 10
62.534
 20
672.464
 10
61.645
 20
671.701
 10
60.209
 20
670.85
 10
58.938
 20
670.469
 10
57.286
 20
670.469
 10
56.396
 20
670.723
 10
55.468
 20
671.193
 10
54.96
 20
671.574
 10
54.324
 20
672.337
 10
53.854
 20
673.773
 10
54.108
 20
675.044
 10
54.579
 20
675.844
 10
55.506
 20
676.315
 10
56.65
 20
676.315
 10
57.375
 20
675.895
 10
57.578
 20
675.59
 10
57.667
 20
674.662
 10
57.159
 20
674.154
 10
56.523
 20
674.154
 10
56.053
 20
674.37
 10
56.015
 20
674.027
 10
56.231
 20
673.608
 10
57.159
 20
673.137
 10
57.794
 20
673.264
 10
58.468
 20
673.608
 10
58.849
 20
673.989
 10
59.319
 20
674.917
 10
59.446
 20
675.298
 10
59.446
 20
676.442
 10
59.103
 20
677.369
 10
58.34
 20
678.259
 10
57.286
 20
678.856
 10
56.396
 20
679.111
 10
54.744
 20
679.111
 10
53.346
 20
678.729
 10
52.418
 20
678.259
 10
51.401
 20
677.497
 10
50.639
 20
676.48
 10
49.787
 20
674.535
 10
49.66
 20
673.9
 10
49.66
 20
671.612
 10
50.042
 20
670.341
 10
50.639
 20
669.16
 10
51.274
 20
668.27
 10
52.418
 20
667.126
 10
54.363
 20
666.02
 10
56.142
 20
665.512
 10
58.302
 20
665.512
 10
59.916
 20
665.931
 10
59.192
 20
666.02
 10
58.938
 20
665.893
 10
58.302
 20
665.893
 10
58.048
 20
666.02
 10
56.523
 20
666.148
 10
54.833
 20
666.872
 10
53.562
 20
667.762
 10
52.672
 20
668.778
 10
51.948
 20
670.214
 10
51.694
 20
671.104
 10
51.605
 20
672.032
 10
51.694
 20
672.883
 10
51.91
 20
673.353
 10
52.202
 20
671.994
 10
53.054
 20
670.43
 10
53.816
 20
669.668
 10
55.252
 20
668.816
 10
56.523
 20
668.435
 10
58.302
 20
668.308
 10
58.557
 20
668.435
 10
59.7
 20
668.562
 10
61.136
 20
669.16
 10
62.28
 20
669.922
 10
63.297
 20
670.939
 10
64.53
 20
673.137
 10
64.911
 20
674.408
 10
64.911
 20
674.917
 10
65.038
 20
675.171
 10
64.911
 20
677.077
 10
64.403
 20
678.729
 97
0
 75
0
 76
1
 98
0
  0
HATCH
  5
59
330
17
100
AcDbEntity
  8
RASTER
 62
7
100
AcDbHatch
 10
0.0
 20
0.0
 30
0.0
210
0.0
220
0.0
230
1.0
  2
SOLID
 70
1
 71
0
 91
1
 92
3
 72
0
 73
1
 93
4
 10
218.855
 20
611.686
 10
218.926
 20
609.834
 10
219.299
 20
609.849
 10
219.228
 20
611.701
 97
0
 75
0
 76
1
 98
0
  0
HATCH
  5
5A
330
17
100
AcDbEntity
  8
RASTER
 62
7
100
AcDbHatch
 10
0.0
 20
0.0
 30
0.0
210
0.0
220
0.0
230
1.0
  2
SOLID
 70
1
 71
0
 91
1
 92
3
 72
0
 73
1
 93
4
 10
218.926
 20
607.974
 10
218.926
 20
606.479
 10
219.299
 20
606.479
 10
219.299
 20
607.974
 97
0
 75
0
 76
1
 98
0
  0
HATCH
  5
5B
330
17
100
AcDbEntity
  8
RASTER
 62
7
100
AcDbHatch
 10
0.0
 20
0.0
 30
0.0
210
0.0
220
0.0
230
1.0
  2
SOLID
 70
1
 71
0
 91
1
 92
3
 72
0
 73
1
 93
4
 10
218.926
 20
604.611
 10
218.926
 20
603.117
 10
219.299
 20
603.117
 10
219.299
 20
604.611
 97
0
 75
0
 76
1
 98
0
  0
HATCH
  5
5C
330
17
100
AcDbEntity
  8
RASTER
 62
7
100
AcDbHatch
 10
0.0
 20
0.0
 30
0.0
210
0.0
220
0.0
230
1.0
  2
SOLID
 70
1
 71
0
 91
1
 92
3
 72
0
 73
1
 93
4
 10
218.926
 20
601.249
 10
218.926
 20
599.754
 10
219.299
 20
599.754
 10
219.299
 20
601.249
 97
0
 75
0
 76
1
 98
0
  0
HATCH
  5
5D
330
17
100
AcDbEntity
  8
RASTER
 62
7
100
AcDbHatch
 10
0.0
 20
0.0
 30
0.0
210
0.0
220
0.0
230
1.0
  2
SOLID
 70
1
 71
0
 91
1
 92
3
 72
0
 73
1
 93
4
 10
218.926
 20
597.886
 10
218.926
 20
596.392
 10
219.299
 20
596.392
 10
219.299
 20
597.886
 97
0
 75
0
 76
1
 98
0
  0
HATCH
  5
5E
330
17
100
AcDbEntity
  8
RASTER
 62
7
100
AcDbHatch
 10
0.0
 20
0.0
 30
0.0
210
0.0
220
0.0
230
1.0
  2
SOLID
 70
1
 71
0
 91
1
 92
3
 72
0
 73
1
 93
4
 10
217.838
 20
595.645
 10
216.429
 20
595.716
 10
216.411
 20
595.343
 10
217.819
 20
595.271
 97
0
 75
0
 76
1
 98
0
  0
HATCH
  5
5F
330
17
100
AcDbEntity
  8
RASTER
 62
7
100
AcDbHatch
 10
0.0
 20
0.0
 30
0.0
210
0.0
220
0.0
230
1.0
  2
SOLID
 70
1
 71
0
 91
1
 92
3
 72
0
 73
1
 93
4
 10
216.03
 20
597.118
 10
216.03
 20
598.571
 10
215.657
 20
598.571
 10
215.657
 20
597.118
 97
0
 75
0
 76
1
 98
0
  0
HATCH
  5
60
330
17
100
AcDbEntity
  8
RASTER
 62
7
100
AcDbHatch
 10
0.0
 20
0.0
 30
0.0
210
0.0
220
0.0
230
1.0
  2
SOLID
 70
1
 71
0
 91
1
 92
3
 72
0
 73
1
 93
4
 10
215.112
 20
599.848
 10
213.65
 20
599.848
 10
213.65
 20
599.474
 10
215.112
 20
599.474
 97
0
 75
0
 76
1
 98
0
  0
HATCH
  5
61
330
17
100
AcDbEntity
  8
RASTER
 62
7
100
AcDbHatch
 10
0.0
 20
0.0
 30
0.0
210
0.0
220
0.0
230
1.0
  2
SOLID
 70
1
 71
0
 91
1
 92
3
 72
0
 73
1
 93
4
 10
211.823
 20
599.848
 10
209.996
 20
599.848
 10
209.996
 20
599.474
 10
211.823
 20
599.474
 97
0
 75
0
 76
1
 98
0
  0
HATCH
  5
62
330
17
100
AcDbEntity
  8
RASTER
 62
7
100
AcDbHatch
 10
0.0
 20
0.0
 30
0.0
210
0.0
220
0.0
230
1.0
  2
SOLID
 70
1
 71
0
 91
1
 92
3
 72
0
 73
1
 93
4
 10
208.028
 20
599.785
 10
207.297
 20
598.957
 10
207.577
 20
598.71
 10
208.308
 20
599.537
 97
0
 75
0
 76
1
 98
0
  0
HATCH
  5
63
330
17
100
AcDbEntity
  8
RASTER
 62
7
100
AcDbHatch
 10
0.0
 20
0.0
 30
0.0
210
0.0
220
0.0
230
1.0
  2
SOLID
 70
1
 71
0
 91
1
 92
3
 72
0
 73
1
 93
4
 10
207.252
 20
597.252
 10
207.087
 20
595.665
 10
207.459
 20
595.626
 10
207.623
 20
597.213
 97
0
 75
0
 76
1
 98
0
  0
HATCH
  5
64
330
17
100
AcDbEntity
  8
RASTER
 62
7
100
AcDbHatch
 10
0.0
 20
0.0
 30
0.0
210
0.0
220
0.0
230
1.0
  2
SOLID
 70
1
 71
0
 91
1
 92
3
 72
0
 73
1
 93
4
 10
206.429
 20
594.188
 10
205.115
 20
593.166
 10
205.345
 20
592.871
 10
206.658
 20
593.893
 97
0
 75
0
 76
1
 98
0
  0
HATCH
  5
65
330
17
100
AcDbEntity
  8
RASTER
 62
7
100
AcDbHatch
 10
0.0
 20
0.0
 30
0.0
210
0.0
220
0.0
230
1.0
  2
SOLID
 70
1
 71
0
 91
1
 92
3
 72
0
 73
1
 93
4
 10
203.592
 20
592.795
 10
202.076
 20
592.749
 10
202.087
 20
592.376
 10
203.603
 20
592.422
 97
0
 75
0
 76
1
 98
0
  0
HATCH
  5
66
330
17
100
AcDbEntity
  8
RASTER
 62
7
100
AcDbHatch
 10
0.0
 20
0.0
 30
0.0
210
0.0
220
0.0
230
1.0
  2
SOLID
 70
1
 71
0
 91
1
 92
3
 72
0
 73
1
 93
4
 10
200.152
 20
592.563
 10
200.152
 20
590.735
 10
200.526
 20
590.735
 10
200.526
 20
592.563
 97
0
 75
0
 76
1
 98
0
  0
HATCH
  5
67
330
17
100
AcDbEntity
  8
RASTER
 62
7
100
AcDbHatch
 10
0.0
 20
0.0
 30
0.0
210
0.0
220
0.0
230
1.0
  2
SOLID
 70
1
 71
0
 91
1
 92
3
 72
0
 73
1
 93
4
 10
200.152
 20
588.908
 10
200.152
 20
587.446
 10
200.526
 20
587.446
 10
200.526
 20
588.908
 97
0
 75
0
 76
1
 98
0
  0
HATCH
  5
68
330
17
100
AcDbEntity
  8
RASTER
 62
7
100
AcDbHatch
 10
0.0
 20
0.0
 30
0.0
210
0.0
220
0.0
230
1.0
  2
SOLID
 70
1
 71
0
 91
1
 92
3
 72
0
 73
1
 93
4
 10
200.152
 20
585.619
 10
200.152
 20
584.157
 10
200.526
 20
584.157
 10
200.526
 20
585.619
 97
0
 75
0
 76
1
 98
0
  0
HATCH
  5
69
330
17
100
AcDbEntity
  8
RASTER
 62
7
100
AcDbHatch
 10
0.0
 20
0.0
 30
0.0
210
0.0
220
0.0
230
1.0
  2
SOLID
 70
1
 71
0
 91
1
 92
3
 72
0
 73
1
 93
4
 10
202.155
 20
583.97
 10
203.608
 20
583.97
 10
203.608
 20
584.343
 10
202.155
 20
584.343
 97
0
 75
0
 76
1
 98
0
  0
HATCH
  5
6A
330
17
100
AcDbEntity
  8
RASTER
 62
7
100
AcDbHatch
 10
0.0
 20
0.0
 30
0.0
210
0.0
220
0.0
230
1.0
  2
SOLID
 70
1
 71
0
 91
1
 92
3
 72
0
 73
1
 93
4
 10
204.358
 20
582.902
 10
204.084
 20
581.191
 10
204.453
 20
581.132
 10
204.726
 20
582.843
 97
0
 75
0
 76
1
 98
0
  0
HATCH
  5
6B
330
17
100
AcDbEntity
  8
RASTER
 62
7
100
AcDbHatch
 10
0.0
 20
0.0
 30
0.0
210
0.0
220
0.0
230
1.0
  2
SOLID
 70
1
 71
0
 91
1
 92
3
 72
0
 73
1
 93
4
 10
202.487
 20
581.074
 10
200.993
 20
581.074
 10
200.993
 20
580.701
 10
202.487
 20
580.701
 97
0
 75
0
 76
1
 98
0
  0
HATCH
  5
6C
330
17
100
AcDbEntity
  8
RASTER
 62
7
100
AcDbHatch
 10
0.0
 20
0.0
 30
0.0
210
0.0
220
0.0
230
1.0
  2
SOLID
 70
1
 71
0
 91
1
 92
3
 72
0
 73
1
 93
4
 10
199.125
 20
581.074
 10
197.63
 20
581.074
 10
197.63
 20
580.701
 10
199.125
 20
580.701
 97
0
 75
0
 76
1
 98
0
  0
HATCH
  5
6D
330
17
100
AcDbEntity
  8
RASTER
 62
7
100
AcDbHatch
 10
0.0
 20
0.0
 30
0.0
210
0.0
220
0.0
230
1.0
  2
SOLID
 70
1
 71
0
 91
1
 92
3
 72
0
 73
1
 93
4
 10
195.762
 20
581.074
 10
194.268
 20
581.074
 10
194.268
 20
580.701
 10
195.762
 20
580.701
 97
0
 75
0
 76
1
 98
0
  0
HATCH
  5
6E
330
17
100
AcDbEntity
  8
RASTER
 62
7
100
AcDbHatch
 10
0.0
 20
0.0
 30
0.0
210
0.0
220
0.0
230
1.0
  2
SOLID
 70
1
 71
0
 91
1
 92
3
 72
0
 73
1
 93
4
 10
192.4
 20
581.074
 10
190.906
 20
581.074
 10
190.906
 20
580.701
 10
192.4
 20
580.701
 97
0
 75
0
 76
1
 98
0
  0
HATCH
  5
6F
330
17
100
AcDbEntity
  8
RASTER
 62
7
100
AcDbHatch
 10
0.0
 20
0.0
 30
0.0
210
0.0
220
0.0
230
1.0
  2
SOLID
 70
1
 71
0
 91
1
 92
3
 72
0
 73
1
 93
4
 10
189.117
 20
581.057
 10
187.88
 20
581.634
 10
187.722
 20
581.295
 10
188.959
 20
580.718
 97
0
 75
0
 76
1
 98
0
  0
HATCH
  5
70
330
17
100
AcDbEntity
  8
RASTER
 62
7
100
AcDbHatch
 10
0.0
 20
0.0
 30
0.0
210
0.0
220
0.0
230
1.0
  2
SOLID
 70
1
 71
0
 91
1
 92
3
 72
0
 73
1
 93
4
 10
187.862
 20
583.091
 10
188.796
 20
584.025
 10
188.532
 20
584.289
 10
187.598
 20
583.355
 97
0
 75
0
 76
1
 98
0
  0
HATCH
  5
71
330
17
100
AcDbEntity
  8
RASTER
 62
7
100
AcDbHatch
 10
0.0
 20
0.0
 30
0.0
210
0.0
220
0.0
230
1.0
  2
SOLID
 70
1
 71
0
 91
1
 92
3
 72
0
 73
1
 93
4
 10
190.48
 20
583.97
 10
191.933
 20
583.97
 10
191.933
 20
584.343
 10
190.48
 20
584.343
 97
0
 75
0
 76
1
 98
0
  0
HATCH
  5
72
330
17
100
AcDbEntity
  8
RASTER
 62
7
100
AcDbHatch
 10
0.0
 20
0.0
 30
0.0
210
0.0
220
0.0
230
1.0
  2
SOLID
 70
1
 71
0
 91
1
 92
3
 72
0
 73
1
 93
4
 10
192.12
 20
585.984
 10
192.12
 20
587.811
 10
191.746
 20
587.811
 10
191.746
 20
585.984
 97
0
 75
0
 76
1
 98
0
  0
HATCH
  5
73
330
17
100
AcDbEntity
  8
RASTER
 62
7
100
AcDbHatch
 10
0.0
 20
0.0
 30
0.0
210
0.0
220
0.0
230
1.0
  2
SOLID
 70
1
 71
0
 91
1
 92
3
 72
0
 73
1
 93
4
 10
192.12
 20
589.639
 10
192.12
 20
591.101
 10
191.746
 20
591.101
 10
191.746
 20
589.639
 97
0
 75
0
 76
1
 98
0
  0
HATCH
  5
74
330
17
100
AcDbEntity
  8
RASTER
 62
7
100
AcDbHatch
 10
0.0
 20
0.0
 30
0.0
210
0.0
220
0.0
230
1.0
  2
SOLID
 70
1
 71
0
 91
1
 92
3
 72
0
 73
1
 93
4
 10
191.633
 20
592.749
 10
189.962
 20
592.749
 10
189.962
 20
592.376
 10
191.633
 20
592.376
 97
0
 75
0
 76
1
 98
0
  0
HATCH
  5
75
330
17
100
AcDbEntity
  8
RASTER
 62
7
100
AcDbHatch
 10
0.0
 20
0.0
 30
0.0
210
0.0
220
0.0
230
1.0
  2
SOLID
 70
1
 71
0
 91
1
 92
3
 72
0
 73
1
 93
4
 10
188.465
 20
592.814
 10
186.906
 20
593.297
 10
186.795
 20
592.941
 10
188.355
 20
592.457
 97
0
 75
0
 76
1
 98
0
  0
HATCH
  5
76
330
17
100
AcDbEntity
  8
RASTER
 62
7
100
AcDbHatch
 10
0.0
 20
0.0
 30
0.0
210
0.0
220
0.0
230
1.0
  2
SOLID
 70
1
 71
0
 91
1
 92
3
 72
0
 73
1
 93
4
 10
185.667
 20
594.45
 10
185.129
 20
595.955
 10
184.777
 20
595.829
 10
185.315
 20
594.324
 97
0
 75
0
 76
1
 98
0
  0
HATCH
  5
77
330
17
100
AcDbEntity
  8
RASTER
 62
7
100
AcDbHatch
 10
0.0
 20
0.0
 30
0.0
210
0.0
220
0.0
230
1.0
  2
SOLID
 70
1
 71
0
 91
1
 92
3
 72
0
 73
1
 93
4
 10
185.021
 20
597.461
 10
185.021
 20
599.062
 10
184.648
 20
599.062
 10
184.648
 20
597.461
 97
0
 75
0
 76
1
 98
0
  0
HATCH
  5
78
330
17
100
AcDbEntity
  8
RASTER
 62
7
100
AcDbHatch
 10
0.0
 20
0.0
 30
0.0
210
0.0
220
0.0
230
1.0
  2
SOLID
 70
1
 71
0
 91
1
 92
3
 72
0
 73
1
 93
4
 10
183.373
 20
599.848
 10
181.911
 20
599.848
 10
181.911
 20
599.474
 10
183.373
 20
599.474
 97
0
 75
0
 76
1
 98
0
  0
HATCH
  5
79
330
17
100
AcDbEntity
  8
RASTER
 62
7
100
AcDbHatch
 10
0.0
 20
0.0
 30
0.0
210
0.0
220
0.0
230
1.0
  2
SOLID
 70
1
 71
0
 91
1
 92
3
 72
0
 73
1
 93
4
 10
180.083
 20
599.848
 10
178.621
 20
599.848
 10
178.621
 20
599.474
 10
180.083
 20
599.474
 97
0
 75
0
 76
1
 98
0
  0
HATCH
  5
7A
330
17
100
AcDbEntity
  8
RASTER
 62
7
100
AcDbHatch
 10
0.0
 20
0.0
 30
0.0
210
0.0
220
0.0
230
1.0
  2
SOLID
 70
1
 71
0
 91
1
 92
3
 72
0
 73
1
 93
4
 10
176.617
 20
599.72
 10
176.251
 20
598.631
 10
176.606
 20
598.512
 10
176.971
 20
599.602
 97
0
 75
0
 76
1
 98
0
  0
HATCH
  5
7B
330
17
100
AcDbEntity
  8
RASTER
 62
7
100
AcDbHatch
 10
0.0
 20
0.0
 30
0.0
210
0.0
220
0.0
230
1.0
  2
SOLID
 70
1
 71
0
 91
1
 92
3
 72
0
 73
1
 93
4
 10
176.26
 20
596.835
 10
175.683
 20
595.609
 10
176.021
 20
595.45
 10
176.598
 20
596.676
 97
0
 75
0
 76
1
 98
0
  0
HATCH
  5
7C
330
17
100
AcDbEntity
  8
RASTER
 62
7
100
AcDbHatch
 10
0.0
 20
0.0
 30
0.0
210
0.0
220
0.0
230
1.0
  2
SOLID
 70
1
 71
0
 91
1
 92
3
 72
0
 73
1
 93
4
 10
173.905
 20
595.608
 10
173.329
 20
596.845
 10
172.99
 20
596.687
 10
173.567
 20
595.45
 97
0
 75
0
 76
1
 98
0
  0
HATCH
  5
7D
330
17
100
AcDbEntity
  8
RASTER
 62
7
100
AcDbHatch
 10
0.0
 20
0.0
 30
0.0
210
0.0
220
0.0
230
1.0
  2
SOLID
 70
1
 71
0
 91
1
 92
3
 72
0
 73
1
 93
4
 10
173.346
 20
598.634
 10
173.346
 20
600.128
 10
172.973
 20
600.128
 10
172.973
 20
598.634
 97
0
 75
0
 76
1
 98
0
  0
HATCH
  5
7E
330
17
100
AcDbEntity
  8
RASTER
 62
7
100
AcDbHatch
 10
0.0
 20
0.0
 30
0.0
210
0.0
220
0.0
230
1.0
  2
SOLID
 70
1
 71
0
 91
1
 92
3
 72
0
 73
1
 93
4
 10
173.346
 20
601.996
 10
173.346
 20
603.49
 10
172.973
 20
603.49
 10
172.973
 20
601.996
 97
0
 75
0
 76
1
 98
0
  0
HATCH
  5
7F
330
17
100
AcDbEntity
  8
RASTER
 62
7
100
AcDbHatch
 10
0.0
 20
0.0
 30
0.0
210
0.0
220
0.0
230
1.0
  2
SOLID
 70
1
 71
0
 91
1
 92
3
 72
0
 73
1
 93
4
 10
173.346
 20
605.358
 10
173.346
 20
606.853
 10
172.973
 20
606.853
 10
172.973
 20
605.358
 97
0
 75
0
 76
1
 98
0
  0
HATCH
  5
80
330
17
100
AcDbEntity
  8
RASTER
 62
7
100
AcDbHatch
 10
0.0
 20
0.0
 30
0.0
210
0.0
220
0.0
230
1.0
  2
SOLID
 70
1
 71
0
 91
1
 92
3
 72
0
 73
1
 93
4
 10
173.346
 20
608.721
 10
173.346
 20
610.215
 10
172.973
 20
610.215
 10
172.973
 20
608.721
 97
0
 75
0
 76
1
 98
0
  0
HATCH
  5
81
330
17
100
AcDbEntity
  8
RASTER
 62
7
100
AcDbHatch
 10
0.0
 20
0.0
 30
0.0
210
0.0
220
0.0
230
1.0
  2
SOLID
 70
1
 71
0
 91
1
 92
3
 72
0
 73
1
 93
4
 10
173.47
 20
611.813
 10
174.831
 20
612.087
 10
174.757
 20
612.453
 10
173.396
 20
612.18
 97
0
 75
0
 76
1
 98
0
  0
HATCH
  5
82
330
17
100
AcDbEntity
  8
RASTER
 62
7
100
AcDbHatch
 10
0.0
 20
0.0
 30
0.0
210
0.0
220
0.0
230
1.0
  2
SOLID
 70
1
 71
0
 91
1
 92
3
 72
0
 73
1
 93
4
 10
176.171
 20
611.684
 10
176.242
 20
610.237
 10
176.615
 20
610.256
 10
176.544
 20
611.703
 97
0
 75
0
 76
1
 98
0
  0
HATCH
  5
83
330
17
100
AcDbEntity
  8
RASTER
 62
7
100
AcDbHatch
 10
0.0
 20
0.0
 30
0.0
210
0.0
220
0.0
230
1.0
  2
SOLID
 70
1
 71
0
 91
1
 92
3
 72
0
 73
1
 93
4
 10
176.384
 20
608.249
 10
177.845
 20
607.886
 10
177.936
 20
608.248
 10
176.474
 20
608.612
 97
0
 75
0
 76
1
 98
0
  0
HATCH
  5
84
330
17
100
AcDbEntity
  8
RASTER
 62
7
100
AcDbHatch
 10
0.0
 20
0.0
 30
0.0
210
0.0
220
0.0
230
1.0
  2
SOLID
 70
1
 71
0
 91
1
 92
3
 72
0
 73
1
 93
4
 10
179.718
 20
607.88
 10
181.18
 20
607.88
 10
181.18
 20
608.254
 10
179.718
 20
608.254
 97
0
 75
0
 76
1
 98
0
  0
HATCH
  5
85
330
17
100
AcDbEntity
  8
RASTER
 62
7
100
AcDbHatch
 10
0.0
 20
0.0
 30
0.0
210
0.0
220
0.0
230
1.0
  2
SOLID
 70
1
 71
0
 91
1
 92
3
 72
0
 73
1
 93
4
 10
183.007
 20
607.88
 10
184.469
 20
607.88
 10
184.469
 20
608.254
 10
183.007
 20
608.254
 97
0
 75
0
 76
1
 98
0
  0
HATCH
  5
86
330
17
100
AcDbEntity
  8
RASTER
 62
7
100
AcDbHatch
 10
0.0
 20
0.0
 30
0.0
210
0.0
220
0.0
230
1.0
  2
SOLID
 70
1
 71
0
 91
1
 92
3
 72
0
 73
1
 93
4
 10
185.021
 20
609.578
 10
185.04
 20
611.059
 10
184.666
 20
611.063
 10
184.648
 20
609.583
 97
0
 75
0
 76
1
 98
0
  0
HATCH
  5
87
330
17
100
AcDbEntity
  8
RASTER
 62
7
100
AcDbHatch
 10
0.0
 20
0.0
 30
0.0
210
0.0
220
0.0
230
1.0
  2
SOLID
 70
1
 71
0
 91
1
 92
3
 72
0
 73
1
 93
4
 10
185.363
 20
612.643
 10
186.311
 20
614.029
 10
186.003
 20
614.24
 10
185.054
 20
612.854
 97
0
 75
0
 76
1
 98
0
  0
HATCH
  5
88
330
17
100
AcDbEntity
  8
RASTER
 62
7
100
AcDbHatch
 10
0.0
 20
0.0
 30
0.0
210
0.0
220
0.0
230
1.0
  2
SOLID
 70
1
 71
0
 91
1
 92
3
 72
0
 73
1
 93
4
 10
187.716
 20
614.752
 10
189.248
 20
614.971
 10
189.195
 20
615.341
 10
187.663
 20
615.122
 97
0
 75
0
 76
1
 98
0
  0
HATCH
  5
89
330
17
100
AcDbEntity
  8
RASTER
 62
7
100
AcDbHatch
 10
0.0
 20
0.0
 30
0.0
210
0.0
220
0.0
230
1.0
  2
SOLID
 70
1
 71
0
 91
1
 92
3
 72
0
 73
1
 93
4
 10
190.983
 20
615.012
 10
192.039
 20
615.743
 10
191.827
 20
616.05
 10
190.77
 20
615.319
 97
0
 75
0
 76
1
 98
0
  0
HATCH
  5
8A
330
17
100
AcDbEntity
  8
RASTER
 62
7
100
AcDbHatch
 10
0.0
 20
0.0
 30
0.0
210
0.0
220
0.0
230
1.0
  2
SOLID
 70
1
 71
0
 91
1
 92
3
 72
0
 73
1
 93
4
 10
192.12
 20
617.724
 10
192.12
 20
619.186
 10
191.746
 20
619.186
 10
191.746
 20
617.724
 97
0
 75
0
 76
1
 98
0
  0
HATCH
  5
8B
330
17
100
AcDbEntity
  8
RASTER
 62
7
100
AcDbHatch
 10
0.0
 20
0.0
 30
0.0
210
0.0
220
0.0
230
1.0
  2
SOLID
 70
1
 71
0
 91
1
 92
3
 72
0
 73
1
 93
4
 10
192.12
 20
621.013
 10
192.12
 20
622.475
 10
191.746
 20
622.475
 10
191.746
 20
621.013
 97
0
 75
0
 76
1
 98
0
  0
HATCH
  5
8C
330
17
100
AcDbEntity
  8
RASTER
 62
7
100
AcDbHatch
 10
0.0
 20
0.0
 30
0.0
210
0.0
220
0.0
230
1.0
  2
SOLID
 70
1
 71
0
 91
1
 92
3
 72
0
 73
1
 93
4
 10
191.207
 20
623.758
 10
189.754
 20
623.758
 10
189.754
 20
623.385
 10
191.207
 20
623.385
 97
0
 75
0
 76
1
 98
0
  0
HATCH
  5
8D
330
17
100
AcDbEntity
  8
RASTER
 62
7
100
AcDbHatch
 10
0.0
 20
0.0
 30
0.0
210
0.0
220
0.0
230
1.0
  2
SOLID
 70
1
 71
0
 91
1
 92
3
 72
0
 73
1
 93
4
 10
188.188
 20
623.874
 10
187.914
 20
625.586
 10
187.546
 20
625.527
 10
187.819
 20
623.816
 97
0
 75
0
 76
1
 98
0
  0
HATCH
  5
8E
330
17
100
AcDbEntity
  8
RASTER
 62
7
100
AcDbHatch
 10
0.0
 20
0.0
 30
0.0
210
0.0
220
0.0
230
1.0
  2
SOLID
 70
1
 71
0
 91
1
 92
3
 72
0
 73
1
 93
4
 10
188.664
 20
626.654
 10
190.158
 20
626.654
 10
190.158
 20
627.027
 10
188.664
 20
627.027
 97
0
 75
0
 76
1
 98
0
  0
HATCH
  5
8F
330
17
100
AcDbEntity
  8
RASTER
 62
7
100
AcDbHatch
 10
0.0
 20
0.0
 30
0.0
210
0.0
220
0.0
230
1.0
  2
SOLID
 70
1
 71
0
 91
1
 92
3
 72
0
 73
1
 93
4
 10
192.026
 20
626.654
 10
193.521
 20
626.654
 10
193.521
 20
627.027
 10
192.026
 20
627.027
 97
0
 75
0
 76
1
 98
0
  0
HATCH
  5
90
330
17
100
AcDbEntity
  8
RASTER
 62
7
100
AcDbHatch
 10
0.0
 20
0.0
 30
0.0
210
0.0
220
0.0
230
1.0
  2
SOLID
 70
1
 71
0
 91
1
 92
3
 72
0
 73
1
 93
4
 10
195.389
 20
626.654
 10
196.883
 20
626.654
 10
196.883
 20
627.027
 10
195.389
 20
627.027
 97
0
 75
0
 76
1
 98
0
  0
HATCH
  5
91
330
17
100
AcDbEntity
  8
RASTER
 62
7
100
AcDbHatch
 10
0.0
 20
0.0
 30
0.0
210
0.0
220
0.0
230
1.0
  2
SOLID
 70
1
 71
0
 91
1
 92
3
 72
0
 73
1
 93
4
 10
198.751
 20
626.654
 10
200.246
 20
626.654
 10
200.246
 20
627.027
 10
198.751
 20
627.027
 97
0
 75
0
 76
1
 98
0
  0
HATCH
  5
92
330
17
100
AcDbEntity
  8
RASTER
 62
7
100
AcDbHatch
 10
0.0
 20
0.0
 30
0.0
210
0.0
220
0.0
230
1.0
  2
SOLID
 70
1
 71
0
 91
1
 92
3
 72
0
 73
1
 93
4
 10
202.114
 20
626.654
 10
203.608
 20
626.654
 10
203.608
 20
627.027
 10
202.114
 20
627.027
 97
0
 75
0
 76
1
 98
0
  0
HATCH
  5
93
330
17
100
AcDbEntity
  8
RASTER
 62
7
100
AcDbHatch
 10
0.0
 20
0.0
 30
0.0
210
0.0
220
0.0
230
1.0
  2
SOLID
 70
1
 71
0
 91
1
 92
3
 72
0
 73
1
 93
4
 10
204.355
 20
625.566
 10
204.284
 20
624.157
 10
204.657
 20
624.139
 10
204.729
 20
625.547
 97
0
 75
0
 76
1
 98
0
  0
HATCH
  5
94
330
17
100
AcDbEntity
  8
RASTER
 62
7
100
AcDbHatch
 10
0.0
 20
0.0
 30
0.0
210
0.0
220
0.0
230
1.0
  2
SOLID
 70
1
 71
0
 91
1
 92
3
 72
0
 73
1
 93
4
 10
202.882
 20
623.758
 10
201.429
 20
623.758
 10
201.429
 20
623.385
 10
202.882
 20
623.385
 97
0
 75
0
 76
1
 98
0
  0
HATCH
  5
95
330
17
100
AcDbEntity
  8
RASTER
 62
7
100
AcDbHatch
 10
0.0
 20
0.0
 30
0.0
210
0.0
220
0.0
230
1.0
  2
SOLID
 70
1
 71
0
 91
1
 92
3
 72
0
 73
1
 93
4
 10
200.152
 20
622.475
 10
200.152
 20
621.013
 10
200.526
 20
621.013
 10
200.526
 20
622.475
 97
0
 75
0
 76
1
 98
0
  0
HATCH
  5
96
330
17
100
AcDbEntity
  8
RASTER
 62
7
100
AcDbHatch
 10
0.0
 20
0.0
 30
0.0
210
0.0
220
0.0
230
1.0
  2
SOLID
 70
1
 71
0
 91
1
 92
3
 72
0
 73
1
 93
4
 10
200.152
 20
619.186
 10
200.152
 20
617.724
 10
200.526
 20
617.724
 10
200.526
 20
619.186
 97
0
 75
0
 76
1
 98
0
  0
HATCH
  5
97
330
17
100
AcDbEntity
  8
RASTER
 62
7
100
AcDbHatch
 10
0.0
 20
0.0
 30
0.0
210
0.0
220
0.0
230
1.0
  2
SOLID
 70
1
 71
0
 91
1
 92
3
 72
0
 73
1
 93
4
 10
200.215
 20
615.756
 10
201.043
 20
615.025
 10
201.29
 20
615.305
 10
200.463
 20
616.036
 97
0
 75
0
 76
1
 98
0
  0
HATCH
  5
98
330
17
100
AcDbEntity
  8
RASTER
 62
7
100
AcDbHatch
 10
0.0
 20
0.0
 30
0.0
210
0.0
220
0.0
230
1.0
  2
SOLID
 70
1
 71
0
 91
1
 92
3
 72
0
 73
1
 93
4
 10
203.024
 20
614.971
 10
204.556
 20
614.752
 10
204.609
 20
615.122
 10
203.077
 20
615.341
 97
0
 75
0
 76
1
 98
0
  0
HATCH
  5
99
330
17
100
AcDbEntity
  8
RASTER
 62
7
100
AcDbHatch
 10
0.0
 20
0.0
 30
0.0
210
0.0
220
0.0
230
1.0
  2
SOLID
 70
1
 71
0
 91
1
 92
3
 72
0
 73
1
 93
4
 10
205.964
 20
614.024
 10
206.831
 20
612.847
 10
207.132
 20
613.069
 10
206.265
 20
614.246
 97
0
 75
0
 76
1
 98
0
  0
HATCH
  5
9A
330
17
100
AcDbEntity
  8
RASTER
 62
7
100
AcDbHatch
 10
0.0
 20
0.0
 30
0.0
210
0.0
220
0.0
230
1.0
  2
SOLID
 70
1
 71
0
 91
1
 92
3
 72
0
 73
1
 93
4
 10
207.205
 20
611.321
 10
207.251
 20
609.576
 10
207.624
 20
609.586
 10
207.578
 20
611.33
 97
0
 75
0
 76
1
 98
0
  0
HATCH
  5
9B
330
17
100
AcDbEntity
  8
RASTER
 62
7
100
AcDbHatch
 10
0.0
 20
0.0
 30
0.0
210
0.0
220
0.0
230
1.0
  2
SOLID
 70
1
 71
0
 91
1
 92
3
 72
0
 73
1
 93
4
 10
207.803
 20
607.88
 10
209.265
 20
607.88
 10
209.265
 20
608.254
 10
207.803
 20
608.254
 97
0
 75
0
 76
1
 98
0
  0
HATCH
  5
9C
330
17
100
AcDbEntity
  8
RASTER
 62
7
100
AcDbHatch
 10
0.0
 20
0.0
 30
0.0
210
0.0
220
0.0
230
1.0
  2
SOLID
 70
1
 71
0
 91
1
 92
3
 72
0
 73
1
 93
4
 10
211.092
 20
607.88
 10
212.554
 20
607.88
 10
212.554
 20
608.254
 10
211.092
 20
608.254
 97
0
 75
0
 76
1
 98
0
  0
HATCH
  5
9D
330
17
100
AcDbEntity
  8
RASTER
 62
7
100
AcDbHatch
 10
0.0
 20
0.0
 30
0.0
210
0.0
220
0.0
230
1.0
  2
SOLID
 70
1
 71
0
 91
1
 92
3
 72
0
 73
1
 93
4
 10
214.381
 20
607.88
 10
215.843
 20
607.88
 10
215.843
 20
608.254
 10
214.381
 20
608.254
 97
0
 75
0
 76
1
 98
0
  0
HATCH
  5
9E
330
17
100
AcDbEntity
  8
RASTER
 62
7
100
AcDbHatch
 10
0.0
 20
0.0
 30
0.0
210
0.0
220
0.0
230
1.0
  2
SOLID
 70
1
 71
0
 91
1
 92
3
 72
0
 73
1
 93
4
 10
216.03
 20
609.876
 10
216.101
 20
611.686
 10
215.728
 20
611.701
 10
215.657
 20
609.89
 97
0
 75
0
 76
1
 98
0
  0
HATCH
  5
9F
330
17
100
AcDbEntity
  8
RASTER
 62
7
100
AcDbHatch
 10
0.0
 20
0.0
 30
0.0
210
0.0
220
0.0
230
1.0
  2
SOLID
 70
1
 71
0
 91
1
 92
3
 72
0
 73
1
 93
4
 10
217.441
 20
612.087
 10
218.802
 20
611.813
 10
218.876
 20
612.18
 10
217.515
 20
612.453
 97
0
 75
0
 76
1
 98
0
  0
HATCH
  5
A0
330
17
100
AcDbEntity
  8
RASTER
 62
7
100
AcDbHatch
 10
0.0
 20
0.0
 30
0.0
210
0.0
220
0.0
230
1.0
  2
SOLID
 70
1
 71
0
 91
1
 92
3
 72
0
 73
1
 93
32
 10
170.413
 20
620.004
 10
171.309
 20
621.42
 10
172.839
 20
622.345
 10
174.61
 20
622.965
 10
176.163
 20
623.659
 10
177.249
 20
624.768
 10
177.962
 20
626.356
 10
178.64
 20
628.141
 10
179.639
 20
629.64
 10
181.11
 20
630.464
 10
182.935
 20
630.573
 10
184.829
 20
630.318
 10
186.543
 20
630.244
 10
188.005
 20
630.753
 10
189.332
 20
631.847
 10
190.712
 20
633.114
 10
190.715
 20
633.096
 10
189.359
 20
631.74
 10
188.063
 20
630.564
 10
186.638
 20
629.983
 10
184.965
 20
630.0
 10
183.112
 20
630.214
 10
181.325
 20
630.083
 10
179.885
 20
629.255
 10
178.907
 20
627.771
 10
178.237
 20
626.016
 10
177.518
 20
624.471
 10
176.408
 20
623.416
 10
174.818
 20
622.781
 10
172.994
 20
622.222
 10
171.399
 20
621.356
 10
170.429
 20
619.994
 97
0
 75
0
 76
1
 98
0
  0
HATCH
  5
A1
330
17
100
AcDbEntity
  8
RASTER
 62
7
100
AcDbHatch
 10
0.0
 20
0.0
 30
0.0
210
0.0
220
0.0
230
1.0
  2
SOLID
 70
1
 71
0
 91
1
 92
3
 72
0
 73
1
 93
28
 10
199.245
 20
630.034
 10
200.616
 20
629.606
 10
202.114
 20
629.813
 10
203.684
 20
630.063
 10
205.09
 20
629.618
 10
206.244
 20
628.545
 10
207.394
 20
627.604
 10
208.817
 20
627.249
 10
210.392
 20
627.066
 10
211.686
 20
626.347
 10
212.522
 20
625.013
 10
213.276
 20
623.673
 10
214.416
 20
622.816
 10
215.853
 20
622.208
 10
215.84
 20
622.196
 10
214.336
 20
622.733
 10
213.141
 20
623.517
 10
212.346
 20
624.787
 10
211.486
 20
626.059
 10
210.185
 20
626.728
 10
208.617
 20
626.88
 10
207.214
 20
627.225
 10
206.094
 20
628.179
 10
204.975
 20
629.287
 10
203.605
 20
629.788
 10
202.067
 20
629.612
 10
200.597
 20
629.492
 10
199.242
 20
630.015
 97
0
 75
0
 76
1
 98
0
  0
HATCH
  5
A2
330
17
100
AcDbEntity
  8
RASTER
 62
7
100
AcDbHatch
 10
0.0
 20
0.0
 30
0.0
210
0.0
220
0.0
230
1.0
  2
SOLID
 70
1
 71
0
 91
1
 92
3
 72
0
 73
1
 93
30
 10
224.095
 20
612.74
 10
225.393
 20
611.428
 10
224.443
 20
609.562
 10
224.476
 20
607.981
 10
226.191
 20
606.573
 10
226.003
 20
604.925
 10
224.656
 20
603.325
 10
225.455
 20
601.712
 10
226.312
 20
599.991
 10
224.784
 20
598.591
 10
223.92
 20
597.171
 10
224.905
 20
595.255
 10
224.29
 20
593.741
 10
222.31
 20
592.812
 10
222.208
 20
591.143
 10
222.191
 20
591.152
 10
222.199
 20
592.859
 10
224.087
 20
593.814
 10
224.616
 20
595.341
 10
223.557
 20
597.258
 10
224.364
 20
598.668
 10
225.855
 20
600.05
 10
224.984
 20
601.747
 10
224.195
 20
603.334
 10
225.575
 20
604.909
 10
225.819
 20
606.539
 10
224.177
 20
607.937
 10
224.231
 20
609.519
 10
225.277
 20
611.398
 10
224.077
 20
612.734
 97
0
 75
0
 76
1
 98
0
  0
HATCH
  5
A3
330
17
100
AcDbEntity
  8
RASTER
 62
7
100
AcDbHatch
 10
0.0
 20
0.0
 30
0.0
210
0.0
220
0.0
230
1.0
  2
SOLID
 70
1
 71
0
 91
1
 92
3
 72
0
 73
1
 93
32
 10
216.778
 20
582.968
 10
215.173
 20
582.331
 10
213.618
 20
581.735
 10
212.73
 20
580.288
 10
211.779
 20
578.801
 10
210.152
 20
578.369
 10
208.403
 20
578.295
 10
207.112
 20
577.314
 10
205.895
 20
575.982
 10
204.271
 20
575.718
 10
202.508
 20
576.156
 10
200.978
 20
575.778
 10
199.513
 20
574.731
 10
197.897
 20
574.593
 10
196.271
 20
575.444
 10
194.711
 20
575.701
 10
194.712
 20
575.72
 10
196.271
 20
575.559
 10
197.884
 20
574.8
 10
199.479
 20
575.021
 10
200.916
 20
576.136
 10
202.414
 20
576.566
 10
204.144
 20
576.159
 10
205.737
 20
576.435
 10
206.929
 20
577.758
 10
208.204
 20
578.71
 10
209.95
 20
578.737
 10
211.587
 20
579.109
 10
212.562
 20
580.527
 10
213.49
 20
581.898
 10
215.097
 20
582.417
 10
216.764
 20
582.981
 97
0
 75
0
 76
1
 98
0
  0
HATCH
  5
A4
330
17
100
AcDbEntity
  8
RASTER
 62
7
100
AcDbHatch
 10
0.0
 20
0.0
 30
0.0
210
0.0
220
0.0
230
1.0
  2
SOLID
 70
1
 71
0
 91
1
 92
3
 72
0
 73
1
 93
30
 10
185.682
 20
580.143
 10
184.36
 20
580.718
 10
182.639
 20
580.626
 10
180.837
 20
580.602
 10
179.465
 20
581.346
 10
178.72
 20
582.885
 10
178.239
 20
584.592
 10
177.399
 20
585.81
 10
175.919
 20
586.442
 10
174.192
 20
586.983
 10
172.961
 20
588.003
 10
172.62
 20
589.62
 10
172.803
 20
591.446
 10
172.686
 20
593.01
 10
171.762
 20
594.186
 10
171.779
 20
594.193
 10
172.785
 20
593.055
 10
172.974
 20
591.538
 10
172.852
 20
589.76
 10
173.238
 20
588.193
 10
174.496
 20
587.217
 10
176.232
 20
586.712
 10
177.704
 20
586.104
 10
178.521
 20
584.895
 10
178.965
 20
583.18
 10
179.664
 20
581.616
 10
180.986
 20
580.828
 10
182.736
 20
580.794
 10
184.409
 20
580.815
 10
185.69
 20
580.16
 97
0
 75
0
 76
1
 98
0
  0
HATCH
  5
A5
330
17
100
AcDbEntity
  8
RASTER
 62
7
100
AcDbHatch
 10
0.0
 20
0.0
 30
0.0
210
0.0
220
0.0
230
1.0
  2
SOLID
 70
1
 71
0
 91
1
 92
3
 72
0
 73
1
 93
28
 10
173.788
 20
630.332
 10
174.506
 20
631.838
 10
175.248
 20
633.421
 10
176.361
 20
634.566
 10
177.902
 20
635.039
 10
179.632
 20
635.087
 10
181.228
 20
635.264
 10
182.542
 20
635.992
 10
183.687
 20
637.212
 10
184.904
 20
638.416
 10
186.353
 20
639.033
 10
187.997
 20
638.888
 10
189.67
 20
638.352
 10
191.235
 20
638.058
 10
191.238
 20
638.04
 10
189.69
 20
638.244
 10
188.042
 20
638.696
 10
186.426
 20
638.77
 10
185.007
 20
638.098
 10
183.819
 20
636.859
 10
182.698
 20
635.624
 10
181.4
 20
634.903
 10
179.809
 20
634.753
 10
178.071
 20
634.75
 10
176.508
 20
634.336
 10
175.362
 20
633.26
 10
174.574
 20
631.751
 10
173.801
 20
630.318
 97
0
 75
0
 76
1
 98
0
  0
HATCH
  5
A6
330
17
100
AcDbEntity
  8
RASTER
 62
7
100
AcDbHatch
 10
0.0
 20
0.0
 30
0.0
210
0.0
220
0.0
230
1.0
  2
SOLID
 70
1
 71
0
 91
1
 92
3
 72
0
 73
1
 93
14
 10
202.928
 20
635.77
 10
204.036
 20
635.163
 10
205.137
 20
634.617
 10
206.286
 20
634.266
 10
207.509
 20
634.105
 10
208.774
 20
633.99
 10
210.001
 20
633.725
 10
209.993
 20
633.708
 10
208.704
 20
633.823
 10
207.404
 20
633.825
 10
206.178
 20
633.942
 10
205.053
 20
634.33
 10
203.992
 20
634.988
 10
202.925
 20
635.752
 97
0
 75
0
 76
1
 98
0
  0
HATCH
  5
A7
330
17
100
AcDbEntity
  8
RASTER
 62
7
100
AcDbHatch
 10
0.0
 20
0.0
 30
0.0
210
0.0
220
0.0
230
1.0
  2
SOLID
 70
1
 71
0
 91
1
 92
3
 72
0
 73
1
 93
26
 10
220.335
 20
629.108
 10
221.793
 20
628.435
 10
222.851
 20
627.343
 10
223.46
 20
625.882
 10
223.821
 20
624.284
 10
224.269
 20
622.813
 10
225.073
 20
621.605
 10
226.256
 20
620.603
 10
227.57
 20
619.614
 10
228.633
 20
618.444
 10
229.163
 20
617.017
 10
229.153
 20
615.403
 10
228.885
 20
613.761
 10
228.868
 20
613.755
 10
229.049
 20
615.367
 10
228.982
 20
616.944
 10
228.389
 20
618.334
 10
227.279
 20
619.469
 10
225.941
 20
620.428
 10
224.756
 20
621.411
 10
223.971
 20
622.612
 10
223.56
 20
624.092
 10
223.251
 20
625.713
 10
222.704
 20
627.214
 10
221.714
 20
628.359
 10
220.322
 20
629.095
 97
0
 75
0
 76
1
 98
0
  0
HATCH
  5
A8
330
17
100
AcDbEntity
  8
RASTER
 62
7
100
AcDbHatch
 10
0.0
 20
0.0
 30
0.0
210
0.0
220
0.0
230
1.0
  2
SOLID
 70
1
 71
0
 91
1
 92
3
 72
0
 73
1
 93
18
 10
227.69
 20
608.006
 10
227.233
 20
606.606
 10
226.956
 20
605.263
 10
227.032
 20
603.951
 10
227.453
 20
602.618
 10
228.033
 20
601.232
 10
228.488
 20
599.802
 10
228.559
 20
598.383
 10
228.121
 20
597.045
 10
228.103
 20
597.049
 10
228.409
 20
598.408
 10
228.226
 20
599.835
 10
227.694
 20
601.26
 10
227.087
 20
602.633
 10
226.692
 20
603.95
 10
226.692
 20
605.251
 10
227.082
 20
606.593
 10
227.672
 20
608.003
 97
0
 75
0
 76
1
 98
0
  0
HATCH
  5
A9
330
17
100
AcDbEntity
  8
RASTER
 62
7
100
AcDbHatch
 10
0.0
 20
0.0
 30
0.0
210
0.0
220
0.0
230
1.0
  2
SOLID
 70
1
 71
0
 91
1
 92
3
 72
0
 73
1
 93
24
 10
225.236
 20
587.92
 10
224.209
 20
586.847
 10
223.022
 20
585.914
 10
222.008
 20
584.906
 10
221.316
 20
583.664
 10
220.815
 20
582.227
 10
220.206
 20
580.824
 10
219.247
 20
579.72
 10
217.919
 20
579.019
 10
216.429
 20
578.568
 10
215.046
 20
578.058
 10
213.907
 20
577.246
 10
213.896
 20
577.261
 10
214.96
 20
578.175
 10
216.266
 20
578.772
 10
217.683
 20
579.288
 10
218.951
 20
580.029
 10
219.871
 20
581.144
 10
220.466
 20
582.533
 10
220.982
 20
583.932
 10
221.719
 20
585.118
 10
222.804
 20
586.06
 10
224.085
 20
586.922
 10
225.22
 20
587.929
 97
0
 75
0
 76
1
 98
0
  0
HATCH
  5
AA
330
17
100
AcDbEntity
  8
RASTER
 62
7
100
AcDbHatch
 10
0.0
 20
0.0
 30
0.0
210
0.0
220
0.0
230
1.0
  2
SOLID
 70
1
 71
0
 91
1
 92
3
 72
0
 73
1
 93
32
 10
199.574
 20
568.537
 10
198.019
 20
567.739
 10
196.395
 20
567.527
 10
194.781
 20
568.074
 10
193.208
 20
568.579
 10
191.583
 20
568.416
 10
189.885
 20
568.024
 10
188.266
 20
568.277
 10
186.828
 20
569.236
 10
185.405
 20
570.078
 10
183.78
 20
570.275
 10
182.06
 20
570.331
 10
180.586
 20
571.037
 10
179.432
 20
572.346
 10
178.231
 20
573.465
 10
176.686
 20
573.997
 10
176.696
 20
574.012
 10
178.289
 20
573.564
 10
179.528
 20
572.527
 10
180.709
 20
571.297
 10
182.199
 20
570.662
 10
183.924
 20
570.665
 10
185.543
 20
570.511
 10
186.952
 20
569.694
 10
188.369
 20
568.74
 10
189.963
 20
568.471
 10
191.636
 20
568.827
 10
193.238
 20
568.937
 10
194.792
 20
568.361
 10
196.393
 20
567.732
 10
198.013
 20
567.853
 10
199.573
 20
568.556
 97
0
 75
0
 76
1
 98
0
  0
HATCH
  5
AB
330
17
100
AcDbEntity
  8
RASTER
 62
7
100
AcDbHatch
 10
0.0
 20
0.0
 30
0.0
210
0.0
220
0.0
230
1.0
  2
SOLID
 70
1
 71
0
 91
1
 92
3
 72
0
 73
1
 93
22
 10
168.291
 20
586.293
 10
167.627
 20
587.626
 10
167.575
 20
589.262
 10
167.181
 20
590.674
 10
166.036
 20
591.762
 10
164.899
 20
592.916
 10
164.65
 20
594.401
 10
165.032
 20
596.028
 10
164.985
 20
597.496
 10
164.148
 20
598.817
 10
163.384
 20
600.203
 10
163.403
 20
600.205
 10
164.263
 20
598.835
 10
165.186
 20
597.537
 10
165.299
 20
596.095
 10
164.957
 20
594.493
 10
165.215
 20
593.026
 10
166.333
 20
591.882
 10
167.431
 20
590.788
 10
167.757
 20
589.356
 10
167.728
 20
587.683
 10
168.307
 20
586.303
 97
0
 75
0
 76
1
 98
0
  0
HATCH
  5
AC
330
17
100
AcDbEntity
  8
RASTER
 62
7
100
AcDbHatch
 10
0.0
 20
0.0
 30
0.0
210
0.0
220
0.0
230
1.0
  2
SOLID
 70
1
 71
0
 91
1
 92
3
 72
0
 73
1
 93
30
 10
179.661
 20
642.981
 10
181.269
 20
643.132
 10
182.959
 20
642.942
 10
184.552
 20
642.893
 10
185.977
 20
643.351
 10
187.298
 20
644.312
 10
188.646
 20
645.401
 10
190.109
 20
646.109
 10
191.681
 20
646.13
 10
193.283
 20
645.565
 10
194.84
 20
644.857
 10
196.343
 20
644.505
 10
197.845
 20
644.731
 10
199.399
 20
645.341
 10
200.994
 20
645.847
 10
200.992
 20
645.828
 10
199.39
 20
645.228
 10
197.837
 20
644.528
 10
196.342
 20
644.221
 10
194.851
 20
644.506
 10
193.311
 20
645.164
 10
191.727
 20
645.7
 10
190.172
 20
645.67
 10
188.723
 20
644.975
 10
187.384
 20
643.92
 10
186.065
 20
643.01
 10
184.633
 20
642.621
 10
183.024
 20
642.749
 10
181.309
 20
643.026
 10
179.668
 20
642.964
 97
0
 75
0
 76
1
 98
0
  0
HATCH
  5
AD
330
17
100
AcDbEntity
  8
RASTER
 62
7
100
AcDbHatch
 10
0.0
 20
0.0
 30
0.0
210
0.0
220
0.0
230
1.0
  2
SOLID
 70
1
 71
0
 91
1
 92
3
 72
0
 73
1
 93
22
 10
209.633
 20
640.573
 10
210.948
 20
639.849
 10
212.437
 20
639.538
 10
214.056
 20
639.426
 10
215.612
 20
639.103
 10
216.916
 20
638.292
 10
217.941
 20
637.059
 10
218.867
 20
635.749
 10
219.948
 20
634.705
 10
221.299
 20
634.005
 10
222.786
 20
633.418
 10
222.773
 20
633.404
 10
221.23
 20
633.922
 10
219.833
 20
634.555
 10
218.72
 20
635.543
 10
217.78
 20
636.813
 10
216.757
 20
638.028
 10
215.47
 20
638.846
 10
213.942
 20
639.2
 10
212.359
 20
639.367
 10
210.906
 20
639.749
 10
209.626
 20
640.555
 97
0
 75
0
 76
1
 98
0
  0
HATCH
  5
AE
330
17
100
AcDbEntity
  8
RASTER
 62
7
100
AcDbHatch
 10
0.0
 20
0.0
 30
0.0
210
0.0
220
0.0
230
1.0
  2
SOLID
 70
1
 71
0
 91
1
 92
3
 72
0
 73
1
 93
22
 10
225.868
 20
626.81
 10
227.387
 20
626.122
 10
229.023
 20
625.434
 10
230.375
 20
624.487
 10
231.146
 20
623.16
 10
231.308
 20
621.525
 10
231.123
 20
619.782
 10
231.018
 20
618.144
 10
231.352
 20
616.727
 10
232.23
 20
615.498
 10
233.434
 20
614.324
 10
233.416
 20
614.319
 10
232.089
 20
615.452
 10
231.103
 20
616.636
 10
230.686
 20
618.009
 10
230.743
 20
619.609
 10
230.916
 20
621.328
 10
230.781
 20
622.959
 10
230.068
 20
624.302
 10
228.801
 20
625.289
 10
227.266
 20
626.036
 10
225.854
 20
626.799
 97
0
 75
0
 76
1
 98
0
  0
HATCH
  5
AF
330
17
100
AcDbEntity
  8
RASTER
 62
7
100
AcDbHatch
 10
0.0
 20
0.0
 30
0.0
210
0.0
220
0.0
230
1.0
  2
SOLID
 70
1
 71
0
 91
1
 92
3
 72
0
 73
1
 93
18
 10
235.103
 20
600.839
 10
234.945
 20
599.352
 10
233.874
 20
598.006
 10
232.801
 20
596.726
 10
232.555
 20
595.316
 10
233.077
 20
593.688
 10
233.489
 20
592.02
 10
232.961
 20
590.617
 10
231.519
 20
589.584
 10
231.501
 20
589.591
 10
232.782
 20
590.681
 10
233.169
 20
592.121
 10
232.66
 20
593.803
 10
232.101
 20
595.423
 10
232.376
 20
596.809
 10
233.543
 20
598.057
 10
234.756
 20
599.374
 10
235.085
 20
600.84
 97
0
 75
0
 76
1
 98
0
  0
HATCH
  5
B0
330
17
100
AcDbEntity
  8
RASTER
 62
7
100
AcDbHatch
 10
0.0
 20
0.0
 30
0.0
210
0.0
220
0.0
230
1.0
  2
SOLID
 70
1
 71
0
 91
1
 92
3
 72
0
 73
1
 93
32
 10
230.661
 20
584.005
 10
230.61
 20
582.28
 10
230.306
 20
580.648
 10
229.068
 20
579.642
 10
227.495
 20
578.94
 10
226.555
 20
577.774
 10
226.197
 20
576.064
 10
225.485
 20
574.613
 10
223.973
 20
573.963
 10
222.303
 20
573.561
 10
221.224
 20
572.513
 10
220.544
 20
570.91
 10
219.478
 20
569.753
 10
217.801
 20
569.515
 10
216.112
 20
569.403
 10
214.917
 20
568.478
 10
214.908
 20
568.495
 10
216.058
 20
569.495
 10
217.699
 20
569.677
 10
219.327
 20
569.974
 10
220.345
 20
571.178
 10
220.983
 20
572.814
 10
222.027
 20
573.88
 10
223.674
 20
574.285
 10
225.173
 20
574.923
 10
225.887
 20
576.35
 10
226.262
 20
578.025
 10
227.234
 20
579.147
 10
228.853
 20
579.8
 10
230.148
 20
580.755
 10
230.519
 20
582.337
 10
230.645
 20
584.014
 97
0
 75
0
 76
1
 98
0
  0
HATCH
  5
B1
330
17
100
AcDbEntity
  8
RASTER
 62
7
100
AcDbHatch
 10
0.0
 20
0.0
 30
0.0
210
0.0
220
0.0
230
1.0
  2
SOLID
 70
1
 71
0
 91
1
 92
3
 72
0
 73
1
 93
34
 10
208.643
 20
561.204
 10
207.051
 20
560.725
 10
205.25
 20
561.2
 10
203.574
 20
561.325
 10
202.072
 20
560.398
 10
200.525
 20
559.388
 10
198.845
 20
559.497
 10
197.164
 20
560.351
 10
195.541
 20
560.556
 10
193.881
 20
559.788
 10
192.181
 20
559.282
 10
190.584
 20
559.974
 10
189.095
 20
561.106
 10
187.496
 20
561.368
 10
185.705
 20
560.856
 10
184.002
 20
560.91
 10
182.633
 20
562.095
 10
182.639
 20
562.113
 10
184.023
 20
560.984
 10
185.737
 20
560.986
 10
187.533
 20
561.55
 10
189.133
 20
561.334
 10
190.617
 20
560.24
 10
192.207
 20
559.577
 10
193.897
 20
560.101
 10
195.545
 20
560.875
 10
197.157
 20
560.664
 10
198.827
 20
559.792
 10
200.498
 20
559.655
 10
202.041
 20
560.626
 10
203.542
 20
561.507
 10
205.222
 20
561.33
 10
207.032
 20
560.8
 10
208.638
 20
561.222
 97
0
 75
0
 76
1
 98
0
  0
HATCH
  5
B2
330
17
100
AcDbEntity
  8
RASTER
 62
7
100
AcDbHatch
 10
0.0
 20
0.0
 30
0.0
210
0.0
220
0.0
230
1.0
  2
SOLID
 70
1
 71
0
 91
1
 92
3
 72
0
 73
1
 93
26
 10
174.518
 20
573.184
 10
172.676
 20
573.043
 10
171.133
 20
573.41
 10
170.541
 20
574.927
 10
170.199
 20
576.629
 10
169.023
 20
577.414
 10
167.182
 20
577.626
 10
165.941
 20
578.46
 10
165.814
 20
580.202
 10
165.738
 20
581.892
 10
164.586
 20
582.781
 10
162.872
 20
583.364
 10
162.055
 20
584.553
 10
162.072
 20
584.562
 10
162.981
 20
583.432
 10
164.778
 20
582.91
 10
165.997
 20
582.079
 10
166.12
 20
580.44
 10
166.27
 20
578.737
 10
167.512
 20
577.925
 10
169.331
 20
577.715
 10
170.466
 20
576.909
 10
170.753
 20
575.167
 10
171.28
 20
573.589
 10
172.754
 20
573.146
 10
174.529
 20
573.2
 97
0
 75
0
 76
1
 98
0
  0
HATCH
  5
B3
330
17
100
AcDbEntity
  8
RASTER
 62
7
100
AcDbHatch
 10
0.0
 20
0.0
 30
0.0
210
0.0
220
0.0
230
1.0
  2
SOLID
 70
1
 71
0
 91
1
 92
3
 72
0
 73
1
 93
14
 10
155.359
 20
598.369
 10
155.745
 20
599.66
 10
155.65
 20
600.884
 10
155.02
 20
602.086
 10
154.334
 20
603.321
 10
154.178
 20
604.589
 10
154.728
 20
605.833
 10
154.747
 20
605.832
 10
154.355
 20
604.586
 10
154.627
 20
603.325
 10
155.356
 20
602.1
 10
155.942
 20
600.906
 10
155.922
 20
599.678
 10
155.377
 20
598.371
 97
0
 75
0
 76
1
 98
0
  0
HATCH
  5
B4
330
17
100
AcDbEntity
  8
RASTER
 62
7
100
AcDbHatch
 10
0.0
 20
0.0
 30
0.0
210
0.0
220
0.0
230
1.0
  2
SOLID
 70
1
 71
0
 91
1
 92
3
 72
0
 73
1
 93
22
 10
159.136
 20
618.057
 10
160.048
 20
619.213
 10
160.802
 20
620.412
 10
161.329
 20
621.714
 10
161.663
 20
623.135
 10
161.93
 20
624.629
 10
162.297
 20
626.105
 10
162.907
 20
627.453
 10
163.826
 20
628.589
 10
165.024
 20
629.493
 10
166.385
 20
630.218
 10
166.399
 20
630.205
 10
165.134
 20
629.402
 10
164.028
 20
628.435
 10
163.186
 20
627.255
 10
162.631
 20
625.885
 10
162.289
 20
624.411
 10
162.012
 20
622.94
 10
161.634
 20
621.558
 10
161.032
 20
620.304
 10
160.179
 20
619.157
 10
159.153
 20
618.05
 97
0
 75
0
 76
1
 98
0
  0
HATCH
  5
B5
330
17
100
AcDbEntity
  8
RASTER
 62
7
100
AcDbHatch
 10
0.0
 20
0.0
 30
0.0
210
0.0
220
0.0
230
1.0
  2
SOLID
 70
1
 71
0
 91
1
 92
3
 72
0
 73
1
 93
16
 10
171.572
 20
633.259
 10
172.741
 20
634.015
 10
173.292
 20
635.617
 10
173.935
 20
637.208
 10
175.255
 20
637.831
 10
177.036
 20
637.617
 10
178.59
 20
637.671
 10
179.615
 20
638.731
 10
179.622
 20
638.714
 10
178.656
 20
637.544
 10
177.155
 20
637.406
 10
175.411
 20
637.577
 10
174.1
 20
636.96
 10
173.433
 20
635.42
 10
172.829
 20
633.902
 10
171.584
 20
633.245
 97
0
 75
0
 76
1
 98
0
  0
HATCH
  5
B6
330
17
100
AcDbEntity
  8
RASTER
 62
7
100
AcDbHatch
 10
0.0
 20
0.0
 30
0.0
210
0.0
220
0.0
230
1.0
  2
SOLID
 70
1
 71
0
 91
1
 92
3
 72
0
 73
1
 93
16
 10
243.845
 20
607.933
 10
244.519
 20
606.467
 10
244.817
 20
604.954
 10
244.633
 20
603.43
 10
244.081
 20
601.931
 10
243.434
 20
600.469
 10
242.978
 20
599.022
 10
242.863
 20
597.549
 10
242.844
 20
597.551
 10
242.798
 20
599.041
 10
243.123
 20
600.492
 10
243.697
 20
601.946
 10
244.249
 20
603.433
 10
244.505
 20
604.947
 10
244.337
 20
606.457
 10
243.826
 20
607.932
 97
0
 75
0
 76
1
 98
0
  0
HATCH
  5
B7
330
17
100
AcDbEntity
  8
RASTER
 62
7
100
AcDbHatch
 10
0.0
 20
0.0
 30
0.0
210
0.0
220
0.0
230
1.0
  2
SOLID
 70
1
 71
0
 91
1
 92
3
 72
0
 73
1
 93
26
 10
237.805
 20
587.44
 10
237.763
 20
585.993
 10
237.589
 20
584.572
 10
237.152
 20
583.254
 10
236.412
 20
582.086
 10
235.432
 20
581.063
 10
234.348
 20
580.128
 10
233.317
 20
579.19
 10
232.449
 20
578.161
 10
231.77
 20
576.998
 10
231.215
 20
575.724
 10
230.657
 20
574.423
 10
229.965
 20
573.21
 10
229.951
 20
573.222
 10
230.556
 20
574.509
 10
231.028
 20
575.874
 10
231.506
 20
577.197
 10
232.122
 20
578.393
 10
232.947
 20
579.436
 10
233.958
 20
580.371
 10
235.047
 20
581.286
 10
236.059
 20
582.276
 10
236.856
 20
583.402
 10
237.372
 20
584.673
 10
237.641
 20
586.045
 10
237.787
 20
587.447
 97
0
 75
0
 76
1
 98
0
  0
HATCH
  5
B8
330
17
100
AcDbEntity
  8
RASTER
 62
7
100
AcDbHatch
 10
0.0
 20
0.0
 30
0.0
210
0.0
220
0.0
230
1.0
  2
SOLID
 70
1
 71
0
 91
1
 92
3
 72
0
 73
1
 93
34
 10
222.444
 20
563.866
 10
220.925
 20
563.4
 10
219.261
 20
563.241
 10
217.649
 20
563.077
 10
216.228
 20
562.611
 10
215.015
 20
561.713
 10
213.911
 20
560.492
 10
212.767
 20
559.249
 10
211.462
 20
558.33
 10
209.964
 20
557.95
 10
208.334
 20
558.082
 10
206.683
 20
558.463
 10
205.103
 20
558.729
 10
203.627
 20
558.593
 10
202.219
 20
557.993
 10
200.811
 20
557.127
 10
199.351
 20
556.353
 10
199.349
 20
556.372
 10
200.803
 20
557.207
 10
202.2
 20
558.132
 10
203.595
 20
558.785
 10
205.056
 20
558.967
 10
206.619
 20
558.738
 10
208.254
 20
558.382
 10
209.869
 20
558.266
 10
211.355
 20
558.648
 10
212.652
 20
559.558
 10
213.793
 20
560.78
 10
214.899
 20
561.97
 10
216.122
 20
562.829
 10
217.558
 20
563.249
 10
219.192
 20
563.362
 10
220.883
 20
563.469
 10
222.433
 20
563.882
 97
0
 75
0
 76
1
 98
0
  0
HATCH
  5
B9
330
17
100
AcDbEntity
  8
RASTER
 62
7
100
AcDbHatch
 10
0.0
 20
0.0
 30
0.0
210
0.0
220
0.0
230
1.0
  2
SOLID
 70
1
 71
0
 91
1
 92
3
 72
0
 73
1
 93
30
 10
183.373
 20
559.553
 10
181.878
 20
559.568
 10
180.325
 20
559.501
 10
178.869
 20
559.781
 10
177.612
 20
560.568
 10
176.494
 20
561.621
 10
175.331
 20
562.516
 10
173.975
 20
563.021
 10
172.466
 20
563.289
 10
171.016
 20
563.713
 10
169.831
 20
564.578
 10
168.918
 20
565.817
 10
168.062
 20
567.081
 10
167.002
 20
568.048
 10
165.675
 20
568.699
 10
165.688
 20
568.713
 10
167.07
 20
568.132
 10
168.178
 20
567.234
 10
169.074
 20
566.035
 10
170.015
 20
564.853
 10
171.217
 20
564.034
 10
172.672
 20
563.642
 10
174.174
 20
563.389
 10
175.514
 20
562.881
 10
176.654
 20
561.965
 10
177.743
 20
560.873
 10
178.967
 20
560.031
 10
180.39
 20
559.682
 10
181.911
 20
559.67
 10
183.378
 20
559.571
 97
0
 75
0
 76
1
 98
0
  0
HATCH
  5
BA
330
17
100
AcDbEntity
  8
RASTER
 62
7
100
AcDbHatch
 10
0.0
 20
0.0
 30
0.0
210
0.0
220
0.0
230
1.0
  2
SOLID
 70
1
 71
0
 91
1
 92
3
 72
0
 73
1
 93
22
 10
160.886
 20
570.934
 10
159.345
 20
571.67
 10
157.874
 20
572.522
 10
156.849
 20
573.763
 10
156.299
 20
575.349
 10
155.871
 20
576.979
 10
155.133
 20
578.375
 10
153.966
 20
579.515
 10
152.684
 20
580.625
 10
151.768
 20
581.961
 10
151.437
 20
583.578
 10
151.454
 20
583.586
 10
151.889
 20
582.021
 10
152.896
 20
580.739
 10
154.247
 20
579.677
 10
155.455
 20
578.575
 10
156.201
 20
577.2
 10
156.606
 20
575.569
 10
157.106
 20
573.96
 10
158.061
 20
572.674
 10
159.447
 20
571.76
 10
160.9
 20
570.947
 97
0
 75
0
 76
1
 98
0
  0
HATCH
  5
BB
330
17
100
AcDbEntity
  8
RASTER
 62
7
100
AcDbHatch
 10
0.0
 20
0.0
 30
0.0
210
0.0
220
0.0
230
1.0
  2
SOLID
 70
1
 71
0
 91
1
 92
3
 72
0
 73
1
 93
22
 10
147.607
 20
599.045
 10
147.766
 20
600.587
 10
148.187
 20
602.122
 10
148.495
 20
603.627
 10
148.431
 20
605.122
 10
148.039
 20
606.642
 10
147.637
 20
608.193
 10
147.589
 20
609.735
 10
148.052
 20
611.214
 10
148.858
 20
612.615
 10
149.638
 20
613.986
 10
149.657
 20
613.982
 10
148.963
 20
612.595
 10
148.238
 20
611.186
 10
147.839
 20
609.705
 10
147.928
 20
608.167
 10
148.345
 20
606.624
 10
148.723
 20
605.114
 10
148.747
 20
603.628
 10
148.375
 20
602.129
 10
147.873
 20
600.595
 10
147.626
 20
599.047
 97
0
 75
0
 76
1
 98
0
  0
HATCH
  5
BC
330
17
100
AcDbEntity
  8
RASTER
 62
7
100
AcDbHatch
 10
0.0
 20
0.0
 30
0.0
210
0.0
220
0.0
230
1.0
  2
SOLID
 70
1
 71
0
 91
1
 92
3
 72
0
 73
1
 93
32
 10
153.34
 20
626.732
 10
154.381
 20
627.91
 10
156.05
 20
628.676
 10
157.452
 20
629.542
 10
158.021
 20
630.946
 10
158.044
 20
632.792
 10
158.35
 20
634.499
 10
159.506
 20
635.541
 10
161.288
 20
635.989
 10
162.937
 20
636.479
 10
163.897
 20
637.612
 10
164.329
 20
639.35
 10
164.912
 20
641.009
 10
166.168
 20
641.903
 10
167.985
 20
642.029
 10
169.764
 20
642.102
 10
169.775
 20
642.087
 10
168.038
 20
641.958
 10
166.263
 20
641.782
 10
165.05
 20
640.845
 10
164.507
 20
639.152
 10
164.109
 20
637.39
 10
163.176
 20
636.244
 10
161.545
 20
635.752
 10
159.77
 20
635.313
 10
158.611
 20
634.288
 10
158.288
 20
632.607
 10
158.238
 20
630.792
 10
157.63
 20
629.424
 10
156.181
 20
628.595
 10
154.457
 20
627.866
 10
153.356
 20
626.723
 97
0
 75
0
 76
1
 98
0
  0
HATCH
  5
BD
330
17
100
AcDbEntity
  8
RASTER
 62
7
100
AcDbHatch
 10
0.0
 20
0.0
 30
0.0
210
0.0
220
0.0
230
1.0
  2
SOLID
 70
1
 71
0
 91
1
 92
3
 72
0
 73
1
 93
24
 10
181.25
 20
649.358
 10
182.84
 20
649.161
 10
184.35
 20
649.118
 10
185.734
 20
649.506
 10
187.037
 20
650.33
 10
188.35
 20
651.313
 10
189.742
 20
652.049
 10
191.223
 20
652.238
 10
192.746
 20
651.858
 10
194.252
 20
651.179
 10
195.712
 20
650.612
 10
197.145
 20
650.476
 10
197.144
 20
650.457
 10
195.713
 20
650.476
 10
194.262
 20
650.935
 10
192.77
 20
651.526
 10
191.263
 20
651.843
 10
189.798
 20
651.622
 10
188.419
 20
650.888
 10
187.114
 20
649.94
 10
185.808
 20
649.181
 10
184.411
 20
648.882
 10
182.878
 20
649.031
 10
181.256
 20
649.341
 97
0
 75
0
 76
1
 98
0
  0
HATCH
  5
BE
330
17
100
AcDbEntity
  8
RASTER
 62
7
100
AcDbHatch
 10
0.0
 20
0.0
 30
0.0
210
0.0
220
0.0
230
1.0
  2
SOLID
 70
1
 71
0
 91
1
 92
3
 72
0
 73
1
 93
24
 10
210.898
 20
649.607
 10
212.099
 20
648.474
 10
213.655
 20
648.359
 10
215.503
 20
648.846
 10
217.204
 20
648.848
 10
218.401
 20
647.752
 10
219.232
 20
646.047
 10
220.241
 20
644.779
 10
221.8
 20
644.45
 10
223.668
 20
644.515
 10
225.198
 20
643.995
 10
226.018
 20
642.507
 10
226.007
 20
642.493
 10
225.121
 20
643.888
 10
223.536
 20
644.32
 10
221.627
 20
644.177
 10
220.045
 20
644.448
 10
219.032
 20
645.682
 10
218.212
 20
647.38
 10
217.041
 20
648.5
 10
215.375
 20
648.55
 10
213.569
 20
648.139
 10
212.054
 20
648.35
 10
210.893
 20
649.59
 97
0
 75
0
 76
1
 98
0
  0
HATCH
  5
BF
330
17
100
AcDbEntity
  8
RASTER
 62
7
100
AcDbHatch
 10
0.0
 20
0.0
 30
0.0
210
0.0
220
0.0
230
1.0
  2
SOLID
 70
1
 71
0
 91
1
 92
3
 72
0
 73
1
 93
16
 10
229.907
 20
635.591
 10
231.18
 20
634.861
 10
232.395
 20
634.045
 10
233.437
 20
633.062
 10
234.237
 20
631.886
 10
234.805
 20
630.554
 10
235.226
 20
629.147
 10
235.627
 20
627.757
 10
235.611
 20
627.747
 10
235.048
 20
629.032
 10
234.504
 20
630.346
 10
233.873
 20
631.619
 10
233.081
 20
632.784
 10
232.114
 20
633.811
 10
231.022
 20
634.721
 10
229.894
 20
635.578
 97
0
 75
0
 76
1
 98
0
  0
HATCH
  5
C0
330
17
100
AcDbEntity
  8
RASTER
 62
7
100
AcDbHatch
 10
0.0
 20
0.0
 30
0.0
210
0.0
220
0.0
230
1.0
  2
SOLID
 70
1
 71
0
 91
1
 92
3
 72
0
 73
1
 93
22
 10
235.638
 20
563.967
 10
234.811
 20
562.595
 10
233.949
 20
561.225
 10
232.849
 20
560.102
 10
231.478
 20
559.307
 10
229.992
 20
558.686
 10
228.599
 20
557.969
 10
227.395
 20
556.993
 10
226.294
 20
555.837
 10
225.115
 20
554.771
 10
223.733
 20
554.035
 10
223.724
 20
554.052
 10
225.058
 20
554.869
 10
226.189
 20
556.005
 10
227.247
 20
557.215
 10
228.42
 20
558.223
 10
229.796
 20
558.946
 10
231.285
 20
559.55
 10
232.677
 20
560.306
 10
233.817
 20
561.374
 10
234.733
 20
562.677
 10
235.624
 20
563.98
 97
0
 75
0
 76
1
 98
0
  0
HATCH
  5
C1
330
17
100
AcDbEntity
  8
RASTER
 62
7
100
AcDbHatch
 10
0.0
 20
0.0
 30
0.0
210
0.0
220
0.0
230
1.0
  2
SOLID
 70
1
 71
0
 91
1
 92
3
 72
0
 73
1
 93
22
 10
216.206
 20
555.009
 10
214.57
 20
555.415
 10
213.133
 20
555.405
 10
211.963
 20
554.643
 10
210.941
 20
553.31
 10
209.861
 20
551.992
 10
208.577
 20
551.308
 10
207.09
 20
551.497
 10
205.526
 20
552.261
 10
204.027
 20
552.951
 10
202.66
 20
552.988
 10
202.658
 20
553.006
 10
204.009
 20
553.064
 10
205.49
 20
552.459
 10
207.035
 20
551.761
 10
208.505
 20
551.613
 10
209.777
 20
552.31
 10
210.853
 20
553.61
 10
211.881
 20
554.9
 10
213.066
 20
555.594
 10
214.529
 20
555.521
 10
216.199
 20
555.026
 97
0
 75
0
 76
1
 98
0
  0
HATCH
  5
C2
330
17
100
AcDbEntity
  8
RASTER
 62
7
100
AcDbHatch
 10
0.0
 20
0.0
 30
0.0
210
0.0
220
0.0
230
1.0
  2
SOLID
 70
1
 71
0
 91
1
 92
3
 72
0
 73
1
 93
16
 10
186.482
 20
550.453
 10
184.819
 20
550.031
 10
183.26
 20
550.23
 10
181.878
 20
551.122
 10
180.602
 20
552.268
 10
179.262
 20
553.086
 10
177.729
 20
553.318
 10
176.05
 20
553.23
 10
176.057
 20
553.247
 10
177.785
 20
553.471
 10
179.349
 20
553.349
 10
180.701
 20
552.594
 10
181.967
 20
551.451
 10
183.324
 20
550.5
 10
184.852
 20
550.189
 10
186.486
 20
550.471
 97
0
 75
0
 76
1
 98
0
  0
HATCH
  5
C3
330
17
100
AcDbEntity
  8
RASTER
 62
7
100
AcDbHatch
 10
0.0
 20
0.0
 30
0.0
210
0.0
220
0.0
230
1.0
  2
SOLID
 70
1
 71
0
 91
1
 92
3
 72
0
 73
1
 93
26
 10
172.681
 20
557.099
 10
171.221
 20
557.361
 10
169.754
 20
557.663
 10
168.325
 20
558.074
 10
166.976
 20
558.649
 10
165.742
 20
559.415
 10
164.64
 20
560.37
 10
163.666
 20
561.481
 10
162.792
 20
562.691
 10
161.976
 20
563.935
 10
161.165
 20
565.152
 10
160.306
 20
566.291
 10
159.363
 20
567.328
 10
159.376
 20
567.341
 10
160.378
 20
566.365
 10
161.287
 20
565.287
 10
162.139
 20
564.126
 10
162.983
 20
562.926
 10
163.869
 20
561.746
 10
164.843
 20
560.651
 10
165.931
 20
559.692
 10
167.14
 20
558.903
 10
168.455
 20
558.287
 10
169.845
 20
557.821
 10
171.27
 20
557.452
 10
172.69
 20
557.116
 97
0
 75
0
 76
1
 98
0
  0
HATCH
  5
C4
330
17
100
AcDbEntity
  8
RASTER
 62
7
100
AcDbHatch
 10
0.0
 20
0.0
 30
0.0
210
0.0
220
0.0
230
1.0
  2
SOLID
 70
1
 71
0
 91
1
 92
3
 72
0
 73
1
 93
16
 10
149.374
 20
579.275
 10
148.301
 20
580.431
 10
147.335
 20
581.664
 10
146.571
 20
583.005
 10
146.062
 20
584.456
 10
145.793
 20
585.99
 10
145.69
 20
587.561
 10
145.639
 20
589.125
 10
145.657
 20
589.13
 10
145.896
 20
587.628
 10
146.147
 20
586.115
 10
146.494
 20
584.624
 10
146.999
 20
583.185
 10
147.676
 20
581.819
 10
148.496
 20
580.526
 10
149.39
 20
579.283
 97
0
 75
0
 76
1
 98
0
  0
HATCH
  5
C5
330
17
100
AcDbEntity
  8
RASTER
 62
7
100
AcDbHatch
 10
0.0
 20
0.0
 30
0.0
210
0.0
220
0.0
230
1.0
  2
SOLID
 70
1
 71
0
 91
1
 92
3
 72
0
 73
1
 93
24
 10
143.079
 20
602.161
 10
143.143
 20
603.654
 10
143.639
 20
605.132
 10
144.193
 20
606.581
 10
144.426
 20
608.03
 10
144.227
 20
609.519
 10
143.833
 20
611.055
 10
143.658
 20
612.589
 10
143.993
 20
614.047
 10
144.796
 20
615.398
 10
145.726
 20
616.688
 10
146.386
 20
618.021
 10
146.404
 20
618.015
 10
145.83
 20
616.661
 10
144.981
 20
615.356
 10
144.246
 20
613.998
 10
143.96
 20
612.539
 10
144.161
 20
611.01
 10
144.556
 20
609.483
 10
144.732
 20
608.005
 10
144.45
 20
606.568
 10
143.828
 20
605.127
 10
143.251
 20
603.654
 10
143.097
 20
602.161
 97
0
 75
0
 76
1
 98
0
  0
HATCH
  5
C6
330
17
100
AcDbEntity
  8
RASTER
 62
7
100
AcDbHatch
 10
0.0
 20
0.0
 30
0.0
210
0.0
220
0.0
230
1.0
  2
SOLID
 70
1
 71
0
 91
1
 92
3
 72
0
 73
1
 93
14
 10
147.178
 20
630.507
 10
147.145
 20
632.227
 10
147.041
 20
634.046
 10
147.383
 20
635.639
 10
148.432
 20
636.782
 10
150.04
 20
637.504
 10
151.755
 20
638.084
 10
151.77
 20
638.072
 10
150.176
 20
637.404
 10
148.661
 20
636.624
 10
147.65
 20
635.465
 10
147.278
 20
633.9
 10
147.291
 20
632.142
 10
147.194
 20
630.498
 97
0
 75
0
 76
1
 98
0
  0
HATCH
  5
C7
330
17
100
AcDbEntity
  8
RASTER
 62
7
100
AcDbHatch
 10
0.0
 20
0.0
 30
0.0
210
0.0
220
0.0
230
1.0
  2
SOLID
 70
1
 71
0
 91
1
 92
3
 72
0
 73
1
 93
34
 10
157.461
 20
640.518
 10
158.711
 20
641.266
 10
159.487
 20
642.488
 10
159.991
 20
644.039
 10
160.66
 20
645.463
 10
161.796
 20
646.366
 10
163.328
 20
646.749
 10
164.894
 20
647.027
 10
166.152
 20
647.692
 10
167.052
 20
648.894
 10
167.857
 20
650.306
 10
168.906
 20
651.378
 10
170.331
 20
651.795
 10
171.969
 20
651.754
 10
173.517
 20
651.808
 10
174.787
 20
652.414
 10
175.845
 20
653.545
 10
175.852
 20
653.527
 10
174.828
 20
652.321
 10
173.594
 20
651.644
 10
172.084
 20
651.526
 10
170.482
 20
651.514
 10
169.091
 20
651.054
 10
168.072
 20
649.954
 10
167.289
 20
648.528
 10
166.403
 20
647.325
 10
165.15
 20
646.674
 10
163.578
 20
646.422
 10
162.03
 20
646.076
 10
160.868
 20
645.22
 10
160.162
 20
643.849
 10
159.612
 20
642.356
 10
158.783
 20
641.194
 10
157.474
 20
640.505
 97
0
 75
0
 76
1
 98
0
  0
HATCH
  5
C8
330
17
100
AcDbEntity
  8
RASTER
 62
7
100
AcDbHatch
 10
0.0
 20
0.0
 30
0.0
210
0.0
220
0.0
230
1.0
  2
SOLID
 70
1
 71
0
 91
1
 92
3
 72
0
 73
1
 93
30
 10
184.881
 20
655.505
 10
186.328
 20
655.679
 10
187.736
 20
656.06
 10
189.129
 20
656.627
 10
190.53
 20
657.306
 10
191.961
 20
657.982
 10
193.429
 20
658.531
 10
194.929
 20
658.847
 10
196.442
 20
658.866
 10
197.947
 20
658.586
 10
199.425
 20
658.065
 10
200.867
 20
657.406
 10
202.278
 20
656.734
 10
203.676
 20
656.166
 10
205.085
 20
655.782
 10
205.082
 20
655.764
 10
203.659
 20
656.051
 10
202.254
 20
656.527
 10
200.841
 20
657.116
 10
199.403
 20
657.705
 10
197.934
 20
658.174
 10
196.44
 20
658.421
 10
194.939
 20
658.391
 10
193.451
 20
658.087
 10
191.993
 20
657.571
 10
190.568
 20
656.947
 10
189.167
 20
656.338
 10
187.77
 20
655.854
 10
186.349
 20
655.565
 10
184.885
 20
655.486
 97
0
 75
0
 76
1
 98
0
  0
HATCH
  5
C9
330
17
100
AcDbEntity
  8
RASTER
 62
7
100
AcDbHatch
 10
0.0
 20
0.0
 30
0.0
210
0.0
220
0.0
230
1.0
  2
SOLID
 70
1
 71
0
 91
1
 92
3
 72
0
 73
1
 93
20
 10
218.969
 20
652.219
 10
220.148
 20
651.24
 10
221.48
 20
650.581
 10
222.994
 20
650.232
 10
224.629
 20
650.03
 10
226.25
 20
649.735
 10
227.701
 20
649.135
 10
228.876
 20
648.131
 10
229.771
 20
646.777
 10
230.49
 20
645.257
 10
230.478
 20
645.243
 10
229.675
 20
646.655
 10
228.713
 20
647.91
 10
227.493
 20
648.837
 10
226.024
 20
649.392
 10
224.413
 20
649.68
 10
222.812
 20
649.917
 10
221.349
 20
650.34
 10
220.078
 20
651.101
 10
218.961
 20
652.202
 97
0
 75
0
 76
1
 98
0
  0
HATCH
  5
CA
330
17
100
AcDbEntity
  8
RASTER
 62
7
100
AcDbHatch
 10
0.0
 20
0.0
 30
0.0
210
0.0
220
0.0
230
1.0
  2
SOLID
 70
1
 71
0
 91
1
 92
3
 72
0
 73
1
 93
22
 10
241.403
 20
639.77
 10
242.671
 20
638.822
 10
243.805
 20
637.748
 10
244.75
 20
636.529
 10
245.486
 20
635.171
 10
246.028
 20
633.703
 10
246.425
 20
632.171
 10
246.749
 20
630.625
 10
247.083
 20
629.109
 10
247.501
 20
627.654
 10
248.051
 20
626.269
 10
248.034
 20
626.262
 10
247.402
 20
627.608
 10
246.913
 20
629.025
 10
246.524
 20
630.506
 10
246.167
 20
632.026
 10
245.762
 20
633.544
 10
245.236
 20
635.013
 10
244.539
 20
636.387
 10
243.65
 20
637.638
 10
242.584
 20
638.756
 10
241.388
 20
639.759
 97
0
 75
0
 76
1
 98
0
  0
HATCH
  5
CB
330
17
100
AcDbEntity
  8
RASTER
 62
7
100
AcDbHatch
 10
0.0
 20
0.0
 30
0.0
210
0.0
220
0.0
230
1.0
  2
SOLID
 70
1
 71
0
 91
1
 92
3
 72
0
 73
1
 93
24
 10
249.612
 20
610.599
 10
249.161
 20
609.101
 10
248.837
 20
607.644
 10
248.903
 20
606.227
 10
249.391
 20
604.818
 10
250.081
 20
603.383
 10
250.62
 20
601.915
 10
250.706
 20
600.443
 10
250.25
 20
599.011
 10
249.421
 20
597.639
 10
248.561
 20
596.309
 10
247.999
 20
594.963
 10
247.981
 20
594.966
 10
248.421
 20
596.329
 10
249.169
 20
597.669
 10
249.904
 20
599.042
 10
250.293
 20
600.469
 10
250.171
 20
601.931
 10
249.632
 20
603.387
 10
248.976
 20
604.811
 10
248.556
 20
606.212
 10
248.584
 20
607.626
 10
249.02
 20
609.087
 10
249.593
 20
610.597
 97
0
 75
0
 76
1
 98
0
  0
HATCH
  5
CC
330
17
100
AcDbEntity
  8
RASTER
 62
7
100
AcDbHatch
 10
0.0
 20
0.0
 30
0.0
210
0.0
220
0.0
230
1.0
  2
SOLID
 70
1
 71
0
 91
1
 92
3
 72
0
 73
1
 93
18
 10
252.596
 20
587.745
 10
252.149
 20
586.302
 10
251.339
 20
584.983
 10
250.309
 20
583.764
 10
249.261
 20
582.582
 10
248.381
 20
581.358
 10
247.772
 20
580.028
 10
247.42
 20
578.57
 10
247.202
 20
577.022
 10
247.186
 20
577.031
 10
247.256
 20
578.651
 10
247.48
 20
580.163
 10
248.001
 20
581.522
 10
248.846
 20
582.749
 10
249.92
 20
583.908
 10
251.034
 20
585.087
 10
251.974
 20
586.356
 10
252.578
 20
587.75
 97
0
 75
0
 76
1
 98
0
  0
HATCH
  5
CD
330
17
100
AcDbEntity
  8
RASTER
 62
7
100
AcDbHatch
 10
0.0
 20
0.0
 30
0.0
210
0.0
220
0.0
230
1.0
  2
SOLID
 70
1
 71
0
 91
1
 92
3
 72
0
 73
1
 93
14
 10
245.184
 20
569.51
 10
244.317
 20
568.759
 10
243.433
 20
568.033
 10
242.544
 20
567.324
 10
241.666
 20
566.618
 10
240.817
 20
565.899
 10
240.017
 20
565.146
 10
240.003
 20
565.159
 10
240.675
 20
566.02
 10
241.426
 20
566.814
 10
242.266
 20
567.543
 10
243.186
 20
568.22
 10
244.166
 20
568.869
 10
245.169
 20
569.52
 97
0
 75
0
 76
1
 98
0
  0
HATCH
  5
CE
330
17
100
AcDbEntity
  8
RASTER
 62
7
100
AcDbHatch
 10
0.0
 20
0.0
 30
0.0
210
0.0
220
0.0
230
1.0
  2
SOLID
 70
1
 71
0
 91
1
 92
3
 72
0
 73
1
 93
22
 10
239.014
 20
560.587
 10
237.85
 20
559.64
 10
236.265
 20
559.171
 10
234.61
 20
558.838
 10
233.239
 20
558.22
 10
232.291
 20
557.084
 10
231.62
 20
555.545
 10
230.897
 20
554.009
 10
229.827
 20
552.921
 10
228.331
 20
552.485
 10
226.579
 20
552.521
 10
226.57
 20
552.537
 10
228.246
 20
552.62
 10
229.669
 20
553.16
 10
230.676
 20
554.326
 10
231.353
 20
555.909
 10
232.002
 20
557.458
 10
232.954
 20
558.57
 10
234.359
 20
559.132
 10
236.074
 20
559.384
 10
237.741
 20
559.756
 10
239.0
 20
560.6
 97
0
 75
0
 76
1
 98
0
  0
HATCH
  5
CF
330
17
100
AcDbEntity
  8
RASTER
 62
7
100
AcDbHatch
 10
0.0
 20
0.0
 30
0.0
210
0.0
220
0.0
230
1.0
  2
SOLID
 70
1
 71
0
 91
1
 92
3
 72
0
 73
1
 93
16
 10
219.182
 20
546.957
 10
217.849
 20
546.254
 10
216.555
 20
545.408
 10
215.255
 20
544.526
 10
213.901
 20
543.748
 10
212.469
 20
543.195
 10
210.959
 20
542.929
 10
209.396
 20
542.924
 10
209.392
 20
542.942
 10
210.913
 20
543.116
 10
212.383
 20
543.515
 10
213.786
 20
544.139
 10
215.13
 20
544.915
 10
216.446
 20
545.72
 10
217.781
 20
546.433
 10
219.175
 20
546.974
 97
0
 75
0
 76
1
 98
0
  0
HATCH
  5
D0
330
17
100
AcDbEntity
  8
RASTER
 62
7
100
AcDbHatch
 10
0.0
 20
0.0
 30
0.0
210
0.0
220
0.0
230
1.0
  2
SOLID
 70
1
 71
0
 91
1
 92
3
 72
0
 73
1
 93
22
 10
202.692
 20
545.108
 10
201.235
 20
544.723
 10
199.767
 20
544.309
 10
198.281
 20
543.935
 10
196.778
 20
543.672
 10
195.265
 20
543.574
 10
193.753
 20
543.667
 10
192.255
 20
543.937
 10
190.777
 20
544.339
 10
189.32
 20
544.808
 10
187.878
 20
545.269
 10
187.881
 20
545.287
 10
189.338
 20
544.963
 10
190.802
 20
544.618
 10
192.279
 20
544.314
 10
193.771
 20
544.108
 10
195.272
 20
544.038
 10
196.773
 20
544.114
 10
198.267
 20
544.313
 10
199.75
 20
544.589
 10
201.221
 20
544.879
 10
202.69
 20
545.127
 97
0
 75
0
 76
1
 98
0
  0
HATCH
  5
D1
330
17
100
AcDbEntity
  8
RASTER
 62
7
100
AcDbHatch
 10
0.0
 20
0.0
 30
0.0
210
0.0
220
0.0
230
1.0
  2
SOLID
 70
1
 71
0
 91
1
 92
3
 72
0
 73
1
 93
34
 10
173.989
 20
549.074
 10
172.568
 20
549.415
 10
171.178
 20
549.853
 10
169.837
 20
550.411
 10
168.556
 20
551.093
 10
167.338
 20
551.887
 10
166.175
 20
552.765
 10
165.051
 20
553.691
 10
163.944
 20
554.626
 10
162.832
 20
555.538
 10
161.697
 20
556.407
 10
160.527
 20
557.229
 10
159.327
 20
558.017
 10
158.108
 20
558.793
 10
156.895
 20
559.591
 10
155.717
 20
560.44
 10
154.602
 20
561.367
 10
154.615
 20
561.381
 10
155.78
 20
560.508
 10
157.003
 20
559.713
 10
158.256
 20
558.969
 10
159.506
 20
558.24
 10
160.73
 20
557.495
 10
161.913
 20
556.705
 10
163.054
 20
555.859
 10
164.162
 20
554.958
 10
165.256
 20
554.023
 10
166.361
 20
553.083
 10
167.5
 20
552.179
 10
168.689
 20
551.347
 10
169.938
 20
550.616
 10
171.247
 20
550.002
 10
172.605
 20
549.5
 10
173.996
 20
549.091
 97
0
 75
0
 76
1
 98
0
  0
HATCH
  5
D2
330
17
100
AcDbEntity
  8
RASTER
 62
7
100
AcDbHatch
 10
0.0
 20
0.0
 30
0.0
210
0.0
220
0.0
230
1.0
  2
SOLID
 70
1
 71
0
 91
1
 92
3
 72
0
 73
1
 93
16
 10
144.574
 20
569.109
 10
143.512
 20
570.243
 10
142.533
 20
571.442
 10
141.666
 20
572.717
 10
140.929
 20
574.07
 10
140.326
 20
575.491
 10
139.843
 20
576.963
 10
139.452
 20
578.466
 10
139.469
 20
578.474
 10
139.974
 20
577.026
 10
140.546
 20
575.603
 10
141.196
 20
574.214
 10
141.929
 20
572.867
 10
142.744
 20
571.569
 10
143.635
 20
570.321
 10
144.589
 20
569.12
 97
0
 75
0
 76
1
 98
0
  0
HATCH
  5
D3
330
17
100
AcDbEntity
  8
RASTER
 62
7
100
AcDbHatch
 10
0.0
 20
0.0
 30
0.0
210
0.0
220
0.0
230
1.0
  2
SOLID
 70
1
 71
0
 91
1
 92
3
 72
0
 73
1
 93
24
 10
133.984
 20
586.123
 10
134.233
 20
587.872
 10
134.587
 20
589.611
 10
134.65
 20
591.251
 10
134.195
 20
592.779
 10
133.285
 20
594.247
 10
132.243
 20
595.732
 10
131.49
 20
597.289
 10
131.324
 20
598.921
 10
131.771
 20
600.587
 10
132.563
 20
602.234
 10
133.28
 20
603.84
 10
133.299
 20
603.84
 10
132.666
 20
602.237
 10
131.951
 20
600.596
 10
131.568
 20
598.94
 10
131.779
 20
597.319
 10
132.555
 20
595.772
 10
133.596
 20
594.294
 10
134.481
 20
592.83
 10
134.89
 20
591.3
 10
134.763
 20
589.651
 10
134.333
 20
587.898
 10
134.002
 20
586.128
 97
0
 75
0
 76
1
 98
0
  0
HATCH
  5
D4
330
17
100
AcDbEntity
  8
RASTER
 62
7
100
AcDbHatch
 10
0.0
 20
0.0
 30
0.0
210
0.0
220
0.0
230
1.0
  2
SOLID
 70
1
 71
0
 91
1
 92
3
 72
0
 73
1
 93
20
 10
134.001
 20
615.996
 10
134.973
 20
617.351
 10
135.76
 20
618.718
 10
136.155
 20
620.17
 10
136.145
 20
621.743
 10
135.917
 20
623.41
 10
135.774
 20
625.084
 10
135.997
 20
626.656
 10
136.724
 20
628.04
 10
137.888
 20
629.227
 10
137.905
 20
629.219
 10
136.854
 20
627.987
 10
136.229
 20
626.568
 10
136.083
 20
624.976
 10
136.269
 20
623.295
 10
136.499
 20
621.637
 10
136.471
 20
620.084
 10
136.001
 20
618.659
 10
135.111
 20
617.32
 10
134.019
 20
615.993
 97
0
 75
0
 76
1
 98
0
  0
HATCH
  5
D5
330
17
100
AcDbEntity
  8
RASTER
 62
7
100
AcDbHatch
 10
0.0
 20
0.0
 30
0.0
210
0.0
220
0.0
230
1.0
  2
SOLID
 70
1
 71
0
 91
1
 92
3
 72
0
 73
1
 93
14
 10
142.977
 20
632.909
 10
143.728
 20
634.238
 10
144.437
 20
635.592
 10
145.124
 20
636.968
 10
145.816
 20
638.35
 10
146.543
 20
639.72
 10
147.329
 20
641.059
 10
147.344
 20
641.048
 10
146.683
 20
639.619
 10
146.052
 20
638.188
 10
145.398
 20
636.79
 10
144.68
 20
635.443
 10
143.878
 20
634.151
 10
142.993
 20
632.901
 97
0
 75
0
 76
1
 98
0
  0
HATCH
  5
D6
330
17
100
AcDbEntity
  8
RASTER
 62
7
100
AcDbHatch
 10
0.0
 20
0.0
 30
0.0
210
0.0
220
0.0
230
1.0
  2
SOLID
 70
1
 71
0
 91
1
 92
3
 72
0
 73
1
 93
20
 10
154.317
 20
649.535
 10
155.646
 20
650.407
 10
157.01
 20
651.219
 10
158.379
 20
652.004
 10
159.729
 20
652.797
 10
161.045
 20
653.623
 10
162.32
 20
654.501
 10
163.563
 20
655.434
 10
164.787
 20
656.409
 10
166.015
 20
657.401
 10
166.024
 20
657.384
 10
164.86
 20
656.287
 10
163.697
 20
655.222
 10
162.504
 20
654.225
 10
161.261
 20
653.317
 10
159.953
 20
652.496
 10
158.584
 20
651.743
 10
157.17
 20
651.025
 10
155.739
 20
650.299
 10
154.33
 20
649.521
 97
0
 75
0
 76
1
 98
0
  0
HATCH
  5
D7
330
17
100
AcDbEntity
  8
RASTER
 62
7
100
AcDbHatch
 10
0.0
 20
0.0
 30
0.0
210
0.0
220
0.0
230
1.0
  2
SOLID
 70
1
 71
0
 91
1
 92
3
 72
0
 73
1
 93
34
 10
175.515
 20
665.59
 10
177.063
 20
666.037
 10
178.763
 20
665.935
 10
180.491
 20
665.609
 10
182.134
 20
665.495
 10
183.65
 20
665.888
 10
185.085
 20
666.771
 10
186.527
 20
667.817
 10
188.044
 20
668.579
 10
189.65
 20
668.743
 10
191.301
 20
668.311
 10
192.938
 20
667.605
 10
194.532
 20
667.076
 10
196.097
 20
667.052
 10
197.673
 20
667.545
 10
199.286
 20
668.246
 10
200.919
 20
668.705
 10
200.918
 20
668.686
 10
199.282
 20
668.162
 10
197.67
 20
667.398
 10
196.097
 20
666.847
 10
194.538
 20
666.821
 10
192.953
 20
667.308
 10
191.326
 20
667.985
 10
189.685
 20
668.397
 10
188.088
 20
668.228
 10
186.578
 20
667.474
 10
185.142
 20
666.448
 10
183.709
 20
665.597
 10
182.19
 20
665.246
 10
180.542
 20
665.411
 10
178.802
 20
665.794
 10
177.087
 20
665.957
 10
175.521
 20
665.572
 97
0
 75
0
 76
1
 98
0
  0
HATCH
  5
D8
330
17
100
AcDbEntity
  8
RASTER
 62
7
100
AcDbHatch
 10
0.0
 20
0.0
 30
0.0
210
0.0
220
0.0
230
1.0
  2
SOLID
 70
1
 71
0
 91
1
 92
3
 72
0
 73
1
 93
22
 10
209.402
 20
666.117
 10
211.056
 20
666.655
 10
212.673
 20
666.888
 10
214.154
 20
666.538
 10
215.455
 20
665.604
 10
216.626
 20
664.357
 10
217.788
 20
663.198
 10
219.079
 20
662.455
 10
220.571
 20
662.219
 10
222.225
 20
662.303
 10
223.896
 20
662.344
 10
223.888
 20
662.327
 10
222.174
 20
662.19
 10
220.487
 20
662.017
 10
218.972
 20
662.18
 10
217.67
 20
662.875
 10
216.51
 20
664.016
 10
215.352
 20
665.276
 10
214.072
 20
666.254
 10
212.617
 20
666.676
 10
211.027
 20
666.534
 10
209.398
 20
666.099
 97
0
 75
0
 76
1
 98
0
  0
HATCH
  5
D9
330
17
100
AcDbEntity
  8
RASTER
 62
7
100
AcDbHatch
 10
0.0
 20
0.0
 30
0.0
210
0.0
220
0.0
230
1.0
  2
SOLID
 70
1
 71
0
 91
1
 92
3
 72
0
 73
1
 93
32
 10
235.221
 20
648.9
 10
236.865
 20
648.508
 10
238.405
 20
647.951
 10
239.683
 20
647.087
 10
240.615
 20
645.875
 10
241.228
 20
644.387
 10
241.653
 20
642.774
 10
242.085
 20
641.213
 10
242.712
 20
639.843
 10
243.649
 20
638.721
 10
244.89
 20
637.806
 10
246.311
 20
636.98
 10
247.707
 20
636.095
 10
248.86
 20
635.026
 10
249.621
 20
633.713
 10
249.963
 20
632.177
 10
249.946
 20
632.169
 10
249.539
 20
633.667
 10
248.718
 20
634.942
 10
247.511
 20
635.973
 10
246.072
 20
636.822
 10
244.619
 20
637.617
 10
243.357
 20
638.507
 10
242.414
 20
639.613
 10
241.793
 20
640.975
 10
241.378
 20
642.539
 10
240.982
 20
644.166
 10
240.407
 20
645.679
 10
239.52
 20
646.925
 10
238.291
 20
647.832
 10
236.802
 20
648.439
 10
235.209
 20
648.885
 97
0
 75
0
 76
1
 98
0
  0
HATCH
  5
DA
330
17
100
AcDbEntity
  8
RASTER
 62
7
100
AcDbHatch
 10
0.0
 20
0.0
 30
0.0
210
0.0
220
0.0
230
1.0
  2
SOLID
 70
1
 71
0
 91
1
 92
3
 72
0
 73
1
 93
14
 10
254.008
 20
622.571
 10
254.224
 20
621.372
 10
254.314
 20
620.144
 10
254.286
 20
618.895
 10
254.167
 20
617.638
 10
254.0
 20
616.387
 10
253.835
 20
615.155
 10
253.817
 20
615.151
 10
253.802
 20
616.345
 10
253.839
 20
617.56
 10
253.911
 20
618.798
 10
253.989
 20
620.053
 10
254.031
 20
621.314
 10
253.99
 20
622.565
 97
0
 75
0
 76
1
 98
0
  0
HATCH
  5
DB
330
17
100
AcDbEntity
  8
RASTER
 62
7
100
AcDbHatch
 10
0.0
 20
0.0
 30
0.0
210
0.0
220
0.0
230
1.0
  2
SOLID
 70
1
 71
0
 91
1
 92
3
 72
0
 73
1
 93
28
 10
257.734
 20
602.774
 10
257.297
 20
601.274
 10
257.201
 20
599.77
 10
257.489
 20
598.23
 10
257.899
 20
596.655
 10
258.055
 20
595.086
 10
257.727
 20
593.58
 10
256.994
 20
592.155
 10
256.186
 20
590.769
 10
255.648
 20
589.343
 10
255.498
 20
587.821
 10
255.545
 20
586.227
 10
255.435
 20
584.659
 10
254.897
 20
583.221
 10
254.879
 20
583.227
 10
255.311
 20
584.699
 10
255.32
 20
586.294
 10
255.182
 20
587.906
 10
255.258
 20
589.438
 10
255.743
 20
590.866
 10
256.522
 20
592.246
 10
257.253
 20
593.659
 10
257.606
 20
595.15
 10
257.5
 20
596.701
 10
257.163
 20
598.26
 10
256.967
 20
599.785
 10
257.167
 20
601.279
 10
257.715
 20
602.774
 97
0
 75
0
 76
1
 98
0
  0
HATCH
  5
DC
330
17
100
AcDbEntity
  8
RASTER
 62
7
100
AcDbHatch
 10
0.0
 20
0.0
 30
0.0
210
0.0
220
0.0
230
1.0
  2
SOLID
 70
1
 71
0
 91
1
 92
3
 72
0
 73
1
 93
24
 10
137.709
 20
637.717
 10
138.371
 20
639.069
 10
138.982
 20
640.461
 10
139.581
 20
641.874
 10
140.218
 20
643.276
 10
140.94
 20
644.631
 10
141.782
 20
645.905
 10
142.757
 20
647.079
 10
143.854
 20
648.148
 10
145.042
 20
649.128
 10
146.277
 20
650.05
 10
147.511
 20
650.956
 10
147.524
 20
650.943
 10
146.377
 20
649.957
 10
145.226
 20
648.965
 10
144.111
 20
647.931
 10
143.069
 20
646.827
 10
142.126
 20
645.639
 10
141.29
 20
644.372
 10
140.546
 20
643.045
 10
139.86
 20
641.686
 10
139.189
 20
640.328
 10
138.488
 20
638.997
 10
137.725
 20
637.707
 97
0
 75
0
 76
1
 98
0
  0
HATCH
  5
DD
330
17
100
AcDbEntity
  8
RASTER
 62
7
100
AcDbHatch
 10
0.0
 20
0.0
 30
0.0
210
0.0
220
0.0
230
1.0
  2
SOLID
 70
1
 71
0
 91
1
 92
3
 72
0
 73
1
 93
24
 10
152.83
 20
656.16
 10
153.862
 20
657.262
 10
155.062
 20
658.157
 10
156.408
 20
658.849
 10
157.847
 20
659.388
 10
159.313
 20
659.857
 10
160.742
 20
660.351
 10
162.089
 20
660.953
 10
163.34
 20
661.708
 10
164.513
 20
662.613
 10
165.649
 20
663.614
 10
166.799
 20
664.623
 10
166.807
 20
664.606
 10
165.708
 20
663.497
 10
164.624
 20
662.406
 10
163.498
 20
661.429
 10
162.284
 20
660.625
 10
160.961
 20
660.001
 10
159.541
 20
659.511
 10
158.064
 20
659.074
 10
156.595
 20
658.589
 10
155.203
 20
657.97
 10
153.943
 20
657.159
 10
152.842
 20
656.146
 97
0
 75
0
 76
1
 98
0
  0
HATCH
  5
DE
330
17
100
AcDbEntity
  8
RASTER
 62
7
100
AcDbHatch
 10
0.0
 20
0.0
 30
0.0
210
0.0
220
0.0
230
1.0
  2
SOLID
 70
1
 71
0
 91
1
 92
3
 72
0
 73
1
 93
16
 10
177.462
 20
667.767
 10
178.692
 20
668.633
 10
179.982
 20
669.347
 10
181.342
 20
669.824
 10
182.766
 20
670.024
 10
184.232
 20
669.969
 10
185.712
 20
669.733
 10
187.183
 20
669.427
 10
187.185
 20
669.409
 10
185.74
 20
669.558
 10
184.286
 20
669.669
 10
182.84
 20
669.656
 10
181.425
 20
669.458
 10
180.055
 20
669.052
 10
178.738
 20
668.462
 10
177.467
 20
667.75
 97
0
 75
0
 76
1
 98
0
  0
HATCH
  5
DF
330
17
100
AcDbEntity
  8
RASTER
 62
7
100
AcDbHatch
 10
0.0
 20
0.0
 30
0.0
210
0.0
220
0.0
230
1.0
  2
SOLID
 70
1
 71
0
 91
1
 92
3
 72
0
 73
1
 93
30
 10
203.139
 20
673.926
 10
204.691
 20
674.127
 10
206.251
 20
674.271
 10
207.811
 20
674.316
 10
209.359
 20
674.226
 10
210.882
 20
673.981
 10
212.372
 20
673.575
 10
213.821
 20
673.022
 10
215.229
 20
672.35
 10
216.601
 20
671.596
 10
217.946
 20
670.806
 10
219.278
 20
670.024
 10
220.614
 20
669.287
 10
221.968
 20
668.624
 10
223.353
 20
668.044
 10
223.345
 20
668.027
 10
221.938
 20
668.547
 10
220.564
 20
669.154
 10
219.213
 20
669.838
 10
217.871
 20
670.576
 10
216.521
 20
671.332
 10
215.15
 20
672.063
 10
213.746
 20
672.728
 10
212.305
 20
673.286
 10
210.826
 20
673.711
 10
209.314
 20
673.988
 10
207.779
 20
674.122
 10
206.231
 20
674.13
 10
204.681
 20
674.045
 10
203.138
 20
673.908
 97
0
 75
0
 76
1
 98
0
  0
HATCH
  5
E0
330
17
100
AcDbEntity
  8
RASTER
 62
7
100
AcDbHatch
 10
0.0
 20
0.0
 30
0.0
210
0.0
220
0.0
230
1.0
  2
SOLID
 70
1
 71
0
 91
1
 92
3
 72
0
 73
1
 93
20
 10
226.408
 20
661.835
 10
227.543
 20
661.1
 10
228.715
 20
660.437
 10
229.927
 20
659.84
 10
231.18
 20
659.297
 10
232.466
 20
658.79
 10
233.774
 20
658.294
 10
235.088
 20
657.781
 10
236.388
 20
657.227
 10
237.655
 20
656.606
 10
237.643
 20
656.592
 10
236.307
 20
657.119
 10
234.949
 20
657.589
 10
233.596
 20
658.036
 10
232.271
 20
658.495
 10
230.991
 20
658.998
 10
229.765
 20
659.571
 10
228.596
 20
660.231
 10
227.478
 20
660.982
 10
226.399
 20
661.818
 97
0
 75
0
 76
1
 98
0
  0
HATCH
  5
E1
330
17
100
AcDbEntity
  8
RASTER
 62
7
100
AcDbHatch
 10
0.0
 20
0.0
 30
0.0
210
0.0
220
0.0
230
1.0
  2
SOLID
 70
1
 71
0
 91
1
 92
3
 72
0
 73
1
 93
28
 10
246.665
 20
646.095
 10
247.379
 20
644.861
 10
248.238
 20
643.75
 10
249.271
 20
642.765
 10
250.401
 20
641.836
 10
251.483
 20
640.854
 10
252.377
 20
639.734
 10
253.019
 20
638.453
 10
253.459
 20
637.061
 10
253.836
 20
635.65
 10
254.306
 20
634.305
 10
254.964
 20
633.062
 10
255.789
 20
631.897
 10
256.657
 20
630.739
 10
256.64
 20
630.731
 10
255.686
 20
631.848
 10
254.781
 20
632.971
 10
254.055
 20
634.173
 10
253.532
 20
635.483
 10
253.12
 20
636.865
 10
252.665
 20
638.238
 10
252.027
 20
639.511
 10
251.157
 20
640.636
 10
250.116
 20
641.637
 10
249.042
 20
642.598
 10
248.076
 20
643.626
 10
247.29
 20
644.79
 10
246.65
 20
646.083
 97
0
 75
0
 76
1
 98
0
  0
HATCH
  5
E2
330
17
100
AcDbEntity
  8
RASTER
 62
7
100
AcDbHatch
 10
0.0
 20
0.0
 30
0.0
210
0.0
220
0.0
230
1.0
  2
SOLID
 70
1
 71
0
 91
1
 92
3
 72
0
 73
1
 93
24
 10
264.557
 20
627.001
 10
265.266
 20
625.557
 10
265.65
 20
624.008
 10
265.768
 20
622.391
 10
265.811
 20
620.77
 10
265.996
 20
619.195
 10
266.43
 20
617.676
 10
267.051
 20
616.184
 10
267.658
 20
614.673
 10
268.034
 20
613.117
 10
268.068
 20
611.516
 10
267.83
 20
609.898
 10
267.812
 20
609.897
 10
267.969
 20
611.505
 10
267.86
 20
613.094
 10
267.424
 20
614.638
 10
266.773
 20
616.135
 10
266.131
 20
617.617
 10
265.698
 20
619.13
 10
265.538
 20
620.703
 10
265.539
 20
622.33
 10
265.482
 20
623.959
 10
265.17
 20
625.527
 10
264.54
 20
626.995
 97
0
 75
0
 76
1
 98
0
  0
HATCH
  5
E3
330
17
100
AcDbEntity
  8
RASTER
 62
7
100
AcDbHatch
 10
0.0
 20
0.0
 30
0.0
210
0.0
220
0.0
230
1.0
  2
SOLID
 70
1
 71
0
 91
1
 92
3
 72
0
 73
1
 93
14
 10
264.968
 20
598.325
 10
265.335
 20
597.034
 10
265.564
 20
595.741
 10
265.585
 20
594.462
 10
265.366
 20
593.213
 10
264.916
 20
592.005
 10
264.287
 20
590.84
 10
264.269
 20
590.843
 10
264.726
 20
592.038
 10
265.05
 20
593.262
 10
265.223
 20
594.511
 10
265.247
 20
595.778
 10
265.143
 20
597.053
 10
264.95
 20
598.327
 97
0
 75
0
 76
1
 98
0
  0
HATCH
  5
E4
330
17
100
AcDbEntity
  8
RASTER
 62
7
100
AcDbHatch
 10
0.0
 20
0.0
 30
0.0
210
0.0
220
0.0
230
1.0
  2
SOLID
 70
1
 71
0
 91
1
 92
3
 72
0
 73
1
 93
24
 10
261.916
 20
580.234
 10
261.616
 20
578.768
 10
261.179
 20
577.346
 10
260.597
 20
575.982
 10
259.876
 20
574.68
 10
259.033
 20
573.443
 10
258.095
 20
572.265
 10
257.095
 20
571.134
 10
256.071
 20
570.034
 10
255.058
 20
568.945
 10
254.084
 20
567.847
 10
253.171
 20
566.721
 10
253.155
 20
566.732
 10
253.956
 20
567.926
 10
254.825
 20
569.083
 10
255.749
 20
570.216
 10
256.705
 20
571.343
 10
257.667
 20
572.483
 10
258.601
 20
573.652
 10
259.474
 20
574.865
 10
260.257
 20
576.129
 10
260.929
 20
577.449
 10
261.476
 20
578.822
 10
261.899
 20
580.24
 97
0
 75
0
 76
1
 98
0
  0
HATCH
  5
E5
330
17
100
AcDbEntity
  8
RASTER
 62
7
100
AcDbHatch
 10
0.0
 20
0.0
 30
0.0
210
0.0
220
0.0
230
1.0
  2
SOLID
 70
1
 71
0
 91
1
 92
3
 72
0
 73
1
 93
22
 10
245.21
 20
558.116
 10
244.364
 20
556.861
 10
243.682
 20
555.421
 10
243.039
 20
553.904
 10
242.291
 20
552.46
 10
241.327
 20
551.228
 10
240.101
 20
550.295
 10
238.645
 20
549.658
 10
237.057
 20
549.227
 10
235.463
 20
548.85
 10
233.978
 20
548.363
 10
233.968
 20
548.378
 10
235.38
 20
548.967
 10
236.903
 20
549.432
 10
238.431
 20
549.93
 10
239.845
 20
550.607
 10
241.051
 20
551.549
 10
242.022
 20
552.76
 10
242.802
 20
554.157
 10
243.503
 20
555.604
 10
244.261
 20
556.961
 10
245.196
 20
558.129
 97
0
 75
0
 76
1
 98
0
  0
HATCH
  5
E6
330
17
100
AcDbEntity
  8
RASTER
 62
7
100
AcDbHatch
 10
0.0
 20
0.0
 30
0.0
210
0.0
220
0.0
230
1.0
  2
SOLID
 70
1
 71
0
 91
1
 92
3
 72
0
 73
1
 93
18
 10
225.808
 20
545.248
 10
224.592
 20
544.515
 10
223.39
 20
543.738
 10
222.185
 20
542.943
 10
220.962
 20
542.163
 10
219.709
 20
541.433
 10
218.415
 20
540.785
 10
217.078
 20
540.243
 10
215.7
 20
539.822
 10
215.695
 20
539.84
 10
217.031
 20
540.385
 10
218.328
 20
541.03
 10
219.59
 20
541.746
 10
220.828
 20
542.498
 10
222.053
 20
543.251
 10
223.282
 20
543.976
 10
224.527
 20
544.65
 10
225.8
 20
545.264
 97
0
 75
0
 76
1
 98
0
  0
HATCH
  5
E7
330
17
100
AcDbEntity
  8
RASTER
 62
7
100
AcDbHatch
 10
0.0
 20
0.0
 30
0.0
210
0.0
220
0.0
230
1.0
  2
SOLID
 70
1
 71
0
 91
1
 92
3
 72
0
 73
1
 93
16
 10
207.31
 20
533.661
 10
205.793
 20
533.718
 10
204.285
 20
533.803
 10
202.789
 20
533.875
 10
201.306
 20
533.9
 10
199.831
 20
533.853
 10
198.361
 20
533.727
 10
196.888
 20
533.529
 10
196.888
 20
533.547
 10
198.357
 20
533.868
 10
199.819
 20
534.092
 10
201.284
 20
534.193
 10
202.761
 20
534.167
 10
204.258
 20
534.041
 10
205.774
 20
533.858
 10
207.307
 20
533.679
 97
0
 75
0
 76
1
 98
0
  0
HATCH
  5
E8
330
17
100
AcDbEntity
  8
RASTER
 62
7
100
AcDbHatch
 10
0.0
 20
0.0
 30
0.0
210
0.0
220
0.0
230
1.0
  2
SOLID
 70
1
 71
0
 91
1
 92
3
 72
0
 73
1
 93
28
 10
186.28
 20
534.04
 10
184.875
 20
534.668
 10
183.491
 20
535.311
 10
182.079
 20
535.742
 10
180.603
 20
535.868
 10
179.064
 20
535.776
 10
177.505
 20
535.687
 10
175.996
 20
535.84
 10
174.594
 20
536.365
 10
173.306
 20
537.215
 10
172.083
 20
538.196
 10
170.839
 20
539.063
 10
169.498
 20
539.658
 10
168.039
 20
539.982
 10
168.046
 20
539.999
 10
169.542
 20
539.765
 10
170.915
 20
539.257
 10
172.183
 20
538.467
 10
173.421
 20
537.551
 10
174.715
 20
536.746
 10
176.117
 20
536.246
 10
177.617
 20
536.095
 10
179.161
 20
536.164
 10
180.682
 20
536.214
 10
182.137
 20
536.026
 10
183.529
 20
535.516
 10
184.894
 20
534.783
 10
186.282
 20
534.058
 97
0
 75
0
 76
1
 98
0
  0
HATCH
  5
E9
330
17
100
AcDbEntity
  8
RASTER
 62
7
100
AcDbHatch
 10
0.0
 20
0.0
 30
0.0
210
0.0
220
0.0
230
1.0
  2
SOLID
 70
1
 71
0
 91
1
 92
3
 72
0
 73
1
 93
22
 10
159.225
 20
548.512
 10
157.892
 20
549.064
 10
156.736
 20
549.882
 10
155.763
 20
550.939
 10
154.902
 20
552.122
 10
154.041
 20
553.278
 10
153.073
 20
554.29
 10
151.949
 20
555.121
 10
150.702
 20
555.83
 10
149.435
 20
556.54
 10
148.279
 20
557.38
 10
148.292
 20
557.393
 10
149.544
 20
556.65
 10
150.894
 20
556.033
 10
152.203
 20
555.4
 10
153.362
 20
554.622
 10
154.336
 20
553.633
 10
155.176
 20
552.466
 10
155.991
 20
551.239
 10
156.901
 20
550.107
 10
157.981
 20
549.192
 10
159.235
 20
548.528
 97
0
 75
0
 76
1
 98
0
  0
HATCH
  5
EA
330
17
100
AcDbEntity
  8
RASTER
 62
7
100
AcDbHatch
 10
0.0
 20
0.0
 30
0.0
210
0.0
220
0.0
230
1.0
  2
SOLID
 70
1
 71
0
 91
1
 92
3
 72
0
 73
1
 93
16
 10
142.261
 20
559.224
 10
141.565
 20
560.544
 10
141.091
 20
562.02
 10
140.735
 20
563.554
 10
140.363
 20
565.046
 10
139.849
 20
566.416
 10
139.113
 20
567.628
 10
138.136
 20
568.692
 10
138.152
 20
568.702
 10
139.234
 20
567.705
 10
140.052
 20
566.551
 10
140.608
 20
565.216
 10
140.976
 20
563.73
 10
141.285
 20
562.167
 10
141.677
 20
560.633
 10
142.276
 20
559.236
 97
0
 75
0
 76
1
 98
0
  0
HATCH
  5
EB
330
17
100
AcDbEntity
  8
RASTER
 62
7
100
AcDbHatch
 10
0.0
 20
0.0
 30
0.0
210
0.0
220
0.0
230
1.0
  2
SOLID
 70
1
 71
0
 91
1
 92
3
 72
0
 73
1
 93
14
 10
135.722
 20
572.676
 10
135.249
 20
573.672
 10
134.753
 20
574.656
 10
134.249
 20
575.636
 10
133.741
 20
576.617
 10
133.228
 20
577.599
 10
132.701
 20
578.579
 10
132.718
 20
578.585
 10
133.404
 20
577.673
 10
134.032
 20
576.745
 10
134.58
 20
575.787
 10
135.04
 20
574.792
 10
135.42
 20
573.757
 10
135.739
 20
572.685
 97
0
 75
0
 76
1
 98
0
  0
HATCH
  5
EC
330
17
100
AcDbEntity
  8
RASTER
 62
7
100
AcDbHatch
 10
0.0
 20
0.0
 30
0.0
210
0.0
220
0.0
230
1.0
  2
SOLID
 70
1
 71
0
 91
1
 92
3
 72
0
 73
1
 93
18
 10
131.782
 20
588.09
 10
131.38
 20
589.522
 10
130.725
 20
590.908
 10
129.931
 20
592.286
 10
129.181
 20
593.696
 10
128.66
 20
595.159
 10
128.486
 20
596.674
 10
128.667
 20
598.219
 10
129.096
 20
599.765
 10
129.114
 20
599.766
 10
128.799
 20
598.23
 10
128.713
 20
596.698
 10
128.95
 20
595.196
 10
129.492
 20
593.743
 10
130.219
 20
592.336
 10
130.948
 20
590.952
 10
131.509
 20
589.551
 10
131.8
 20
588.095
 97
0
 75
0
 76
1
 98
0
  0
HATCH
  5
ED
330
17
100
AcDbEntity
  8
RASTER
 62
7
100
AcDbHatch
 10
0.0
 20
0.0
 30
0.0
210
0.0
220
0.0
230
1.0
  2
SOLID
 70
1
 71
0
 91
1
 92
3
 72
0
 73
1
 93
30
 10
126.044
 20
606.414
 10
126.741
 20
607.911
 10
127.29
 20
609.393
 10
127.489
 20
610.892
 10
127.3
 20
612.437
 10
126.866
 20
614.034
 10
126.448
 20
615.659
 10
126.317
 20
617.259
 10
126.637
 20
618.781
 10
127.401
 20
620.198
 10
128.431
 20
621.527
 10
129.457
 20
622.827
 10
130.23
 20
624.176
 10
130.625
 20
625.635
 10
130.693
 20
627.215
 10
130.711
 20
627.208
 10
130.728
 20
625.601
 10
130.415
 20
624.119
 10
129.717
 20
622.753
 10
128.754
 20
621.443
 10
127.772
 20
620.11
 10
127.039
 20
618.695
 10
126.731
 20
617.179
 10
126.854
 20
615.59
 10
127.244
 20
613.979
 10
127.631
 20
612.395
 10
127.757
 20
610.864
 10
127.483
 20
609.377
 10
126.849
 20
607.905
 10
126.062
 20
606.414
 97
0
 75
0
 76
1
 98
0
  0
HATCH
  5
EE
330
17
100
AcDbEntity
  8
RASTER
 62
7
100
AcDbHatch
 10
0.0
 20
0.0
 30
0.0
210
0.0
220
0.0
230
1.0
  2
SOLID
 70
1
 71
0
 91
1
 92
3
 72
0
 73
1
 93
30
 10
273.331
 20
603.773
 10
272.635
 20
602.3
 10
272.106
 20
600.846
 10
271.979
 20
599.387
 10
272.292
 20
597.894
 10
272.875
 20
596.359
 10
273.42
 20
594.8
 10
273.621
 20
593.26
 10
273.31
 20
591.784
 10
272.529
 20
590.394
 10
271.514
 20
589.07
 10
270.585
 20
587.758
 10
270.007
 20
586.387
 10
269.871
 20
584.912
 10
270.058
 20
583.339
 10
270.04
 20
583.344
 10
269.757
 20
584.942
 10
269.801
 20
586.436
 10
270.296
 20
587.82
 10
271.155
 20
589.141
 10
272.117
 20
590.467
 10
272.863
 20
591.854
 10
273.162
 20
593.323
 10
272.971
 20
594.853
 10
272.458
 20
596.4
 10
271.927
 20
597.923
 10
271.684
 20
599.404
 10
271.895
 20
600.854
 10
272.518
 20
602.302
 10
273.313
 20
603.773
 97
0
 75
0
 76
1
 98
0
  0
HATCH
  5
EF
330
17
100
AcDbEntity
  8
RASTER
 62
7
100
AcDbHatch
 10
0.0
 20
0.0
 30
0.0
210
0.0
220
0.0
230
1.0
  2
SOLID
 70
1
 71
0
 91
1
 92
3
 72
0
 73
1
 93
16
 10
267.892
 20
576.635
 10
267.564
 20
575.15
 10
267.218
 20
573.663
 10
266.819
 20
572.188
 10
266.341
 20
570.74
 10
265.767
 20
569.331
 10
265.089
 20
567.972
 10
264.315
 20
566.664
 10
264.298
 20
566.673
 10
264.912
 20
568.064
 10
265.457
 20
569.485
 10
265.956
 20
570.922
 10
266.43
 20
572.362
 10
266.899
 20
573.798
 10
267.378
 20
575.225
 10
267.874
 20
576.642
 97
0
 75
0
 76
1
 98
0
  0
HATCH
  5
F0
330
17
100
AcDbEntity
  8
RASTER
 62
7
100
AcDbHatch
 10
0.0
 20
0.0
 30
0.0
210
0.0
220
0.0
230
1.0
  2
SOLID
 70
1
 71
0
 91
1
 92
3
 72
0
 73
1
 93
14
 10
252.351
 20
556.291
 10
251.414
 20
555.503
 10
250.375
 20
554.816
 10
249.275
 20
554.198
 10
248.163
 20
553.61
 10
247.091
 20
553.0
 10
246.1
 20
552.323
 10
246.087
 20
552.336
 10
246.976
 20
553.115
 10
247.971
 20
553.796
 10
249.051
 20
554.408
 10
250.176
 20
554.995
 10
251.291
 20
555.611
 10
252.337
 20
556.303
 97
0
 75
0
 76
1
 98
0
  0
HATCH
  5
F1
330
17
100
AcDbEntity
  8
RASTER
 62
7
100
AcDbHatch
 10
0.0
 20
0.0
 30
0.0
210
0.0
220
0.0
230
1.0
  2
SOLID
 70
1
 71
0
 91
1
 92
3
 72
0
 73
1
 93
32
 10
242.16
 20
541.956
 10
241.056
 20
540.912
 10
239.972
 20
539.826
 10
238.881
 20
538.73
 10
237.756
 20
537.664
 10
236.575
 20
536.668
 10
235.323
 20
535.776
 10
233.996
 20
535.01
 10
232.598
 20
534.375
 10
231.146
 20
533.858
 10
229.658
 20
533.432
 10
228.158
 20
533.057
 10
226.665
 20
532.691
 10
225.196
 20
532.294
 10
223.758
 20
531.837
 10
222.349
 20
531.307
 10
222.343
 20
531.325
 10
223.718
 20
531.941
 10
225.121
 20
532.479
 10
226.555
 20
532.948
 10
228.014
 20
533.375
 10
229.484
 20
533.797
 10
230.948
 20
534.254
 10
232.384
 20
534.784
 10
233.774
 20
535.415
 10
235.103
 20
536.159
 10
236.367
 20
537.014
 10
237.57
 20
537.96
 10
238.727
 20
538.964
 10
239.859
 20
539.991
 10
240.992
 20
541.003
 10
242.148
 20
541.971
 97
0
 75
0
 76
1
 98
0
  0
HATCH
  5
F2
330
17
100
AcDbEntity
  8
RASTER
 62
7
100
AcDbHatch
 10
0.0
 20
0.0
 30
0.0
210
0.0
220
0.0
230
1.0
  2
SOLID
 70
1
 71
0
 91
1
 92
3
 72
0
 73
1
 93
20
 10
215.851
 20
531.329
 10
214.574
 20
530.618
 10
213.198
 20
530.273
 10
211.743
 20
530.291
 10
210.257
 20
530.538
 10
208.787
 20
530.808
 10
207.365
 20
530.897
 10
205.994
 20
530.688
 10
204.655
 20
530.194
 10
203.318
 20
529.552
 10
203.316
 20
529.571
 10
204.638
 20
530.339
 10
205.96
 20
530.942
 10
207.313
 20
531.232
 10
208.722
 20
531.185
 10
210.185
 20
530.914
 10
211.673
 20
530.623
 10
213.14
 20
530.523
 10
214.539
 20
530.758
 10
215.846
 20
531.347
 97
0
 75
0
 76
1
 98
0
  0
HATCH
  5
F3
330
17
100
AcDbEntity
  8
RASTER
 62
7
100
AcDbHatch
 10
0.0
 20
0.0
 30
0.0
210
0.0
220
0.0
230
1.0
  2
SOLID
 70
1
 71
0
 91
1
 92
3
 72
0
 73
1
 93
22
 10
199.411
 20
525.869
 10
197.856
 20
526.167
 10
196.313
 20
526.489
 10
194.782
 20
526.74
 10
193.255
 20
526.852
 10
191.721
 20
526.804
 10
190.171
 20
526.626
 10
188.604
 20
526.394
 10
187.027
 20
526.205
 10
185.455
 20
526.157
 10
183.905
 20
526.318
 10
183.908
 20
526.337
 10
185.47
 20
526.266
 10
187.05
 20
526.397
 10
188.629
 20
526.651
 10
190.194
 20
526.926
 10
191.739
 20
527.119
 10
193.266
 20
527.152
 10
194.787
 20
526.998
 10
196.313
 20
526.682
 10
197.853
 20
526.277
 10
199.411
 20
525.887
 97
0
 75
0
 76
1
 98
0
  0
HATCH
  5
F4
330
17
100
AcDbEntity
  8
RASTER
 62
7
100
AcDbHatch
 10
0.0
 20
0.0
 30
0.0
210
0.0
220
0.0
230
1.0
  2
SOLID
 70
1
 71
0
 91
1
 92
3
 72
0
 73
1
 93
24
 10
178.639
 20
531.785
 10
177.334
 20
532.611
 10
176.056
 20
533.46
 10
174.762
 20
534.196
 10
173.414
 20
534.724
 10
171.986
 20
535.018
 10
170.483
 20
535.129
 10
168.933
 20
535.169
 10
167.388
 20
535.276
 10
165.909
 20
535.58
 10
164.544
 20
536.159
 10
163.317
 20
537.024
 10
163.325
 20
537.041
 10
164.588
 20
536.254
 10
165.982
 20
535.747
 10
167.484
 20
535.505
 10
169.041
 20
535.442
 10
170.594
 20
535.428
 10
172.092
 20
535.318
 10
173.505
 20
535.003
 10
174.835
 20
534.432
 10
176.106
 20
533.635
 10
177.361
 20
532.711
 10
178.643
 20
531.804
 97
0
 75
0
 76
1
 98
0
  0
HATCH
  5
F5
330
17
100
AcDbEntity
  8
RASTER
 62
7
100
AcDbHatch
 10
0.0
 20
0.0
 30
0.0
210
0.0
220
0.0
230
1.0
  2
SOLID
 70
1
 71
0
 91
1
 92
3
 72
0
 73
1
 93
22
 10
149.649
 20
539.715
 10
148.179
 20
540.382
 10
146.798
 20
541.184
 10
145.531
 20
542.139
 10
144.388
 20
543.244
 10
143.366
 20
544.48
 10
142.444
 20
545.808
 10
141.589
 20
547.186
 10
140.758
 20
548.566
 10
139.908
 20
549.907
 10
139.002
 20
551.179
 10
139.016
 20
551.192
 10
140.003
 20
549.998
 10
140.922
 20
548.73
 10
141.805
 20
547.411
 10
142.691
 20
546.075
 10
143.62
 20
544.765
 10
144.624
 20
543.521
 10
145.729
 20
542.38
 10
146.941
 20
541.366
 10
148.258
 20
540.486
 10
149.66
 20
539.73
 97
0
 75
0
 76
1
 98
0
  0
HATCH
  5
F6
330
17
100
AcDbEntity
  8
RASTER
 62
7
100
AcDbHatch
 10
0.0
 20
0.0
 30
0.0
210
0.0
220
0.0
230
1.0
  2
SOLID
 70
1
 71
0
 91
1
 92
3
 72
0
 73
1
 93
24
 10
137.527
 20
555.332
 10
136.473
 20
556.368
 10
135.288
 20
557.312
 10
134.067
 20
558.247
 10
132.929
 20
559.262
 10
131.978
 20
560.419
 10
131.258
 20
561.732
 10
130.736
 20
563.163
 10
130.312
 20
564.639
 10
129.859
 20
566.081
 10
129.271
 20
567.435
 10
128.506
 20
568.691
 10
128.522
 20
568.7
 10
129.374
 20
567.491
 10
130.039
 20
566.184
 10
130.555
 20
564.783
 10
131.021
 20
563.341
 10
131.564
 20
561.93
 10
132.28
 20
560.623
 10
133.204
 20
559.456
 10
134.294
 20
558.415
 10
135.453
 20
557.438
 10
136.564
 20
556.441
 10
137.541
 20
555.344
 97
0
 75
0
 76
1
 98
0
  0
HATCH
  5
F7
330
17
100
AcDbEntity
  8
RASTER
 62
7
100
AcDbHatch
 10
0.0
 20
0.0
 30
0.0
210
0.0
220
0.0
230
1.0
  2
SOLID
 70
1
 71
0
 91
1
 92
3
 72
0
 73
1
 93
34
 10
121.263
 20
583.936
 10
120.795
 20
585.396
 10
120.212
 20
586.835
 10
119.541
 20
588.265
 10
118.823
 20
589.703
 10
118.112
 20
591.159
 10
117.465
 20
592.643
 10
116.935
 20
594.158
 10
116.566
 20
595.704
 10
116.384
 20
597.273
 10
116.395
 20
598.856
 10
116.584
 20
600.443
 10
116.916
 20
602.023
 10
117.344
 20
603.588
 10
117.811
 20
605.136
 10
118.258
 20
606.667
 10
118.636
 20
608.187
 10
118.654
 20
608.186
 10
118.352
 20
606.664
 10
117.978
 20
605.134
 10
117.579
 20
603.589
 10
117.21
 20
602.03
 10
116.925
 20
600.458
 10
116.772
 20
598.88
 10
116.782
 20
597.306
 10
116.971
 20
595.745
 10
117.332
 20
594.207
 10
117.838
 20
592.696
 10
118.449
 20
591.214
 10
119.111
 20
589.755
 10
119.77
 20
588.312
 10
120.376
 20
586.871
 10
120.887
 20
585.419
 10
121.282
 20
583.941
 97
0
 75
0
 76
1
 98
0
  0
HATCH
  5
F8
330
17
100
AcDbEntity
  8
RASTER
 62
7
100
AcDbHatch
 10
0.0
 20
0.0
 30
0.0
210
0.0
220
0.0
230
1.0
  2
SOLID
 70
1
 71
0
 91
1
 92
3
 72
0
 73
1
 93
16
 10
122.317
 20
613.225
 10
122.782
 20
614.672
 10
123.516
 20
616.065
 10
124.373
 20
617.414
 10
125.188
 20
618.747
 10
125.817
 20
620.102
 10
126.18
 20
621.511
 10
126.28
 20
622.992
 10
126.298
 20
622.987
 10
126.352
 20
621.468
 10
126.114
 20
620.033
 10
125.555
 20
618.67
 10
124.742
 20
617.344
 10
123.816
 20
616.014
 10
122.958
 20
614.647
 10
122.335
 20
613.222
 97
0
 75
0
 76
1
 98
0
  0
HATCH
  5
F9
330
17
100
AcDbEntity
  8
RASTER
 62
7
100
AcDbHatch
 10
0.0
 20
0.0
 30
0.0
210
0.0
220
0.0
230
1.0
  2
SOLID
 70
1
 71
0
 91
1
 92
3
 72
0
 73
1
 93
28
 10
126.513
 20
633.964
 10
127.323
 20
635.258
 10
128.119
 20
636.549
 10
128.887
 20
637.847
 10
129.619
 20
639.161
 10
130.312
 20
640.494
 10
130.969
 20
641.85
 10
131.6
 20
643.228
 10
132.219
 20
644.622
 10
132.842
 20
646.023
 10
133.489
 20
647.421
 10
134.177
 20
648.802
 10
134.924
 20
650.151
 10
135.743
 20
651.455
 10
135.758
 20
651.443
 10
134.998
 20
650.096
 10
134.307
 20
648.708
 10
133.67
 20
647.295
 10
133.066
 20
645.874
 10
132.475
 20
644.458
 10
131.874
 20
643.06
 10
131.247
 20
641.688
 10
130.577
 20
640.346
 10
129.857
 20
639.034
 10
129.084
 20
637.748
 10
128.264
 20
636.48
 10
127.406
 20
635.22
 10
126.53
 20
633.957
 97
0
 75
0
 76
1
 98
0
  0
HATCH
  5
FA
330
17
100
AcDbEntity
  8
RASTER
 62
7
100
AcDbHatch
 10
0.0
 20
0.0
 30
0.0
210
0.0
220
0.0
230
1.0
  2
SOLID
 70
1
 71
0
 91
1
 92
3
 72
0
 73
1
 93
32
 10
141.85
 20
653.698
 10
142.341
 20
655.171
 10
142.699
 20
656.811
 10
143.19
 20
658.363
 10
144.023
 20
659.594
 10
145.261
 20
660.392
 10
146.803
 20
660.826
 10
148.43
 20
661.117
 10
149.906
 20
661.546
 10
151.082
 20
662.329
 10
151.952
 20
663.519
 10
152.652
 20
664.976
 10
153.393
 20
666.426
 10
154.364
 20
667.578
 10
155.655
 20
668.253
 10
157.219
 20
668.467
 10
157.229
 20
668.451
 10
155.716
 20
668.156
 10
154.477
 20
667.406
 10
153.556
 20
666.187
 10
152.861
 20
664.682
 10
152.2
 20
663.183
 10
151.36
 20
661.968
 10
150.204
 20
661.175
 10
148.735
 20
660.751
 10
147.102
 20
660.481
 10
145.54
 20
660.081
 10
144.269
 20
659.33
 10
143.392
 20
658.156
 10
142.846
 20
656.666
 10
142.424
 20
655.092
 10
141.864
 20
653.685
 97
0
 75
0
 76
1
 98
0
  0
HATCH
  5
FB
330
17
100
AcDbEntity
  8
RASTER
 62
7
100
AcDbHatch
 10
0.0
 20
0.0
 30
0.0
210
0.0
220
0.0
230
1.0
  2
SOLID
 70
1
 71
0
 91
1
 92
3
 72
0
 73
1
 93
22
 10
165.171
 20
670.921
 10
166.42
 20
671.768
 10
167.751
 20
672.446
 10
169.161
 20
672.934
 10
170.628
 20
673.258
 10
172.122
 20
673.483
 10
173.608
 20
673.692
 10
175.066
 20
673.963
 10
176.487
 20
674.341
 10
177.879
 20
674.828
 10
179.261
 20
675.381
 10
179.265
 20
675.363
 10
177.919
 20
674.674
 10
176.563
 20
674.066
 10
175.177
 20
673.594
 10
173.746
 20
673.264
 10
172.276
 20
673.037
 10
170.784
 20
672.835
 10
169.301
 20
672.575
 10
167.86
 20
672.182
 10
166.483
 20
671.623
 10
165.179
 20
670.904
 97
0
 75
0
 76
1
 98
0
  0
HATCH
  5
FC
330
17
100
AcDbEntity
  8
RASTER
 62
7
100
AcDbHatch
 10
0.0
 20
0.0
 30
0.0
210
0.0
220
0.0
230
1.0
  2
SOLID
 70
1
 71
0
 91
1
 92
3
 72
0
 73
1
 93
32
 10
186.716
 20
680.115
 10
188.138
 20
680.772
 10
189.574
 20
681.48
 10
191.037
 20
682.128
 10
192.529
 20
682.61
 10
194.043
 20
682.846
 10
195.567
 20
682.804
 10
197.086
 20
682.497
 10
198.587
 20
681.992
 10
200.066
 20
681.386
 10
201.525
 20
680.79
 10
202.974
 20
680.307
 10
204.43
 20
680.007
 10
205.908
 20
679.918
 10
207.417
 20
680.015
 10
208.958
 20
680.229
 10
208.955
 20
680.21
 10
207.404
 20
679.924
 10
205.887
 20
679.757
 10
204.406
 20
679.781
 10
202.949
 20
680.025
 10
201.502
 20
680.464
 10
200.048
 20
681.03
 10
198.576
 20
681.62
 10
197.082
 20
682.125
 10
195.57
 20
682.447
 10
194.052
 20
682.52
 10
192.542
 20
682.328
 10
191.052
 20
681.901
 10
189.588
 20
681.318
 10
188.147
 20
680.68
 10
186.719
 20
680.097
 97
0
 75
0
 76
1
 98
0
  0
HATCH
  5
FD
330
17
100
AcDbEntity
  8
RASTER
 62
7
100
AcDbHatch
 10
0.0
 20
0.0
 30
0.0
210
0.0
220
0.0
230
1.0
  2
SOLID
 70
1
 71
0
 91
1
 92
3
 72
0
 73
1
 93
16
 10
224.813
 20
674.354
 10
226.161
 20
673.72
 10
227.466
 20
672.998
 10
228.728
 20
672.194
 10
229.947
 20
671.323
 10
231.132
 20
670.405
 10
232.294
 20
669.466
 10
233.448
 20
668.534
 10
233.438
 20
668.518
 10
232.216
 20
669.324
 10
231.003
 20
670.159
 10
229.794
 20
671.017
 10
228.58
 20
671.886
 10
227.351
 20
672.745
 10
226.096
 20
673.571
 10
224.806
 20
674.336
 97
0
 75
0
 76
1
 98
0
  0
HATCH
  5
FE
330
17
100
AcDbEntity
  8
RASTER
 62
7
100
AcDbHatch
 10
0.0
 20
0.0
 30
0.0
210
0.0
220
0.0
230
1.0
  2
SOLID
 70
1
 71
0
 91
1
 92
3
 72
0
 73
1
 93
28
 10
248.936
 20
662.736
 10
250.385
 20
661.929
 10
251.724
 20
660.986
 10
252.925
 20
659.891
 10
253.974
 20
658.647
 10
254.877
 20
657.277
 10
255.662
 20
655.816
 10
256.37
 20
654.311
 10
257.05
 20
652.806
 10
257.756
 20
651.341
 10
258.53
 20
649.944
 10
259.404
 20
648.628
 10
260.387
 20
647.388
 10
261.467
 20
646.205
 10
261.451
 20
646.195
 10
260.287
 20
647.321
 10
259.228
 20
648.503
 10
258.289
 20
649.766
 10
257.464
 20
651.116
 10
256.726
 20
652.545
 10
256.032
 20
654.028
 10
255.33
 20
655.527
 10
254.57
 20
656.997
 10
253.706
 20
658.394
 10
252.711
 20
659.68
 10
251.574
 20
660.831
 10
250.303
 20
661.841
 10
248.924
 20
662.722
 97
0
 75
0
 76
1
 98
0
  0
HATCH
  5
FF
330
17
100
AcDbEntity
  8
RASTER
 62
7
100
AcDbHatch
 10
0.0
 20
0.0
 30
0.0
210
0.0
220
0.0
230
1.0
  2
SOLID
 70
1
 71
0
 91
1
 92
3
 72
0
 73
1
 93
18
 10
267.519
 20
630.733
 10
267.887
 20
629.287
 10
268.115
 20
627.8
 10
268.277
 20
626.304
 10
268.458
 20
624.824
 10
268.726
 20
623.377
 10
269.116
 20
621.966
 10
269.618
 20
620.578
 10
270.181
 20
619.196
 10
270.162
 20
619.192
 10
269.439
 20
620.537
 10
268.803
 20
621.888
 10
268.325
 20
623.27
 10
268.028
 20
624.699
 10
267.88
 20
626.18
 10
267.809
 20
627.698
 10
267.714
 20
629.226
 10
267.502
 20
630.726
 97
0
 75
0
 76
1
 98
0
  0
HATCH
  5
100
330
17
100
AcDbEntity
  8
RASTER
 62
7
100
AcDbHatch
 10
0.0
 20
0.0
 30
0.0
210
0.0
220
0.0
230
1.0
  2
SOLID
 70
1
 71
0
 91
1
 92
3
 72
0
 73
1
 93
20
 10
239.804
 20
677.073
 10
241.189
 20
676.47
 10
242.585
 20
675.871
 10
243.981
 20
675.256
 10
245.365
 20
674.608
 10
246.724
 20
673.91
 10
248.047
 20
673.148
 10
249.321
 20
672.315
 10
250.541
 20
671.406
 10
251.701
 20
670.423
 10
251.689
 20
670.409
 10
250.46
 20
671.307
 10
249.184
 20
672.138
 10
247.869
 20
672.912
 10
246.529
 20
673.639
 10
245.175
 20
674.334
 10
243.816
 20
675.011
 10
242.463
 20
675.683
 10
241.121
 20
676.362
 10
239.794
 20
677.057
 97
0
 75
0
 76
1
 98
0
  0
HATCH
  5
101
330
17
100
AcDbEntity
  8
RASTER
 62
7
100
AcDbHatch
 10
0.0
 20
0.0
 30
0.0
210
0.0
220
0.0
230
1.0
  2
SOLID
 70
1
 71
0
 91
1
 92
3
 72
0
 73
1
 93
16
 10
255.838
 20
659.828
 10
257.018
 20
658.859
 10
258.331
 20
657.992
 10
259.722
 20
657.172
 10
261.121
 20
656.332
 10
262.446
 20
655.409
 10
263.627
 20
654.355
 10
264.611
 20
653.146
 10
264.596
 20
653.135
 10
263.51
 20
654.268
 10
262.251
 20
655.257
 10
260.884
 20
656.141
 10
259.489
 20
656.977
 10
258.144
 20
657.83
 10
256.91
 20
658.761
 10
255.824
 20
659.815
 97
0
 75
0
 76
1
 98
0
  0
HATCH
  5
102
330
17
100
AcDbEntity
  8
RASTER
 62
7
100
AcDbHatch
 10
0.0
 20
0.0
 30
0.0
210
0.0
220
0.0
230
1.0
  2
SOLID
 70
1
 71
0
 91
1
 92
3
 72
0
 73
1
 93
34
 10
266.548
 20
646.042
 10
266.9
 20
644.525
 10
267.553
 20
643.192
 10
268.551
 20
642.044
 10
269.813
 20
641.015
 10
271.154
 20
639.998
 10
272.351
 20
638.883
 10
273.215
 20
637.598
 10
273.658
 20
636.127
 10
273.727
 20
634.515
 10
273.584
 20
632.844
 10
273.459
 20
631.206
 10
273.565
 20
629.671
 10
274.031
 20
628.264
 10
274.85
 20
626.959
 10
275.887
 20
625.698
 10
276.92
 20
624.411
 10
276.902
 20
624.407
 10
275.799
 20
625.674
 10
274.694
 20
626.913
 10
273.813
 20
628.196
 10
273.295
 20
629.581
 10
273.147
 20
631.096
 10
273.241
 20
632.715
 10
273.366
 20
634.372
 10
273.294
 20
635.976
 10
272.86
 20
637.443
 10
272.018
 20
638.73
 10
270.856
 20
639.854
 10
269.559
 20
640.887
 10
268.35
 20
641.938
 10
267.411
 20
643.113
 10
266.821
 20
644.479
 10
266.532
 20
646.032
 97
0
 75
0
 76
1
 98
0
  0
HATCH
  5
103
330
17
100
AcDbEntity
  8
RASTER
 62
7
100
AcDbHatch
 10
0.0
 20
0.0
 30
0.0
210
0.0
220
0.0
230
1.0
  2
SOLID
 70
1
 71
0
 91
1
 92
3
 72
0
 73
1
 93
24
 10
275.215
 20
615.646
 10
275.722
 20
614.247
 10
276.27
 20
612.841
 10
276.811
 20
611.42
 10
277.29
 20
609.98
 10
277.66
 20
608.52
 10
277.881
 20
607.043
 10
277.932
 20
605.558
 10
277.811
 20
604.071
 10
277.535
 20
602.591
 10
277.141
 20
601.124
 10
276.676
 20
599.674
 10
276.657
 20
599.675
 10
277.015
 20
601.129
 10
277.311
 20
602.595
 10
277.505
 20
604.07
 10
277.568
 20
605.55
 10
277.487
 20
607.028
 10
277.266
 20
608.497
 10
276.928
 20
609.952
 10
276.507
 20
611.391
 10
276.048
 20
612.816
 10
275.597
 20
614.23
 10
275.197
 20
615.643
 97
0
 75
0
 76
1
 98
0
  0
HATCH
  5
104
330
17
100
AcDbEntity
  8
RASTER
 62
7
100
AcDbHatch
 10
0.0
 20
0.0
 30
0.0
210
0.0
220
0.0
230
1.0
  2
SOLID
 70
1
 71
0
 91
1
 92
3
 72
0
 73
1
 93
22
 10
279.07
 20
594.028
 10
278.993
 20
592.594
 10
278.748
 20
591.182
 10
278.35
 20
589.796
 10
277.836
 20
588.439
 10
277.258
 20
587.103
 10
276.675
 20
585.779
 10
276.139
 20
584.453
 10
275.688
 20
583.113
 10
275.336
 20
581.748
 10
275.074
 20
580.355
 10
275.056
 20
580.361
 10
275.192
 20
581.788
 10
275.429
 20
583.18
 10
275.787
 20
584.538
 10
276.263
 20
585.871
 10
276.824
 20
587.193
 10
277.421
 20
588.517
 10
277.994
 20
589.857
 10
278.484
 20
591.222
 10
278.845
 20
592.614
 10
279.051
 20
594.03
 97
0
 75
0
 76
1
 98
0
  0
HATCH
  5
105
330
17
100
AcDbEntity
  8
RASTER
 62
7
100
AcDbHatch
 10
0.0
 20
0.0
 30
0.0
210
0.0
220
0.0
230
1.0
  2
SOLID
 70
1
 71
0
 91
1
 92
3
 72
0
 73
1
 93
16
 10
271.783
 20
573.143
 10
271.108
 20
571.809
 10
270.356
 20
570.514
 10
269.546
 20
569.252
 10
268.704
 20
568.014
 10
267.86
 20
566.785
 10
267.042
 20
565.551
 10
266.269
 20
564.296
 10
266.253
 20
564.306
 10
266.853
 20
565.653
 10
267.531
 20
566.956
 10
268.294
 20
568.217
 10
269.131
 20
569.448
 10
270.017
 20
570.666
 10
270.911
 20
571.893
 10
271.766
 20
573.15
 97
0
 75
0
 76
1
 98
0
  0
HATCH
  5
106
330
17
100
AcDbEntity
  8
RASTER
 62
7
100
AcDbHatch
 10
0.0
 20
0.0
 30
0.0
210
0.0
220
0.0
230
1.0
  2
SOLID
 70
1
 71
0
 91
1
 92
3
 72
0
 73
1
 93
14
 10
260.925
 20
555.205
 10
260.362
 20
554.188
 10
259.717
 20
553.229
 10
258.98
 20
552.342
 10
258.153
 20
551.532
 10
257.244
 20
550.796
 10
256.275
 20
550.123
 10
256.261
 20
550.136
 10
257.123
 20
550.902
 10
257.951
 20
551.703
 10
258.747
 20
552.534
 10
259.51
 20
553.394
 10
260.235
 20
554.286
 10
260.91
 20
555.216
 97
0
 75
0
 76
1
 98
0
  0
HATCH
  5
107
330
17
100
AcDbEntity
  8
RASTER
 62
7
100
AcDbHatch
 10
0.0
 20
0.0
 30
0.0
210
0.0
220
0.0
230
1.0
  2
SOLID
 70
1
 71
0
 91
1
 92
3
 72
0
 73
1
 93
20
 10
248.026
 20
540.865
 10
247.053
 20
539.652
 10
246.05
 20
538.455
 10
244.985
 20
537.322
 10
243.835
 20
536.293
 10
242.587
 20
535.395
 10
241.246
 20
534.637
 10
239.829
 20
534.008
 10
238.362
 20
533.477
 10
236.877
 20
533.0
 10
236.867
 20
533.016
 10
238.274
 20
533.624
 10
239.667
 20
534.267
 10
241.025
 20
534.976
 10
242.33
 20
535.774
 10
243.57
 20
536.667
 10
244.746
 20
537.649
 10
245.865
 20
538.698
 10
246.946
 20
539.786
 10
248.014
 20
540.88
 97
0
 75
0
 76
1
 98
0
  0
HATCH
  5
108
330
17
100
AcDbEntity
  8
RASTER
 62
7
100
AcDbHatch
 10
0.0
 20
0.0
 30
0.0
210
0.0
220
0.0
230
1.0
  2
SOLID
 70
1
 71
0
 91
1
 92
3
 72
0
 73
1
 93
30
 10
228.591
 20
524.904
 10
227.265
 20
524.003
 10
225.928
 20
523.097
 10
224.562
 20
522.232
 10
223.154
 20
521.45
 10
221.696
 20
520.789
 10
220.19
 20
520.275
 10
218.638
 20
519.916
 10
217.052
 20
519.706
 10
215.444
 20
519.62
 10
213.827
 20
519.621
 10
212.216
 20
519.666
 10
210.617
 20
519.707
 10
209.037
 20
519.703
 10
207.476
 20
519.623
 10
207.473
 20
519.641
 10
209.022
 20
519.801
 10
210.587
 20
519.879
 10
212.17
 20
519.905
 10
213.766
 20
519.915
 10
215.367
 20
519.954
 10
216.963
 20
520.065
 10
218.54
 20
520.282
 10
220.087
 20
520.63
 10
221.596
 20
521.117
 10
223.06
 20
521.735
 10
224.482
 20
522.461
 10
225.867
 20
523.262
 10
227.23
 20
524.095
 10
228.584
 20
524.921
 97
0
 75
0
 76
1
 98
0
  0
HATCH
  5
109
330
17
100
AcDbEntity
  8
RASTER
 62
7
100
AcDbHatch
 10
0.0
 20
0.0
 30
0.0
210
0.0
220
0.0
230
1.0
  2
SOLID
 70
1
 71
0
 91
1
 92
3
 72
0
 73
1
 93
14
 10
195.379
 20
522.563
 10
194.097
 20
522.77
 10
192.81
 20
522.732
 10
191.507
 20
522.471
 10
190.185
 20
522.088
 10
188.85
 20
521.727
 10
187.517
 20
521.534
 10
187.519
 20
521.553
 10
188.866
 20
521.903
 10
190.206
 20
522.38
 10
191.526
 20
522.806
 10
192.822
 20
523.025
 10
194.101
 20
522.947
 10
195.379
 20
522.582
 97
0
 75
0
 76
1
 98
0
  0
HATCH
  5
10A
330
17
100
AcDbEntity
  8
RASTER
 62
7
100
AcDbHatch
 10
0.0
 20
0.0
 30
0.0
210
0.0
220
0.0
230
1.0
  2
SOLID
 70
1
 71
0
 91
1
 92
3
 72
0
 73
1
 93
18
 10
174.446
 20
523.259
 10
173.152
 20
523.942
 10
171.861
 20
524.6
 10
170.552
 20
525.171
 10
169.206
 20
525.624
 10
167.817
 20
525.958
 10
166.39
 20
526.208
 10
164.944
 20
526.436
 10
163.506
 20
526.712
 10
163.513
 20
526.729
 10
164.993
 20
526.558
 10
166.471
 20
526.421
 10
167.916
 20
526.231
 10
169.308
 20
525.92
 10
170.642
 20
525.448
 10
171.928
 20
524.817
 10
173.188
 20
524.069
 10
174.45
 20
523.277
 97
0
 75
0
 76
1
 98
0
  0
HATCH
  5
10B
330
17
100
AcDbEntity
  8
RASTER
 62
7
100
AcDbHatch
 10
0.0
 20
0.0
 30
0.0
210
0.0
220
0.0
230
1.0
  2
SOLID
 70
1
 71
0
 91
1
 92
3
 72
0
 73
1
 93
22
 10
153.321
 20
536.266
 10
151.644
 20
536.453
 10
149.948
 20
536.663
 10
148.386
 20
537.112
 10
147.078
 20
537.936
 10
146.062
 20
539.145
 10
145.28
 20
540.625
 10
144.595
 20
542.181
 10
143.834
 20
543.608
 10
142.856
 20
544.76
 10
141.599
 20
545.605
 10
141.612
 20
545.619
 10
142.932
 20
544.845
 10
143.965
 20
543.758
 10
144.766
 20
542.387
 10
145.475
 20
540.868
 10
146.262
 20
539.403
 10
147.264
 20
538.185
 10
148.542
 20
537.33
 10
150.061
 20
536.828
 10
151.707
 20
536.548
 10
153.331
 20
536.282
 97
0
 75
0
 76
1
 98
0
  0
HATCH
  5
10C
330
17
100
AcDbEntity
  8
RASTER
 62
7
100
AcDbHatch
 10
0.0
 20
0.0
 30
0.0
210
0.0
220
0.0
230
1.0
  2
SOLID
 70
1
 71
0
 91
1
 92
3
 72
0
 73
1
 93
26
 10
131.036
 20
551.565
 10
130.169
 20
552.729
 10
129.28
 20
553.876
 10
128.368
 20
555.007
 10
127.436
 20
556.128
 10
126.491
 20
557.245
 10
125.544
 20
558.368
 10
124.607
 20
559.505
 10
123.695
 20
560.665
 10
122.824
 20
561.855
 10
122.005
 20
563.081
 10
121.251
 20
564.346
 10
120.569
 20
565.65
 10
120.586
 20
565.659
 10
121.339
 20
564.392
 10
122.158
 20
563.165
 10
123.031
 20
561.974
 10
123.944
 20
560.813
 10
124.879
 20
559.674
 10
125.822
 20
558.547
 10
126.757
 20
557.423
 10
127.673
 20
556.293
 10
128.562
 20
555.147
 10
129.42
 20
553.98
 10
130.247
 20
552.79
 10
131.051
 20
551.576
 97
0
 75
0
 76
1
 98
0
  0
HATCH
  5
10D
330
17
100
AcDbEntity
  8
RASTER
 62
7
100
AcDbHatch
 10
0.0
 20
0.0
 30
0.0
210
0.0
220
0.0
230
1.0
  2
SOLID
 70
1
 71
0
 91
1
 92
3
 72
0
 73
1
 93
22
 10
121.964
 20
572.897
 10
121.571
 20
574.25
 10
121.051
 20
575.55
 10
120.398
 20
576.803
 10
119.642
 20
578.028
 10
118.84
 20
579.251
 10
118.069
 20
580.498
 10
117.407
 20
581.789
 10
116.915
 20
583.134
 10
116.626
 20
584.534
 10
116.535
 20
585.977
 10
116.553
 20
585.981
 10
116.76
 20
584.567
 10
117.153
 20
583.197
 10
117.727
 20
581.878
 10
118.44
 20
580.609
 10
119.227
 20
579.374
 10
120.008
 20
578.152
 10
120.711
 20
576.915
 10
121.282
 20
575.637
 10
121.7
 20
574.301
 10
121.981
 20
572.905
 97
0
 75
0
 76
1
 98
0
  0
HATCH
  5
10E
330
17
100
AcDbEntity
  8
RASTER
 62
7
100
AcDbHatch
 10
0.0
 20
0.0
 30
0.0
210
0.0
220
0.0
230
1.0
  2
SOLID
 70
1
 71
0
 91
1
 92
3
 72
0
 73
1
 93
20
 10
114.565
 20
601.208
 10
114.571
 20
602.653
 10
114.678
 20
604.096
 10
114.88
 20
605.534
 10
115.164
 20
606.962
 10
115.513
 20
608.379
 10
115.906
 20
609.783
 10
116.32
 20
611.175
 10
116.731
 20
612.557
 10
117.117
 20
613.933
 10
117.135
 20
613.93
 10
116.85
 20
612.544
 10
116.527
 20
611.156
 10
116.179
 20
609.763
 10
115.821
 20
608.362
 10
115.473
 20
606.95
 10
115.154
 20
605.528
 10
114.886
 20
604.095
 10
114.69
 20
602.654
 10
114.583
 20
601.209
 97
0
 75
0
 76
1
 98
0
  0
HATCH
  5
10F
330
17
100
AcDbEntity
  8
RASTER
 62
7
100
AcDbHatch
 10
0.0
 20
0.0
 30
0.0
210
0.0
220
0.0
230
1.0
  2
SOLID
 70
1
 71
0
 91
1
 92
3
 72
0
 73
1
 93
34
 10
112.921
 20
619.197
 10
113.169
 20
620.664
 10
113.621
 20
622.087
 10
114.251
 20
623.463
 10
115.009
 20
624.796
 10
115.832
 20
626.096
 10
116.652
 20
627.38
 10
117.406
 20
628.67
 10
118.046
 20
629.985
 10
118.545
 20
631.344
 10
118.902
 20
632.754
 10
119.143
 20
634.217
 10
119.311
 20
635.721
 10
119.468
 20
637.247
 10
119.677
 20
638.767
 10
119.998
 20
640.251
 10
120.476
 20
641.669
 10
120.493
 20
641.661
 10
120.083
 20
640.21
 10
119.83
 20
638.697
 10
119.685
 20
637.153
 10
119.585
 20
635.608
 10
119.463
 20
634.091
 10
119.259
 20
632.621
 10
118.925
 20
631.209
 10
118.435
 20
629.855
 10
117.79
 20
628.548
 10
117.017
 20
627.272
 10
116.164
 20
626.004
 10
115.295
 20
624.722
 10
114.48
 20
623.408
 10
113.785
 20
622.051
 10
113.262
 20
620.645
 10
112.94
 20
619.193
 97
0
 75
0
 76
1
 98
0
  0
HATCH
  5
110
330
17
100
AcDbEntity
  8
RASTER
 62
7
100
AcDbHatch
 10
0.0
 20
0.0
 30
0.0
210
0.0
220
0.0
230
1.0
  2
SOLID
 70
1
 71
0
 91
1
 92
3
 72
0
 73
1
 93
28
 10
128.615
 20
653.746
 10
129.412
 20
655.058
 10
130.246
 20
656.347
 10
131.124
 20
657.608
 10
132.051
 20
658.833
 10
133.027
 20
660.017
 10
134.055
 20
661.158
 10
135.132
 20
662.253
 10
136.254
 20
663.301
 10
137.417
 20
664.304
 10
138.615
 20
665.266
 10
139.84
 20
666.191
 10
141.085
 20
667.085
 10
142.343
 20
667.957
 10
142.355
 20
667.942
 10
141.148
 20
667.013
 10
139.954
 20
666.065
 10
138.775
 20
665.095
 10
137.616
 20
664.099
 10
136.483
 20
663.074
 10
135.378
 20
662.017
 10
134.305
 20
660.927
 10
133.268
 20
659.803
 10
132.268
 20
658.647
 10
131.305
 20
657.458
 10
130.379
 20
656.242
 10
129.488
 20
654.999
 10
128.63
 20
653.735
 97
0
 75
0
 76
1
 98
0
  0
HATCH
  5
111
330
17
100
AcDbEntity
  8
RASTER
 62
7
100
AcDbHatch
 10
0.0
 20
0.0
 30
0.0
210
0.0
220
0.0
230
1.0
  2
SOLID
 70
1
 71
0
 91
1
 92
3
 72
0
 73
1
 93
32
 10
153.377
 20
678.848
 10
154.707
 20
679.69
 10
156.152
 20
680.321
 10
157.686
 20
680.763
 10
159.272
 20
681.073
 10
160.865
 20
681.333
 10
162.426
 20
681.627
 10
163.928
 20
682.03
 10
165.362
 20
682.588
 10
166.736
 20
683.306
 10
168.073
 20
684.153
 10
169.404
 20
685.061
 10
170.76
 20
685.941
 10
172.167
 20
686.704
 10
173.638
 20
687.277
 10
175.173
 20
687.621
 10
175.178
 20
687.602
 10
173.664
 20
687.183
 10
172.215
 20
686.538
 10
170.832
 20
685.71
 10
169.498
 20
684.776
 10
168.187
 20
683.826
 10
166.867
 20
682.952
 10
165.506
 20
682.22
 10
164.078
 20
681.665
 10
162.576
 20
681.28
 10
161.008
 20
681.018
 10
159.401
 20
680.803
 10
157.794
 20
680.547
 10
156.232
 20
680.168
 10
154.754
 20
679.605
 10
153.386
 20
678.831
 97
0
 75
0
 76
1
 98
0
  0
HATCH
  5
112
330
17
100
AcDbEntity
  8
RASTER
 62
7
100
AcDbHatch
 10
0.0
 20
0.0
 30
0.0
210
0.0
220
0.0
230
1.0
  2
SOLID
 70
1
 71
0
 91
1
 92
3
 72
0
 73
1
 93
34
 10
186.229
 20
685.377
 10
187.658
 20
685.904
 10
189.109
 20
686.331
 10
190.58
 20
686.63
 10
192.065
 20
686.782
 10
193.558
 20
686.782
 10
195.051
 20
686.638
 10
196.538
 20
686.37
 10
198.013
 20
686.008
 10
199.474
 20
685.589
 10
200.92
 20
685.154
 10
202.357
 20
684.74
 10
203.787
 20
684.379
 10
205.218
 20
684.097
 10
206.656
 20
683.903
 10
208.107
 20
683.797
 10
209.575
 20
683.766
 10
209.572
 20
683.747
 10
208.093
 20
683.704
 10
206.634
 20
683.737
 10
205.191
 20
683.863
 10
203.759
 20
684.087
 10
202.33
 20
684.399
 10
200.898
 20
684.776
 10
199.457
 20
685.189
 10
198.003
 20
685.6
 10
196.536
 20
685.97
 10
195.056
 20
686.26
 10
193.569
 20
686.44
 10
192.08
 20
686.489
 10
190.596
 20
686.396
 10
189.123
 20
686.164
 10
187.668
 20
685.81
 10
186.231
 20
685.359
 97
0
 75
0
 76
1
 98
0
  0
HATCH
  5
113
330
17
100
AcDbEntity
  8
RASTER
 62
7
100
AcDbHatch
 10
0.0
 20
0.0
 30
0.0
210
0.0
220
0.0
230
1.0
  2
SOLID
 70
1
 71
0
 91
1
 92
3
 72
0
 73
1
 93
18
 10
223.732
 20
681.934
 10
225.151
 20
681.419
 10
226.528
 20
680.797
 10
227.865
 20
680.085
 10
229.169
 20
679.311
 10
230.452
 20
678.508
 10
231.73
 20
677.709
 10
233.016
 20
676.941
 10
234.323
 20
676.221
 10
234.314
 20
676.204
 10
232.94
 20
676.79
 10
231.6
 20
677.441
 10
230.292
 20
678.159
 10
229.003
 20
678.932
 10
227.718
 20
679.731
 10
226.419
 20
680.52
 10
225.092
 20
681.26
 10
223.726
 20
681.916
 97
0
 75
0
 76
1
 98
0
  0
HATCH
  5
114
330
17
100
AcDbEntity
  8
RASTER
 62
7
100
AcDbHatch
 10
0.0
 20
0.0
 30
0.0
210
0.0
220
0.0
230
1.0
  2
SOLID
 70
1
 71
0
 91
1
 92
3
 72
0
 73
1
 93
14
 10
233.341
 20
684.857
 10
234.444
 20
684.212
 10
235.514
 20
683.509
 10
236.545
 20
682.741
 10
237.538
 20
681.912
 10
238.499
 20
681.041
 10
239.443
 20
680.158
 10
239.434
 20
680.142
 10
238.389
 20
680.84
 10
237.358
 20
681.573
 10
236.344
 20
682.348
 10
235.344
 20
683.165
 10
234.345
 20
684.005
 10
233.334
 20
684.84
 97
0
 75
0
 76
1
 98
0
  0
HATCH
  5
115
330
17
100
AcDbEntity
  8
RASTER
 62
7
100
AcDbHatch
 10
0.0
 20
0.0
 30
0.0
210
0.0
220
0.0
230
1.0
  2
SOLID
 70
1
 71
0
 91
1
 92
3
 72
0
 73
1
 93
16
 10
249.009
 20
678.807
 10
250.057
 20
677.678
 10
251.062
 20
676.507
 10
252.041
 20
675.321
 10
253.017
 20
674.149
 10
254.014
 20
673.017
 10
255.055
 20
671.947
 10
256.157
 20
670.951
 10
256.144
 20
670.937
 10
254.931
 20
671.804
 10
253.806
 20
672.767
 10
252.765
 20
673.837
 10
251.794
 20
675.005
 10
250.866
 20
676.247
 10
249.946
 20
677.526
 10
248.998
 20
678.792
 97
0
 75
0
 76
1
 98
0
  0
HATCH
  5
116
330
17
100
AcDbEntity
  8
RASTER
 62
7
100
AcDbHatch
 10
0.0
 20
0.0
 30
0.0
210
0.0
220
0.0
230
1.0
  2
SOLID
 70
1
 71
0
 91
1
 92
3
 72
0
 73
1
 93
26
 10
266.84
 20
662.169
 10
267.673
 20
660.933
 10
268.509
 20
659.705
 10
269.363
 20
658.492
 10
270.243
 20
657.301
 10
271.153
 20
656.13
 10
272.086
 20
654.971
 10
273.03
 20
653.815
 10
273.969
 20
652.648
 10
274.879
 20
651.459
 10
275.74
 20
650.234
 10
276.535
 20
648.967
 10
277.251
 20
647.656
 10
277.235
 20
647.647
 10
276.447
 20
648.918
 10
275.587
 20
650.145
 10
274.671
 20
651.333
 10
273.72
 20
652.493
 10
272.758
 20
653.638
 10
271.807
 20
654.783
 10
270.886
 20
655.944
 10
270.005
 20
657.13
 10
269.168
 20
658.347
 10
268.369
 20
659.596
 10
267.595
 20
660.871
 10
266.826
 20
662.157
 97
0
 75
0
 76
1
 98
0
  0
HATCH
  5
117
330
17
100
AcDbEntity
  8
RASTER
 62
7
100
AcDbHatch
 10
0.0
 20
0.0
 30
0.0
210
0.0
220
0.0
230
1.0
  2
SOLID
 70
1
 71
0
 91
1
 92
3
 72
0
 73
1
 93
20
 10
282.456
 20
637.713
 10
283.408
 20
636.451
 10
284.296
 20
635.149
 10
285.079
 20
633.799
 10
285.726
 20
632.395
 10
286.215
 20
630.937
 10
286.542
 20
629.431
 10
286.715
 20
627.888
 10
286.758
 20
626.32
 10
286.706
 20
624.742
 10
286.687
 20
624.737
 10
286.629
 20
626.288
 10
286.489
 20
627.828
 10
286.245
 20
629.347
 10
285.882
 20
630.837
 10
285.394
 20
632.289
 10
284.787
 20
633.701
 10
284.075
 20
635.071
 10
283.283
 20
636.404
 10
282.439
 20
637.707
 97
0
 75
0
 76
1
 98
0
  0
HATCH
  5
118
330
17
100
AcDbEntity
  8
RASTER
 62
7
100
AcDbHatch
 10
0.0
 20
0.0
 30
0.0
210
0.0
220
0.0
230
1.0
  2
SOLID
 70
1
 71
0
 91
1
 92
3
 72
0
 73
1
 93
26
 10
289.113
 20
610.809
 10
289.224
 20
609.324
 10
289.205
 20
607.833
 10
289.064
 20
606.341
 10
288.823
 20
604.853
 10
288.505
 20
603.374
 10
288.143
 20
601.906
 10
287.769
 20
600.45
 10
287.413
 20
599.002
 10
287.102
 20
597.56
 10
286.855
 20
596.12
 10
286.684
 20
594.675
 10
286.591
 20
593.223
 10
286.572
 20
593.225
 10
286.547
 20
594.689
 10
286.606
 20
596.141
 10
286.757
 20
597.584
 10
286.994
 20
599.024
 10
287.304
 20
600.467
 10
287.662
 20
601.917
 10
288.04
 20
603.377
 10
288.403
 20
604.849
 10
288.719
 20
606.331
 10
288.955
 20
607.822
 10
289.086
 20
609.316
 10
289.095
 20
610.808
 97
0
 75
0
 76
1
 98
0
  0
HATCH
  5
119
330
17
100
AcDbEntity
  8
RASTER
 62
7
100
AcDbHatch
 10
0.0
 20
0.0
 30
0.0
210
0.0
220
0.0
230
1.0
  2
SOLID
 70
1
 71
0
 91
1
 92
3
 72
0
 73
1
 93
28
 10
279.408
 20
579.26
 10
279.289
 20
577.832
 10
279.179
 20
576.391
 10
279.033
 20
574.95
 10
278.81
 20
573.527
 10
278.474
 20
572.137
 10
278.006
 20
570.794
 10
277.399
 20
569.507
 10
276.668
 20
568.278
 10
275.837
 20
567.1
 10
274.945
 20
565.961
 10
274.033
 20
564.843
 10
273.142
 20
563.726
 10
272.305
 20
562.589
 10
272.289
 20
562.598
 10
273.03
 20
563.784
 10
273.83
 20
564.945
 10
274.661
 20
566.098
 10
275.486
 20
567.262
 10
276.268
 20
568.454
 10
276.974
 20
569.687
 10
277.577
 20
570.967
 10
278.067
 20
572.294
 10
278.447
 20
573.66
 10
278.736
 20
575.054
 10
278.964
 20
576.462
 10
279.169
 20
577.87
 10
279.39
 20
579.265
 97
0
 75
0
 76
1
 98
0
  0
HATCH
  5
11A
330
17
100
AcDbEntity
  8
RASTER
 62
7
100
AcDbHatch
 10
0.0
 20
0.0
 30
0.0
210
0.0
220
0.0
230
1.0
  2
SOLID
 70
1
 71
0
 91
1
 92
3
 72
0
 73
1
 93
22
 10
268.068
 20
549.149
 10
266.879
 20
548.237
 10
265.74
 20
547.3
 10
264.695
 20
546.295
 10
263.765
 20
545.198
 10
262.946
 20
544.0
 10
262.209
 20
542.718
 10
261.508
 20
541.388
 10
260.785
 20
540.06
 10
259.987
 20
538.79
 10
259.071
 20
537.627
 10
259.058
 20
537.641
 10
259.905
 20
538.874
 10
260.638
 20
540.205
 10
261.307
 20
541.58
 10
261.973
 20
542.937
 10
262.695
 20
544.226
 10
263.522
 20
545.409
 10
264.483
 20
546.473
 10
265.58
 20
547.43
 10
266.787
 20
548.31
 10
268.054
 20
549.161
 97
0
 75
0
 76
1
 98
0
  0
HATCH
  5
11B
330
17
100
AcDbEntity
  8
RASTER
 62
7
100
AcDbHatch
 10
0.0
 20
0.0
 30
0.0
210
0.0
220
0.0
230
1.0
  2
SOLID
 70
1
 71
0
 91
1
 92
3
 72
0
 73
1
 93
16
 10
253.297
 20
535.647
 10
251.817
 20
535.08
 10
250.278
 20
534.616
 10
248.815
 20
534.084
 10
247.523
 20
533.344
 10
246.425
 20
532.338
 10
245.468
 20
531.111
 10
244.547
 20
529.801
 10
244.536
 20
529.816
 10
245.352
 20
531.282
 10
246.219
 20
532.63
 10
247.263
 20
533.701
 10
248.549
 20
534.436
 10
250.058
 20
534.898
 10
251.687
 20
535.241
 10
253.285
 20
535.661
 97
0
 75
0
 76
1
 98
0
  0
HATCH
  5
11C
330
17
100
AcDbEntity
  8
RASTER
 62
7
100
AcDbHatch
 10
0.0
 20
0.0
 30
0.0
210
0.0
220
0.0
230
1.0
  2
SOLID
 70
1
 71
0
 91
1
 92
3
 72
0
 73
1
 93
20
 10
238.772
 20
526.746
 10
237.651
 20
525.566
 10
236.467
 20
524.469
 10
235.2
 20
523.51
 10
233.838
 20
522.729
 10
232.384
 20
522.143
 10
230.851
 20
521.749
 10
229.26
 20
521.52
 10
227.639
 20
521.408
 10
226.015
 20
521.353
 10
226.009
 20
521.371
 10
227.589
 20
521.541
 10
229.167
 20
521.752
 10
230.722
 20
522.054
 10
232.232
 20
522.484
 10
233.68
 20
523.067
 10
235.055
 20
523.808
 10
236.354
 20
524.692
 10
237.584
 20
525.691
 10
238.763
 20
526.762
 97
0
 75
0
 76
1
 98
0
  0
HATCH
  5
11D
330
17
100
AcDbEntity
  8
RASTER
 62
7
100
AcDbHatch
 10
0.0
 20
0.0
 30
0.0
210
0.0
220
0.0
230
1.0
  2
SOLID
 70
1
 71
0
 91
1
 92
3
 72
0
 73
1
 93
34
 10
212.937
 20
514.168
 10
211.494
 20
513.704
 10
210.063
 20
513.115
 10
208.627
 20
512.473
 10
207.172
 20
511.866
 10
205.691
 20
511.382
 10
204.182
 20
511.088
 10
202.652
 20
511.015
 10
201.112
 20
511.153
 10
199.573
 20
511.449
 10
198.044
 20
511.824
 10
196.529
 20
512.187
 10
195.025
 20
512.456
 10
193.525
 20
512.577
 10
192.02
 20
512.534
 10
190.502
 20
512.353
 10
188.97
 20
512.098
 10
188.972
 20
512.117
 10
190.507
 20
512.43
 10
192.026
 20
512.668
 10
193.53
 20
512.763
 10
195.028
 20
512.689
 10
196.528
 20
512.457
 10
198.038
 20
512.122
 10
199.561
 20
511.763
 10
201.095
 20
511.473
 10
202.63
 20
511.329
 10
204.156
 20
511.385
 10
205.663
 20
511.65
 10
207.145
 20
512.096
 10
208.602
 20
512.657
 10
210.042
 20
513.248
 10
211.481
 20
513.78
 10
212.933
 20
514.187
 97
0
 75
0
 76
1
 98
0
  0
HATCH
  5
11E
330
17
100
AcDbEntity
  8
RASTER
 62
7
100
AcDbHatch
 10
0.0
 20
0.0
 30
0.0
210
0.0
220
0.0
230
1.0
  2
SOLID
 70
1
 71
0
 91
1
 92
3
 72
0
 73
1
 93
30
 10
183.168
 20
516.11
 10
181.744
 20
516.66
 10
180.299
 20
517.04
 10
178.815
 20
517.199
 10
177.284
 20
517.169
 10
175.722
 20
517.056
 10
174.159
 20
517.003
 10
172.633
 20
517.14
 10
171.174
 20
517.547
 10
169.798
 20
518.221
 10
168.491
 20
519.082
 10
167.217
 20
519.998
 10
165.93
 20
520.832
 10
164.585
 20
521.482
 10
163.16
 20
521.92
 10
163.167
 20
521.938
 10
164.621
 20
521.574
 10
165.99
 20
520.995
 10
167.296
 20
520.227
 10
168.583
 20
519.366
 10
169.898
 20
518.547
 10
171.277
 20
517.901
 10
172.731
 20
517.505
 10
174.249
 20
517.36
 10
175.801
 20
517.389
 10
177.348
 20
517.461
 10
178.862
 20
517.436
 10
180.331
 20
517.211
 10
181.76
 20
516.758
 10
183.17
 20
516.128
 97
0
 75
0
 76
1
 98
0
  0
HATCH
  5
11F
330
17
100
AcDbEntity
  8
RASTER
 62
7
100
AcDbHatch
 10
0.0
 20
0.0
 30
0.0
210
0.0
220
0.0
230
1.0
  2
SOLID
 70
1
 71
0
 91
1
 92
3
 72
0
 73
1
 93
30
 10
152.097
 20
527.506
 10
150.854
 20
528.352
 10
149.493
 20
529.003
 10
148.023
 20
529.496
 10
146.487
 20
529.914
 10
144.954
 20
530.366
 10
143.498
 20
530.955
 10
142.184
 20
531.754
 10
141.041
 20
532.784
 10
140.061
 20
534.009
 10
139.193
 20
535.351
 10
138.36
 20
536.708
 10
137.476
 20
537.984
 10
136.472
 20
539.111
 10
135.316
 20
540.071
 10
135.329
 20
540.085
 10
136.528
 20
539.172
 10
137.57
 20
538.09
 10
138.487
 20
536.857
 10
139.347
 20
535.536
 10
140.233
 20
534.223
 10
141.222
 20
533.017
 10
142.365
 20
531.997
 10
143.671
 20
531.195
 10
145.11
 20
530.591
 10
146.621
 20
530.113
 10
148.129
 20
529.66
 10
149.568
 20
529.123
 10
150.896
 20
528.422
 10
152.106
 20
527.522
 97
0
 75
0
 76
1
 98
0
  0
HATCH
  5
120
330
17
100
AcDbEntity
  8
RASTER
 62
7
100
AcDbHatch
 10
0.0
 20
0.0
 30
0.0
210
0.0
220
0.0
230
1.0
  2
SOLID
 70
1
 71
0
 91
1
 92
3
 72
0
 73
1
 93
26
 10
128.933
 20
546.359
 10
127.765
 20
547.377
 10
126.451
 20
548.291
 10
125.06
 20
549.165
 10
123.685
 20
550.075
 10
122.423
 20
551.091
 10
121.355
 20
552.258
 10
120.524
 20
553.592
 10
119.929
 20
555.075
 10
119.518
 20
556.659
 10
119.204
 20
558.282
 10
118.883
 20
559.878
 10
118.455
 20
561.396
 10
118.471
 20
561.405
 10
118.968
 20
559.927
 10
119.351
 20
558.369
 10
119.717
 20
556.782
 10
120.166
 20
555.227
 10
120.784
 20
553.765
 10
121.62
 20
552.441
 10
122.676
 20
551.272
 10
123.911
 20
550.243
 10
125.245
 20
549.307
 10
126.584
 20
548.397
 10
127.84
 20
547.439
 10
128.947
 20
546.371
 97
0
 75
0
 76
1
 98
0
  0
HATCH
  5
121
330
17
100
AcDbEntity
  8
RASTER
 62
7
100
AcDbHatch
 10
0.0
 20
0.0
 30
0.0
210
0.0
220
0.0
230
1.0
  2
SOLID
 70
1
 71
0
 91
1
 92
3
 72
0
 73
1
 93
22
 10
113.325
 20
566.243
 10
112.364
 20
567.488
 10
111.343
 20
568.723
 10
110.363
 20
569.991
 10
109.527
 20
571.328
 10
108.907
 20
572.754
 10
108.528
 20
574.266
 10
108.362
 20
575.84
 10
108.331
 20
577.444
 10
108.331
 20
579.042
 10
108.256
 20
580.605
 10
108.274
 20
580.61
 10
108.436
 20
579.072
 10
108.513
 20
577.499
 10
108.605
 20
575.918
 10
108.809
 20
574.36
 10
109.2
 20
572.859
 10
109.804
 20
571.433
 10
110.6
 20
570.084
 10
111.518
 20
568.795
 10
112.464
 20
567.532
 10
113.342
 20
566.25
 97
0
 75
0
 76
1
 98
0
  0
HATCH
  5
122
330
17
100
AcDbEntity
  8
RASTER
 62
7
100
AcDbHatch
 10
0.0
 20
0.0
 30
0.0
210
0.0
220
0.0
230
1.0
  2
SOLID
 70
1
 71
0
 91
1
 92
3
 72
0
 73
1
 93
30
 10
106.062
 20
585.974
 10
105.974
 20
587.458
 10
105.881
 20
588.936
 10
105.766
 20
590.405
 10
105.618
 20
591.867
 10
105.429
 20
593.322
 10
105.199
 20
594.774
 10
104.934
 20
596.226
 10
104.646
 20
597.681
 10
104.353
 20
599.141
 10
104.073
 20
600.609
 10
103.828
 20
602.086
 10
103.638
 20
603.569
 10
103.521
 20
605.057
 10
103.49
 20
606.547
 10
103.509
 20
606.547
 10
103.605
 20
605.056
 10
103.783
 20
603.569
 10
104.028
 20
602.089
 10
104.319
 20
600.618
 10
104.633
 20
599.156
 10
104.948
 20
597.701
 10
105.243
 20
596.252
 10
105.5
 20
594.804
 10
105.708
 20
593.355
 10
105.862
 20
591.899
 10
105.964
 20
590.435
 10
106.024
 20
588.959
 10
106.056
 20
587.473
 10
106.08
 20
585.978
 97
0
 75
0
 76
1
 98
0
  0
HATCH
  5
123
330
17
100
AcDbEntity
  8
RASTER
 62
7
100
AcDbHatch
 10
0.0
 20
0.0
 30
0.0
210
0.0
220
0.0
230
1.0
  2
SOLID
 70
1
 71
0
 91
1
 92
3
 72
0
 73
1
 93
28
 10
106.728
 20
622.472
 10
107.219
 20
623.872
 10
107.712
 20
625.265
 10
108.187
 20
626.658
 10
108.626
 20
628.057
 10
109.021
 20
629.468
 10
109.373
 20
630.892
 10
109.69
 20
632.331
 10
109.99
 20
633.781
 10
110.294
 20
635.236
 10
110.628
 20
636.687
 10
111.016
 20
638.124
 10
111.477
 20
639.536
 10
112.026
 20
640.913
 10
112.043
 20
640.906
 10
111.571
 20
639.496
 10
111.183
 20
638.056
 10
110.861
 20
636.598
 10
110.581
 20
635.131
 10
110.315
 20
633.668
 10
110.036
 20
632.217
 10
109.721
 20
630.784
 10
109.352
 20
629.37
 10
108.921
 20
627.976
 10
108.429
 20
626.595
 10
107.888
 20
625.223
 10
107.318
 20
623.849
 10
106.746
 20
622.468
 97
0
 75
0
 76
1
 98
0
  0
HATCH
  5
124
330
17
100
AcDbEntity
  8
RASTER
 62
7
100
AcDbHatch
 10
0.0
 20
0.0
 30
0.0
210
0.0
220
0.0
230
1.0
  2
SOLID
 70
1
 71
0
 91
1
 92
3
 72
0
 73
1
 93
14
 10
119.336
 20
650.97
 10
120.101
 20
651.883
 10
120.755
 20
652.863
 10
121.304
 20
653.913
 10
121.769
 20
655.025
 10
122.183
 20
656.181
 10
122.583
 20
657.357
 10
122.598
 20
657.346
 10
122.351
 20
656.061
 10
122.053
 20
654.829
 10
121.632
 20
653.693
 10
121.044
 20
652.675
 10
120.276
 20
651.773
 10
119.351
 20
650.961
 97
0
 75
0
 76
1
 98
0
  0
HATCH
  5
125
330
17
100
AcDbEntity
  8
RASTER
 62
7
100
AcDbHatch
 10
0.0
 20
0.0
 30
0.0
210
0.0
220
0.0
230
1.0
  2
SOLID
 70
1
 71
0
 91
1
 92
3
 72
0
 73
1
 93
20
 10
133.957
 20
669.106
 10
135.322
 20
669.878
 10
136.774
 20
670.534
 10
138.239
 20
671.149
 10
139.648
 20
671.807
 10
140.95
 20
672.577
 10
142.121
 20
673.502
 10
143.173
 20
674.588
 10
144.143
 20
675.801
 10
145.088
 20
677.074
 10
145.099
 20
677.059
 10
144.215
 20
675.701
 10
143.302
 20
674.416
 10
142.295
 20
673.278
 10
141.15
 20
672.327
 10
139.853
 20
671.561
 10
138.424
 20
670.934
 10
136.917
 20
670.373
 10
135.406
 20
669.787
 10
133.97
 20
669.093
 97
0
 75
0
 76
1
 98
0
  0
HATCH
  5
126
330
17
100
AcDbEntity
  8
RASTER
 62
7
100
AcDbHatch
 10
0.0
 20
0.0
 30
0.0
210
0.0
220
0.0
230
1.0
  2
SOLID
 70
1
 71
0
 91
1
 92
3
 72
0
 73
1
 93
20
 10
155.915
 20
683.784
 10
157.08
 20
684.846
 10
158.359
 20
685.696
 10
159.759
 20
686.293
 10
161.263
 20
686.64
 10
162.839
 20
686.785
 10
164.444
 20
686.81
 10
166.037
 20
686.815
 10
167.582
 20
686.902
 10
169.06
 20
687.148
 10
169.066
 20
687.131
 10
167.63
 20
686.762
 10
166.125
 20
686.571
 10
164.567
 20
686.488
 10
162.983
 20
686.424
 10
161.414
 20
686.282
 10
159.898
 20
685.978
 10
158.468
 20
685.46
 10
157.144
 20
684.713
 10
155.924
 20
683.767
 97
0
 75
0
 76
1
 98
0
  0
HATCH
  5
127
330
17
100
AcDbEntity
  8
RASTER
 62
7
100
AcDbHatch
 10
0.0
 20
0.0
 30
0.0
210
0.0
220
0.0
230
1.0
  2
SOLID
 70
1
 71
0
 91
1
 92
3
 72
0
 73
1
 93
28
 10
172.993
 20
691.501
 10
174.599
 20
691.446
 10
176.155
 20
691.542
 10
177.649
 20
691.889
 10
179.095
 20
692.494
 10
180.524
 20
693.266
 10
181.969
 20
694.044
 10
183.456
 20
694.652
 10
184.994
 20
694.96
 10
186.571
 20
694.929
 10
188.166
 20
694.621
 10
189.755
 20
694.182
 10
191.323
 20
693.791
 10
192.867
 20
693.604
 10
192.868
 20
693.585
 10
191.328
 20
693.686
 10
189.768
 20
693.994
 10
188.189
 20
694.361
 10
186.604
 20
694.612
 10
185.037
 20
694.603
 10
183.509
 20
694.274
 10
182.028
 20
693.667
 10
180.586
 20
692.911
 10
179.156
 20
692.181
 10
177.703
 20
691.634
 10
176.197
 20
691.358
 10
174.624
 20
691.343
 10
172.998
 20
691.483
 97
0
 75
0
 76
1
 98
0
  0
HATCH
  5
128
330
17
100
AcDbEntity
  8
RASTER
 62
7
100
AcDbHatch
 10
0.0
 20
0.0
 30
0.0
210
0.0
220
0.0
230
1.0
  2
SOLID
 70
1
 71
0
 91
1
 92
3
 72
0
 73
1
 93
22
 10
202.62
 20
694.067
 10
204.119
 20
694.513
 10
205.627
 20
694.879
 10
207.131
 20
695.067
 10
208.614
 20
695.012
 10
210.061
 20
694.691
 10
211.463
 20
694.128
 10
212.823
 20
693.391
 10
214.151
 20
692.573
 10
215.466
 20
691.781
 10
216.793
 20
691.106
 10
216.789
 20
691.088
 10
215.438
 20
691.654
 10
214.105
 20
692.348
 10
212.766
 20
693.087
 10
211.403
 20
693.774
 10
210.004
 20
694.318
 10
208.565
 20
694.656
 10
207.095
 20
694.76
 10
205.604
 20
694.65
 10
204.107
 20
694.384
 10
202.619
 20
694.048
 97
0
 75
0
 76
1
 98
0
  0
HATCH
  5
129
330
17
100
AcDbEntity
  8
RASTER
 62
7
100
AcDbHatch
 10
0.0
 20
0.0
 30
0.0
210
0.0
220
0.0
230
1.0
  2
SOLID
 70
1
 71
0
 91
1
 92
3
 72
0
 73
1
 93
28
 10
187.722
 20
697.901
 10
189.118
 20
698.269
 10
190.518
 20
698.689
 10
191.927
 20
699.126
 10
193.349
 20
699.535
 10
194.782
 20
699.875
 10
196.225
 20
700.108
 10
197.673
 20
700.208
 10
199.12
 20
700.16
 10
200.56
 20
699.966
 10
201.989
 20
699.641
 10
203.402
 20
699.214
 10
204.8
 20
698.724
 10
206.185
 20
698.214
 10
206.183
 20
698.196
 10
204.789
 20
698.603
 10
203.385
 20
698.995
 10
201.97
 20
699.336
 10
200.543
 20
699.592
 10
199.107
 20
699.738
 10
197.666
 20
699.761
 10
196.225
 20
699.661
 10
194.788
 20
699.452
 10
193.359
 20
699.161
 10
191.94
 20
698.821
 10
190.531
 20
698.47
 10
189.127
 20
698.147
 10
187.724
 20
697.882
 97
0
 75
0
 76
1
 98
0
  0
HATCH
  5
12A
330
17
100
AcDbEntity
  8
RASTER
 62
7
100
AcDbHatch
 10
0.0
 20
0.0
 30
0.0
210
0.0
220
0.0
230
1.0
  2
SOLID
 70
1
 71
0
 91
1
 92
3
 72
0
 73
1
 93
18
 10
216.358
 20
698.392
 10
217.858
 20
698.2
 10
219.331
 20
697.878
 10
220.771
 20
697.424
 10
222.176
 20
696.857
 10
223.554
 20
696.212
 10
224.913
 20
695.535
 10
226.269
 20
694.869
 10
227.635
 20
694.253
 10
227.629
 20
694.235
 10
226.211
 20
694.694
 10
224.816
 20
695.224
 10
223.434
 20
695.81
 10
222.054
 20
696.421
 10
220.664
 20
697.018
 10
219.253
 20
697.562
 10
217.817
 20
698.02
 10
216.354
 20
698.373
 97
0
 75
0
 76
1
 98
0
  0
HATCH
  5
12B
330
17
100
AcDbEntity
  8
RASTER
 62
7
100
AcDbHatch
 10
0.0
 20
0.0
 30
0.0
210
0.0
220
0.0
230
1.0
  2
SOLID
 70
1
 71
0
 91
1
 92
3
 72
0
 73
1
 93
16
 10
238.378
 20
692.599
 10
239.959
 20
692.203
 10
241.496
 20
691.696
 10
242.963
 20
691.043
 10
244.346
 20
690.229
 10
245.64
 20
689.266
 10
246.858
 20
688.188
 10
248.025
 20
687.046
 10
248.015
 20
687.03
 10
246.759
 20
688.023
 10
245.474
 20
688.979
 10
244.146
 20
689.872
 10
242.77
 20
690.683
 10
241.344
 20
691.402
 10
239.874
 20
692.03
 10
238.37
 20
692.583
 97
0
 75
0
 76
1
 98
0
  0
HATCH
  5
12C
330
17
100
AcDbEntity
  8
RASTER
 62
7
100
AcDbHatch
 10
0.0
 20
0.0
 30
0.0
210
0.0
220
0.0
230
1.0
  2
SOLID
 70
1
 71
0
 91
1
 92
3
 72
0
 73
1
 93
34
 10
257.48
 20
676.522
 10
258.326
 20
675.215
 10
259.221
 20
673.983
 10
260.24
 20
672.898
 10
261.415
 20
671.982
 10
262.731
 20
671.201
 10
264.124
 20
670.478
 10
265.499
 20
669.718
 10
266.76
 20
668.832
 10
267.832
 20
667.765
 10
268.691
 20
666.51
 10
269.368
 20
665.109
 10
269.94
 20
663.639
 10
270.514
 20
662.19
 10
271.191
 20
660.835
 10
272.038
 20
659.617
 10
273.068
 20
658.531
 10
273.053
 20
658.52
 10
271.978
 20
659.574
 10
271.09
 20
660.759
 10
270.376
 20
662.081
 10
269.771
 20
663.502
 10
269.174
 20
664.946
 10
268.48
 20
666.327
 10
267.612
 20
667.569
 10
266.538
 20
668.629
 10
265.285
 20
669.515
 10
263.924
 20
670.283
 10
262.553
 20
671.02
 10
261.264
 20
671.824
 10
260.12
 20
672.77
 10
259.137
 20
673.889
 10
258.277
 20
675.159
 10
257.467
 20
676.508
 97
0
 75
0
 76
1
 98
0
  0
HATCH
  5
12D
330
17
100
AcDbEntity
  8
RASTER
 62
7
100
AcDbHatch
 10
0.0
 20
0.0
 30
0.0
210
0.0
220
0.0
230
1.0
  2
SOLID
 70
1
 71
0
 91
1
 92
3
 72
0
 73
1
 93
22
 10
281.475
 20
650.682
 10
282.432
 20
649.516
 10
283.404
 20
648.348
 10
284.359
 20
647.16
 10
285.264
 20
645.938
 10
286.091
 20
644.669
 10
286.814
 20
643.349
 10
287.42
 20
641.975
 10
287.903
 20
640.55
 10
288.272
 20
639.085
 10
288.543
 20
637.59
 10
288.526
 20
637.583
 10
288.155
 20
639.04
 10
287.697
 20
640.468
 10
287.144
 20
641.859
 10
286.495
 20
643.21
 10
285.758
 20
644.519
 10
284.95
 20
645.789
 10
284.091
 20
647.029
 10
283.206
 20
648.247
 10
282.321
 20
649.458
 10
281.458
 20
650.673
 97
0
 75
0
 76
1
 98
0
  0
HATCH
  5
12E
330
17
100
AcDbEntity
  8
RASTER
 62
7
100
AcDbHatch
 10
0.0
 20
0.0
 30
0.0
210
0.0
220
0.0
230
1.0
  2
SOLID
 70
1
 71
0
 91
1
 92
3
 72
0
 73
1
 93
22
 10
290.343
 20
630.467
 10
290.535
 20
629.032
 10
290.476
 20
627.539
 10
290.268
 20
626.024
 10
290.039
 20
624.52
 10
289.915
 20
623.055
 10
289.995
 20
621.641
 10
290.323
 20
620.275
 10
290.878
 20
618.943
 10
291.584
 20
617.622
 10
292.322
 20
616.291
 10
292.303
 20
616.288
 10
291.438
 20
617.601
 10
290.617
 20
618.901
 10
289.97
 20
620.213
 10
289.586
 20
621.563
 10
289.487
 20
622.967
 10
289.631
 20
624.431
 10
289.92
 20
625.942
 10
290.219
 20
627.474
 10
290.391
 20
628.993
 10
290.326
 20
630.462
 97
0
 75
0
 76
1
 98
0
  0
HATCH
  5
12F
330
17
100
AcDbEntity
  8
RASTER
 62
7
100
AcDbHatch
 10
0.0
 20
0.0
 30
0.0
210
0.0
220
0.0
230
1.0
  2
SOLID
 70
1
 71
0
 91
1
 92
3
 72
0
 73
1
 93
34
 10
292.324
 20
605.925
 10
292.182
 20
604.438
 10
292.062
 20
602.954
 10
291.993
 20
601.473
 10
291.989
 20
599.991
 10
292.046
 20
598.503
 10
292.144
 20
597.008
 10
292.252
 20
595.505
 10
292.329
 20
593.999
 10
292.336
 20
592.493
 10
292.241
 20
590.996
 10
292.026
 20
589.513
 10
291.689
 20
588.05
 10
291.247
 20
586.609
 10
290.728
 20
585.189
 10
290.173
 20
583.784
 10
289.622
 20
582.386
 10
289.604
 20
582.391
 10
290.067
 20
583.807
 10
290.537
 20
585.227
 10
290.977
 20
586.658
 10
291.35
 20
588.106
 10
291.629
 20
589.572
 10
291.801
 20
591.055
 10
291.869
 20
592.549
 10
291.852
 20
594.048
 10
291.784
 20
595.546
 10
291.701
 20
597.039
 10
291.645
 20
598.525
 10
291.645
 20
600.005
 10
291.719
 20
601.48
 10
291.867
 20
602.956
 10
292.073
 20
604.437
 10
292.306
 20
605.925
 97
0
 75
0
 76
1
 98
0
  0
HATCH
  5
130
330
17
100
AcDbEntity
  8
RASTER
 62
7
100
AcDbHatch
 10
0.0
 20
0.0
 30
0.0
210
0.0
220
0.0
230
1.0
  2
SOLID
 70
1
 71
0
 91
1
 92
3
 72
0
 73
1
 93
34
 10
285.145
 20
573.013
 10
284.253
 20
571.748
 10
283.413
 20
570.477
 10
282.686
 20
569.171
 10
282.106
 20
567.81
 10
281.678
 20
566.384
 10
281.372
 20
564.894
 10
281.135
 20
563.361
 10
280.895
 20
561.812
 10
280.58
 20
560.286
 10
280.125
 20
558.819
 10
279.489
 20
557.443
 10
278.657
 20
556.176
 10
277.647
 20
555.019
 10
276.504
 20
553.954
 10
275.292
 20
552.949
 10
274.082
 20
551.961
 10
274.066
 20
551.972
 10
275.22
 20
552.996
 10
276.377
 20
554.033
 10
277.468
 20
555.126
 10
278.431
 20
556.307
 10
279.224
 20
557.591
 10
279.83
 20
558.977
 10
280.265
 20
560.448
 10
280.572
 20
561.972
 10
280.815
 20
563.513
 10
281.067
 20
565.034
 10
281.4
 20
566.505
 10
281.866
 20
567.911
 10
282.492
 20
569.249
 10
283.273
 20
570.53
 10
284.173
 20
571.777
 10
285.128
 20
573.019
 97
0
 75
0
 76
1
 98
0
  0
HATCH
  5
131
330
17
100
AcDbEntity
  8
RASTER
 62
7
100
AcDbHatch
 10
0.0
 20
0.0
 30
0.0
210
0.0
220
0.0
230
1.0
  2
SOLID
 70
1
 71
0
 91
1
 92
3
 72
0
 73
1
 93
14
 10
271.562
 20
540.473
 10
270.862
 20
539.119
 10
270.037
 20
537.862
 10
269.067
 20
536.731
 10
267.95
 20
535.736
 10
266.705
 20
534.872
 10
265.367
 20
534.114
 10
265.353
 20
534.127
 10
266.544
 20
535.029
 10
267.677
 20
535.995
 10
268.75
 20
537.023
 10
269.757
 20
538.113
 10
270.692
 20
539.266
 10
271.548
 20
540.485
 97
0
 75
0
 76
1
 98
0
  0
HATCH
  5
132
330
17
100
AcDbEntity
  8
RASTER
 62
7
100
AcDbHatch
 10
0.0
 20
0.0
 30
0.0
210
0.0
220
0.0
230
1.0
  2
SOLID
 70
1
 71
0
 91
1
 92
3
 72
0
 73
1
 93
28
 10
253.39
 20
525.703
 10
252.442
 20
524.522
 10
251.38
 20
523.485
 10
250.186
 20
522.633
 10
248.867
 20
521.971
 10
247.453
 20
521.473
 10
245.987
 20
521.078
 10
244.52
 20
520.71
 10
243.096
 20
520.291
 10
241.747
 20
519.757
 10
240.481
 20
519.073
 10
239.289
 20
518.241
 10
238.143
 20
517.3
 10
237.006
 20
516.317
 10
236.998
 20
516.334
 10
238.095
 20
517.401
 10
239.199
 20
518.419
 10
240.353
 20
519.318
 10
241.585
 20
520.054
 10
242.909
 20
520.624
 10
244.317
 20
521.06
 10
245.778
 20
521.424
 10
247.251
 20
521.797
 10
248.684
 20
522.256
 10
250.033
 20
522.863
 10
251.267
 20
523.649
 10
252.377
 20
524.613
 10
253.379
 20
525.718
 97
0
 75
0
 76
1
 98
0
  0
HATCH
  5
133
330
17
100
AcDbEntity
  8
RASTER
 62
7
100
AcDbHatch
 10
0.0
 20
0.0
 30
0.0
210
0.0
220
0.0
230
1.0
  2
SOLID
 70
1
 71
0
 91
1
 92
3
 72
0
 73
1
 93
30
 10
230.529
 20
508.825
 10
229.014
 20
508.361
 10
227.471
 20
507.99
 10
225.906
 20
507.701
 10
224.327
 20
507.481
 10
222.741
 20
507.311
 10
221.157
 20
507.171
 10
219.578
 20
507.042
 10
218.009
 20
506.903
 10
216.452
 20
506.738
 10
214.908
 20
506.535
 10
213.375
 20
506.285
 10
211.85
 20
505.986
 10
210.331
 20
505.642
 10
208.812
 20
505.261
 10
208.809
 20
505.28
 10
210.316
 20
505.745
 10
211.821
 20
506.169
 10
213.33
 20
506.54
 10
214.847
 20
506.849
 10
216.377
 20
507.096
 10
217.922
 20
507.288
 10
219.483
 20
507.434
 10
221.058
 20
507.553
 10
222.644
 20
507.663
 10
224.237
 20
507.788
 10
225.829
 20
507.948
 10
227.413
 20
508.166
 10
228.98
 20
508.46
 10
230.523
 20
508.843
 97
0
 75
0
 76
1
 98
0
  0
HATCH
  5
134
330
17
100
AcDbEntity
  8
RASTER
 62
7
100
AcDbHatch
 10
0.0
 20
0.0
 30
0.0
210
0.0
220
0.0
230
1.0
  2
SOLID
 70
1
 71
0
 91
1
 92
3
 72
0
 73
1
 93
28
 10
197.392
 20
509.36
 10
195.902
 20
509.093
 10
194.403
 20
508.858
 10
192.898
 20
508.687
 10
191.391
 20
508.606
 10
189.886
 20
508.632
 10
188.387
 20
508.772
 10
186.9
 20
509.021
 10
185.427
 20
509.361
 10
183.968
 20
509.768
 10
182.521
 20
510.212
 10
181.082
 20
510.662
 10
179.646
 20
511.089
 10
178.207
 20
511.472
 10
178.211
 20
511.49
 10
179.666
 20
511.2
 10
181.114
 20
510.861
 10
182.561
 20
510.49
 10
184.012
 20
510.109
 10
185.471
 20
509.746
 10
186.94
 20
509.429
 10
188.421
 20
509.181
 10
189.911
 20
509.019
 10
191.408
 20
508.949
 10
192.908
 20
508.967
 10
194.407
 20
509.06
 10
195.902
 20
509.206
 10
197.392
 20
509.379
 97
0
 75
0
 76
1
 98
0
  0
HATCH
  5
135
330
17
100
AcDbEntity
  8
RASTER
 62
7
100
AcDbHatch
 10
0.0
 20
0.0
 30
0.0
210
0.0
220
0.0
230
1.0
  2
SOLID
 70
1
 71
0
 91
1
 92
3
 72
0
 73
1
 93
28
 10
160.814
 20
511.106
 10
159.227
 20
511.396
 10
157.632
 20
511.694
 10
156.035
 20
512.018
 10
154.446
 20
512.383
 10
152.873
 20
512.804
 10
151.323
 20
513.295
 10
149.805
 20
513.866
 10
148.327
 20
514.523
 10
146.894
 20
515.27
 10
145.511
 20
516.106
 10
144.18
 20
517.027
 10
142.901
 20
518.025
 10
141.672
 20
519.089
 10
141.682
 20
519.105
 10
142.959
 20
518.117
 10
144.28
 20
517.193
 10
145.646
 20
516.339
 10
147.054
 20
515.558
 10
148.502
 20
514.851
 10
149.985
 20
514.216
 10
151.497
 20
513.648
 10
153.032
 20
513.14
 10
154.583
 20
512.683
 10
156.143
 20
512.264
 10
157.706
 20
511.873
 10
159.267
 20
511.497
 10
160.821
 20
511.123
 97
0
 75
0
 76
1
 98
0
  0
HATCH
  5
136
330
17
100
AcDbEntity
  8
RASTER
 62
7
100
AcDbHatch
 10
0.0
 20
0.0
 30
0.0
210
0.0
220
0.0
230
1.0
  2
SOLID
 70
1
 71
0
 91
1
 92
3
 72
0
 73
1
 93
32
 10
132.375
 20
531.525
 10
131.079
 20
532.319
 10
129.817
 20
533.162
 10
128.598
 20
534.061
 10
127.432
 20
535.021
 10
126.325
 20
536.044
 10
125.281
 20
537.132
 10
124.304
 20
538.28
 10
123.393
 20
539.485
 10
122.546
 20
540.739
 10
121.757
 20
542.035
 10
121.018
 20
543.363
 10
120.319
 20
544.712
 10
119.65
 20
546.072
 10
118.999
 20
547.435
 10
118.354
 20
548.791
 10
118.369
 20
548.801
 10
119.063
 20
547.481
 10
119.759
 20
546.154
 10
120.467
 20
544.827
 10
121.199
 20
543.509
 10
121.963
 20
542.207
 10
122.768
 20
540.93
 10
123.622
 20
539.687
 10
124.529
 20
538.486
 10
125.494
 20
537.332
 10
126.517
 20
536.231
 10
127.596
 20
535.185
 10
128.729
 20
534.196
 10
129.91
 20
533.261
 10
131.132
 20
532.378
 10
132.387
 20
531.539
 97
0
 75
0
 76
1
 98
0
  0
HATCH
  5
137
330
17
100
AcDbEntity
  8
RASTER
 62
7
100
AcDbHatch
 10
0.0
 20
0.0
 30
0.0
210
0.0
220
0.0
230
1.0
  2
SOLID
 70
1
 71
0
 91
1
 92
3
 72
0
 73
1
 93
14
 10
109.96
 20
558.91
 10
108.895
 20
560.169
 10
108.129
 20
561.586
 10
107.686
 20
563.153
 10
107.49
 20
564.821
 10
107.397
 20
566.514
 10
107.236
 20
568.16
 10
107.253
 20
568.167
 10
107.608
 20
566.603
 10
107.84
 20
564.975
 10
108.084
 20
563.337
 10
108.475
 20
561.751
 10
109.1
 20
560.271
 10
109.977
 20
558.919
 97
0
 75
0
 76
1
 98
0
  0
HATCH
  5
138
330
17
100
AcDbEntity
  8
RASTER
 62
7
100
AcDbHatch
 10
0.0
 20
0.0
 30
0.0
210
0.0
220
0.0
230
1.0
  2
SOLID
 70
1
 71
0
 91
1
 92
3
 72
0
 73
1
 93
18
 10
104.065
 20
578.776
 10
103.504
 20
580.228
 10
102.897
 20
581.676
 10
102.266
 20
583.127
 10
101.635
 20
584.587
 10
101.03
 20
586.064
 10
100.473
 20
587.559
 10
99.984
 20
589.074
 10
99.578
 20
590.609
 10
99.597
 20
590.612
 10
100.121
 20
589.095
 10
100.709
 20
587.599
 10
101.332
 20
586.12
 10
101.96
 20
584.654
 10
102.566
 20
583.193
 10
103.13
 20
581.731
 10
103.638
 20
580.263
 10
104.083
 20
578.781
 97
0
 75
0
 76
1
 98
0
  0
HATCH
  5
139
330
17
100
AcDbEntity
  8
RASTER
 62
7
100
AcDbHatch
 10
0.0
 20
0.0
 30
0.0
210
0.0
220
0.0
230
1.0
  2
SOLID
 70
1
 71
0
 91
1
 92
3
 72
0
 73
1
 93
34
 10
99.706
 20
607.303
 10
99.759
 20
608.813
 10
99.708
 20
610.331
 10
99.569
 20
611.861
 10
99.372
 20
613.405
 10
99.16
 20
614.961
 10
98.979
 20
616.526
 10
98.876
 20
618.092
 10
98.891
 20
619.649
 10
99.052
 20
621.187
 10
99.37
 20
622.698
 10
99.841
 20
624.176
 10
100.443
 20
625.62
 10
101.141
 20
627.031
 10
101.892
 20
628.418
 10
102.649
 20
629.79
 10
103.366
 20
631.163
 10
103.384
 20
631.157
 10
102.73
 20
629.768
 10
102.035
 20
628.38
 10
101.341
 20
626.982
 10
100.693
 20
625.563
 10
100.132
 20
624.115
 10
99.693
 20
622.635
 10
99.395
 20
621.126
 10
99.241
 20
619.592
 10
99.221
 20
618.041
 10
99.306
 20
616.484
 10
99.456
 20
614.927
 10
99.627
 20
613.379
 10
99.774
 20
611.844
 10
99.855
 20
610.321
 10
99.843
 20
608.808
 10
99.724
 20
607.302
 97
0
 75
0
 76
1
 98
0
  0
HATCH
  5
13A
330
17
100
AcDbEntity
  8
RASTER
 62
7
100
AcDbHatch
 10
0.0
 20
0.0
 30
0.0
210
0.0
220
0.0
230
1.0
  2
SOLID
 70
1
 71
0
 91
1
 92
3
 72
0
 73
1
 93
28
 10
106.862
 20
641.595
 10
107.547
 20
642.912
 10
108.272
 20
644.206
 10
109.028
 20
645.481
 10
109.803
 20
646.742
 10
110.588
 20
647.994
 10
111.372
 20
649.242
 10
112.148
 20
650.491
 10
112.91
 20
651.745
 10
113.657
 20
653.007
 10
114.39
 20
654.278
 10
115.111
 20
655.559
 10
115.826
 20
656.845
 10
116.543
 20
658.135
 10
116.558
 20
658.125
 10
115.919
 20
656.784
 10
115.278
 20
655.452
 10
114.624
 20
654.134
 10
113.947
 20
652.834
 10
113.24
 20
651.555
 10
112.5
 20
650.295
 10
111.727
 20
649.052
 10
110.926
 20
647.82
 10
110.106
 20
646.592
 10
109.276
 20
645.362
 10
108.452
 20
644.123
 10
107.649
 20
642.867
 10
106.88
 20
641.588
 97
0
 75
0
 76
1
 98
0
  0
HATCH
  5
13B
330
17
100
AcDbEntity
  8
RASTER
 62
7
100
AcDbHatch
 10
0.0
 20
0.0
 30
0.0
210
0.0
220
0.0
230
1.0
  2
SOLID
 70
1
 71
0
 91
1
 92
3
 72
0
 73
1
 93
18
 10
119.404
 20
661.286
 10
120.287
 20
662.431
 10
121.267
 20
663.5
 10
122.336
 20
664.49
 10
123.483
 20
665.408
 10
124.688
 20
666.263
 10
125.927
 20
667.074
 10
127.174
 20
667.861
 10
128.404
 20
668.65
 10
128.417
 20
668.637
 10
127.306
 20
667.74
 10
126.162
 20
666.863
 10
124.994
 20
665.996
 10
123.818
 20
665.124
 10
122.651
 20
664.232
 10
121.514
 20
663.303
 10
120.429
 20
662.321
 10
119.419
 20
661.275
 97
0
 75
0
 76
1
 98
0
  0
HATCH
  5
13C
330
17
100
AcDbEntity
  8
RASTER
 62
7
100
AcDbHatch
 10
0.0
 20
0.0
 30
0.0
210
0.0
220
0.0
230
1.0
  2
SOLID
 70
1
 71
0
 91
1
 92
3
 72
0
 73
1
 93
26
 10
136.048
 20
676.658
 10
136.939
 20
677.818
 10
137.891
 20
678.917
 10
138.929
 20
679.916
 10
140.064
 20
680.791
 10
141.292
 20
681.537
 10
142.593
 20
682.169
 10
143.941
 20
682.721
 10
145.301
 20
683.236
 10
146.644
 20
683.762
 10
147.946
 20
684.341
 10
149.196
 20
685.0
 10
150.395
 20
685.748
 10
150.404
 20
685.732
 10
149.258
 20
684.893
 10
148.06
 20
684.15
 10
146.805
 20
683.501
 10
145.501
 20
682.923
 10
144.168
 20
682.377
 10
142.834
 20
681.817
 10
141.53
 20
681.2
 10
140.283
 20
680.49
 10
139.114
 20
679.67
 10
138.028
 20
678.741
 10
137.017
 20
677.721
 10
136.06
 20
676.643
 97
0
 75
0
 76
1
 98
0
  0
HATCH
  5
13D
330
17
100
AcDbEntity
  8
RASTER
 62
7
100
AcDbHatch
 10
0.0
 20
0.0
 30
0.0
210
0.0
220
0.0
230
1.0
  2
SOLID
 70
1
 71
0
 91
1
 92
3
 72
0
 73
1
 93
18
 10
155.995
 20
689.451
 10
157.305
 20
689.973
 10
158.678
 20
690.344
 10
160.085
 20
690.619
 10
161.49
 20
690.874
 10
162.866
 20
691.183
 10
164.197
 20
691.597
 10
165.483
 20
692.134
 10
166.739
 20
692.771
 10
166.745
 20
692.753
 10
165.535
 20
691.984
 10
164.292
 20
691.336
 10
162.993
 20
690.849
 10
161.632
 20
690.517
 10
160.222
 20
690.29
 10
158.789
 20
690.089
 10
157.37
 20
689.828
 10
156.003
 20
689.434
 97
0
 75
0
 76
1
 98
0
  0
HATCH
  5
13E
330
17
100
AcDbEntity
  8
RASTER
 62
7
100
AcDbHatch
 10
0.0
 20
0.0
 30
0.0
210
0.0
220
0.0
230
1.0
  2
SOLID
 70
1
 71
0
 91
1
 92
3
 72
0
 73
1
 93
26
 10
187.962
 20
710.844
 10
189.572
 20
710.563
 10
191.171
 20
710.283
 10
192.757
 20
710.089
 10
194.333
 20
710.044
 10
195.907
 20
710.17
 10
197.486
 20
710.445
 10
199.076
 20
710.805
 10
200.678
 20
711.163
 10
202.287
 20
711.425
 10
203.894
 20
711.511
 10
205.487
 20
711.375
 10
207.058
 20
711.014
 10
207.056
 20
710.996
 10
205.479
 20
711.284
 10
203.882
 20
711.352
 10
202.274
 20
711.208
 10
200.667
 20
710.902
 10
199.068
 20
710.515
 10
197.482
 20
710.145
 10
195.907
 20
709.88
 10
194.337
 20
709.783
 10
192.764
 20
709.872
 10
191.179
 20
710.124
 10
189.578
 20
710.472
 10
187.963
 20
710.825
 97
0
 75
0
 76
1
 98
0
  0
HATCH
  5
13F
330
17
100
AcDbEntity
  8
RASTER
 62
7
100
AcDbHatch
 10
0.0
 20
0.0
 30
0.0
210
0.0
220
0.0
230
1.0
  2
SOLID
 70
1
 71
0
 91
1
 92
3
 72
0
 73
1
 93
14
 10
216.68
 20
702.341
 10
217.809
 20
702.168
 10
218.944
 20
702.017
 10
220.082
 20
701.866
 10
221.218
 20
701.696
 10
222.349
 20
701.498
 10
223.474
 20
701.272
 10
223.469
 20
701.254
 10
222.287
 20
701.267
 10
221.118
 20
701.308
 10
219.973
 20
701.42
 10
218.853
 20
701.627
 10
217.757
 20
701.934
 10
216.677
 20
702.323
 97
0
 75
0
 76
1
 98
0
  0
HATCH
  5
140
330
17
100
AcDbEntity
  8
RASTER
 62
7
100
AcDbHatch
 10
0.0
 20
0.0
 30
0.0
210
0.0
220
0.0
230
1.0
  2
SOLID
 70
1
 71
0
 91
1
 92
3
 72
0
 73
1
 93
30
 10
232.683
 20
701.3
 10
234.234
 20
701.256
 10
235.771
 20
701.138
 10
237.258
 20
700.87
 10
238.669
 20
700.405
 10
239.986
 20
699.725
 10
241.21
 20
698.854
 10
242.357
 20
697.842
 10
243.457
 20
696.763
 10
244.549
 20
695.698
 10
245.675
 20
694.72
 10
246.867
 20
693.877
 10
248.144
 20
693.189
 10
249.507
 20
692.641
 10
250.936
 20
692.186
 10
250.926
 20
692.171
 10
249.448
 20
692.543
 10
248.042
 20
693.013
 10
246.727
 20
693.629
 10
245.506
 20
694.41
 10
244.361
 20
695.341
 10
243.259
 20
696.375
 10
242.16
 20
697.441
 10
241.023
 20
698.46
 10
239.818
 20
699.358
 10
238.527
 20
700.082
 10
237.147
 20
700.608
 10
235.694
 20
700.948
 10
234.193
 20
701.15
 10
232.677
 20
701.282
 97
0
 75
0
 76
1
 98
0
  0
HATCH
  5
141
330
17
100
AcDbEntity
  8
RASTER
 62
7
100
AcDbHatch
 10
0.0
 20
0.0
 30
0.0
210
0.0
220
0.0
230
1.0
  2
SOLID
 70
1
 71
0
 91
1
 92
3
 72
0
 73
1
 93
22
 10
259.727
 20
689.033
 10
260.942
 20
688.196
 10
262.109
 20
687.294
 10
263.224
 20
686.329
 10
264.286
 20
685.303
 10
265.299
 20
684.223
 10
266.267
 20
683.1
 10
267.198
 20
681.944
 10
268.102
 20
680.767
 10
268.99
 20
679.585
 10
269.874
 20
678.407
 10
269.861
 20
678.394
 10
268.913
 20
679.504
 10
267.969
 20
680.625
 10
267.023
 20
681.75
 10
266.066
 20
682.872
 10
265.092
 20
683.982
 10
264.091
 20
685.07
 10
263.059
 20
686.126
 10
261.988
 20
687.141
 10
260.874
 20
688.108
 10
259.716
 20
689.019
 97
0
 75
0
 76
1
 98
0
  0
HATCH
  5
142
330
17
100
AcDbEntity
  8
RASTER
 62
7
100
AcDbHatch
 10
0.0
 20
0.0
 30
0.0
210
0.0
220
0.0
230
1.0
  2
SOLID
 70
1
 71
0
 91
1
 92
3
 72
0
 73
1
 93
30
 10
271.574
 20
674.51
 10
273.092
 20
673.871
 10
274.578
 20
673.177
 10
275.911
 20
672.327
 10
277.001
 20
671.258
 10
277.817
 20
669.961
 10
278.39
 20
668.479
 10
278.811
 20
666.899
 10
279.207
 20
665.323
 10
279.707
 20
663.843
 10
280.413
 20
662.523
 10
281.367
 20
661.376
 10
282.543
 20
660.369
 10
283.851
 20
659.431
 10
285.16
 20
658.474
 10
285.144
 20
658.464
 10
283.776
 20
659.384
 10
282.414
 20
660.285
 10
281.19
 20
661.257
 10
280.197
 20
662.373
 10
279.464
 20
663.668
 10
278.947
 20
665.13
 10
278.548
 20
666.698
 10
278.136
 20
668.28
 10
277.584
 20
669.772
 10
276.799
 20
671.09
 10
275.749
 20
672.188
 10
274.462
 20
673.075
 10
273.027
 20
673.811
 10
271.56
 20
674.497
 97
0
 75
0
 76
1
 98
0
  0
HATCH
  5
143
330
17
100
AcDbEntity
  8
RASTER
 62
7
100
AcDbHatch
 10
0.0
 20
0.0
 30
0.0
210
0.0
220
0.0
230
1.0
  2
SOLID
 70
1
 71
0
 91
1
 92
3
 72
0
 73
1
 93
20
 10
290.899
 20
648.694
 10
291.485
 20
647.391
 10
291.992
 20
646.054
 10
292.421
 20
644.686
 10
292.776
 20
643.292
 10
293.067
 20
641.879
 10
293.307
 20
640.453
 10
293.513
 20
639.023
 10
293.703
 20
637.597
 10
293.898
 20
636.18
 10
293.88
 20
636.174
 10
293.568
 20
637.55
 10
293.275
 20
638.937
 10
292.995
 20
640.336
 10
292.716
 20
641.741
 10
292.427
 20
643.15
 10
292.114
 20
644.556
 10
291.761
 20
645.953
 10
291.355
 20
647.332
 10
290.882
 20
648.686
 97
0
 75
0
 76
1
 98
0
  0
HATCH
  5
144
330
17
100
AcDbEntity
  8
RASTER
 62
7
100
AcDbHatch
 10
0.0
 20
0.0
 30
0.0
210
0.0
220
0.0
230
1.0
  2
SOLID
 70
1
 71
0
 91
1
 92
3
 72
0
 73
1
 93
20
 10
301.307
 20
620.955
 10
301.216
 20
619.324
 10
301.266
 20
617.721
 10
301.513
 20
616.145
 10
301.948
 20
614.587
 10
302.506
 20
613.032
 10
303.078
 20
611.464
 10
303.542
 20
609.877
 10
303.796
 20
608.27
 10
303.785
 20
606.65
 10
303.767
 20
606.649
 10
303.666
 20
608.264
 10
303.314
 20
609.864
 10
302.778
 20
611.443
 10
302.167
 20
613.003
 10
301.61
 20
614.553
 10
301.213
 20
616.111
 10
301.04
 20
617.691
 10
301.087
 20
619.305
 10
301.289
 20
620.952
 97
0
 75
0
 76
1
 98
0
  0
HATCH
  5
145
330
17
100
AcDbEntity
  8
RASTER
 62
7
100
AcDbHatch
 10
0.0
 20
0.0
 30
0.0
210
0.0
220
0.0
230
1.0
  2
SOLID
 70
1
 71
0
 91
1
 92
3
 72
0
 73
1
 93
28
 10
299.595
 20
592.104
 10
299.615
 20
590.546
 10
299.552
 20
588.993
 10
299.395
 20
587.45
 10
299.139
 20
585.922
 10
298.785
 20
584.412
 10
298.342
 20
582.923
 10
297.82
 20
581.455
 10
297.236
 20
580.007
 10
296.609
 20
578.578
 10
295.96
 20
577.162
 10
295.309
 20
575.755
 10
294.674
 20
574.351
 10
294.07
 20
572.943
 10
294.053
 20
572.949
 10
294.579
 20
574.38
 10
295.14
 20
575.803
 10
295.726
 20
577.225
 10
296.322
 20
578.65
 10
296.91
 20
580.084
 10
297.474
 20
581.531
 10
297.995
 20
582.994
 10
298.457
 20
584.475
 10
298.847
 20
585.973
 10
299.155
 20
587.488
 10
299.378
 20
589.018
 10
299.516
 20
590.558
 10
299.576
 20
592.106
 97
0
 75
0
 76
1
 98
0
  0
HATCH
  5
146
330
17
100
AcDbEntity
  8
RASTER
 62
7
100
AcDbHatch
 10
0.0
 20
0.0
 30
0.0
210
0.0
220
0.0
230
1.0
  2
SOLID
 70
1
 71
0
 91
1
 92
3
 72
0
 73
1
 93
26
 10
291.247
 20
565.499
 10
290.887
 20
563.99
 10
290.45
 20
562.506
 10
289.928
 20
561.055
 10
289.314
 20
559.643
 10
288.609
 20
558.274
 10
287.815
 20
556.952
 10
286.941
 20
555.676
 10
285.997
 20
554.444
 10
284.999
 20
553.251
 10
283.962
 20
552.091
 10
282.903
 20
550.954
 10
281.84
 20
549.831
 10
281.825
 20
549.841
 10
282.794
 20
551.021
 10
283.764
 20
552.207
 10
284.724
 20
553.408
 10
285.661
 20
554.629
 10
286.565
 20
555.876
 10
287.423
 20
557.153
 10
288.227
 20
558.463
 10
288.967
 20
559.808
 10
289.64
 20
561.187
 10
290.24
 20
562.598
 10
290.769
 20
564.039
 10
291.23
 20
565.506
 97
0
 75
0
 76
1
 98
0
  0
HATCH
  5
147
330
17
100
AcDbEntity
  8
RASTER
 62
7
100
AcDbHatch
 10
0.0
 20
0.0
 30
0.0
210
0.0
220
0.0
230
1.0
  2
SOLID
 70
1
 71
0
 91
1
 92
3
 72
0
 73
1
 93
18
 10
276.182
 20
540.084
 10
275.439
 20
538.843
 10
274.696
 20
537.594
 10
273.935
 20
536.351
 10
273.142
 20
535.128
 10
272.303
 20
533.939
 10
271.411
 20
532.793
 10
270.463
 20
531.696
 10
269.46
 20
530.651
 10
269.447
 20
530.664
 10
270.334
 20
531.821
 10
271.182
 20
533.01
 10
272.003
 20
534.215
 10
272.814
 20
535.421
 10
273.628
 20
536.618
 10
274.454
 20
537.797
 10
275.3
 20
538.957
 10
276.167
 20
540.095
 97
0
 75
0
 76
1
 98
0
  0
HATCH
  5
148
330
17
100
AcDbEntity
  8
RASTER
 62
7
100
AcDbHatch
 10
0.0
 20
0.0
 30
0.0
210
0.0
220
0.0
230
1.0
  2
SOLID
 70
1
 71
0
 91
1
 92
3
 72
0
 73
1
 93
32
 10
262.301
 20
524.123
 10
261.283
 20
523.089
 10
260.207
 20
522.122
 10
259.073
 20
521.226
 10
257.883
 20
520.405
 10
256.642
 20
519.656
 10
255.357
 20
518.977
 10
254.038
 20
518.357
 10
252.694
 20
517.786
 10
251.335
 20
517.252
 10
249.973
 20
516.74
 10
248.615
 20
516.234
 10
247.27
 20
515.72
 10
245.944
 20
515.186
 10
244.642
 20
514.62
 10
243.364
 20
514.014
 10
243.355
 20
514.031
 10
244.602
 20
514.693
 10
245.873
 20
515.313
 10
247.169
 20
515.895
 10
248.486
 20
516.448
 10
249.821
 20
516.985
 10
251.166
 20
517.518
 10
252.514
 20
518.061
 10
253.854
 20
518.629
 10
255.177
 20
519.235
 10
256.474
 20
519.891
 10
257.734
 20
520.606
 10
258.95
 20
521.387
 10
260.117
 20
522.236
 10
261.23
 20
523.154
 10
262.289
 20
524.137
 97
0
 75
0
 76
1
 98
0
  0
HATCH
  5
149
330
17
100
AcDbEntity
  8
RASTER
 62
7
100
AcDbHatch
 10
0.0
 20
0.0
 30
0.0
210
0.0
220
0.0
230
1.0
  2
SOLID
 70
1
 71
0
 91
1
 92
3
 72
0
 73
1
 93
30
 10
228.558
 20
507.18
 10
227.174
 20
506.575
 10
225.788
 20
505.96
 10
224.394
 20
505.351
 10
222.988
 20
504.766
 10
221.566
 20
504.222
 10
220.124
 20
503.736
 10
218.663
 20
503.32
 10
217.182
 20
502.982
 10
215.685
 20
502.726
 10
214.175
 20
502.547
 10
212.657
 20
502.437
 10
211.134
 20
502.382
 10
209.612
 20
502.366
 10
208.092
 20
502.369
 10
208.09
 20
502.388
 10
209.601
 20
502.449
 10
211.113
 20
502.526
 10
212.624
 20
502.635
 10
214.132
 20
502.791
 10
215.631
 20
503.003
 10
217.12
 20
503.28
 10
218.595
 20
503.624
 10
220.053
 20
504.031
 10
221.496
 20
504.495
 10
222.924
 20
505.005
 10
224.339
 20
505.544
 10
225.745
 20
506.099
 10
227.148
 20
506.655
 10
228.552
 20
507.197
 97
0
 75
0
 76
1
 98
0
  0
HATCH
  5
14A
330
17
100
AcDbEntity
  8
RASTER
 62
7
100
AcDbHatch
 10
0.0
 20
0.0
 30
0.0
210
0.0
220
0.0
230
1.0
  2
SOLID
 70
1
 71
0
 91
1
 92
3
 72
0
 73
1
 93
14
 10
201.331
 20
500.236
 10
200.039
 20
499.577
 10
198.728
 20
499.051
 10
197.403
 20
498.74
 10
196.069
 20
498.694
 10
194.739
 20
498.915
 10
193.419
 20
499.36
 10
193.42
 20
499.378
 10
194.742
 20
499.162
 10
196.07
 20
499.108
 10
197.397
 20
499.216
 10
198.718
 20
499.465
 10
200.03
 20
499.824
 10
201.33
 20
500.254
 97
0
 75
0
 76
1
 98
0
  0
HATCH
  5
14B
330
17
100
AcDbEntity
  8
RASTER
 62
7
100
AcDbHatch
 10
0.0
 20
0.0
 30
0.0
210
0.0
220
0.0
230
1.0
  2
SOLID
 70
1
 71
0
 91
1
 92
3
 72
0
 73
1
 93
14
 10
181.798
 20
499.448
 10
180.693
 20
499.575
 10
179.598
 20
499.769
 10
178.518
 20
500.045
 10
177.454
 20
500.401
 10
176.406
 20
500.821
 10
175.369
 20
501.273
 10
175.372
 20
501.291
 10
176.453
 20
501.068
 10
177.529
 20
500.815
 10
178.599
 20
500.521
 10
179.664
 20
500.184
 10
180.73
 20
499.823
 10
181.8
 20
499.466
 97
0
 75
0
 76
1
 98
0
  0
HATCH
  5
14C
330
17
100
AcDbEntity
  8
RASTER
 62
7
100
AcDbHatch
 10
0.0
 20
0.0
 30
0.0
210
0.0
220
0.0
230
1.0
  2
SOLID
 70
1
 71
0
 91
1
 92
3
 72
0
 73
1
 93
20
 10
167.164
 20
500.448
 10
165.779
 20
501.046
 10
164.476
 20
501.893
 10
163.234
 20
502.885
 10
162.011
 20
503.889
 10
160.764
 20
504.777
 10
159.452
 20
505.457
 10
158.05
 20
505.893
 10
156.558
 20
506.113
 10
154.999
 20
506.201
 10
155.007
 20
506.218
 10
156.609
 20
506.239
 10
158.137
 20
506.117
 10
159.563
 20
505.754
 10
160.885
 20
505.114
 10
162.127
 20
504.228
 10
163.332
 20
503.186
 10
164.548
 20
502.122
 10
165.817
 20
501.177
 10
167.169
 20
500.466
 97
0
 75
0
 76
1
 98
0
  0
HATCH
  5
14D
330
17
100
AcDbEntity
  8
RASTER
 62
7
100
AcDbHatch
 10
0.0
 20
0.0
 30
0.0
210
0.0
220
0.0
230
1.0
  2
SOLID
 70
1
 71
0
 91
1
 92
3
 72
0
 73
1
 93
20
 10
141.652
 20
513.906
 10
140.484
 20
514.796
 10
139.333
 20
515.706
 10
138.19
 20
516.621
 10
137.046
 20
517.528
 10
135.892
 20
518.415
 10
134.722
 20
519.277
 10
133.533
 20
520.114
 10
132.325
 20
520.929
 10
131.104
 20
521.73
 10
131.116
 20
521.745
 10
132.428
 20
521.062
 10
133.712
 20
520.354
 10
134.955
 20
519.599
 10
136.151
 20
518.782
 10
137.3
 20
517.898
 10
138.41
 20
516.952
 10
139.495
 20
515.958
 10
140.573
 20
514.939
 10
141.661
 20
513.922
 97
0
 75
0
 76
1
 98
0
  0
HATCH
  5
14E
330
17
100
AcDbEntity
  8
RASTER
 62
7
100
AcDbHatch
 10
0.0
 20
0.0
 30
0.0
210
0.0
220
0.0
230
1.0
  2
SOLID
 70
1
 71
0
 91
1
 92
3
 72
0
 73
1
 93
28
 10
121.541
 20
527.065
 10
120.395
 20
528.118
 10
119.304
 20
529.227
 10
118.268
 20
530.388
 10
117.284
 20
531.595
 10
116.343
 20
532.837
 10
115.435
 20
534.103
 10
114.547
 20
535.38
 10
113.666
 20
536.657
 10
112.78
 20
537.927
 10
111.881
 20
539.182
 10
110.963
 20
540.422
 10
110.025
 20
541.647
 10
109.071
 20
542.862
 10
109.086
 20
542.873
 10
110.106
 20
541.705
 10
111.103
 20
540.526
 10
112.073
 20
539.329
 10
113.011
 20
538.11
 10
113.923
 20
536.867
 10
114.816
 20
535.606
 10
115.701
 20
534.333
 10
116.591
 20
533.058
 10
117.501
 20
531.794
 10
118.444
 20
530.554
 10
119.429
 20
529.348
 10
120.465
 20
528.188
 10
121.554
 20
527.078
 97
0
 75
0
 76
1
 98
0
  0
HATCH
  5
14F
330
17
100
AcDbEntity
  8
RASTER
 62
7
100
AcDbHatch
 10
0.0
 20
0.0
 30
0.0
210
0.0
220
0.0
230
1.0
  2
SOLID
 70
1
 71
0
 91
1
 92
3
 72
0
 73
1
 93
28
 10
102.153
 20
556.47
 10
101.42
 20
557.752
 10
100.747
 20
559.065
 10
100.135
 20
560.407
 10
99.585
 20
561.777
 10
99.095
 20
563.17
 10
98.66
 20
564.583
 10
98.27
 20
566.009
 10
97.917
 20
567.445
 10
97.59
 20
568.885
 10
97.277
 20
570.325
 10
96.968
 20
571.761
 10
96.652
 20
573.19
 10
96.321
 20
574.612
 10
96.339
 20
574.617
 10
96.769
 20
573.226
 10
97.177
 20
571.828
 10
97.567
 20
570.423
 10
97.944
 20
569.011
 10
98.314
 20
567.593
 10
98.689
 20
566.171
 10
99.076
 20
564.751
 10
99.486
 20
563.334
 10
99.929
 20
561.927
 10
100.414
 20
560.534
 10
100.946
 20
559.158
 10
101.53
 20
557.806
 10
102.17
 20
556.479
 97
0
 75
0
 76
1
 98
0
  0
HATCH
  5
150
330
17
100
AcDbEntity
  8
RASTER
 62
7
100
AcDbHatch
 10
0.0
 20
0.0
 30
0.0
210
0.0
220
0.0
230
1.0
  2
SOLID
 70
1
 71
0
 91
1
 92
3
 72
0
 73
1
 93
14
 10
96.087
 20
582.557
 10
95.415
 20
583.871
 10
94.768
 20
585.201
 10
94.187
 20
586.553
 10
93.705
 20
587.93
 10
93.339
 20
589.331
 10
93.094
 20
590.752
 10
93.112
 20
590.754
 10
93.517
 20
589.356
 10
93.998
 20
587.976
 10
94.522
 20
586.61
 10
95.06
 20
585.255
 10
95.591
 20
583.906
 10
96.105
 20
582.561
 97
0
 75
0
 76
1
 98
0
  0
HATCH
  5
151
330
17
100
AcDbEntity
  8
RASTER
 62
7
100
AcDbHatch
 10
0.0
 20
0.0
 30
0.0
210
0.0
220
0.0
230
1.0
  2
SOLID
 70
1
 71
0
 91
1
 92
3
 72
0
 73
1
 93
24
 10
89.665
 20
599.177
 10
89.927
 20
600.749
 10
90.06
 20
602.309
 10
90.025
 20
603.865
 10
89.822
 20
605.425
 10
89.492
 20
606.995
 10
89.11
 20
608.578
 10
88.769
 20
610.172
 10
88.558
 20
611.77
 10
88.547
 20
613.359
 10
88.769
 20
614.929
 10
89.213
 20
616.47
 10
89.231
 20
616.468
 10
88.88
 20
614.917
 10
88.744
 20
613.341
 10
88.827
 20
611.75
 10
89.088
 20
610.153
 10
89.457
 20
608.563
 10
89.839
 20
606.985
 10
90.142
 20
605.42
 10
90.295
 20
603.865
 10
90.258
 20
602.312
 10
90.039
 20
600.752
 10
89.683
 20
599.178
 97
0
 75
0
 76
1
 98
0
  0
HATCH
  5
152
330
17
100
AcDbEntity
  8
RASTER
 62
7
100
AcDbHatch
 10
0.0
 20
0.0
 30
0.0
210
0.0
220
0.0
230
1.0
  2
SOLID
 70
1
 71
0
 91
1
 92
3
 72
0
 73
1
 93
14
 10
96.346
 20
628.66
 10
96.439
 20
629.954
 10
96.591
 20
631.237
 10
96.824
 20
632.501
 10
97.152
 20
633.741
 10
97.569
 20
634.953
 10
98.061
 20
636.14
 10
98.079
 20
636.134
 10
97.762
 20
634.892
 10
97.473
 20
633.644
 10
97.194
 20
632.395
 10
96.914
 20
631.148
 10
96.634
 20
629.903
 10
96.364
 20
628.656
 97
0
 75
0
 76
1
 98
0
  0
HATCH
  5
153
330
17
100
AcDbEntity
  8
RASTER
 62
7
100
AcDbHatch
 10
0.0
 20
0.0
 30
0.0
210
0.0
220
0.0
230
1.0
  2
SOLID
 70
1
 71
0
 91
1
 92
3
 72
0
 73
1
 93
30
 10
100.821
 20
647.798
 10
101.531
 20
649.106
 10
102.178
 20
650.443
 10
102.763
 20
651.812
 10
103.292
 20
653.213
 10
103.78
 20
654.644
 10
104.244
 20
656.097
 10
104.706
 20
657.561
 10
105.19
 20
659.024
 10
105.719
 20
660.469
 10
106.314
 20
661.883
 10
106.991
 20
663.251
 10
107.762
 20
664.562
 10
108.633
 20
665.806
 10
109.6
 20
666.979
 10
109.616
 20
666.968
 10
108.731
 20
665.736
 10
107.942
 20
664.439
 10
107.245
 20
663.083
 10
106.631
 20
661.679
 10
106.085
 20
660.24
 10
105.588
 20
658.782
 10
105.117
 20
657.32
 10
104.648
 20
655.867
 10
104.158
 20
654.436
 10
103.625
 20
653.036
 10
103.034
 20
651.672
 10
102.373
 20
650.346
 10
101.64
 20
649.054
 10
100.838
 20
647.791
 97
0
 75
0
 76
1
 98
0
  0
HATCH
  5
154
330
17
100
AcDbEntity
  8
RASTER
 62
7
100
AcDbHatch
 10
0.0
 20
0.0
 30
0.0
210
0.0
220
0.0
230
1.0
  2
SOLID
 70
1
 71
0
 91
1
 92
3
 72
0
 73
1
 93
36
 10
117.919
 20
676.384
 10
118.944
 20
677.501
 10
120.103
 20
678.486
 10
121.371
 20
679.358
 10
122.702
 20
680.151
 10
124.048
 20
680.915
 10
125.358
 20
681.702
 10
126.596
 20
682.558
 10
127.743
 20
683.513
 10
128.797
 20
684.578
 10
129.779
 20
685.737
 10
130.726
 20
686.956
 10
131.68
 20
688.181
 10
132.686
 20
689.356
 10
133.779
 20
690.426
 10
134.98
 20
691.353
 10
136.293
 20
692.12
 10
137.701
 20
692.735
 10
137.711
 20
692.72
 10
136.341
 20
692.049
 10
135.067
 20
691.229
 10
133.903
 20
690.254
 10
132.845
 20
689.142
 10
131.87
 20
687.933
 10
130.941
 20
686.683
 10
130.014
 20
685.448
 10
129.043
 20
684.283
 10
127.993
 20
683.222
 10
126.843
 20
682.279
 10
125.592
 20
681.445
 10
124.261
 20
680.687
 10
122.887
 20
679.959
 10
121.52
 20
679.207
 10
120.211
 20
678.38
 10
119.006
 20
677.441
 10
117.933
 20
676.371
 97
0
 75
0
 76
1
 98
0
  0
HATCH
  5
155
330
17
100
AcDbEntity
  8
RASTER
 62
7
100
AcDbHatch
 10
0.0
 20
0.0
 30
0.0
210
0.0
220
0.0
230
1.0
  2
SOLID
 70
1
 71
0
 91
1
 92
3
 72
0
 73
1
 93
34
 10
148.065
 20
699.061
 10
149.218
 20
700.155
 10
150.438
 20
701.137
 10
151.753
 20
701.937
 10
153.168
 20
702.52
 10
154.669
 20
702.894
 10
156.227
 20
703.109
 10
157.803
 20
703.248
 10
159.359
 20
703.404
 10
160.867
 20
703.663
 10
162.312
 20
704.084
 10
163.698
 20
704.684
 10
165.043
 20
705.434
 10
166.373
 20
706.265
 10
167.719
 20
707.086
 10
169.105
 20
707.801
 10
170.547
 20
708.331
 10
170.551
 20
708.313
 10
169.124
 20
707.728
 10
167.754
 20
706.961
 10
166.424
 20
706.092
 10
165.109
 20
705.219
 10
163.778
 20
704.436
 10
162.404
 20
703.812
 10
160.968
 20
703.377
 10
159.466
 20
703.113
 10
157.912
 20
702.964
 10
156.334
 20
702.843
 10
154.77
 20
702.654
 10
153.257
 20
702.315
 10
151.827
 20
701.773
 10
150.494
 20
701.02
 10
149.251
 20
700.087
 10
148.073
 20
699.045
 97
0
 75
0
 76
1
 98
0
  0
HATCH
  5
156
330
17
100
AcDbEntity
  8
RASTER
 62
7
100
AcDbHatch
 10
0.0
 20
0.0
 30
0.0
210
0.0
220
0.0
230
1.0
  2
SOLID
 70
1
 71
0
 91
1
 92
3
 72
0
 73
1
 93
30
 10
303.367
 20
614.556
 10
303.369
 20
613.089
 10
303.377
 20
611.626
 10
303.399
 20
610.166
 10
303.44
 20
608.709
 10
303.503
 20
607.253
 10
303.587
 20
605.797
 10
303.689
 20
604.339
 10
303.804
 20
602.879
 10
303.925
 20
601.415
 10
304.043
 20
599.947
 10
304.147
 20
598.475
 10
304.228
 20
597.0
 10
304.273
 20
595.523
 10
304.275
 20
594.045
 10
304.256
 20
594.047
 10
304.18
 20
595.53
 10
304.062
 20
597.01
 10
303.918
 20
598.487
 10
303.76
 20
599.957
 10
303.602
 20
601.422
 10
303.455
 20
602.882
 10
303.332
 20
604.337
 10
303.238
 20
605.79
 10
303.179
 20
607.242
 10
303.157
 20
608.696
 10
303.17
 20
610.152
 10
303.212
 20
611.614
 10
303.275
 20
613.081
 10
303.349
 20
614.554
 97
0
 75
0
 76
1
 98
0
  0
HATCH
  5
157
330
17
100
AcDbEntity
  8
RASTER
 62
7
100
AcDbHatch
 10
0.0
 20
0.0
 30
0.0
210
0.0
220
0.0
230
1.0
  2
SOLID
 70
1
 71
0
 91
1
 92
3
 72
0
 73
1
 93
14
 10
308.825
 20
584.359
 10
308.762
 20
583.05
 10
308.549
 20
581.766
 10
308.172
 20
580.516
 10
307.644
 20
579.302
 10
307.002
 20
578.12
 10
306.303
 20
576.961
 10
306.284
 20
576.965
 10
306.785
 20
578.17
 10
307.281
 20
579.382
 10
307.754
 20
580.603
 10
308.184
 20
581.838
 10
308.543
 20
583.09
 10
308.806
 20
584.362
 97
0
 75
0
 76
1
 98
0
  0
HATCH
  5
158
330
17
100
AcDbEntity
  8
RASTER
 62
7
100
AcDbHatch
 10
0.0
 20
0.0
 30
0.0
210
0.0
220
0.0
230
1.0
  2
SOLID
 70
1
 71
0
 91
1
 92
3
 72
0
 73
1
 93
32
 10
298.316
 20
566.19
 10
298.0
 20
564.715
 10
297.657
 20
563.245
 10
297.272
 20
561.785
 10
296.832
 20
560.343
 10
296.326
 20
558.925
 10
295.749
 20
557.537
 10
295.098
 20
556.183
 10
294.374
 20
554.864
 10
293.586
 20
553.581
 10
292.742
 20
552.331
 10
291.855
 20
551.11
 10
290.94
 20
549.91
 10
290.011
 20
548.726
 10
289.081
 20
547.548
 10
288.164
 20
546.368
 10
288.148
 20
546.378
 10
288.986
 20
547.606
 10
289.837
 20
548.828
 10
290.695
 20
550.05
 10
291.548
 20
551.279
 10
292.383
 20
552.522
 10
293.191
 20
553.785
 10
293.959
 20
555.071
 10
294.679
 20
556.384
 10
295.346
 20
557.724
 10
295.955
 20
559.091
 10
296.509
 20
560.482
 10
297.012
 20
561.893
 10
297.471
 20
563.319
 10
297.895
 20
564.756
 10
298.298
 20
566.196
 97
0
 75
0
 76
1
 98
0
  0
HATCH
  5
159
330
17
100
AcDbEntity
  8
RASTER
 62
7
100
AcDbHatch
 10
0.0
 20
0.0
 30
0.0
210
0.0
220
0.0
230
1.0
  2
SOLID
 70
1
 71
0
 91
1
 92
3
 72
0
 73
1
 93
28
 10
282.16
 20
531.3
 10
281.141
 20
530.137
 10
280.028
 20
529.058
 10
278.843
 20
528.049
 10
277.619
 20
527.083
 10
276.393
 20
526.13
 10
275.193
 20
525.157
 10
274.043
 20
524.14
 10
272.951
 20
523.066
 10
271.911
 20
521.935
 10
270.904
 20
520.761
 10
269.904
 20
519.571
 10
268.879
 20
518.4
 10
267.803
 20
517.282
 10
267.791
 20
517.296
 10
268.802
 20
518.491
 10
269.763
 20
519.732
 10
270.705
 20
520.982
 10
271.663
 20
522.203
 10
272.667
 20
523.365
 10
273.738
 20
524.453
 10
274.884
 20
525.465
 10
276.096
 20
526.417
 10
277.354
 20
527.334
 10
278.623
 20
528.25
 10
279.868
 20
529.201
 10
281.051
 20
530.215
 10
282.146
 20
531.312
 97
0
 75
0
 76
1
 98
0
  0
HATCH
  5
15A
330
17
100
AcDbEntity
  8
RASTER
 62
7
100
AcDbHatch
 10
0.0
 20
0.0
 30
0.0
210
0.0
220
0.0
230
1.0
  2
SOLID
 70
1
 71
0
 91
1
 92
3
 72
0
 73
1
 93
32
 10
260.154
 20
514.348
 10
258.967
 20
513.381
 10
257.694
 20
512.535
 10
256.342
 20
511.809
 10
254.928
 20
511.189
 10
253.474
 20
510.647
 10
252.003
 20
510.149
 10
250.541
 20
509.654
 10
249.106
 20
509.127
 10
247.713
 20
508.537
 10
246.367
 20
507.865
 10
245.067
 20
507.104
 10
243.802
 20
506.265
 10
242.558
 20
505.37
 10
241.316
 20
504.452
 10
240.056
 20
503.551
 10
240.049
 20
503.568
 10
241.28
 20
504.53
 10
242.494
 20
505.505
 10
243.711
 20
506.452
 10
244.95
 20
507.335
 10
246.229
 20
508.128
 10
247.558
 20
508.823
 10
248.94
 20
509.423
 10
250.371
 20
509.948
 10
251.837
 20
510.428
 10
253.318
 20
510.901
 10
254.79
 20
511.407
 10
256.229
 20
511.984
 10
257.61
 20
512.659
 10
258.918
 20
513.451
 10
260.144
 20
514.364
 97
0
 75
0
 76
1
 98
0
  0
HATCH
  5
15B
330
17
100
AcDbEntity
  8
RASTER
 62
7
100
AcDbHatch
 10
0.0
 20
0.0
 30
0.0
210
0.0
220
0.0
230
1.0
  2
SOLID
 70
1
 71
0
 91
1
 92
3
 72
0
 73
1
 93
18
 10
234.211
 20
499.504
 10
232.748
 20
499.039
 10
231.274
 20
498.608
 10
229.791
 20
498.214
 10
228.299
 20
497.855
 10
226.801
 20
497.528
 10
225.298
 20
497.228
 10
223.794
 20
496.944
 10
222.291
 20
496.668
 10
222.286
 20
496.686
 10
223.759
 20
497.079
 10
225.234
 20
497.461
 10
226.715
 20
497.826
 10
228.202
 20
498.174
 10
229.697
 20
498.509
 10
231.198
 20
498.838
 10
232.702
 20
499.171
 10
234.204
 20
499.522
 97
0
 75
0
 76
1
 98
0
  0
HATCH
  5
15C
330
17
100
AcDbEntity
  8
RASTER
 62
7
100
AcDbHatch
 10
0.0
 20
0.0
 30
0.0
210
0.0
220
0.0
230
1.0
  2
SOLID
 70
1
 71
0
 91
1
 92
3
 72
0
 73
1
 93
14
 10
213.278
 20
491.272
 10
212.024
 20
491.09
 10
210.758
 20
490.996
 10
209.482
 20
491.005
 10
208.199
 20
491.113
 10
206.914
 20
491.301
 10
205.631
 20
491.534
 10
205.63
 20
491.553
 10
206.891
 20
491.533
 10
208.157
 20
491.502
 10
209.43
 20
491.451
 10
210.708
 20
491.384
 10
211.991
 20
491.321
 10
213.275
 20
491.291
 97
0
 75
0
 76
1
 98
0
  0
HATCH
  5
15D
330
17
100
AcDbEntity
  8
RASTER
 62
7
100
AcDbHatch
 10
0.0
 20
0.0
 30
0.0
210
0.0
220
0.0
230
1.0
  2
SOLID
 70
1
 71
0
 91
1
 92
3
 72
0
 73
1
 93
28
 10
188.749
 20
494.054
 10
187.32
 20
494.174
 10
185.889
 20
494.279
 10
184.457
 20
494.371
 10
183.021
 20
494.453
 10
181.583
 20
494.529
 10
180.142
 20
494.608
 10
178.699
 20
494.698
 10
177.256
 20
494.809
 10
175.815
 20
494.949
 10
174.378
 20
495.128
 10
172.949
 20
495.353
 10
171.528
 20
495.628
 10
170.12
 20
495.957
 10
170.124
 20
495.976
 10
171.551
 20
495.729
 10
172.987
 20
495.532
 10
174.428
 20
495.377
 10
175.872
 20
495.255
 10
177.316
 20
495.154
 10
178.757
 20
495.065
 10
180.195
 20
494.975
 10
181.629
 20
494.876
 10
183.058
 20
494.761
 10
184.484
 20
494.624
 10
185.907
 20
494.462
 10
187.328
 20
494.277
 10
188.75
 20
494.072
 97
0
 75
0
 76
1
 98
0
  0
HATCH
  5
15E
330
17
100
AcDbEntity
  8
RASTER
 62
7
100
AcDbHatch
 10
0.0
 20
0.0
 30
0.0
210
0.0
220
0.0
230
1.0
  2
SOLID
 70
1
 71
0
 91
1
 92
3
 72
0
 73
1
 93
24
 10
162.211
 20
501.096
 10
160.657
 20
501.013
 10
159.073
 20
500.892
 10
157.503
 20
500.861
 10
155.995
 20
501.029
 10
154.586
 20
501.469
 10
153.295
 20
502.197
 10
152.117
 20
503.173
 10
151.023
 20
504.307
 10
149.966
 20
505.482
 10
148.889
 20
506.58
 10
147.74
 20
507.504
 10
147.749
 20
507.521
 10
148.944
 20
506.692
 10
150.06
 20
505.683
 10
151.148
 20
504.583
 10
152.262
 20
503.503
 10
153.447
 20
502.557
 10
154.733
 20
501.831
 10
156.127
 20
501.365
 10
157.61
 20
501.144
 10
159.148
 20
501.101
 10
160.698
 20
501.13
 10
162.217
 20
501.114
 97
0
 75
0
 76
1
 98
0
  0
HATCH
  5
15F
330
17
100
AcDbEntity
  8
RASTER
 62
7
100
AcDbHatch
 10
0.0
 20
0.0
 30
0.0
210
0.0
220
0.0
230
1.0
  2
SOLID
 70
1
 71
0
 91
1
 92
3
 72
0
 73
1
 93
34
 10
134.297
 20
513.777
 10
132.829
 20
514.198
 10
131.39
 20
514.682
 10
130.024
 20
515.283
 10
128.768
 20
516.042
 10
127.64
 20
516.971
 10
126.64
 20
518.056
 10
125.747
 20
519.261
 10
124.923
 20
520.532
 10
124.117
 20
521.808
 10
123.281
 20
523.032
 10
122.368
 20
524.16
 10
121.352
 20
525.171
 10
120.224
 20
526.067
 10
119.0
 20
526.872
 10
117.716
 20
527.63
 10
116.423
 20
528.393
 10
116.437
 20
528.406
 10
117.792
 20
527.703
 10
119.133
 20
527.005
 10
120.409
 20
526.257
 10
121.581
 20
525.412
 10
122.632
 20
524.445
 10
123.568
 20
523.35
 10
124.417
 20
522.15
 10
125.223
 20
520.884
 10
126.038
 20
519.611
 10
126.91
 20
518.39
 10
127.88
 20
517.276
 10
128.97
 20
516.306
 10
130.183
 20
515.496
 10
131.501
 20
514.834
 10
132.89
 20
514.285
 10
134.308
 20
513.792
 97
0
 75
0
 76
1
 98
0
  0
HATCH
  5
160
330
17
100
AcDbEntity
  8
RASTER
 62
7
100
AcDbHatch
 10
0.0
 20
0.0
 30
0.0
210
0.0
220
0.0
230
1.0
  2
SOLID
 70
1
 71
0
 91
1
 92
3
 72
0
 73
1
 93
14
 10
111.951
 20
530.321
 10
111.146
 20
531.09
 10
110.376
 20
531.89
 10
109.655
 20
532.733
 10
108.988
 20
533.62
 10
108.371
 20
534.545
 10
107.791
 20
535.498
 10
107.806
 20
535.509
 10
108.511
 20
534.656
 10
109.219
 20
533.806
 10
109.918
 20
532.949
 10
110.604
 20
532.081
 10
111.282
 20
531.206
 10
111.966
 20
530.334
 97
0
 75
0
 76
1
 98
0
  0
HATCH
  5
161
330
17
100
AcDbEntity
  8
RASTER
 62
7
100
AcDbHatch
 10
0.0
 20
0.0
 30
0.0
210
0.0
220
0.0
230
1.0
  2
SOLID
 70
1
 71
0
 91
1
 92
3
 72
0
 73
1
 93
24
 10
101.296
 20
541.889
 10
100.355
 20
543.048
 10
99.395
 20
544.202
 10
98.436
 20
545.362
 10
97.499
 20
546.542
 10
96.606
 20
547.753
 10
95.776
 20
549.004
 10
95.025
 20
550.301
 10
94.358
 20
551.643
 10
93.776
 20
553.026
 10
93.27
 20
554.443
 10
92.825
 20
555.884
 10
92.842
 20
555.892
 10
93.396
 20
554.503
 10
93.999
 20
553.137
 10
94.661
 20
551.798
 10
95.384
 20
550.491
 10
96.163
 20
549.216
 10
96.99
 20
547.969
 10
97.85
 20
546.746
 10
98.728
 20
545.537
 10
99.607
 20
544.332
 10
100.472
 20
543.123
 10
101.311
 20
541.899
 97
0
 75
0
 76
1
 98
0
  0
HATCH
  5
162
330
17
100
AcDbEntity
  8
RASTER
 62
7
100
AcDbHatch
 10
0.0
 20
0.0
 30
0.0
210
0.0
220
0.0
230
1.0
  2
SOLID
 70
1
 71
0
 91
1
 92
3
 72
0
 73
1
 93
28
 10
95.868
 20
561.812
 10
95.046
 20
563.085
 10
94.33
 20
564.407
 10
93.742
 20
565.781
 10
93.289
 20
567.207
 10
92.963
 20
568.673
 10
92.741
 20
570.17
 10
92.59
 20
571.681
 10
92.47
 20
573.192
 10
92.338
 20
574.691
 10
92.159
 20
576.17
 10
91.904
 20
577.623
 10
91.559
 20
579.053
 10
91.126
 20
580.463
 10
91.144
 20
580.467
 10
91.654
 20
579.076
 10
92.071
 20
577.666
 10
92.39
 20
576.231
 10
92.619
 20
574.77
 10
92.786
 20
573.285
 10
92.923
 20
571.784
 10
93.072
 20
570.278
 10
93.274
 20
568.78
 10
93.564
 20
567.305
 10
93.966
 20
565.865
 10
94.491
 20
564.469
 10
95.137
 20
563.121
 10
95.885
 20
561.82
 97
0
 75
0
 76
1
 98
0
  0
HATCH
  5
163
330
17
100
AcDbEntity
  8
RASTER
 62
7
100
AcDbHatch
 10
0.0
 20
0.0
 30
0.0
210
0.0
220
0.0
230
1.0
  2
SOLID
 70
1
 71
0
 91
1
 92
3
 72
0
 73
1
 93
16
 10
82.737
 20
592.616
 10
82.703
 20
594.136
 10
82.695
 20
595.656
 10
82.71
 20
597.174
 10
82.744
 20
598.691
 10
82.784
 20
600.205
 10
82.82
 20
601.716
 10
82.837
 20
603.226
 10
82.855
 20
603.226
 10
82.999
 20
601.72
 10
83.092
 20
600.215
 10
83.123
 20
598.708
 10
83.089
 20
597.197
 10
83.002
 20
595.678
 10
82.881
 20
594.152
 10
82.755
 20
592.618
 97
0
 75
0
 76
1
 98
0
  0
HATCH
  5
164
330
17
100
AcDbEntity
  8
RASTER
 62
7
100
AcDbHatch
 10
0.0
 20
0.0
 30
0.0
210
0.0
220
0.0
230
1.0
  2
SOLID
 70
1
 71
0
 91
1
 92
3
 72
0
 73
1
 93
18
 10
85.645
 20
613.705
 10
85.916
 20
615.246
 10
86.189
 20
616.783
 10
86.465
 20
618.317
 10
86.745
 20
619.848
 10
87.026
 20
621.378
 10
87.307
 20
622.907
 10
87.583
 20
624.436
 10
87.849
 20
625.968
 10
87.867
 20
625.964
 10
87.709
 20
624.412
 10
87.525
 20
622.869
 10
87.306
 20
621.333
 10
87.046
 20
619.804
 10
86.745
 20
618.28
 10
86.408
 20
616.757
 10
86.043
 20
615.232
 10
85.664
 20
613.703
 97
0
 75
0
 76
1
 98
0
  0
HATCH
  5
165
330
17
100
AcDbEntity
  8
RASTER
 62
7
100
AcDbHatch
 10
0.0
 20
0.0
 30
0.0
210
0.0
220
0.0
230
1.0
  2
SOLID
 70
1
 71
0
 91
1
 92
3
 72
0
 73
1
 93
26
 10
93.061
 20
641.538
 10
93.481
 20
642.939
 10
93.877
 20
644.352
 10
94.261
 20
645.775
 10
94.651
 20
647.201
 10
95.064
 20
648.622
 10
95.518
 20
650.031
 10
96.028
 20
651.417
 10
96.606
 20
652.775
 10
97.258
 20
654.097
 10
97.985
 20
655.381
 10
98.78
 20
656.626
 10
99.633
 20
657.835
 10
99.65
 20
657.826
 10
98.869
 20
656.578
 10
98.142
 20
655.298
 10
97.476
 20
653.987
 10
96.871
 20
652.645
 10
96.323
 20
651.277
 10
95.825
 20
649.89
 10
95.363
 20
648.49
 10
94.922
 20
647.085
 10
94.487
 20
645.682
 10
94.043
 20
644.287
 10
93.576
 20
642.903
 10
93.078
 20
641.531
 97
0
 75
0
 76
1
 98
0
  0
HATCH
  5
166
330
17
100
AcDbEntity
  8
RASTER
 62
7
100
AcDbHatch
 10
0.0
 20
0.0
 30
0.0
210
0.0
220
0.0
230
1.0
  2
SOLID
 70
1
 71
0
 91
1
 92
3
 72
0
 73
1
 93
30
 10
103.281
 20
666.432
 10
104.133
 20
667.662
 10
105.023
 20
668.865
 10
105.947
 20
670.042
 10
106.903
 20
671.194
 10
107.885
 20
672.322
 10
108.89
 20
673.43
 10
109.912
 20
674.52
 10
110.946
 20
675.597
 10
111.988
 20
676.664
 10
113.034
 20
677.724
 10
114.079
 20
678.781
 10
115.123
 20
679.838
 10
116.162
 20
680.898
 10
117.198
 20
681.96
 10
117.211
 20
681.947
 10
116.232
 20
680.831
 10
115.247
 20
679.722
 10
114.254
 20
678.622
 10
113.251
 20
677.53
 10
112.24
 20
676.446
 10
111.221
 20
675.366
 10
110.196
 20
674.288
 10
109.17
 20
673.207
 10
108.148
 20
672.118
 10
107.135
 20
671.018
 10
106.137
 20
669.902
 10
105.161
 20
668.766
 10
104.212
 20
667.607
 10
103.296
 20
666.422
 97
0
 75
0
 76
1
 98
0
  0
HATCH
  5
167
330
17
100
AcDbEntity
  8
RASTER
 62
7
100
AcDbHatch
 10
0.0
 20
0.0
 30
0.0
210
0.0
220
0.0
230
1.0
  2
SOLID
 70
1
 71
0
 91
1
 92
3
 72
0
 73
1
 93
30
 10
121.016
 20
684.213
 10
122.155
 20
685.14
 10
123.333
 20
686.022
 10
124.533
 20
686.871
 10
125.743
 20
687.704
 10
126.949
 20
688.535
 10
128.14
 20
689.38
 10
129.31
 20
690.249
 10
130.458
 20
691.146
 10
131.585
 20
692.072
 10
132.701
 20
693.019
 10
133.814
 20
693.975
 10
134.937
 20
694.923
 10
136.081
 20
695.847
 10
137.257
 20
696.728
 10
137.267
 20
696.712
 10
136.143
 20
695.753
 10
135.049
 20
694.756
 10
133.974
 20
693.743
 10
132.903
 20
692.735
 10
131.821
 20
691.75
 10
130.716
 20
690.803
 10
129.58
 20
689.9
 10
128.408
 20
689.044
 10
127.201
 20
688.226
 10
125.967
 20
687.437
 10
124.717
 20
686.658
 10
123.466
 20
685.871
 10
122.231
 20
685.057
 10
121.029
 20
684.199
 97
0
 75
0
 76
1
 98
0
  0
HATCH
  5
168
330
17
100
AcDbEntity
  8
RASTER
 62
7
100
AcDbHatch
 10
0.0
 20
0.0
 30
0.0
210
0.0
220
0.0
230
1.0
  2
SOLID
 70
1
 71
0
 91
1
 92
3
 72
0
 73
1
 93
34
 10
139.119
 20
700.984
 10
140.395
 20
701.799
 10
141.644
 20
702.666
 10
142.873
 20
703.578
 10
144.092
 20
704.524
 10
145.31
 20
705.488
 10
146.538
 20
706.45
 10
147.786
 20
707.392
 10
149.063
 20
708.29
 10
150.375
 20
709.128
 10
151.728
 20
709.887
 10
153.121
 20
710.555
 10
154.556
 20
711.124
 10
156.029
 20
711.593
 10
157.535
 20
711.964
 10
159.066
 20
712.248
 10
160.614
 20
712.458
 10
160.62
 20
712.441
 10
159.092
 20
712.171
 10
157.582
 20
711.83
 10
156.098
 20
711.407
 10
154.646
 20
710.894
 10
153.229
 20
710.288
 10
151.85
 20
709.594
 10
150.509
 20
708.82
 10
149.204
 20
707.979
 10
147.928
 20
707.088
 10
146.676
 20
706.165
 10
145.438
 20
705.231
 10
144.205
 20
704.305
 10
142.966
 20
703.404
 10
141.712
 20
702.541
 10
140.435
 20
701.728
 10
139.129
 20
700.968
 97
0
 75
0
 76
1
 98
0
  0
HATCH
  5
169
330
17
100
AcDbEntity
  8
RASTER
 62
7
100
AcDbHatch
 10
0.0
 20
0.0
 30
0.0
210
0.0
220
0.0
230
1.0
  2
SOLID
 70
1
 71
0
 91
1
 92
3
 72
0
 73
1
 93
18
 10
174.939
 20
713.073
 10
176.397
 20
713.27
 10
177.846
 20
713.517
 10
179.286
 20
713.816
 10
180.723
 20
714.157
 10
182.161
 20
714.518
 10
183.605
 20
714.868
 10
185.059
 20
715.175
 10
186.522
 20
715.41
 10
186.524
 20
715.392
 10
185.072
 20
715.035
 10
183.633
 20
714.626
 10
182.2
 20
714.209
 10
180.77
 20
713.825
 10
179.334
 20
713.508
 10
177.886
 20
713.277
 10
176.422
 20
713.132
 10
174.942
 20
713.054
 97
0
 75
0
 76
1
 98
0
  0
HATCH
  5
16A
330
17
100
AcDbEntity
  8
RASTER
 62
7
100
AcDbHatch
 10
0.0
 20
0.0
 30
0.0
210
0.0
220
0.0
230
1.0
  2
SOLID
 70
1
 71
0
 91
1
 92
3
 72
0
 73
1
 93
30
 10
190.348
 20
715.568
 10
191.831
 20
715.625
 10
193.315
 20
715.613
 10
194.799
 20
715.542
 10
196.28
 20
715.424
 10
197.758
 20
715.274
 10
199.232
 20
715.107
 10
200.703
 20
714.939
 10
202.171
 20
714.782
 10
203.639
 20
714.645
 10
205.107
 20
714.531
 10
206.578
 20
714.44
 10
208.052
 20
714.365
 10
209.529
 20
714.297
 10
211.008
 20
714.224
 10
211.005
 20
714.205
 10
209.514
 20
714.181
 10
208.029
 20
714.156
 10
206.55
 20
714.146
 10
205.078
 20
714.167
 10
203.61
 20
714.228
 10
202.147
 20
714.333
 10
200.684
 20
714.478
 10
199.22
 20
714.657
 10
197.752
 20
714.856
 10
196.28
 20
715.059
 10
194.803
 20
715.248
 10
193.321
 20
715.403
 10
191.835
 20
715.508
 10
190.349
 20
715.55
 97
0
 75
0
 76
1
 98
0
  0
HATCH
  5
16B
330
17
100
AcDbEntity
  8
RASTER
 62
7
100
AcDbHatch
 10
0.0
 20
0.0
 30
0.0
210
0.0
220
0.0
230
1.0
  2
SOLID
 70
1
 71
0
 91
1
 92
3
 72
0
 73
1
 93
20
 10
223.974
 20
712.349
 10
225.423
 20
711.887
 10
226.878
 20
711.448
 10
228.339
 20
711.033
 10
229.807
 20
710.641
 10
231.283
 20
710.265
 10
232.765
 20
709.896
 10
234.249
 20
709.525
 10
235.733
 20
709.139
 10
237.211
 20
708.727
 10
237.204
 20
708.71
 10
235.692
 20
709.031
 10
234.182
 20
709.337
 10
232.679
 20
709.648
 10
231.19
 20
709.983
 10
229.718
 20
710.358
 10
228.263
 20
710.781
 10
226.823
 20
711.255
 10
225.393
 20
711.776
 10
223.969
 20
712.331
 97
0
 75
0
 76
1
 98
0
  0
HATCH
  5
16C
330
17
100
AcDbEntity
  8
RASTER
 62
7
100
AcDbHatch
 10
0.0
 20
0.0
 30
0.0
210
0.0
220
0.0
230
1.0
  2
SOLID
 70
1
 71
0
 91
1
 92
3
 72
0
 73
1
 93
14
 10
247.048
 20
706.094
 10
248.611
 20
705.643
 10
250.142
 20
705.113
 10
251.624
 20
704.481
 10
253.046
 20
703.733
 10
254.404
 20
702.874
 10
255.702
 20
701.919
 10
255.692
 20
701.903
 10
254.32
 20
702.73
 10
252.91
 20
703.494
 10
251.472
 20
704.205
 10
250.012
 20
704.871
 10
248.535
 20
705.495
 10
247.039
 20
706.077
 97
0
 75
0
 76
1
 98
0
  0
HATCH
  5
16D
330
17
100
AcDbEntity
  8
RASTER
 62
7
100
AcDbHatch
 10
0.0
 20
0.0
 30
0.0
210
0.0
220
0.0
230
1.0
  2
SOLID
 70
1
 71
0
 91
1
 92
3
 72
0
 73
1
 93
24
 10
267.019
 20
689.922
 10
268.247
 20
688.958
 10
269.437
 20
687.947
 10
270.587
 20
686.891
 10
271.695
 20
685.79
 10
272.759
 20
684.646
 10
273.783
 20
683.464
 10
274.768
 20
682.248
 10
275.719
 20
681.005
 10
276.641
 20
679.743
 10
277.542
 20
678.468
 10
278.429
 20
677.189
 10
278.415
 20
677.177
 10
277.445
 20
678.38
 10
276.47
 20
679.582
 10
275.488
 20
680.782
 10
274.497
 20
681.978
 10
273.494
 20
683.167
 10
272.474
 20
684.345
 10
271.435
 20
685.509
 10
270.373
 20
686.652
 10
269.283
 20
687.77
 10
268.162
 20
688.857
 10
267.007
 20
689.908
 97
0
 75
0
 76
1
 98
0
  0
HATCH
  5
16E
330
17
100
AcDbEntity
  8
RASTER
 62
7
100
AcDbHatch
 10
0.0
 20
0.0
 30
0.0
210
0.0
220
0.0
230
1.0
  2
SOLID
 70
1
 71
0
 91
1
 92
3
 72
0
 73
1
 93
24
 10
284.519
 20
673.237
 10
285.374
 20
672.053
 10
286.355
 20
670.965
 10
287.452
 20
669.956
 10
288.628
 20
668.993
 10
289.827
 20
668.034
 10
290.982
 20
667.031
 10
292.032
 20
665.947
 10
292.925
 20
664.756
 10
293.637
 20
663.451
 10
294.173
 20
662.043
 10
294.567
 20
660.562
 10
294.551
 20
660.552
 10
294.045
 20
661.967
 10
293.408
 20
663.311
 10
292.613
 20
664.56
 10
291.663
 20
665.709
 10
290.586
 20
666.767
 10
289.434
 20
667.764
 10
288.268
 20
668.74
 10
287.154
 20
669.74
 10
286.14
 20
670.805
 10
285.256
 20
671.963
 10
284.505
 20
673.225
 97
0
 75
0
 76
1
 98
0
  0
HATCH
  5
16F
330
17
100
AcDbEntity
  8
RASTER
 62
7
100
AcDbHatch
 10
0.0
 20
0.0
 30
0.0
210
0.0
220
0.0
230
1.0
  2
SOLID
 70
1
 71
0
 91
1
 92
3
 72
0
 73
1
 93
14
 10
299.789
 20
645.575
 10
300.272
 20
644.238
 10
300.718
 20
642.888
 10
301.115
 20
641.523
 10
301.464
 20
640.143
 10
301.775
 20
638.754
 10
302.07
 20
637.363
 10
302.052
 20
637.358
 10
301.578
 20
638.689
 10
301.137
 20
640.03
 10
300.742
 20
641.389
 10
300.394
 20
642.768
 10
300.078
 20
644.163
 10
299.771
 20
645.568
 97
0
 75
0
 76
1
 98
0
  0
HATCH
  5
170
330
17
100
AcDbEntity
  8
RASTER
 62
7
100
AcDbHatch
 10
0.0
 20
0.0
 30
0.0
210
0.0
220
0.0
230
1.0
  2
SOLID
 70
1
 71
0
 91
1
 92
3
 72
0
 73
1
 93
16
 10
304.646
 20
632.723
 10
304.72
 20
631.22
 10
304.715
 20
629.707
 10
304.697
 20
628.2
 10
304.732
 20
626.713
 10
304.874
 20
625.255
 10
305.151
 20
623.825
 10
305.565
 20
622.419
 10
305.547
 20
622.415
 10
305.008
 20
623.799
 10
304.631
 20
625.207
 10
304.435
 20
626.651
 10
304.401
 20
628.133
 10
304.475
 20
629.649
 10
304.579
 20
631.185
 10
304.628
 20
632.718
 97
0
 75
0
 76
1
 98
0
  0
HATCH
  5
171
330
17
100
AcDbEntity
  8
RASTER
 62
7
100
AcDbHatch
 10
0.0
 20
0.0
 30
0.0
210
0.0
220
0.0
230
1.0
  2
SOLID
 70
1
 71
0
 91
1
 92
3
 72
0
 73
1
 93
30
 10
175.489
 20
721.335
 10
176.933
 20
721.707
 10
178.393
 20
722.0
 10
179.866
 20
722.21
 10
181.35
 20
722.338
 10
182.84
 20
722.394
 10
184.333
 20
722.392
 10
185.826
 20
722.351
 10
187.316
 20
722.291
 10
188.801
 20
722.232
 10
190.283
 20
722.189
 10
191.76
 20
722.176
 10
193.234
 20
722.199
 10
194.708
 20
722.257
 10
196.183
 20
722.345
 10
196.183
 20
722.326
 10
194.709
 20
722.137
 10
193.239
 20
721.983
 10
191.771
 20
721.874
 10
190.301
 20
721.815
 10
188.828
 20
721.804
 10
187.35
 20
721.831
 10
185.867
 20
721.88
 10
184.379
 20
721.932
 10
182.888
 20
721.968
 10
181.396
 20
721.966
 10
179.907
 20
721.91
 10
178.425
 20
721.787
 10
176.952
 20
721.589
 10
175.492
 20
721.317
 97
0
 75
0
 76
1
 98
0
  0
HATCH
  5
172
330
17
100
AcDbEntity
  8
RASTER
 62
7
100
AcDbHatch
 10
0.0
 20
0.0
 30
0.0
210
0.0
220
0.0
230
1.0
  2
SOLID
 70
1
 71
0
 91
1
 92
3
 72
0
 73
1
 93
26
 10
210.014
 20
723.578
 10
211.48
 20
723.501
 10
212.932
 20
723.301
 10
214.366
 20
722.985
 10
215.782
 20
722.572
 10
217.182
 20
722.097
 10
218.572
 20
721.599
 10
219.96
 20
721.116
 10
221.354
 20
720.682
 10
222.759
 20
720.316
 10
224.182
 20
720.023
 10
225.621
 20
719.793
 10
227.074
 20
719.601
 10
227.07
 20
719.583
 10
225.593
 20
719.683
 10
224.134
 20
719.827
 10
222.698
 20
720.045
 10
221.283
 20
720.354
 10
219.886
 20
720.751
 10
218.5
 20
721.221
 10
217.117
 20
721.73
 10
215.727
 20
722.241
 10
214.324
 20
722.71
 10
212.904
 20
723.101
 10
211.465
 20
723.388
 10
210.011
 20
723.559
 97
0
 75
0
 76
1
 98
0
  0
HATCH
  5
173
330
17
100
AcDbEntity
  8
RASTER
 62
7
100
AcDbHatch
 10
0.0
 20
0.0
 30
0.0
210
0.0
220
0.0
230
1.0
  2
SOLID
 70
1
 71
0
 91
1
 92
3
 72
0
 73
1
 93
22
 10
238.905
 20
712.977
 10
240.241
 20
712.346
 10
241.57
 20
711.705
 10
242.891
 20
711.053
 10
244.206
 20
710.39
 10
245.514
 20
709.715
 10
246.816
 20
709.031
 10
248.113
 20
708.341
 10
249.407
 20
707.647
 10
250.7
 20
706.953
 10
251.996
 20
706.263
 10
251.987
 20
706.247
 10
250.627
 20
706.814
 10
249.279
 20
707.396
 10
247.944
 20
708.0
 10
246.623
 20
708.632
 10
245.317
 20
709.293
 10
244.024
 20
709.985
 10
242.739
 20
710.705
 10
241.46
 20
711.446
 10
240.182
 20
712.201
 10
238.898
 20
712.959
 97
0
 75
0
 76
1
 98
0
  0
HATCH
  5
174
330
17
100
AcDbEntity
  8
RASTER
 62
7
100
AcDbHatch
 10
0.0
 20
0.0
 30
0.0
210
0.0
220
0.0
230
1.0
  2
SOLID
 70
1
 71
0
 91
1
 92
3
 72
0
 73
1
 93
14
 10
267.107
 20
702.746
 10
268.624
 20
702.025
 10
270.014
 20
701.124
 10
271.254
 20
700.025
 10
272.35
 20
698.753
 10
273.339
 20
697.363
 10
274.278
 20
695.932
 10
274.266
 20
695.918
 10
273.237
 20
697.238
 10
272.184
 20
698.545
 10
271.066
 20
699.785
 10
269.853
 20
700.912
 10
268.528
 20
701.895
 10
267.096
 20
702.73
 97
0
 75
0
 76
1
 98
0
  0
HATCH
  5
175
330
17
100
AcDbEntity
  8
RASTER
 62
7
100
AcDbHatch
 10
0.0
 20
0.0
 30
0.0
210
0.0
220
0.0
230
1.0
  2
SOLID
 70
1
 71
0
 91
1
 92
3
 72
0
 73
1
 93
30
 10
275.162
 20
687.804
 10
276.171
 20
686.758
 10
277.179
 20
685.714
 10
278.188
 20
684.671
 10
279.198
 20
683.63
 10
280.21
 20
682.591
 10
281.223
 20
681.551
 10
282.236
 20
680.51
 10
283.249
 20
679.467
 10
284.259
 20
678.418
 10
285.264
 20
677.362
 10
286.262
 20
676.298
 10
287.25
 20
675.222
 10
288.225
 20
674.133
 10
289.186
 20
673.029
 10
289.171
 20
673.017
 10
288.159
 20
674.082
 10
287.136
 20
675.133
 10
286.106
 20
676.173
 10
285.074
 20
677.206
 10
284.045
 20
678.237
 10
283.021
 20
679.269
 10
282.006
 20
680.305
 10
281.0
 20
681.348
 10
280.006
 20
682.399
 10
279.021
 20
683.46
 10
278.046
 20
684.531
 10
277.077
 20
685.611
 10
276.113
 20
686.698
 10
275.149
 20
687.79
 97
0
 75
0
 76
1
 98
0
  0
HATCH
  5
176
330
17
100
AcDbEntity
  8
RASTER
 62
7
100
AcDbHatch
 10
0.0
 20
0.0
 30
0.0
210
0.0
220
0.0
230
1.0
  2
SOLID
 70
1
 71
0
 91
1
 92
3
 72
0
 73
1
 93
36
 10
297.19
 20
668.389
 10
298.013
 20
667.147
 10
298.741
 20
665.847
 10
299.381
 20
664.496
 10
299.949
 20
663.109
 10
300.468
 20
661.699
 10
300.965
 20
660.284
 10
301.466
 20
658.879
 10
301.999
 20
657.494
 10
302.58
 20
656.138
 10
303.222
 20
654.812
 10
303.924
 20
653.514
 10
304.678
 20
652.237
 10
305.464
 20
650.969
 10
306.258
 20
649.698
 10
307.031
 20
648.412
 10
307.754
 20
647.101
 10
308.401
 20
645.756
 10
308.383
 20
645.749
 10
307.673
 20
647.07
 10
306.891
 20
648.356
 10
306.063
 20
649.617
 10
305.22
 20
650.864
 10
304.394
 20
652.11
 10
303.609
 20
653.369
 10
302.887
 20
654.653
 10
302.236
 20
655.969
 10
301.656
 20
657.321
 10
301.137
 20
658.707
 10
300.659
 20
660.12
 10
300.196
 20
661.548
 10
299.718
 20
662.977
 10
299.198
 20
664.389
 10
298.611
 20
665.769
 10
297.939
 20
667.102
 10
297.174
 20
668.379
 97
0
 75
0
 76
1
 98
0
  0
HATCH
  5
177
330
17
100
AcDbEntity
  8
RASTER
 62
7
100
AcDbHatch
 10
0.0
 20
0.0
 30
0.0
210
0.0
220
0.0
230
1.0
  2
SOLID
 70
1
 71
0
 91
1
 92
3
 72
0
 73
1
 93
14
 10
306.843
 20
638.322
 10
307.655
 20
636.985
 10
308.438
 20
635.628
 10
309.126
 20
634.236
 10
309.669
 20
632.799
 10
310.045
 20
631.317
 10
310.255
 20
629.797
 10
310.237
 20
629.793
 10
309.856
 20
631.272
 10
309.357
 20
632.72
 10
308.769
 20
634.14
 10
308.128
 20
635.541
 10
307.469
 20
636.929
 10
306.826
 20
638.316
 97
0
 75
0
 76
1
 98
0
  0
HATCH
  5
178
330
17
100
AcDbEntity
  8
RASTER
 62
7
100
AcDbHatch
 10
0.0
 20
0.0
 30
0.0
210
0.0
220
0.0
230
1.0
  2
SOLID
 70
1
 71
0
 91
1
 92
3
 72
0
 73
1
 93
32
 10
313.85
 20
624.984
 10
313.758
 20
623.435
 10
313.728
 20
621.905
 10
313.802
 20
620.396
 10
314.002
 20
618.906
 10
314.334
 20
617.431
 10
314.779
 20
615.964
 10
315.302
 20
614.496
 10
315.851
 20
613.021
 10
316.368
 20
611.532
 10
316.798
 20
610.028
 10
317.09
 20
608.51
 10
317.213
 20
606.981
 10
317.152
 20
605.449
 10
316.915
 20
603.918
 10
316.534
 20
602.395
 10
316.515
 20
602.395
 10
316.805
 20
603.918
 10
316.953
 20
605.446
 10
316.934
 20
606.974
 10
316.743
 20
608.497
 10
316.396
 20
610.007
 10
315.929
 20
611.504
 10
315.393
 20
612.986
 10
314.844
 20
614.455
 10
314.341
 20
615.92
 10
313.934
 20
617.386
 10
313.657
 20
618.862
 10
313.525
 20
620.357
 10
313.532
 20
621.875
 10
313.649
 20
623.417
 10
313.831
 20
624.981
 97
0
 75
0
 76
1
 98
0
  0
HATCH
  5
179
330
17
100
AcDbEntity
  8
RASTER
 62
7
100
AcDbHatch
 10
0.0
 20
0.0
 30
0.0
210
0.0
220
0.0
230
1.0
  2
SOLID
 70
1
 71
0
 91
1
 92
3
 72
0
 73
1
 93
26
 10
310.548
 20
591.061
 10
310.737
 20
589.526
 10
310.887
 20
587.987
 10
310.962
 20
586.45
 10
310.934
 20
584.922
 10
310.784
 20
583.41
 10
310.5
 20
581.92
 10
310.085
 20
580.458
 10
309.553
 20
579.024
 10
308.925
 20
577.617
 10
308.234
 20
576.235
 10
307.512
 20
574.869
 10
306.795
 20
573.512
 10
306.777
 20
573.517
 10
307.407
 20
574.896
 10
308.048
 20
576.281
 10
308.67
 20
577.677
 10
309.243
 20
579.091
 10
309.741
 20
580.528
 10
310.144
 20
581.989
 10
310.438
 20
583.472
 10
310.622
 20
584.974
 10
310.703
 20
586.489
 10
310.698
 20
588.013
 10
310.63
 20
589.54
 10
310.529
 20
591.063
 97
0
 75
0
 76
1
 98
0
  0
HATCH
  5
17A
330
17
100
AcDbEntity
  8
RASTER
 62
7
100
AcDbHatch
 10
0.0
 20
0.0
 30
0.0
210
0.0
220
0.0
230
1.0
  2
SOLID
 70
1
 71
0
 91
1
 92
3
 72
0
 73
1
 93
34
 10
308.857
 20
562.768
 10
308.078
 20
561.423
 10
307.339
 20
560.068
 10
306.659
 20
558.695
 10
306.048
 20
557.295
 10
305.509
 20
555.865
 10
305.035
 20
554.402
 10
304.613
 20
552.911
 10
304.221
 20
551.397
 10
303.837
 20
549.871
 10
303.431
 20
548.346
 10
302.979
 20
546.836
 10
302.455
 20
545.356
 10
301.841
 20
543.92
 10
301.125
 20
542.539
 10
300.301
 20
541.22
 10
299.372
 20
539.966
 10
299.356
 20
539.976
 10
300.219
 20
541.269
 10
300.979
 20
542.624
 10
301.636
 20
544.036
 10
302.196
 20
545.499
 10
302.675
 20
546.998
 10
303.093
 20
548.521
 10
303.476
 20
550.051
 10
303.852
 20
551.576
 10
304.248
 20
553.082
 10
304.688
 20
554.56
 10
305.193
 20
556.003
 10
305.776
 20
557.411
 10
306.44
 20
558.784
 10
307.182
 20
560.13
 10
307.989
 20
561.456
 10
308.84
 20
562.775
 97
0
 75
0
 76
1
 98
0
  0
HATCH
  5
17B
330
17
100
AcDbEntity
  8
RASTER
 62
7
100
AcDbHatch
 10
0.0
 20
0.0
 30
0.0
210
0.0
220
0.0
230
1.0
  2
SOLID
 70
1
 71
0
 91
1
 92
3
 72
0
 73
1
 93
16
 10
292.678
 20
534.439
 10
292.025
 20
533.042
 10
291.347
 20
531.654
 10
290.623
 20
530.293
 10
289.838
 20
528.971
 10
288.984
 20
527.699
 10
288.063
 20
526.479
 10
287.082
 20
525.307
 10
287.068
 20
525.32
 10
287.896
 20
526.62
 10
288.691
 20
527.94
 10
289.472
 20
529.264
 10
290.253
 20
530.58
 10
291.045
 20
531.883
 10
291.849
 20
533.172
 10
292.663
 20
534.45
 97
0
 75
0
 76
1
 98
0
  0
HATCH
  5
17C
330
17
100
AcDbEntity
  8
RASTER
 62
7
100
AcDbHatch
 10
0.0
 20
0.0
 30
0.0
210
0.0
220
0.0
230
1.0
  2
SOLID
 70
1
 71
0
 91
1
 92
3
 72
0
 73
1
 93
14
 10
275.394
 20
513.862
 10
274.303
 20
512.695
 10
273.112
 20
511.642
 10
271.814
 20
510.717
 10
270.423
 20
509.915
 10
268.962
 20
509.214
 10
267.467
 20
508.573
 10
267.456
 20
508.588
 10
268.838
 20
509.375
 10
270.213
 20
510.181
 10
271.57
 20
511.018
 10
272.895
 20
511.902
 10
274.171
 20
512.85
 10
275.382
 20
513.876
 97
0
 75
0
 76
1
 98
0
  0
HATCH
  5
17D
330
17
100
AcDbEntity
  8
RASTER
 62
7
100
AcDbHatch
 10
0.0
 20
0.0
 30
0.0
210
0.0
220
0.0
230
1.0
  2
SOLID
 70
1
 71
0
 91
1
 92
3
 72
0
 73
1
 93
18
 10
255.39
 20
499.201
 10
253.899
 20
498.676
 10
252.405
 20
498.174
 10
250.915
 20
497.678
 10
249.437
 20
497.172
 10
247.978
 20
496.64
 10
246.541
 20
496.069
 10
245.13
 20
495.446
 10
243.744
 20
494.766
 10
243.737
 20
494.784
 10
245.062
 20
495.597
 10
246.418
 20
496.331
 10
247.815
 20
496.976
 10
249.257
 20
497.532
 10
250.744
 20
498.009
 10
252.269
 20
498.43
 10
253.82
 20
498.821
 10
255.38
 20
499.217
 97
0
 75
0
 76
1
 98
0
  0
HATCH
  5
17E
330
17
100
AcDbEntity
  8
RASTER
 62
7
100
AcDbHatch
 10
0.0
 20
0.0
 30
0.0
210
0.0
220
0.0
230
1.0
  2
SOLID
 70
1
 71
0
 91
1
 92
3
 72
0
 73
1
 93
18
 10
238.897
 20
493.207
 10
237.538
 20
492.731
 10
236.132
 20
492.39
 10
234.692
 20
492.159
 10
233.235
 20
491.999
 10
231.779
 20
491.86
 10
230.34
 20
491.692
 10
228.928
 20
491.454
 10
227.547
 20
491.116
 10
227.542
 20
491.134
 10
228.873
 20
491.642
 10
230.239
 20
492.024
 10
231.644
 20
492.286
 10
233.083
 20
492.457
 10
234.546
 20
492.582
 10
236.015
 20
492.716
 10
237.47
 20
492.915
 10
238.89
 20
493.224
 97
0
 75
0
 76
1
 98
0
  0
HATCH
  5
17F
330
17
100
AcDbEntity
  8
RASTER
 62
7
100
AcDbHatch
 10
0.0
 20
0.0
 30
0.0
210
0.0
220
0.0
230
1.0
  2
SOLID
 70
1
 71
0
 91
1
 92
3
 72
0
 73
1
 93
14
 10
212.248
 20
487.483
 10
210.974
 20
487.282
 10
209.69
 20
487.172
 10
208.396
 20
487.157
 10
207.097
 20
487.227
 10
205.797
 20
487.356
 10
204.501
 20
487.508
 10
204.499
 20
487.526
 10
205.781
 20
487.545
 10
207.067
 20
487.541
 10
208.358
 20
487.516
 10
209.653
 20
487.485
 10
210.951
 20
487.47
 10
212.245
 20
487.501
 97
0
 75
0
 76
1
 98
0
  0
HATCH
  5
180
330
17
100
AcDbEntity
  8
RASTER
 62
7
100
AcDbHatch
 10
0.0
 20
0.0
 30
0.0
210
0.0
220
0.0
230
1.0
  2
SOLID
 70
1
 71
0
 91
1
 92
3
 72
0
 73
1
 93
20
 10
189.734
 20
483.967
 10
188.259
 20
484.058
 10
186.779
 20
484.072
 10
185.29
 20
484.021
 10
183.792
 20
483.923
 10
182.285
 20
483.807
 10
180.772
 20
483.7
 10
179.258
 20
483.635
 10
177.748
 20
483.639
 10
176.247
 20
483.734
 10
176.25
 20
483.752
 10
177.767
 20
483.764
 10
179.289
 20
483.855
 10
180.809
 20
483.99
 10
182.323
 20
484.134
 10
183.825
 20
484.251
 10
185.316
 20
484.312
 10
186.796
 20
484.293
 10
188.268
 20
484.184
 10
189.735
 20
483.986
 97
0
 75
0
 76
1
 98
0
  0
HATCH
  5
181
330
17
100
AcDbEntity
  8
RASTER
 62
7
100
AcDbHatch
 10
0.0
 20
0.0
 30
0.0
210
0.0
220
0.0
230
1.0
  2
SOLID
 70
1
 71
0
 91
1
 92
3
 72
0
 73
1
 93
26
 10
167.203
 20
488.622
 10
165.815
 20
489.215
 10
164.449
 20
489.866
 10
163.102
 20
490.557
 10
161.767
 20
491.265
 10
160.44
 20
491.972
 10
159.112
 20
492.658
 10
157.778
 20
493.307
 10
156.431
 20
493.907
 10
155.066
 20
494.451
 10
153.68
 20
494.938
 10
152.27
 20
495.372
 10
150.839
 20
495.76
 10
150.846
 20
495.778
 10
152.308
 20
495.464
 10
153.743
 20
495.101
 10
155.151
 20
494.676
 10
156.53
 20
494.179
 10
157.883
 20
493.61
 10
159.217
 20
492.973
 10
160.537
 20
492.278
 10
161.852
 20
491.543
 10
163.169
 20
490.787
 10
164.496
 20
490.035
 10
165.841
 20
489.311
 10
167.207
 20
488.64
 97
0
 75
0
 76
1
 98
0
  0
HATCH
  5
182
330
17
100
AcDbEntity
  8
RASTER
 62
7
100
AcDbHatch
 10
0.0
 20
0.0
 30
0.0
210
0.0
220
0.0
230
1.0
  2
SOLID
 70
1
 71
0
 91
1
 92
3
 72
0
 73
1
 93
20
 10
139.681
 20
500.304
 10
138.568
 20
501.404
 10
137.466
 20
502.503
 10
136.342
 20
503.543
 10
135.165
 20
504.483
 10
133.916
 20
505.299
 10
132.586
 20
505.99
 10
131.183
 20
506.578
 10
129.727
 20
507.101
 10
128.249
 20
507.612
 10
128.26
 20
507.627
 10
129.812
 20
507.225
 10
131.331
 20
506.799
 10
132.779
 20
506.286
 10
134.129
 20
505.637
 10
135.374
 20
504.823
 10
136.522
 20
503.846
 10
137.6
 20
502.734
 10
138.642
 20
501.536
 10
139.69
 20
500.32
 97
0
 75
0
 76
1
 98
0
  0
HATCH
  5
183
330
17
100
AcDbEntity
  8
RASTER
 62
7
100
AcDbHatch
 10
0.0
 20
0.0
 30
0.0
210
0.0
220
0.0
230
1.0
  2
SOLID
 70
1
 71
0
 91
1
 92
3
 72
0
 73
1
 93
18
 10
119.571
 20
513.848
 10
118.454
 20
514.951
 10
117.362
 20
516.079
 10
116.295
 20
517.229
 10
115.248
 20
518.396
 10
114.217
 20
519.574
 10
113.195
 20
520.757
 10
112.174
 20
521.936
 10
111.144
 20
523.104
 10
111.158
 20
523.117
 10
112.283
 20
522.043
 10
113.383
 20
520.946
 10
114.456
 20
519.82
 10
115.502
 20
518.664
 10
116.527
 20
517.48
 10
117.54
 20
516.277
 10
118.555
 20
515.066
 10
119.583
 20
513.862
 97
0
 75
0
 76
1
 98
0
  0
HATCH
  5
184
330
17
100
AcDbEntity
  8
RASTER
 62
7
100
AcDbHatch
 10
0.0
 20
0.0
 30
0.0
210
0.0
220
0.0
230
1.0
  2
SOLID
 70
1
 71
0
 91
1
 92
3
 72
0
 73
1
 93
36
 10
102.008
 20
529.186
 10
101.037
 20
530.314
 10
99.994
 20
531.39
 10
98.892
 20
532.428
 10
97.759
 20
533.452
 10
96.627
 20
534.487
 10
95.531
 20
535.556
 10
94.507
 20
536.682
 10
93.58
 20
537.877
 10
92.768
 20
539.148
 10
92.072
 20
540.491
 10
91.483
 20
541.893
 10
90.978
 20
543.338
 10
90.523
 20
544.803
 10
90.081
 20
546.266
 10
89.616
 20
547.708
 10
89.094
 20
549.114
 10
88.496
 20
550.477
 10
88.512
 20
550.485
 10
89.165
 20
549.15
 10
89.738
 20
547.772
 10
90.251
 20
546.358
 10
90.734
 20
544.921
 10
91.223
 20
543.479
 10
91.755
 20
542.054
 10
92.36
 20
540.666
 10
93.063
 20
539.333
 10
93.873
 20
538.066
 10
94.788
 20
536.868
 10
95.792
 20
535.733
 10
96.859
 20
534.649
 10
97.956
 20
533.593
 10
99.048
 20
532.543
 10
100.104
 20
531.473
 10
101.1
 20
530.363
 10
102.022
 20
529.198
 97
0
 75
0
 76
1
 98
0
  0
HATCH
  5
185
330
17
100
AcDbEntity
  8
RASTER
 62
7
100
AcDbHatch
 10
0.0
 20
0.0
 30
0.0
210
0.0
220
0.0
230
1.0
  2
SOLID
 70
1
 71
0
 91
1
 92
3
 72
0
 73
1
 93
24
 10
88.453
 20
554.978
 10
87.566
 20
556.159
 10
86.74
 20
557.375
 10
86.004
 20
558.635
 10
85.381
 20
559.945
 10
84.88
 20
561.305
 10
84.499
 20
562.708
 10
84.224
 20
564.146
 10
84.029
 20
565.605
 10
83.882
 20
567.072
 10
83.745
 20
568.535
 10
83.584
 20
569.983
 10
83.602
 20
569.988
 10
83.885
 20
568.579
 10
84.133
 20
567.155
 10
84.372
 20
565.722
 10
84.632
 20
564.29
 10
84.939
 20
562.87
 10
85.318
 20
561.472
 10
85.783
 20
560.105
 10
86.34
 20
558.773
 10
86.984
 20
557.478
 10
87.701
 20
556.218
 10
88.47
 20
554.985
 97
0
 75
0
 76
1
 98
0
  0
HATCH
  5
186
330
17
100
AcDbEntity
  8
RASTER
 62
7
100
AcDbHatch
 10
0.0
 20
0.0
 30
0.0
210
0.0
220
0.0
230
1.0
  2
SOLID
 70
1
 71
0
 91
1
 92
3
 72
0
 73
1
 93
34
 10
78.071
 20
577.94
 10
77.49
 20
579.387
 10
77.068
 20
580.871
 10
76.821
 20
582.39
 10
76.741
 20
583.937
 10
76.8
 20
585.5
 10
76.954
 20
587.069
 10
77.146
 20
588.634
 10
77.319
 20
590.186
 10
77.419
 20
591.722
 10
77.41
 20
593.242
 10
77.271
 20
594.748
 10
77.006
 20
596.247
 10
76.639
 20
597.745
 10
76.215
 20
599.249
 10
75.786
 20
600.761
 10
75.412
 20
602.284
 10
75.43
 20
602.285
 10
75.869
 20
600.763
 10
76.36
 20
599.254
 10
76.842
 20
597.756
 10
77.258
 20
596.263
 10
77.564
 20
594.771
 10
77.733
 20
593.271
 10
77.761
 20
591.757
 10
77.666
 20
590.226
 10
77.487
 20
588.677
 10
77.275
 20
587.114
 10
77.091
 20
585.545
 10
76.99
 20
583.978
 10
77.02
 20
582.426
 10
77.211
 20
580.898
 10
77.572
 20
579.403
 10
78.09
 20
577.944
 97
0
 75
0
 76
1
 98
0
  0
HATCH
  5
187
330
17
100
AcDbEntity
  8
RASTER
 62
7
100
AcDbHatch
 10
0.0
 20
0.0
 30
0.0
210
0.0
220
0.0
230
1.0
  2
SOLID
 70
1
 71
0
 91
1
 92
3
 72
0
 73
1
 93
22
 10
79.284
 20
617.459
 10
79.479
 20
618.977
 10
79.796
 20
620.478
 10
80.222
 20
621.959
 10
80.733
 20
623.421
 10
81.299
 20
624.866
 10
81.886
 20
626.299
 10
82.46
 20
627.727
 10
82.993
 20
629.157
 10
83.461
 20
630.596
 10
83.852
 20
632.052
 10
83.87
 20
632.047
 10
83.607
 20
630.561
 10
83.255
 20
629.098
 10
82.815
 20
627.652
 10
82.301
 20
626.218
 10
81.735
 20
624.786
 10
81.15
 20
623.351
 10
80.58
 20
621.904
 10
80.062
 20
620.44
 10
79.628
 20
618.958
 10
79.302
 20
617.457
 97
0
 75
0
 76
1
 98
0
  0
HATCH
  5
188
330
17
100
AcDbEntity
  8
RASTER
 62
7
100
AcDbHatch
 10
0.0
 20
0.0
 30
0.0
210
0.0
220
0.0
230
1.0
  2
SOLID
 70
1
 71
0
 91
1
 92
3
 72
0
 73
1
 93
22
 10
84.447
 20
635.915
 10
85.009
 20
637.358
 10
85.569
 20
638.798
 10
86.114
 20
640.241
 10
86.637
 20
641.689
 10
87.135
 20
643.146
 10
87.61
 20
644.611
 10
88.069
 20
646.086
 10
88.522
 20
647.566
 10
88.981
 20
649.047
 10
89.462
 20
650.523
 10
89.479
 20
650.515
 10
89.127
 20
648.985
 10
88.785
 20
647.459
 10
88.426
 20
645.946
 10
88.029
 20
644.454
 10
87.577
 20
642.986
 10
87.06
 20
641.543
 10
86.478
 20
640.12
 10
85.839
 20
638.713
 10
85.161
 20
637.312
 10
84.464
 20
635.91
 97
0
 75
0
 76
1
 98
0
  0
HATCH
  5
189
330
17
100
AcDbEntity
  8
RASTER
 62
7
100
AcDbHatch
 10
0.0
 20
0.0
 30
0.0
210
0.0
220
0.0
230
1.0
  2
SOLID
 70
1
 71
0
 91
1
 92
3
 72
0
 73
1
 93
24
 10
94.379
 20
665.509
 10
95.074
 20
666.919
 10
95.781
 20
668.327
 10
96.508
 20
669.728
 10
97.26
 20
671.116
 10
98.044
 20
672.487
 10
98.865
 20
673.836
 10
99.727
 20
675.159
 10
100.631
 20
676.452
 10
101.579
 20
677.714
 10
102.569
 20
678.943
 10
103.598
 20
680.139
 10
103.612
 20
680.128
 10
102.647
 20
678.88
 10
101.718
 20
677.605
 10
100.822
 20
676.307
 10
99.955
 20
674.99
 10
99.115
 20
673.656
 10
98.296
 20
672.311
 10
97.495
 20
670.956
 10
96.707
 20
669.596
 10
95.93
 20
668.232
 10
95.16
 20
666.866
 10
94.395
 20
665.499
 97
0
 75
0
 76
1
 98
0
  0
HATCH
  5
18A
330
17
100
AcDbEntity
  8
RASTER
 62
7
100
AcDbHatch
 10
0.0
 20
0.0
 30
0.0
210
0.0
220
0.0
230
1.0
  2
SOLID
 70
1
 71
0
 91
1
 92
3
 72
0
 73
1
 93
28
 10
111.47
 20
682.545
 10
112.142
 20
683.868
 10
112.964
 20
685.058
 10
113.957
 20
686.087
 10
115.111
 20
686.951
 10
116.398
 20
687.669
 10
117.768
 20
688.284
 10
119.163
 20
688.853
 10
120.527
 20
689.439
 10
121.81
 20
690.101
 10
122.982
 20
690.882
 10
124.033
 20
691.806
 10
124.975
 20
692.867
 10
125.84
 20
694.036
 10
125.852
 20
694.021
 10
125.054
 20
692.768
 10
124.177
 20
691.63
 10
123.185
 20
690.641
 10
122.063
 20
689.807
 10
120.817
 20
689.111
 10
119.474
 20
688.509
 10
118.083
 20
687.944
 10
116.699
 20
687.352
 10
115.382
 20
686.674
 10
114.18
 20
685.864
 10
113.127
 20
684.9
 10
112.233
 20
683.781
 10
111.484
 20
682.532
 97
0
 75
0
 76
1
 98
0
  0
HATCH
  5
18B
330
17
100
AcDbEntity
  8
RASTER
 62
7
100
AcDbHatch
 10
0.0
 20
0.0
 30
0.0
210
0.0
220
0.0
230
1.0
  2
SOLID
 70
1
 71
0
 91
1
 92
3
 72
0
 73
1
 93
18
 10
127.366
 20
701.909
 10
128.782
 20
702.675
 10
130.177
 20
703.464
 10
131.55
 20
704.283
 10
132.901
 20
705.134
 10
134.233
 20
706.017
 10
135.548
 20
706.931
 10
136.852
 20
707.872
 10
138.15
 20
708.834
 10
138.159
 20
708.817
 10
136.94
 20
707.718
 10
135.706
 20
706.663
 10
134.44
 20
705.674
 10
133.13
 20
704.767
 10
131.767
 20
703.946
 10
130.349
 20
703.205
 10
128.882
 20
702.528
 10
127.376
 20
701.894
 97
0
 75
0
 76
1
 98
0
  0
HATCH
  5
18C
330
17
100
AcDbEntity
  8
RASTER
 62
7
100
AcDbHatch
 10
0.0
 20
0.0
 30
0.0
210
0.0
220
0.0
230
1.0
  2
SOLID
 70
1
 71
0
 91
1
 92
3
 72
0
 73
1
 93
18
 10
150.58
 20
710.208
 10
151.878
 20
711.111
 10
153.199
 20
711.984
 10
154.549
 20
712.803
 10
155.934
 20
713.551
 10
157.354
 20
714.216
 10
158.809
 20
714.791
 10
160.294
 20
715.277
 10
161.805
 20
715.681
 10
161.811
 20
715.663
 10
160.354
 20
715.091
 10
158.919
 20
714.463
 10
157.502
 20
713.795
 10
156.1
 20
713.099
 10
154.709
 20
712.386
 10
153.327
 20
711.662
 10
151.953
 20
710.93
 10
150.587
 20
710.19
 97
0
 75
0
 76
1
 98
0
  0
HATCH
  5
18D
330
17
100
AcDbEntity
  8
RASTER
 62
7
100
AcDbHatch
 10
0.0
 20
0.0
 30
0.0
210
0.0
220
0.0
230
1.0
  2
SOLID
 70
1
 71
0
 91
1
 92
3
 72
0
 73
1
 93
20
 10
79.532
 20
646.868
 10
79.707
 20
648.399
 10
79.885
 20
649.94
 10
80.107
 20
651.473
 10
80.413
 20
652.979
 10
80.835
 20
654.444
 10
81.391
 20
655.852
 10
82.086
 20
657.198
 10
82.912
 20
658.479
 10
83.844
 20
659.702
 10
83.861
 20
659.694
 10
83.02
 20
658.427
 10
82.276
 20
657.109
 10
81.641
 20
655.739
 10
81.119
 20
654.319
 10
80.699
 20
652.858
 10
80.361
 20
651.368
 10
80.079
 20
649.863
 10
79.819
 20
648.356
 10
79.549
 20
646.861
 97
0
 75
0
 76
1
 98
0
  0
HATCH
  5
18E
330
17
100
AcDbEntity
  8
RASTER
 62
7
100
AcDbHatch
 10
0.0
 20
0.0
 30
0.0
210
0.0
220
0.0
230
1.0
  2
SOLID
 70
1
 71
0
 91
1
 92
3
 72
0
 73
1
 93
16
 10
87.074
 20
667.322
 10
87.783
 20
668.572
 10
88.432
 20
669.86
 10
89.038
 20
671.178
 10
89.62
 20
672.517
 10
90.2
 20
673.863
 10
90.8
 20
675.203
 10
91.438
 20
676.524
 10
91.453
 20
676.513
 10
90.932
 20
675.113
 10
90.427
 20
673.713
 10
89.901
 20
672.336
 10
89.321
 20
671.0
 10
88.664
 20
669.718
 10
87.92
 20
668.49
 10
87.09
 20
667.312
 97
0
 75
0
 76
1
 98
0
  0
HATCH
  5
18F
330
17
100
AcDbEntity
  8
RASTER
 62
7
100
AcDbHatch
 10
0.0
 20
0.0
 30
0.0
210
0.0
220
0.0
230
1.0
  2
SOLID
 70
1
 71
0
 91
1
 92
3
 72
0
 73
1
 93
26
 10
98.617
 20
685.32
 10
99.849
 20
686.324
 10
101.027
 20
687.365
 10
102.135
 20
688.463
 10
103.164
 20
689.63
 10
104.119
 20
690.87
 10
105.014
 20
692.172
 10
105.873
 20
693.519
 10
106.727
 20
694.884
 10
107.605
 20
696.236
 10
108.54
 20
697.542
 10
109.554
 20
698.772
 10
110.663
 20
699.903
 10
110.676
 20
699.889
 10
109.632
 20
698.686
 10
108.682
 20
697.39
 10
107.804
 20
696.029
 10
106.97
 20
694.637
 10
106.146
 20
693.248
 10
105.299
 20
691.895
 10
104.398
 20
690.605
 10
103.419
 20
689.395
 10
102.348
 20
688.271
 10
101.184
 20
687.227
 10
99.937
 20
686.248
 10
98.632
 20
685.308
 97
0
 75
0
 76
1
 98
0
  0
HATCH
  5
190
330
17
100
AcDbEntity
  8
RASTER
 62
7
100
AcDbHatch
 10
0.0
 20
0.0
 30
0.0
210
0.0
220
0.0
230
1.0
  2
SOLID
 70
1
 71
0
 91
1
 92
3
 72
0
 73
1
 93
30
 10
117.55
 20
702.498
 10
118.674
 20
703.489
 10
119.767
 20
704.522
 10
120.843
 20
705.585
 10
121.918
 20
706.659
 10
123.01
 20
707.718
 10
124.136
 20
708.739
 10
125.308
 20
709.698
 10
126.537
 20
710.578
 10
127.823
 20
711.369
 10
129.162
 20
712.074
 10
130.545
 20
712.702
 10
131.957
 20
713.272
 10
133.382
 20
713.808
 10
134.804
 20
714.337
 10
134.813
 20
714.321
 10
133.438
 20
713.71
 10
132.059
 20
713.098
 10
130.69
 20
712.461
 10
129.345
 20
711.778
 10
128.036
 20
711.033
 10
126.772
 20
710.217
 10
125.553
 20
709.331
 10
124.379
 20
708.384
 10
123.24
 20
707.392
 10
122.122
 20
706.376
 10
121.011
 20
705.359
 10
119.889
 20
704.361
 10
118.743
 20
703.4
 10
117.562
 20
702.484
 97
0
 75
0
 76
1
 98
0
  0
HATCH
  5
191
330
17
100
AcDbEntity
  8
RASTER
 62
7
100
AcDbHatch
 10
0.0
 20
0.0
 30
0.0
210
0.0
220
0.0
230
1.0
  2
SOLID
 70
1
 71
0
 91
1
 92
3
 72
0
 73
1
 93
22
 10
141.21
 20
713.83
 10
142.508
 20
714.562
 10
143.8
 20
715.313
 10
145.09
 20
716.077
 10
146.381
 20
716.848
 10
147.677
 20
717.618
 10
148.981
 20
718.381
 10
150.296
 20
719.132
 10
151.623
 20
719.864
 10
152.964
 20
720.574
 10
154.319
 20
721.258
 10
154.326
 20
721.24
 10
153.008
 20
720.455
 10
151.704
 20
719.654
 10
150.408
 20
718.851
 10
149.115
 20
718.056
 10
147.821
 20
717.279
 10
146.522
 20
716.526
 10
145.215
 20
715.803
 10
143.896
 20
715.11
 10
142.563
 20
714.448
 10
141.218
 20
713.813
 97
0
 75
0
 76
1
 98
0
  0
HATCH
  5
192
330
17
100
AcDbEntity
  8
RASTER
 62
7
100
AcDbHatch
 10
0.0
 20
0.0
 30
0.0
210
0.0
220
0.0
230
1.0
  2
SOLID
 70
1
 71
0
 91
1
 92
3
 72
0
 73
1
 93
24
 10
163.271
 20
724.979
 10
164.64
 20
725.751
 10
165.994
 20
726.626
 10
167.355
 20
727.524
 10
168.744
 20
728.359
 10
170.176
 20
729.05
 10
171.657
 20
729.534
 10
173.187
 20
729.781
 10
174.755
 20
729.794
 10
176.348
 20
729.614
 10
177.949
 20
729.307
 10
179.542
 20
728.958
 10
179.545
 20
728.94
 10
177.964
 20
729.201
 10
176.378
 20
729.428
 10
174.798
 20
729.542
 10
173.241
 20
729.482
 10
171.72
 20
729.211
 10
170.243
 20
728.727
 10
168.809
 20
728.062
 10
167.413
 20
727.275
 10
166.038
 20
726.443
 10
164.667
 20
725.647
 10
163.276
 20
724.961
 97
0
 75
0
 76
1
 98
0
  0
HATCH
  5
193
330
17
100
AcDbEntity
  8
RASTER
 62
7
100
AcDbHatch
 10
0.0
 20
0.0
 30
0.0
210
0.0
220
0.0
230
1.0
  2
SOLID
 70
1
 71
0
 91
1
 92
3
 72
0
 73
1
 93
20
 10
192.456
 20
725.506
 10
193.993
 20
725.335
 10
195.526
 20
725.182
 10
197.055
 20
725.051
 10
198.581
 20
724.949
 10
200.106
 20
724.879
 10
201.633
 20
724.841
 10
203.162
 20
724.837
 10
204.696
 20
724.865
 10
206.235
 20
724.919
 10
206.233
 20
724.901
 10
204.686
 20
724.724
 10
203.148
 20
724.589
 10
201.618
 20
724.513
 10
200.094
 20
724.508
 10
198.573
 20
724.578
 10
197.052
 20
724.723
 10
195.527
 20
724.933
 10
193.996
 20
725.194
 10
192.456
 20
725.488
 97
0
 75
0
 76
1
 98
0
  0
HATCH
  5
194
330
17
100
AcDbEntity
  8
RASTER
 62
7
100
AcDbHatch
 10
0.0
 20
0.0
 30
0.0
210
0.0
220
0.0
230
1.0
  2
SOLID
 70
1
 71
0
 91
1
 92
3
 72
0
 73
1
 93
24
 10
211.76
 20
726.809
 10
213.23
 20
726.455
 10
214.674
 20
725.953
 10
216.094
 20
725.353
 10
217.5
 20
724.719
 10
218.902
 20
724.114
 10
220.312
 20
723.594
 10
221.744
 20
723.196
 10
223.203
 20
722.932
 10
224.694
 20
722.792
 10
226.212
 20
722.737
 10
227.746
 20
722.716
 10
227.741
 20
722.697
 10
226.179
 20
722.61
 10
224.639
 20
722.564
 10
223.132
 20
722.62
 10
221.664
 20
722.822
 10
220.231
 20
723.188
 10
218.825
 20
723.708
 10
217.433
 20
724.343
 10
216.042
 20
725.037
 10
214.638
 20
725.721
 10
213.212
 20
726.326
 10
211.758
 20
726.791
 97
0
 75
0
 76
1
 98
0
  0
HATCH
  5
195
330
17
100
AcDbEntity
  8
RASTER
 62
7
100
AcDbHatch
 10
0.0
 20
0.0
 30
0.0
210
0.0
220
0.0
230
1.0
  2
SOLID
 70
1
 71
0
 91
1
 92
3
 72
0
 73
1
 93
20
 10
232.471
 20
723.36
 10
233.879
 20
722.967
 10
235.305
 20
722.625
 10
236.748
 20
722.323
 10
238.204
 20
722.048
 10
239.671
 20
721.784
 10
241.142
 20
721.514
 10
242.61
 20
721.222
 10
244.071
 20
720.892
 10
245.516
 20
720.512
 10
245.508
 20
720.494
 10
244.024
 20
720.777
 10
242.531
 20
721.021
 10
241.04
 20
721.248
 10
239.56
 20
721.483
 10
238.097
 20
721.745
 10
236.655
 20
722.054
 10
235.237
 20
722.419
 10
233.842
 20
722.849
 10
232.466
 20
723.342
 97
0
 75
0
 76
1
 98
0
  0
HATCH
  5
196
330
17
100
AcDbEntity
  8
RASTER
 62
7
100
AcDbHatch
 10
0.0
 20
0.0
 30
0.0
210
0.0
220
0.0
230
1.0
  2
SOLID
 70
1
 71
0
 91
1
 92
3
 72
0
 73
1
 93
14
 10
254.255
 20
711.505
 10
255.508
 20
710.634
 10
256.774
 20
709.792
 10
258.057
 20
708.984
 10
259.361
 20
708.213
 10
260.689
 20
707.48
 10
262.042
 20
706.783
 10
262.032
 20
706.767
 10
260.561
 20
707.275
 10
259.151
 20
707.867
 10
257.821
 20
708.584
 10
256.573
 20
709.441
 10
255.391
 20
710.423
 10
254.246
 20
711.489
 97
0
 75
0
 76
1
 98
0
  0
HATCH
  5
197
330
17
100
AcDbEntity
  8
RASTER
 62
7
100
AcDbHatch
 10
0.0
 20
0.0
 30
0.0
210
0.0
220
0.0
230
1.0
  2
SOLID
 70
1
 71
0
 91
1
 92
3
 72
0
 73
1
 93
16
 10
265.949
 20
705.131
 10
267.224
 20
704.278
 10
268.404
 20
703.292
 10
269.489
 20
702.183
 10
270.492
 20
700.977
 10
271.436
 20
699.709
 10
272.354
 20
698.426
 10
273.282
 20
697.172
 10
273.27
 20
697.157
 10
272.227
 20
698.268
 10
271.22
 20
699.435
 10
270.23
 20
700.634
 10
269.232
 20
701.838
 10
268.199
 20
703.009
 10
267.107
 20
704.113
 10
265.938
 20
705.115
 97
0
 75
0
 76
1
 98
0
  0
HATCH
  5
198
330
17
100
AcDbEntity
  8
RASTER
 62
7
100
AcDbHatch
 10
0.0
 20
0.0
 30
0.0
210
0.0
220
0.0
230
1.0
  2
SOLID
 70
1
 71
0
 91
1
 92
3
 72
0
 73
1
 93
24
 10
284.243
 20
689.027
 10
285.427
 20
688.096
 10
286.612
 20
687.158
 10
287.788
 20
686.206
 10
288.95
 20
685.233
 10
290.089
 20
684.233
 10
291.2
 20
683.202
 10
292.277
 20
682.138
 10
293.317
 20
681.039
 10
294.316
 20
679.905
 10
295.274
 20
678.737
 10
296.19
 20
677.536
 10
296.175
 20
677.525
 10
295.156
 20
678.648
 10
294.107
 20
679.743
 10
293.033
 20
680.814
 10
291.942
 20
681.865
 10
290.84
 20
682.902
 10
289.733
 20
683.928
 10
288.624
 20
684.947
 10
287.518
 20
685.964
 10
286.417
 20
686.979
 10
285.32
 20
687.996
 10
284.229
 20
689.014
 97
0
 75
0
 76
1
 98
0
  0
HATCH
  5
199
330
17
100
AcDbEntity
  8
RASTER
 62
7
100
AcDbHatch
 10
0.0
 20
0.0
 30
0.0
210
0.0
220
0.0
230
1.0
  2
SOLID
 70
1
 71
0
 91
1
 92
3
 72
0
 73
1
 93
32
 10
301.577
 20
667.47
 10
302.193
 20
666.117
 10
302.726
 20
664.721
 10
303.21
 20
663.304
 10
303.685
 20
661.889
 10
304.19
 20
660.497
 10
304.758
 20
659.142
 10
305.407
 20
657.83
 10
306.141
 20
656.559
 10
306.947
 20
655.319
 10
307.796
 20
654.092
 10
308.65
 20
652.86
 10
309.467
 20
651.605
 10
310.205
 20
650.311
 10
310.833
 20
648.969
 10
311.334
 20
647.576
 10
311.317
 20
647.57
 10
310.76
 20
648.94
 10
310.08
 20
650.26
 10
309.295
 20
651.533
 10
308.438
 20
652.768
 10
307.553
 20
653.983
 10
306.683
 20
655.196
 10
305.867
 20
656.428
 10
305.135
 20
657.696
 10
304.498
 20
659.01
 10
303.954
 20
660.373
 10
303.481
 20
661.779
 10
303.047
 20
663.213
 10
302.609
 20
664.654
 10
302.126
 20
666.078
 10
301.561
 20
667.46
 97
0
 75
0
 76
1
 98
0
  0
HATCH
  5
19A
330
17
100
AcDbEntity
  8
RASTER
 62
7
100
AcDbHatch
 10
0.0
 20
0.0
 30
0.0
210
0.0
220
0.0
230
1.0
  2
SOLID
 70
1
 71
0
 91
1
 92
3
 72
0
 73
1
 93
20
 10
318.38
 20
633.087
 10
318.823
 20
631.611
 10
319.287
 20
630.136
 10
319.764
 20
628.661
 10
320.243
 20
627.181
 10
320.714
 20
625.695
 10
321.169
 20
624.201
 10
321.602
 20
622.699
 10
322.007
 20
621.187
 10
322.381
 20
619.668
 10
322.362
 20
619.665
 10
321.861
 20
621.167
 10
321.345
 20
622.66
 10
320.83
 20
624.146
 10
320.332
 20
625.628
 10
319.861
 20
627.109
 10
319.427
 20
628.593
 10
319.033
 20
630.082
 10
318.679
 20
631.578
 10
318.362
 20
633.083
 97
0
 75
0
 76
1
 98
0
  0
HATCH
  5
19B
330
17
100
AcDbEntity
  8
RASTER
 62
7
100
AcDbHatch
 10
0.0
 20
0.0
 30
0.0
210
0.0
220
0.0
230
1.0
  2
SOLID
 70
1
 71
0
 91
1
 92
3
 72
0
 73
1
 93
14
 10
320.366
 20
604.71
 10
320.412
 20
603.395
 10
320.333
 20
602.081
 10
320.124
 20
600.771
 10
319.8
 20
599.469
 10
319.4
 20
598.177
 10
318.975
 20
596.893
 10
318.956
 20
596.894
 10
319.149
 20
598.189
 10
319.379
 20
599.484
 10
319.64
 20
600.783
 10
319.911
 20
602.087
 10
320.161
 20
603.396
 10
320.348
 20
604.709
 97
0
 75
0
 76
1
 98
0
  0
HATCH
  5
19C
330
17
100
AcDbEntity
  8
RASTER
 62
7
100
AcDbHatch
 10
0.0
 20
0.0
 30
0.0
210
0.0
220
0.0
230
1.0
  2
SOLID
 70
1
 71
0
 91
1
 92
3
 72
0
 73
1
 93
20
 10
319.108
 20
582.308
 10
318.875
 20
580.82
 10
318.777
 20
579.304
 10
318.79
 20
577.76
 10
318.871
 20
576.192
 10
318.968
 20
574.61
 10
319.025
 20
573.026
 10
318.987
 20
571.457
 10
318.811
 20
569.916
 10
318.469
 20
568.418
 10
318.451
 20
568.423
 10
318.642
 20
569.963
 10
318.683
 20
571.537
 10
318.62
 20
573.128
 10
318.509
 20
574.719
 10
318.411
 20
576.296
 10
318.382
 20
577.847
 10
318.469
 20
579.366
 10
318.702
 20
580.852
 10
319.089
 20
582.311
 97
0
 75
0
 76
1
 98
0
  0
HATCH
  5
19D
330
17
100
AcDbEntity
  8
RASTER
 62
7
100
AcDbHatch
 10
0.0
 20
0.0
 30
0.0
210
0.0
220
0.0
230
1.0
  2
SOLID
 70
1
 71
0
 91
1
 92
3
 72
0
 73
1
 93
26
 10
313.557
 20
563.934
 10
313.016
 20
562.582
 10
312.403
 20
561.258
 10
311.73
 20
559.96
 10
311.012
 20
558.683
 10
310.266
 20
557.423
 10
309.508
 20
556.174
 10
308.757
 20
554.927
 10
308.027
 20
553.676
 10
307.329
 20
552.413
 10
306.672
 20
551.134
 10
306.057
 20
549.836
 10
305.482
 20
548.516
 10
305.465
 20
548.525
 10
305.968
 20
549.879
 10
306.515
 20
551.209
 10
307.114
 20
552.513
 10
307.765
 20
553.793
 10
308.466
 20
555.054
 10
309.206
 20
556.301
 10
309.971
 20
557.543
 10
310.745
 20
558.788
 10
311.508
 20
560.044
 10
312.24
 20
561.318
 10
312.923
 20
562.615
 10
313.54
 20
563.94
 97
0
 75
0
 76
1
 98
0
  0
HATCH
  5
19E
330
17
100
AcDbEntity
  8
RASTER
 62
7
100
AcDbHatch
 10
0.0
 20
0.0
 30
0.0
210
0.0
220
0.0
230
1.0
  2
SOLID
 70
1
 71
0
 91
1
 92
3
 72
0
 73
1
 93
34
 10
301.643
 20
535.75
 10
300.928
 20
534.422
 10
300.234
 20
533.075
 10
299.547
 20
531.717
 10
298.852
 20
530.36
 10
298.13
 20
529.016
 10
297.366
 20
527.696
 10
296.547
 20
526.414
 10
295.665
 20
525.178
 10
294.714
 20
523.994
 10
293.698
 20
522.865
 10
292.623
 20
521.788
 10
291.5
 20
520.756
 10
290.343
 20
519.76
 10
289.169
 20
518.787
 10
287.992
 20
517.823
 10
286.828
 20
516.853
 10
286.815
 20
516.866
 10
287.929
 20
517.882
 10
289.056
 20
518.89
 10
290.185
 20
519.902
 10
291.3
 20
520.931
 10
292.387
 20
521.988
 10
293.435
 20
523.083
 10
294.433
 20
524.222
 10
295.376
 20
525.406
 10
296.261
 20
526.635
 10
297.093
 20
527.902
 10
297.881
 20
529.199
 10
298.636
 20
530.515
 10
299.373
 20
531.839
 10
300.108
 20
533.161
 10
300.855
 20
534.47
 10
301.627
 20
535.76
 97
0
 75
0
 76
1
 98
0
  0
HATCH
  5
19F
330
17
100
AcDbEntity
  8
RASTER
 62
7
100
AcDbHatch
 10
0.0
 20
0.0
 30
0.0
210
0.0
220
0.0
230
1.0
  2
SOLID
 70
1
 71
0
 91
1
 92
3
 72
0
 73
1
 93
20
 10
272.114
 20
508.332
 10
271.282
 20
507.061
 10
270.488
 20
505.721
 10
269.671
 20
504.388
 10
268.775
 20
503.142
 10
267.754
 20
502.052
 10
266.586
 20
501.165
 10
265.27
 20
500.495
 10
263.83
 20
500.024
 10
262.309
 20
499.698
 10
262.299
 20
499.714
 10
263.742
 20
500.159
 10
265.111
 20
500.733
 10
266.372
 20
501.477
 10
267.508
 20
502.402
 10
268.524
 20
503.489
 10
269.446
 20
504.692
 10
270.315
 20
505.949
 10
271.183
 20
507.188
 10
272.102
 20
508.347
 97
0
 75
0
 76
1
 98
0
  0
HATCH
  5
1A0
330
17
100
AcDbEntity
  8
RASTER
 62
7
100
AcDbHatch
 10
0.0
 20
0.0
 30
0.0
210
0.0
220
0.0
230
1.0
  2
SOLID
 70
1
 71
0
 91
1
 92
3
 72
0
 73
1
 93
36
 10
251.86
 20
492.054
 10
250.615
 20
491.224
 10
249.37
 20
490.381
 10
248.12
 20
489.537
 10
246.859
 20
488.702
 10
245.583
 20
487.888
 10
244.287
 20
487.107
 10
242.967
 20
486.37
 10
241.621
 20
485.688
 10
240.249
 20
485.067
 10
238.85
 20
484.513
 10
237.425
 20
484.031
 10
235.977
 20
483.619
 10
234.509
 20
483.275
 10
233.025
 20
482.993
 10
231.529
 20
482.767
 10
230.025
 20
482.584
 10
228.518
 20
482.435
 10
228.513
 20
482.453
 10
229.998
 20
482.682
 10
231.478
 20
482.941
 10
232.95
 20
483.238
 10
234.411
 20
483.582
 10
235.858
 20
483.977
 10
237.288
 20
484.429
 10
238.698
 20
484.939
 10
240.086
 20
485.504
 10
241.454
 20
486.123
 10
242.8
 20
486.79
 10
244.126
 20
487.497
 10
245.435
 20
488.236
 10
246.729
 20
488.996
 10
248.014
 20
489.77
 10
249.293
 20
490.545
 10
250.571
 20
491.315
 10
251.852
 20
492.071
 97
0
 75
0
 76
1
 98
0
  0
HATCH
  5
1A1
330
17
100
AcDbEntity
  8
RASTER
 62
7
100
AcDbHatch
 10
0.0
 20
0.0
 30
0.0
210
0.0
220
0.0
230
1.0
  2
SOLID
 70
1
 71
0
 91
1
 92
3
 72
0
 73
1
 93
32
 10
218.267
 20
482.599
 10
216.713
 20
482.713
 10
215.166
 20
482.847
 10
213.632
 20
482.946
 10
212.117
 20
482.964
 10
210.621
 20
482.867
 10
209.141
 20
482.643
 10
207.671
 20
482.295
 10
206.204
 20
481.849
 10
204.733
 20
481.346
 10
203.252
 20
480.84
 10
201.759
 20
480.386
 10
200.253
 20
480.036
 10
198.736
 20
479.831
 10
197.214
 20
479.798
 10
195.692
 20
479.94
 10
195.692
 20
479.959
 10
197.213
 20
479.893
 10
198.733
 20
480.0
 10
200.245
 20
480.27
 10
201.746
 20
480.677
 10
203.233
 20
481.176
 10
204.707
 20
481.714
 10
206.172
 20
482.232
 10
207.635
 20
482.677
 10
209.102
 20
483.009
 10
210.581
 20
483.202
 10
212.079
 20
483.253
 10
213.598
 20
483.178
 10
215.139
 20
483.013
 10
216.697
 20
482.807
 10
218.264
 20
482.617
 97
0
 75
0
 76
1
 98
0
  0
HATCH
  5
1A2
330
17
100
AcDbEntity
  8
RASTER
 62
7
100
AcDbHatch
 10
0.0
 20
0.0
 30
0.0
210
0.0
220
0.0
230
1.0
  2
SOLID
 70
1
 71
0
 91
1
 92
3
 72
0
 73
1
 93
24
 10
191.781
 20
482.822
 10
190.289
 20
482.827
 10
188.795
 20
482.804
 10
187.295
 20
482.761
 10
185.792
 20
482.707
 10
184.283
 20
482.652
 10
182.771
 20
482.607
 10
181.256
 20
482.582
 10
179.74
 20
482.589
 10
178.225
 20
482.635
 10
176.713
 20
482.727
 10
175.207
 20
482.872
 10
175.21
 20
482.891
 10
176.737
 20
482.874
 10
178.265
 20
482.901
 10
179.79
 20
482.954
 10
181.31
 20
483.019
 10
182.823
 20
483.081
 10
184.33
 20
483.127
 10
185.829
 20
483.145
 10
187.322
 20
483.129
 10
188.811
 20
483.073
 10
190.296
 20
482.976
 10
191.781
 20
482.841
 97
0
 75
0
 76
1
 98
0
  0
HATCH
  5
1A3
330
17
100
AcDbEntity
  8
RASTER
 62
7
100
AcDbHatch
 10
0.0
 20
0.0
 30
0.0
210
0.0
220
0.0
230
1.0
  2
SOLID
 70
1
 71
0
 91
1
 92
3
 72
0
 73
1
 93
26
 10
162.311
 20
483.645
 10
160.825
 20
483.916
 10
159.332
 20
484.179
 10
157.837
 20
484.447
 10
156.342
 20
484.734
 10
154.854
 20
485.054
 10
153.377
 20
485.418
 10
151.917
 20
485.837
 10
150.478
 20
486.319
 10
149.063
 20
486.867
 10
147.676
 20
487.482
 10
146.317
 20
488.161
 10
144.986
 20
488.895
 10
144.993
 20
488.912
 10
146.371
 20
488.284
 10
147.77
 20
487.707
 10
149.189
 20
487.179
 10
150.625
 20
486.699
 10
152.076
 20
486.261
 10
153.536
 20
485.858
 10
155.003
 20
485.481
 10
156.471
 20
485.121
 10
157.939
 20
484.767
 10
159.404
 20
484.411
 10
160.863
 20
484.045
 10
162.316
 20
483.663
 97
0
 75
0
 76
1
 98
0
  0
HATCH
  5
1A4
330
17
100
AcDbEntity
  8
RASTER
 62
7
100
AcDbHatch
 10
0.0
 20
0.0
 30
0.0
210
0.0
220
0.0
230
1.0
  2
SOLID
 70
1
 71
0
 91
1
 92
3
 72
0
 73
1
 93
14
 10
142.539
 20
492.868
 10
141.458
 20
493.205
 10
140.387
 20
493.571
 10
139.338
 20
493.986
 10
138.317
 20
494.458
 10
137.322
 20
494.981
 10
136.347
 20
495.54
 10
136.356
 20
495.556
 10
137.43
 20
495.181
 10
138.494
 20
494.793
 10
139.538
 20
494.373
 10
140.558
 20
493.91
 10
141.558
 20
493.409
 10
142.547
 20
492.884
 97
0
 75
0
 76
1
 98
0
  0
HATCH
  5
1A5
330
17
100
AcDbEntity
  8
RASTER
 62
7
100
AcDbHatch
 10
0.0
 20
0.0
 30
0.0
210
0.0
220
0.0
230
1.0
  2
SOLID
 70
1
 71
0
 91
1
 92
3
 72
0
 73
1
 93
14
 10
130.332
 20
492.896
 10
129.187
 20
493.631
 10
128.084
 20
494.433
 10
127.029
 20
495.307
 10
126.022
 20
496.249
 10
125.056
 20
497.243
 10
124.119
 20
498.266
 10
124.129
 20
498.282
 10
125.152
 20
497.386
 10
126.178
 20
496.487
 10
127.204
 20
495.582
 10
128.234
 20
494.675
 10
129.276
 20
493.778
 10
130.342
 20
492.912
 97
0
 75
0
 76
1
 98
0
  0
HATCH
  5
1A6
330
17
100
AcDbEntity
  8
RASTER
 62
7
100
AcDbHatch
 10
0.0
 20
0.0
 30
0.0
210
0.0
220
0.0
230
1.0
  2
SOLID
 70
1
 71
0
 91
1
 92
3
 72
0
 73
1
 93
30
 10
113.631
 20
506.605
 10
112.572
 20
507.635
 10
111.511
 20
508.66
 10
110.445
 20
509.677
 10
109.371
 20
510.684
 10
108.288
 20
511.681
 10
107.195
 20
512.67
 10
106.095
 20
513.652
 10
104.989
 20
514.632
 10
103.881
 20
515.614
 10
102.776
 20
516.602
 10
101.679
 20
517.601
 10
100.597
 20
518.617
 10
99.533
 20
519.655
 10
98.495
 20
520.717
 10
98.509
 20
520.729
 10
99.602
 20
519.715
 10
100.716
 20
518.724
 10
101.844
 20
517.751
 10
102.977
 20
516.789
 10
104.107
 20
515.83
 10
105.23
 20
514.868
 10
106.339
 20
513.897
 10
107.431
 20
512.911
 10
108.504
 20
511.908
 10
109.558
 20
510.884
 10
110.595
 20
509.841
 10
111.618
 20
508.78
 10
112.632
 20
507.704
 10
113.643
 20
506.619
 97
0
 75
0
 76
1
 98
0
  0
HATCH
  5
1A7
330
17
100
AcDbEntity
  8
RASTER
 62
7
100
AcDbHatch
 10
0.0
 20
0.0
 30
0.0
210
0.0
220
0.0
230
1.0
  2
SOLID
 70
1
 71
0
 91
1
 92
3
 72
0
 73
1
 93
32
 10
97.593
 20
525.534
 10
96.596
 20
526.656
 10
95.566
 20
527.755
 10
94.507
 20
528.838
 10
93.428
 20
529.913
 10
92.34
 20
530.989
 10
91.255
 20
532.075
 10
90.186
 20
533.18
 10
89.148
 20
534.312
 10
88.154
 20
535.479
 10
87.214
 20
536.686
 10
86.338
 20
537.936
 10
85.533
 20
539.23
 10
84.802
 20
540.568
 10
84.146
 20
541.946
 10
83.56
 20
543.36
 10
83.577
 20
543.368
 10
84.23
 20
541.992
 10
84.95
 20
540.652
 10
85.738
 20
539.35
 10
86.591
 20
538.088
 10
87.504
 20
536.865
 10
88.468
 20
535.678
 10
89.474
 20
534.524
 10
90.51
 20
533.395
 10
91.562
 20
532.285
 10
92.618
 20
531.185
 10
93.667
 20
530.086
 10
94.697
 20
528.979
 10
95.701
 20
527.858
 10
96.672
 20
526.715
 10
97.608
 20
525.545
 97
0
 75
0
 76
1
 98
0
  0
HATCH
  5
1A8
330
17
100
AcDbEntity
  8
RASTER
 62
7
100
AcDbHatch
 10
0.0
 20
0.0
 30
0.0
210
0.0
220
0.0
230
1.0
  2
SOLID
 70
1
 71
0
 91
1
 92
3
 72
0
 73
1
 93
28
 10
84.604
 20
550.506
 10
83.965
 20
551.852
 10
83.29
 20
553.182
 10
82.583
 20
554.499
 10
81.852
 20
555.811
 10
81.111
 20
557.122
 10
80.376
 20
558.44
 10
79.664
 20
559.773
 10
78.994
 20
561.126
 10
78.38
 20
562.502
 10
77.835
 20
563.906
 10
77.366
 20
565.335
 10
76.975
 20
566.789
 10
76.657
 20
568.263
 10
76.675
 20
568.268
 10
77.063
 20
566.816
 10
77.521
 20
565.385
 10
78.048
 20
563.977
 10
78.639
 20
562.593
 10
79.284
 20
561.231
 10
79.97
 20
559.889
 10
80.68
 20
558.56
 10
81.398
 20
557.238
 10
82.105
 20
555.917
 10
82.789
 20
554.589
 10
83.439
 20
553.248
 10
84.049
 20
551.891
 10
84.621
 20
550.514
 97
0
 75
0
 76
1
 98
0
  0
HATCH
  5
1A9
330
17
100
AcDbEntity
  8
RASTER
 62
7
100
AcDbHatch
 10
0.0
 20
0.0
 30
0.0
210
0.0
220
0.0
230
1.0
  2
SOLID
 70
1
 71
0
 91
1
 92
3
 72
0
 73
1
 93
14
 10
72.812
 20
575.605
 10
72.507
 20
577.053
 10
72.233
 20
578.507
 10
72.001
 20
579.969
 10
71.815
 20
581.437
 10
71.667
 20
582.911
 10
71.54
 20
584.385
 10
71.558
 20
584.388
 10
71.841
 20
582.94
 10
72.103
 20
581.489
 10
72.33
 20
580.032
 10
72.52
 20
578.566
 10
72.68
 20
577.091
 10
72.83
 20
575.609
 97
0
 75
0
 76
1
 98
0
  0
HATCH
  5
1AA
330
17
100
AcDbEntity
  8
RASTER
 62
7
100
AcDbHatch
 10
0.0
 20
0.0
 30
0.0
210
0.0
220
0.0
230
1.0
  2
SOLID
 70
1
 71
0
 91
1
 92
3
 72
0
 73
1
 93
20
 10
71.545
 20
600.33
 10
71.601
 20
601.831
 10
71.713
 20
603.329
 10
71.875
 20
604.825
 10
72.078
 20
606.316
 10
72.313
 20
607.802
 10
72.565
 20
609.282
 10
72.82
 20
610.758
 10
73.066
 20
612.231
 10
73.288
 20
613.702
 10
73.306
 20
613.7
 10
73.206
 20
612.221
 10
73.068
 20
610.745
 10
72.892
 20
609.268
 10
72.683
 20
607.79
 10
72.449
 20
606.309
 10
72.203
 20
604.822
 10
71.961
 20
603.33
 10
71.742
 20
601.833
 10
71.564
 20
600.331
 97
0
 75
0
 76
1
 98
0
  0
HATCH
  5
1AB
330
17
100
AcDbEntity
  8
RASTER
 62
7
100
AcDbHatch
 10
0.0
 20
0.0
 30
0.0
210
0.0
220
0.0
230
1.0
  2
SOLID
 70
1
 71
0
 91
1
 92
3
 72
0
 73
1
 93
24
 10
72.837
 20
623.922
 10
73.155
 20
625.319
 10
73.547
 20
626.7
 10
74.007
 20
628.065
 10
74.524
 20
629.414
 10
75.087
 20
630.747
 10
75.681
 20
632.067
 10
76.29
 20
633.376
 10
76.898
 20
634.68
 10
77.49
 20
635.981
 10
78.052
 20
637.285
 10
78.573
 20
638.597
 10
78.591
 20
638.592
 10
78.188
 20
637.247
 10
77.735
 20
635.915
 10
77.233
 20
634.593
 10
76.691
 20
633.278
 10
76.117
 20
631.965
 10
75.524
 20
630.65
 10
74.928
 20
629.329
 10
74.346
 20
627.998
 10
73.796
 20
626.654
 10
73.294
 20
625.295
 10
72.856
 20
623.919
 97
0
 75
0
 76
1
 98
0
  0
HATCH
  5
1AC
330
17
100
AcDbEntity
  8
RASTER
 62
7
100
AcDbHatch
 10
0.0
 20
0.0
 30
0.0
210
0.0
220
0.0
230
1.0
  2
SOLID
 70
1
 71
0
 91
1
 92
3
 72
0
 73
1
 93
16
 10
68.304
 20
570.401
 10
67.572
 20
571.831
 10
66.873
 20
573.278
 10
66.236
 20
574.747
 10
65.681
 20
576.24
 10
65.223
 20
577.759
 10
64.862
 20
579.299
 10
64.591
 20
580.857
 10
64.609
 20
580.86
 10
65.074
 20
579.339
 10
65.589
 20
577.832
 10
66.133
 20
576.336
 10
66.686
 20
574.848
 10
67.237
 20
573.364
 10
67.781
 20
571.883
 10
68.322
 20
570.406
 97
0
 75
0
 76
1
 98
0
  0
HATCH
  5
1AD
330
17
100
AcDbEntity
  8
RASTER
 62
7
100
AcDbHatch
 10
0.0
 20
0.0
 30
0.0
210
0.0
220
0.0
230
1.0
  2
SOLID
 70
1
 71
0
 91
1
 92
3
 72
0
 73
1
 93
20
 10
67.641
 20
585.201
 10
67.611
 20
586.758
 10
67.706
 20
588.325
 10
67.875
 20
589.894
 10
68.061
 20
591.457
 10
68.205
 20
593.008
 10
68.26
 20
594.546
 10
68.199
 20
596.073
 10
68.014
 20
597.593
 10
67.725
 20
599.112
 10
67.744
 20
599.113
 10
68.137
 20
597.599
 10
68.413
 20
596.086
 10
68.543
 20
594.567
 10
68.524
 20
593.035
 10
68.379
 20
591.488
 10
68.157
 20
589.925
 10
67.92
 20
588.351
 10
67.734
 20
586.774
 10
67.66
 20
585.204
 97
0
 75
0
 76
1
 98
0
  0
HATCH
  5
1AE
330
17
100
AcDbEntity
  8
RASTER
 62
7
100
AcDbHatch
 10
0.0
 20
0.0
 30
0.0
210
0.0
220
0.0
230
1.0
  2
SOLID
 70
1
 71
0
 91
1
 92
3
 72
0
 73
1
 93
26
 10
64.194
 20
605.986
 10
63.934
 20
607.471
 10
63.703
 20
608.961
 10
63.518
 20
610.455
 10
63.392
 20
611.951
 10
63.338
 20
613.447
 10
63.364
 20
614.94
 10
63.476
 20
616.427
 10
63.673
 20
617.906
 10
63.953
 20
619.374
 10
64.31
 20
620.829
 10
64.731
 20
622.272
 10
65.205
 20
623.702
 10
65.223
 20
623.7
 10
64.844
 20
622.257
 10
64.511
 20
620.804
 10
64.23
 20
619.341
 10
64.009
 20
617.87
 10
63.848
 20
616.392
 10
63.749
 20
614.908
 10
63.711
 20
613.42
 10
63.729
 20
611.931
 10
63.796
 20
610.441
 10
63.906
 20
608.953
 10
64.048
 20
607.468
 10
64.213
 20
605.986
 97
0
 75
0
 76
1
 98
0
  0
HATCH
  5
1AF
330
17
100
AcDbEntity
  8
RASTER
 62
7
100
AcDbHatch
 10
0.0
 20
0.0
 30
0.0
210
0.0
220
0.0
230
1.0
  2
SOLID
 70
1
 71
0
 91
1
 92
3
 72
0
 73
1
 93
22
 10
65.804
 20
632.882
 10
65.817
 20
634.359
 10
65.839
 20
635.842
 10
65.893
 20
637.323
 10
66.002
 20
638.797
 10
66.187
 20
640.256
 10
66.459
 20
641.693
 10
66.829
 20
643.105
 10
67.298
 20
644.487
 10
67.861
 20
645.837
 10
68.507
 20
647.156
 10
68.525
 20
647.15
 10
67.994
 20
645.793
 10
67.537
 20
644.412
 10
67.152
 20
643.007
 10
66.837
 20
641.583
 10
66.584
 20
640.144
 10
66.383
 20
638.695
 10
66.22
 20
637.239
 10
66.082
 20
635.782
 10
65.954
 20
634.327
 10
65.823
 20
632.878
 97
0
 75
0
 76
1
 98
0
  0
HATCH
  5
1B0
330
17
100
AcDbEntity
  8
RASTER
 62
7
100
AcDbHatch
 10
0.0
 20
0.0
 30
0.0
210
0.0
220
0.0
230
1.0
  2
SOLID
 70
1
 71
0
 91
1
 92
3
 72
0
 73
1
 93
34
 10
74.064
 20
661.544
 10
74.859
 20
662.858
 10
75.662
 20
664.164
 10
76.465
 20
665.467
 10
77.259
 20
666.771
 10
78.037
 20
668.082
 10
78.796
 20
669.402
 10
79.533
 20
670.734
 10
80.251
 20
672.078
 10
80.952
 20
673.434
 10
81.643
 20
674.798
 10
82.333
 20
676.167
 10
83.029
 20
677.536
 10
83.742
 20
678.898
 10
84.482
 20
680.247
 10
85.256
 20
681.575
 10
86.072
 20
682.877
 10
86.087
 20
682.866
 10
85.318
 20
681.532
 10
84.589
 20
680.173
 10
83.893
 20
678.798
 10
83.218
 20
677.413
 10
82.553
 20
676.027
 10
81.888
 20
674.646
 10
81.213
 20
673.276
 10
80.518
 20
671.921
 10
79.798
 20
670.582
 10
79.047
 20
669.262
 10
78.267
 20
667.957
 10
77.458
 20
666.666
 10
76.626
 20
665.384
 10
75.779
 20
664.105
 10
74.927
 20
662.825
 10
74.081
 20
661.536
 97
0
 75
0
 76
1
 98
0
  0
HATCH
  5
1B1
330
17
100
AcDbEntity
  8
RASTER
 62
7
100
AcDbHatch
 10
0.0
 20
0.0
 30
0.0
210
0.0
220
0.0
230
1.0
  2
SOLID
 70
1
 71
0
 91
1
 92
3
 72
0
 73
1
 93
18
 10
98.022
 20
692.18
 10
98.916
 20
693.285
 10
99.922
 20
694.289
 10
101.031
 20
695.191
 10
102.226
 20
696.004
 10
103.48
 20
696.75
 10
104.757
 20
697.46
 10
106.024
 20
698.169
 10
107.249
 20
698.911
 10
107.262
 20
698.898
 10
106.117
 20
698.072
 10
104.918
 20
697.295
 10
103.688
 20
696.54
 10
102.454
 20
695.781
 10
101.244
 20
694.986
 10
100.089
 20
694.131
 10
99.014
 20
693.195
 10
98.035
 20
692.168
 97
0
 75
0
 76
1
 98
0
  0
HATCH
  5
1B2
330
17
100
AcDbEntity
  8
RASTER
 62
7
100
AcDbHatch
 10
0.0
 20
0.0
 30
0.0
210
0.0
220
0.0
230
1.0
  2
SOLID
 70
1
 71
0
 91
1
 92
3
 72
0
 73
1
 93
22
 10
119.103
 20
706.315
 10
120.301
 20
707.193
 10
121.492
 20
708.079
 10
122.681
 20
708.97
 10
123.87
 20
709.863
 10
125.062
 20
710.754
 10
126.258
 20
711.642
 10
127.46
 20
712.526
 10
128.668
 20
713.405
 10
129.881
 20
714.278
 10
131.101
 20
715.146
 10
131.111
 20
715.13
 10
129.951
 20
714.162
 10
128.794
 20
713.199
 10
127.633
 20
712.252
 10
126.464
 20
711.325
 10
125.282
 20
710.424
 10
124.084
 20
709.55
 10
122.867
 20
708.704
 10
121.632
 20
707.884
 10
120.381
 20
707.084
 10
119.115
 20
706.3
 97
0
 75
0
 76
1
 98
0
  0
HATCH
  5
1B3
330
17
100
AcDbEntity
  8
RASTER
 62
7
100
AcDbHatch
 10
0.0
 20
0.0
 30
0.0
210
0.0
220
0.0
230
1.0
  2
SOLID
 70
1
 71
0
 91
1
 92
3
 72
0
 73
1
 93
20
 10
136.672
 20
718.383
 10
137.935
 20
719.271
 10
139.222
 20
720.124
 10
140.537
 20
720.928
 10
141.884
 20
721.671
 10
143.264
 20
722.346
 10
144.676
 20
722.951
 10
146.117
 20
723.486
 10
147.582
 20
723.959
 10
149.065
 20
724.377
 10
149.072
 20
724.36
 10
147.649
 20
723.795
 10
146.239
 20
723.195
 10
144.843
 20
722.566
 10
143.458
 20
721.913
 10
142.082
 20
721.24
 10
140.717
 20
720.549
 10
139.361
 20
719.84
 10
138.015
 20
719.113
 10
136.681
 20
718.366
 97
0
 75
0
 76
1
 98
0
  0
HATCH
  5
1B4
330
17
100
AcDbEntity
  8
RASTER
 62
7
100
AcDbHatch
 10
0.0
 20
0.0
 30
0.0
210
0.0
220
0.0
230
1.0
  2
SOLID
 70
1
 71
0
 91
1
 92
3
 72
0
 73
1
 93
32
 10
153.382
 20
727.582
 10
154.858
 20
727.795
 10
156.33
 20
728.003
 10
157.788
 20
728.234
 10
159.228
 20
728.513
 10
160.645
 20
728.857
 10
162.041
 20
729.276
 10
163.419
 20
729.767
 10
164.785
 20
730.319
 10
166.146
 20
730.913
 10
167.51
 20
731.522
 10
168.883
 20
732.116
 10
170.273
 20
732.662
 10
171.683
 20
733.133
 10
173.115
 20
733.507
 10
174.569
 20
733.768
 10
174.572
 20
733.75
 10
173.132
 20
733.413
 10
171.715
 20
732.968
 10
170.319
 20
732.432
 10
168.944
 20
731.831
 10
167.583
 20
731.194
 10
166.231
 20
730.556
 10
164.878
 20
729.947
 10
163.516
 20
729.395
 10
162.138
 20
728.921
 10
160.737
 20
728.534
 10
159.31
 20
728.234
 10
157.857
 20
728.01
 10
156.381
 20
727.843
 10
154.888
 20
727.705
 10
153.388
 20
727.564
 97
0
 75
0
 76
1
 98
0
  0
HATCH
  5
1B5
330
17
100
AcDbEntity
  8
RASTER
 62
7
100
AcDbHatch
 10
0.0
 20
0.0
 30
0.0
210
0.0
220
0.0
230
1.0
  2
SOLID
 70
1
 71
0
 91
1
 92
3
 72
0
 73
1
 93
14
 10
190.63
 20
732.106
 10
191.743
 20
732.111
 10
192.853
 20
732.154
 10
193.964
 20
732.222
 10
195.075
 20
732.307
 10
196.188
 20
732.408
 10
197.303
 20
732.528
 10
197.302
 20
732.509
 10
196.188
 20
732.218
 10
195.078
 20
731.993
 10
193.97
 20
731.862
 10
192.861
 20
731.84
 10
191.749
 20
731.922
 10
190.631
 20
732.087
 97
0
 75
0
 76
1
 98
0
  0
HATCH
  5
1B6
330
17
100
AcDbEntity
  8
RASTER
 62
7
100
AcDbHatch
 10
0.0
 20
0.0
 30
0.0
210
0.0
220
0.0
230
1.0
  2
SOLID
 70
1
 71
0
 91
1
 92
3
 72
0
 73
1
 93
34
 10
208.568
 20
737.796
 10
210.092
 20
737.589
 10
211.614
 20
737.374
 10
213.134
 20
737.153
 10
214.653
 20
736.927
 10
216.171
 20
736.697
 10
217.688
 20
736.463
 10
219.205
 20
736.225
 10
220.722
 20
735.981
 10
222.238
 20
735.732
 10
223.753
 20
735.475
 10
225.269
 20
735.209
 10
226.783
 20
734.932
 10
228.295
 20
734.641
 10
229.805
 20
734.334
 10
231.313
 20
734.01
 10
232.816
 20
733.665
 10
232.811
 20
733.647
 10
231.289
 20
733.922
 10
229.765
 20
734.179
 10
228.241
 20
734.422
 10
226.719
 20
734.658
 10
225.198
 20
734.889
 10
223.679
 20
735.121
 10
222.163
 20
735.356
 10
220.65
 20
735.598
 10
219.139
 20
735.847
 10
217.63
 20
736.106
 10
216.122
 20
736.373
 10
214.614
 20
736.649
 10
213.106
 20
736.93
 10
211.595
 20
737.214
 10
210.083
 20
737.498
 10
208.567
 20
737.777
 97
0
 75
0
 76
1
 98
0
  0
HATCH
  5
1B7
330
17
100
AcDbEntity
  8
RASTER
 62
7
100
AcDbHatch
 10
0.0
 20
0.0
 30
0.0
210
0.0
220
0.0
230
1.0
  2
SOLID
 70
1
 71
0
 91
1
 92
3
 72
0
 73
1
 93
28
 10
245.251
 20
726.016
 10
246.661
 20
725.487
 10
248.057
 20
724.921
 10
249.436
 20
724.316
 10
250.798
 20
723.673
 10
252.141
 20
722.993
 10
253.466
 20
722.276
 10
254.773
 20
721.526
 10
256.062
 20
720.746
 10
257.334
 20
719.939
 10
258.592
 20
719.111
 10
259.837
 20
718.266
 10
261.071
 20
717.41
 10
262.298
 20
716.546
 10
262.289
 20
716.53
 10
261.024
 20
717.327
 10
259.756
 20
718.121
 10
258.482
 20
718.909
 10
257.204
 20
719.691
 10
255.918
 20
720.464
 10
254.624
 20
721.226
 10
253.321
 20
721.975
 10
252.007
 20
722.706
 10
250.681
 20
723.418
 10
249.343
 20
724.106
 10
247.991
 20
724.768
 10
246.625
 20
725.399
 10
245.245
 20
725.999
 97
0
 75
0
 76
1
 98
0
  0
HATCH
  5
1B8
330
17
100
AcDbEntity
  8
RASTER
 62
7
100
AcDbHatch
 10
0.0
 20
0.0
 30
0.0
210
0.0
220
0.0
230
1.0
  2
SOLID
 70
1
 71
0
 91
1
 92
3
 72
0
 73
1
 93
22
 10
271.415
 20
715.344
 10
272.611
 20
714.432
 10
273.816
 20
713.535
 10
275.033
 20
712.654
 10
276.26
 20
711.789
 10
277.499
 20
710.937
 10
278.746
 20
710.093
 10
279.998
 20
709.252
 10
281.252
 20
708.409
 10
282.503
 20
707.557
 10
283.746
 20
706.691
 10
283.734
 20
706.677
 10
282.418
 20
707.454
 10
281.102
 20
708.224
 10
279.799
 20
709.001
 10
278.517
 20
709.798
 10
277.262
 20
710.625
 10
276.038
 20
711.49
 10
274.845
 20
712.395
 10
273.679
 20
713.341
 10
272.535
 20
714.322
 10
271.404
 20
715.329
 97
0
 75
0
 76
1
 98
0
  0
HATCH
  5
1B9
330
17
100
AcDbEntity
  8
RASTER
 62
7
100
AcDbHatch
 10
0.0
 20
0.0
 30
0.0
210
0.0
220
0.0
230
1.0
  2
SOLID
 70
1
 71
0
 91
1
 92
3
 72
0
 73
1
 93
34
 10
288.023
 20
700.249
 10
289.195
 20
699.264
 10
290.334
 20
698.243
 10
291.438
 20
697.183
 10
292.503
 20
696.085
 10
293.529
 20
694.951
 10
294.515
 20
693.781
 10
295.464
 20
692.579
 10
296.377
 20
691.349
 10
297.257
 20
690.095
 10
298.108
 20
688.821
 10
298.936
 20
687.532
 10
299.744
 20
686.233
 10
300.54
 20
684.93
 10
301.328
 20
683.625
 10
302.115
 20
682.324
 10
302.904
 20
681.029
 10
302.889
 20
681.018
 10
302.037
 20
682.267
 10
301.192
 20
683.522
 10
300.351
 20
684.783
 10
299.51
 20
686.047
 10
298.665
 20
687.311
 10
297.811
 20
688.574
 10
296.946
 20
689.829
 10
296.063
 20
691.075
 10
295.159
 20
692.307
 10
294.23
 20
693.521
 10
293.273
 20
694.712
 10
292.286
 20
695.878
 10
291.267
 20
697.016
 10
290.214
 20
698.122
 10
289.128
 20
699.196
 10
288.01
 20
700.236
 97
0
 75
0
 76
1
 98
0
  0
HATCH
  5
1BA
330
17
100
AcDbEntity
  8
RASTER
 62
7
100
AcDbHatch
 10
0.0
 20
0.0
 30
0.0
210
0.0
220
0.0
230
1.0
  2
SOLID
 70
1
 71
0
 91
1
 92
3
 72
0
 73
1
 93
14
 10
306.333
 20
670.782
 10
306.863
 20
669.646
 10
307.36
 20
668.492
 10
307.814
 20
667.318
 10
308.227
 20
666.125
 10
308.615
 20
664.924
 10
309.004
 20
663.727
 10
308.988
 20
663.719
 10
308.395
 20
664.804
 10
307.861
 20
665.922
 10
307.396
 20
667.081
 10
306.998
 20
668.282
 10
306.649
 20
669.518
 10
306.317
 20
670.773
 97
0
 75
0
 76
1
 98
0
  0
HATCH
  5
1BB
330
17
100
AcDbEntity
  8
RASTER
 62
7
100
AcDbHatch
 10
0.0
 20
0.0
 30
0.0
210
0.0
220
0.0
230
1.0
  2
SOLID
 70
1
 71
0
 91
1
 92
3
 72
0
 73
1
 93
28
 10
320.272
 20
656.437
 10
320.723
 20
654.99
 10
321.026
 20
653.487
 10
321.219
 20
651.949
 10
321.352
 20
650.398
 10
321.481
 20
648.855
 10
321.662
 20
647.339
 10
321.939
 20
645.863
 10
322.342
 20
644.433
 10
322.88
 20
643.045
 10
323.54
 20
641.691
 10
324.291
 20
640.357
 10
325.083
 20
639.027
 10
325.861
 20
637.683
 10
325.843
 20
637.678
 10
324.993
 20
639.002
 10
324.133
 20
640.312
 10
323.324
 20
641.627
 10
322.617
 20
642.963
 10
322.046
 20
644.337
 10
321.627
 20
645.759
 10
321.351
 20
647.231
 10
321.189
 20
648.75
 10
321.093
 20
650.302
 10
321.008
 20
651.868
 10
320.874
 20
653.427
 10
320.636
 20
654.954
 10
320.255
 20
656.429
 97
0
 75
0
 76
1
 98
0
  0
HATCH
  5
1BC
330
17
100
AcDbEntity
  8
RASTER
 62
7
100
AcDbHatch
 10
0.0
 20
0.0
 30
0.0
210
0.0
220
0.0
230
1.0
  2
SOLID
 70
1
 71
0
 91
1
 92
3
 72
0
 73
1
 93
14
 10
324.286
 20
623.004
 10
324.64
 20
621.841
 10
324.967
 20
620.671
 10
325.248
 20
619.493
 10
325.475
 20
618.305
 10
325.651
 20
617.111
 10
325.788
 20
615.912
 10
325.77
 20
615.91
 10
325.469
 20
617.092
 10
325.173
 20
618.272
 10
324.903
 20
619.451
 10
324.665
 20
620.632
 10
324.458
 20
621.816
 10
324.268
 20
623.001
 97
0
 75
0
 76
1
 98
0
  0
HATCH
  5
1BD
330
17
100
AcDbEntity
  8
RASTER
 62
7
100
AcDbHatch
 10
0.0
 20
0.0
 30
0.0
210
0.0
220
0.0
230
1.0
  2
SOLID
 70
1
 71
0
 91
1
 92
3
 72
0
 73
1
 93
14
 10
330.332
 20
602.941
 10
330.491
 20
601.369
 10
330.591
 20
599.795
 10
330.613
 20
598.221
 10
330.548
 20
596.65
 10
330.403
 20
595.083
 10
330.193
 20
593.522
 10
330.174
 20
593.524
 10
330.204
 20
595.096
 10
330.218
 20
596.667
 10
330.234
 20
598.237
 10
330.26
 20
599.805
 10
330.292
 20
601.373
 10
330.314
 20
602.941
 97
0
 75
0
 76
1
 98
0
  0
HATCH
  5
1BE
330
17
100
AcDbEntity
  8
RASTER
 62
7
100
AcDbHatch
 10
0.0
 20
0.0
 30
0.0
210
0.0
220
0.0
230
1.0
  2
SOLID
 70
1
 71
0
 91
1
 92
3
 72
0
 73
1
 93
24
 10
322.704
 20
578.908
 10
322.465
 20
577.46
 10
322.252
 20
576.005
 10
322.058
 20
574.542
 10
321.875
 20
573.074
 10
321.695
 20
571.601
 10
321.509
 20
570.125
 10
321.307
 20
568.649
 10
321.081
 20
567.175
 10
320.822
 20
565.706
 10
320.525
 20
564.245
 10
320.184
 20
562.794
 10
320.167
 20
562.8
 10
320.416
 20
564.28
 10
320.628
 20
565.765
 10
320.815
 20
567.253
 10
320.99
 20
568.738
 10
321.164
 20
570.218
 10
321.35
 20
571.69
 10
321.555
 20
573.152
 10
321.788
 20
574.605
 10
322.053
 20
576.049
 10
322.353
 20
577.484
 10
322.686
 20
578.912
 97
0
 75
0
 76
1
 98
0
  0
HATCH
  5
1BF
330
17
100
AcDbEntity
  8
RASTER
 62
7
100
AcDbHatch
 10
0.0
 20
0.0
 30
0.0
210
0.0
220
0.0
230
1.0
  2
SOLID
 70
1
 71
0
 91
1
 92
3
 72
0
 73
1
 93
18
 10
318.443
 20
549.389
 10
317.634
 20
548.066
 10
316.812
 20
546.754
 10
315.982
 20
545.451
 10
315.151
 20
544.153
 10
314.324
 20
542.856
 10
313.512
 20
541.556
 10
312.722
 20
540.246
 10
311.962
 20
538.921
 10
311.946
 20
538.93
 10
312.585
 20
540.321
 10
313.271
 20
541.684
 10
314.013
 20
543.017
 10
314.813
 20
544.322
 10
315.668
 20
545.604
 10
316.566
 20
546.871
 10
317.492
 20
548.131
 10
318.426
 20
549.396
 97
0
 75
0
 76
1
 98
0
  0
HATCH
  5
1C0
330
17
100
AcDbEntity
  8
RASTER
 62
7
100
AcDbHatch
 10
0.0
 20
0.0
 30
0.0
210
0.0
220
0.0
230
1.0
  2
SOLID
 70
1
 71
0
 91
1
 92
3
 72
0
 73
1
 93
28
 10
301.468
 20
527.431
 10
300.762
 20
526.137
 10
300.056
 20
524.838
 10
299.335
 20
523.543
 10
298.587
 20
522.263
 10
297.8
 20
521.01
 10
296.962
 20
519.793
 10
296.068
 20
518.621
 10
295.113
 20
517.498
 10
294.099
 20
516.428
 10
293.029
 20
515.41
 10
291.912
 20
514.44
 10
290.758
 20
513.51
 10
289.58
 20
512.61
 10
289.566
 20
512.623
 10
290.669
 20
513.595
 10
291.75
 20
514.592
 10
292.8
 20
515.619
 10
293.815
 20
516.682
 10
294.789
 20
517.781
 10
295.721
 20
518.916
 10
296.613
 20
520.084
 10
297.467
 20
521.281
 10
298.29
 20
522.5
 10
299.091
 20
523.733
 10
299.878
 20
524.973
 10
300.663
 20
526.211
 10
301.453
 20
527.442
 97
0
 75
0
 76
1
 98
0
  0
HATCH
  5
1C1
330
17
100
AcDbEntity
  8
RASTER
 62
7
100
AcDbHatch
 10
0.0
 20
0.0
 30
0.0
210
0.0
220
0.0
230
1.0
  2
SOLID
 70
1
 71
0
 91
1
 92
3
 72
0
 73
1
 93
20
 10
283.529
 20
501.815
 10
282.547
 20
500.528
 10
281.53
 20
499.272
 10
280.451
 20
498.08
 10
279.293
 20
496.98
 10
278.049
 20
495.988
 10
276.718
 20
495.111
 10
275.312
 20
494.341
 10
273.851
 20
493.658
 10
272.357
 20
493.034
 10
272.346
 20
493.05
 10
273.783
 20
493.754
 10
275.193
 20
494.506
 10
276.558
 20
495.327
 10
277.865
 20
496.23
 10
279.107
 20
497.219
 10
280.283
 20
498.291
 10
281.4
 20
499.43
 10
282.472
 20
500.618
 10
283.517
 20
501.83
 97
0
 75
0
 76
1
 98
0
  0
HATCH
  5
1C2
330
17
100
AcDbEntity
  8
RASTER
 62
7
100
AcDbHatch
 10
0.0
 20
0.0
 30
0.0
210
0.0
220
0.0
230
1.0
  2
SOLID
 70
1
 71
0
 91
1
 92
3
 72
0
 73
1
 93
30
 10
268.539
 20
490.598
 10
267.212
 20
489.746
 10
265.862
 20
488.931
 10
264.489
 20
488.155
 10
263.097
 20
487.415
 10
261.686
 20
486.709
 10
260.262
 20
486.033
 10
258.825
 20
485.384
 10
257.38
 20
484.756
 10
255.93
 20
484.144
 10
254.477
 20
483.544
 10
253.023
 20
482.949
 10
251.571
 20
482.357
 10
250.121
 20
481.762
 10
248.674
 20
481.163
 10
248.667
 20
481.181
 10
250.08
 20
481.855
 10
251.496
 20
482.52
 10
252.917
 20
483.175
 10
254.342
 20
483.821
 10
255.772
 20
484.459
 10
257.207
 20
485.093
 10
258.643
 20
485.727
 10
260.08
 20
486.366
 10
261.515
 20
487.016
 10
262.943
 20
487.682
 10
264.362
 20
488.37
 10
265.769
 20
489.085
 10
267.159
 20
489.831
 10
268.529
 20
490.613
 97
0
 75
0
 76
1
 98
0
  0
HATCH
  5
1C3
330
17
100
AcDbEntity
  8
RASTER
 62
7
100
AcDbHatch
 10
0.0
 20
0.0
 30
0.0
210
0.0
220
0.0
230
1.0
  2
SOLID
 70
1
 71
0
 91
1
 92
3
 72
0
 73
1
 93
30
 10
244.129
 20
481.837
 10
242.821
 20
481.186
 10
241.51
 20
480.532
 10
240.195
 20
479.88
 10
238.874
 20
479.234
 10
237.544
 20
478.6
 10
236.205
 20
477.982
 10
234.856
 20
477.386
 10
233.494
 20
476.815
 10
232.121
 20
476.274
 10
230.735
 20
475.766
 10
229.337
 20
475.294
 10
227.927
 20
474.861
 10
226.506
 20
474.468
 10
225.074
 20
474.115
 10
225.07
 20
474.134
 10
226.486
 20
474.549
 10
227.892
 20
475.002
 10
229.287
 20
475.489
 10
230.671
 20
476.004
 10
232.044
 20
476.545
 10
233.409
 20
477.106
 10
234.764
 20
477.683
 10
236.113
 20
478.272
 10
237.456
 20
478.868
 10
238.793
 20
479.468
 10
240.128
 20
480.069
 10
241.46
 20
480.668
 10
242.791
 20
481.264
 10
244.122
 20
481.854
 97
0
 75
0
 76
1
 98
0
  0
HATCH
  5
1C4
330
17
100
AcDbEntity
  8
RASTER
 62
7
100
AcDbHatch
 10
0.0
 20
0.0
 30
0.0
210
0.0
220
0.0
230
1.0
  2
SOLID
 70
1
 71
0
 91
1
 92
3
 72
0
 73
1
 93
14
 10
210.238
 20
474.392
 10
208.808
 20
474.188
 10
207.356
 20
474.22
 10
205.89
 20
474.47
 10
204.423
 20
474.885
 10
202.962
 20
475.383
 10
201.514
 20
475.864
 10
201.513
 20
475.882
 10
202.95
 20
475.598
 10
204.399
 20
475.245
 10
205.859
 20
474.882
 10
207.325
 20
474.579
 10
208.787
 20
474.403
 10
210.236
 20
474.41
 97
0
 75
0
 76
1
 98
0
  0
HATCH
  5
1C5
330
17
100
AcDbEntity
  8
RASTER
 62
7
100
AcDbHatch
 10
0.0
 20
0.0
 30
0.0
210
0.0
220
0.0
230
1.0
  2
SOLID
 70
1
 71
0
 91
1
 92
3
 72
0
 73
1
 93
28
 10
187.239
 20
470.704
 10
185.646
 20
470.341
 10
184.048
 20
470.064
 10
182.456
 20
469.93
 10
180.877
 20
469.98
 10
179.32
 20
470.227
 10
177.79
 20
470.662
 10
176.288
 20
471.246
 10
174.81
 20
471.924
 10
173.346
 20
472.631
 10
171.887
 20
473.299
 10
170.417
 20
473.872
 10
168.926
 20
474.312
 10
167.406
 20
474.603
 10
167.41
 20
474.621
 10
168.948
 20
474.414
 10
170.453
 20
474.053
 10
171.933
 20
473.549
 10
173.4
 20
472.937
 10
174.866
 20
472.27
 10
176.343
 20
471.613
 10
177.841
 20
471.029
 10
179.364
 20
470.576
 10
180.912
 20
470.289
 10
182.482
 20
470.183
 10
184.065
 20
470.247
 10
185.654
 20
470.445
 10
187.241
 20
470.723
 97
0
 75
0
 76
1
 98
0
  0
HATCH
  5
1C6
330
17
100
AcDbEntity
  8
RASTER
 62
7
100
AcDbHatch
 10
0.0
 20
0.0
 30
0.0
210
0.0
220
0.0
230
1.0
  2
SOLID
 70
1
 71
0
 91
1
 92
3
 72
0
 73
1
 93
14
 10
159.483
 20
479.855
 10
158.019
 20
480.32
 10
156.577
 20
480.85
 10
155.159
 20
481.45
 10
153.766
 20
482.114
 10
152.395
 20
482.826
 10
151.037
 20
483.557
 10
151.043
 20
483.575
 10
152.459
 20
483.001
 10
153.868
 20
482.407
 10
155.271
 20
481.786
 10
156.671
 20
481.145
 10
158.075
 20
480.499
 10
159.489
 20
479.873
 97
0
 75
0
 76
1
 98
0
  0
HATCH
  5
1C7
330
17
100
AcDbEntity
  8
RASTER
 62
7
100
AcDbHatch
 10
0.0
 20
0.0
 30
0.0
210
0.0
220
0.0
230
1.0
  2
SOLID
 70
1
 71
0
 91
1
 92
3
 72
0
 73
1
 93
26
 10
139.285
 20
483.705
 10
137.855
 20
484.176
 10
136.416
 20
484.643
 10
134.979
 20
485.123
 10
133.554
 20
485.636
 10
132.15
 20
486.198
 10
130.776
 20
486.823
 10
129.441
 20
487.52
 10
128.148
 20
488.292
 10
126.899
 20
489.137
 10
125.693
 20
490.048
 10
124.524
 20
491.01
 10
123.383
 20
492.009
 10
123.393
 20
492.025
 10
124.583
 20
491.103
 10
125.796
 20
490.214
 10
127.039
 20
489.368
 10
128.313
 20
488.573
 10
129.62
 20
487.833
 10
130.958
 20
487.149
 10
132.322
 20
486.515
 10
133.706
 20
485.924
 10
135.103
 20
485.362
 10
136.504
 20
484.818
 10
137.903
 20
484.276
 10
139.293
 20
483.722
 97
0
 75
0
 76
1
 98
0
  0
HATCH
  5
1C8
330
17
100
AcDbEntity
  8
RASTER
 62
7
100
AcDbHatch
 10
0.0
 20
0.0
 30
0.0
210
0.0
220
0.0
230
1.0
  2
SOLID
 70
1
 71
0
 91
1
 92
3
 72
0
 73
1
 93
28
 10
121.51
 20
496.479
 10
120.358
 20
497.46
 10
119.231
 20
498.47
 10
118.12
 20
499.496
 10
117.016
 20
500.524
 10
115.908
 20
501.543
 10
114.79
 20
502.544
 10
113.654
 20
503.521
 10
112.498
 20
504.472
 10
111.319
 20
505.398
 10
110.122
 20
506.306
 10
108.913
 20
507.203
 10
107.699
 20
508.1
 10
106.491
 20
509.01
 10
106.504
 20
509.023
 10
107.772
 20
508.179
 10
109.04
 20
507.344
 10
110.297
 20
506.503
 10
111.53
 20
505.643
 10
112.732
 20
504.75
 10
113.899
 20
503.819
 10
115.031
 20
502.845
 10
116.133
 20
501.83
 10
117.212
 20
500.78
 10
118.278
 20
499.707
 10
119.343
 20
498.624
 10
120.42
 20
497.547
 10
121.52
 20
496.494
 97
0
 75
0
 76
1
 98
0
  0
HATCH
  5
1C9
330
17
100
AcDbEntity
  8
RASTER
 62
7
100
AcDbHatch
 10
0.0
 20
0.0
 30
0.0
210
0.0
220
0.0
230
1.0
  2
SOLID
 70
1
 71
0
 91
1
 92
3
 72
0
 73
1
 93
20
 10
104.05
 20
514.122
 10
102.825
 20
514.933
 10
101.603
 20
515.756
 10
100.408
 20
516.616
 10
99.266
 20
517.53
 10
98.194
 20
518.513
 10
97.206
 20
519.572
 10
96.308
 20
520.709
 10
95.5
 20
521.917
 10
94.77
 20
523.183
 10
94.784
 20
523.195
 10
95.61
 20
522.007
 10
96.502
 20
520.87
 10
97.459
 20
519.788
 10
98.477
 20
518.76
 10
99.547
 20
517.78
 10
100.655
 20
516.84
 10
101.787
 20
515.928
 10
102.928
 20
515.031
 10
104.063
 20
514.135
 97
0
 75
0
 76
1
 98
0
  0
HATCH
  5
1CA
330
17
100
AcDbEntity
  8
RASTER
 62
7
100
AcDbHatch
 10
0.0
 20
0.0
 30
0.0
210
0.0
220
0.0
230
1.0
  2
SOLID
 70
1
 71
0
 91
1
 92
3
 72
0
 73
1
 93
20
 10
88.865
 20
526.32
 10
87.848
 20
527.51
 10
86.786
 20
528.673
 10
85.696
 20
529.824
 10
84.603
 20
530.979
 10
83.53
 20
532.156
 10
82.502
 20
533.368
 10
81.541
 20
534.626
 10
80.661
 20
535.938
 10
79.872
 20
537.304
 10
79.888
 20
537.313
 10
80.81
 20
536.025
 10
81.804
 20
534.786
 10
82.85
 20
533.583
 10
83.92
 20
532.404
 10
84.99
 20
531.232
 10
86.036
 20
530.051
 10
87.04
 20
528.847
 10
87.989
 20
527.609
 10
88.88
 20
526.331
 97
0
 75
0
 76
1
 98
0
  0
HATCH
  5
1CB
330
17
100
AcDbEntity
  8
RASTER
 62
7
100
AcDbHatch
 10
0.0
 20
0.0
 30
0.0
210
0.0
220
0.0
230
1.0
  2
SOLID
 70
1
 71
0
 91
1
 92
3
 72
0
 73
1
 93
14
 10
114.433
 20
489.525
 10
113.095
 20
490.143
 10
111.82
 20
490.856
 10
110.625
 20
491.68
 10
109.52
 20
492.621
 10
108.5
 20
493.668
 10
107.554
 20
494.799
 10
107.566
 20
494.814
 10
108.622
 20
493.82
 10
109.719
 20
492.876
 10
110.85
 20
491.975
 10
112.014
 20
491.115
 10
113.21
 20
490.301
 10
114.443
 20
489.54
 97
0
 75
0
 76
1
 98
0
  0
HATCH
  5
1CC
330
17
100
AcDbEntity
  8
RASTER
 62
7
100
AcDbHatch
 10
0.0
 20
0.0
 30
0.0
210
0.0
220
0.0
230
1.0
  2
SOLID
 70
1
 71
0
 91
1
 92
3
 72
0
 73
1
 93
32
 10
104.739
 20
501.492
 10
103.583
 20
502.379
 10
102.41
 20
503.252
 10
101.227
 20
504.119
 10
100.04
 20
504.988
 10
98.858
 20
505.868
 10
97.689
 20
506.767
 10
96.543
 20
507.694
 10
95.429
 20
508.656
 10
94.352
 20
509.657
 10
93.32
 20
510.703
 10
92.337
 20
511.792
 10
91.404
 20
512.926
 10
90.52
 20
514.101
 10
89.682
 20
515.311
 10
88.886
 20
516.552
 10
88.9
 20
516.564
 10
89.749
 20
515.367
 10
90.635
 20
514.198
 10
91.562
 20
513.063
 10
92.532
 20
511.965
 10
93.543
 20
510.904
 10
94.593
 20
509.88
 10
95.677
 20
508.89
 10
96.789
 20
507.931
 10
97.922
 20
506.997
 10
99.069
 20
506.08
 10
100.221
 20
505.174
 10
101.371
 20
504.271
 10
102.513
 20
503.362
 10
103.641
 20
502.443
 10
104.751
 20
501.506
 97
0
 75
0
 76
1
 98
0
  0
HATCH
  5
1CD
330
17
100
AcDbEntity
  8
RASTER
 62
7
100
AcDbHatch
 10
0.0
 20
0.0
 30
0.0
210
0.0
220
0.0
230
1.0
  2
SOLID
 70
1
 71
0
 91
1
 92
3
 72
0
 73
1
 93
14
 10
78.776
 20
526.383
 10
78.096
 20
527.352
 10
77.455
 20
528.347
 10
76.866
 20
529.375
 10
76.332
 20
530.436
 10
75.849
 20
531.525
 10
75.403
 20
532.633
 10
75.419
 20
532.643
 10
75.985
 20
531.607
 10
76.555
 20
530.572
 10
77.12
 20
529.533
 10
77.676
 20
528.488
 10
78.229
 20
527.438
 10
78.792
 20
526.393
 97
0
 75
0
 76
1
 98
0
  0
HATCH
  5
1CE
330
17
100
AcDbEntity
  8
RASTER
 62
7
100
AcDbHatch
 10
0.0
 20
0.0
 30
0.0
210
0.0
220
0.0
230
1.0
  2
SOLID
 70
1
 71
0
 91
1
 92
3
 72
0
 73
1
 93
34
 10
70.603
 20
548.119
 10
69.981
 20
549.435
 10
69.328
 20
550.739
 10
68.649
 20
552.035
 10
67.954
 20
553.328
 10
67.253
 20
554.622
 10
66.56
 20
555.924
 10
65.891
 20
557.238
 10
65.259
 20
558.57
 10
64.677
 20
559.922
 10
64.155
 20
561.296
 10
63.7
 20
562.692
 10
63.314
 20
564.11
 10
62.994
 20
565.546
 10
62.736
 20
566.997
 10
62.528
 20
568.458
 10
62.358
 20
569.925
 10
62.376
 20
569.93
 10
62.619
 20
568.482
 10
62.896
 20
567.041
 10
63.218
 20
565.61
 10
63.592
 20
564.193
 10
64.023
 20
562.793
 10
64.511
 20
561.411
 10
65.052
 20
560.047
 10
65.64
 20
558.702
 10
66.263
 20
557.371
 10
66.911
 20
556.053
 10
67.569
 20
554.743
 10
68.224
 20
553.434
 10
68.864
 20
552.123
 10
69.481
 20
550.803
 10
70.067
 20
549.472
 10
70.62
 20
548.127
 97
0
 75
0
 76
1
 98
0
  0
HATCH
  5
1CF
330
17
100
AcDbEntity
  8
RASTER
 62
7
100
AcDbHatch
 10
0.0
 20
0.0
 30
0.0
210
0.0
220
0.0
230
1.0
  2
SOLID
 70
1
 71
0
 91
1
 92
3
 72
0
 73
1
 93
20
 10
59.93
 20
586.084
 10
59.416
 20
587.433
 10
58.89
 20
588.787
 10
58.382
 20
590.151
 10
57.923
 20
591.527
 10
57.537
 20
592.916
 10
57.247
 20
594.317
 10
57.063
 20
595.728
 10
56.992
 20
597.147
 10
57.029
 20
598.569
 10
57.048
 20
598.57
 10
57.169
 20
597.155
 10
57.38
 20
595.747
 10
57.667
 20
594.346
 10
58.013
 20
592.954
 10
58.398
 20
591.57
 10
58.802
 20
590.193
 10
59.206
 20
588.822
 10
59.593
 20
587.454
 10
59.949
 20
586.086
 97
0
 75
0
 76
1
 98
0
  0
HATCH
  5
1D0
330
17
100
AcDbEntity
  8
RASTER
 62
7
100
AcDbHatch
 10
0.0
 20
0.0
 30
0.0
210
0.0
220
0.0
230
1.0
  2
SOLID
 70
1
 71
0
 91
1
 92
3
 72
0
 73
1
 93
34
 10
55.336
 20
605.913
 10
55.464
 20
607.463
 10
55.644
 20
609.009
 10
55.866
 20
610.551
 10
56.116
 20
612.087
 10
56.38
 20
613.619
 10
56.644
 20
615.147
 10
56.895
 20
616.674
 10
57.125
 20
618.2
 10
57.327
 20
619.728
 10
57.499
 20
621.259
 10
57.642
 20
622.795
 10
57.761
 20
624.335
 10
57.867
 20
625.88
 10
57.968
 20
627.429
 10
58.08
 20
628.979
 10
58.214
 20
630.529
 10
58.233
 20
630.526
 10
58.186
 20
628.96
 10
58.159
 20
627.396
 10
58.136
 20
625.837
 10
58.1
 20
624.285
 10
58.037
 20
622.74
 10
57.936
 20
621.204
 10
57.791
 20
619.675
 10
57.598
 20
618.151
 10
57.36
 20
616.631
 10
57.083
 20
615.112
 10
56.778
 20
613.591
 10
56.458
 20
612.067
 10
56.139
 20
610.538
 10
55.838
 20
609.002
 10
55.572
 20
607.461
 10
55.355
 20
605.913
 97
0
 75
0
 76
1
 98
0
  0
HATCH
  5
1D1
330
17
100
AcDbEntity
  8
RASTER
 62
7
100
AcDbHatch
 10
0.0
 20
0.0
 30
0.0
210
0.0
220
0.0
230
1.0
  2
SOLID
 70
1
 71
0
 91
1
 92
3
 72
0
 73
1
 93
14
 10
64.013
 20
636.782
 10
64.18
 20
638.229
 10
64.322
 20
639.688
 10
64.476
 20
641.148
 10
64.67
 20
642.602
 10
64.92
 20
644.044
 10
65.235
 20
645.47
 10
65.252
 20
645.464
 10
65.12
 20
643.983
 10
65.004
 20
642.504
 10
64.861
 20
641.039
 10
64.659
 20
639.596
 10
64.382
 20
638.177
 10
64.031
 20
636.778
 97
0
 75
0
 76
1
 98
0
  0
HATCH
  5
1D2
330
17
100
AcDbEntity
  8
RASTER
 62
7
100
AcDbHatch
 10
0.0
 20
0.0
 30
0.0
210
0.0
220
0.0
230
1.0
  2
SOLID
 70
1
 71
0
 91
1
 92
3
 72
0
 73
1
 93
36
 10
63.246
 20
652.026
 10
63.734
 20
653.443
 10
64.279
 20
654.839
 10
64.879
 20
656.214
 10
65.531
 20
657.566
 10
66.231
 20
658.895
 10
66.974
 20
660.203
 10
67.753
 20
661.491
 10
68.56
 20
662.761
 10
69.388
 20
664.017
 10
70.228
 20
665.262
 10
71.074
 20
666.5
 10
71.916
 20
667.734
 10
72.75
 20
668.968
 10
73.568
 20
670.207
 10
74.368
 20
671.453
 10
75.145
 20
672.71
 10
75.899
 20
673.979
 10
75.915
 20
673.969
 10
75.219
 20
672.668
 10
74.498
 20
671.381
 10
73.751
 20
670.108
 10
72.98
 20
668.847
 10
72.188
 20
667.594
 10
71.378
 20
666.347
 10
70.556
 20
665.103
 10
69.728
 20
663.856
 10
68.901
 20
662.603
 10
68.085
 20
661.341
 10
67.285
 20
660.067
 10
66.512
 20
658.776
 10
65.772
 20
657.466
 10
65.071
 20
656.137
 10
64.417
 20
654.786
 10
63.813
 20
653.413
 10
63.264
 20
652.019
 97
0
 75
0
 76
1
 98
0
  0
HATCH
  5
1D3
330
17
100
AcDbEntity
  8
RASTER
 62
7
100
AcDbHatch
 10
0.0
 20
0.0
 30
0.0
210
0.0
220
0.0
230
1.0
  2
SOLID
 70
1
 71
0
 91
1
 92
3
 72
0
 73
1
 93
16
 10
82.32
 20
677.404
 10
83.231
 20
678.541
 10
84.076
 20
679.718
 10
84.859
 20
680.937
 10
85.587
 20
682.197
 10
86.272
 20
683.491
 10
86.928
 20
684.812
 10
87.573
 20
686.148
 10
87.588
 20
686.137
 10
87.071
 20
684.705
 10
86.52
 20
683.311
 10
85.895
 20
681.978
 10
85.169
 20
680.722
 10
84.33
 20
679.546
 10
83.379
 20
678.442
 10
82.335
 20
677.394
 97
0
 75
0
 76
1
 98
0
  0
HATCH
  5
1D4
330
17
100
AcDbEntity
  8
RASTER
 62
7
100
AcDbHatch
 10
0.0
 20
0.0
 30
0.0
210
0.0
220
0.0
230
1.0
  2
SOLID
 70
1
 71
0
 91
1
 92
3
 72
0
 73
1
 93
20
 10
96.866
 20
698.057
 10
97.958
 20
699.081
 10
99.083
 20
700.068
 10
100.239
 20
701.02
 10
101.421
 20
701.943
 10
102.62
 20
702.842
 10
103.829
 20
703.724
 10
105.039
 20
704.6
 10
106.241
 20
705.479
 10
107.428
 20
706.372
 10
107.44
 20
706.357
 10
106.332
 20
705.376
 10
105.201
 20
704.42
 10
104.046
 20
703.489
 10
102.868
 20
702.579
 10
101.672
 20
701.683
 10
100.464
 20
700.792
 10
99.255
 20
699.897
 10
98.056
 20
698.985
 10
96.88
 20
698.044
 97
0
 75
0
 76
1
 98
0
  0
HATCH
  5
1D5
330
17
100
AcDbEntity
  8
RASTER
 62
7
100
AcDbHatch
 10
0.0
 20
0.0
 30
0.0
210
0.0
220
0.0
230
1.0
  2
SOLID
 70
1
 71
0
 91
1
 92
3
 72
0
 73
1
 93
28
 10
111.701
 20
710.626
 10
112.737
 20
711.612
 10
113.78
 20
712.593
 10
114.834
 20
713.565
 10
115.902
 20
714.523
 10
116.987
 20
715.462
 10
118.092
 20
716.378
 10
119.219
 20
717.267
 10
120.368
 20
718.125
 10
121.54
 20
718.951
 10
122.735
 20
719.743
 10
123.953
 20
720.499
 10
125.191
 20
721.221
 10
126.449
 20
721.909
 10
126.459
 20
721.893
 10
125.241
 20
721.14
 10
124.041
 20
720.357
 10
122.859
 20
719.548
 10
121.693
 20
718.714
 10
120.543
 20
717.86
 10
119.407
 20
716.988
 10
118.284
 20
716.102
 10
117.171
 20
715.203
 10
116.068
 20
714.295
 10
114.971
 20
713.38
 10
113.881
 20
712.46
 10
112.795
 20
711.537
 10
111.713
 20
710.611
 97
0
 75
0
 76
1
 98
0
  0
HATCH
  5
1D6
330
17
100
AcDbEntity
  8
RASTER
 62
7
100
AcDbHatch
 10
0.0
 20
0.0
 30
0.0
210
0.0
220
0.0
230
1.0
  2
SOLID
 70
1
 71
0
 91
1
 92
3
 72
0
 73
1
 93
22
 10
133.981
 20
727.907
 10
135.275
 20
728.622
 10
136.561
 20
729.357
 10
137.844
 20
730.104
 10
139.128
 20
730.858
 10
140.415
 20
731.61
 10
141.711
 20
732.354
 10
143.018
 20
733.08
 10
144.337
 20
733.785
 10
145.672
 20
734.46
 10
147.022
 20
735.104
 10
147.028
 20
735.086
 10
145.715
 20
734.349
 10
144.415
 20
733.59
 10
143.125
 20
732.82
 10
141.839
 20
732.052
 10
140.553
 20
731.296
 10
139.262
 20
730.56
 10
137.962
 20
729.849
 10
136.651
 20
729.168
 10
135.327
 20
728.515
 10
133.989
 20
727.89
 97
0
 75
0
 76
1
 98
0
  0
HATCH
  5
1D7
330
17
100
AcDbEntity
  8
RASTER
 62
7
100
AcDbHatch
 10
0.0
 20
0.0
 30
0.0
210
0.0
220
0.0
230
1.0
  2
SOLID
 70
1
 71
0
 91
1
 92
3
 72
0
 73
1
 93
18
 10
161.58
 20
739.624
 10
162.931
 20
740.108
 10
164.281
 20
740.609
 10
165.635
 20
741.108
 10
166.997
 20
741.588
 10
168.37
 20
742.035
 10
169.755
 20
742.435
 10
171.153
 20
742.781
 10
172.562
 20
743.07
 10
172.565
 20
743.052
 10
171.179
 20
742.635
 10
169.804
 20
742.18
 10
168.436
 20
741.708
 10
167.072
 20
741.237
 10
165.707
 20
740.782
 10
164.34
 20
740.356
 10
162.966
 20
739.963
 10
161.585
 20
739.606
 97
0
 75
0
 76
1
 98
0
  0
HATCH
  5
1D8
330
17
100
AcDbEntity
  8
RASTER
 62
7
100
AcDbHatch
 10
0.0
 20
0.0
 30
0.0
210
0.0
220
0.0
230
1.0
  2
SOLID
 70
1
 71
0
 91
1
 92
3
 72
0
 73
1
 93
34
 10
185.168
 20
738.843
 10
186.592
 20
739.234
 10
188.018
 20
739.695
 10
189.451
 20
740.189
 10
190.893
 20
740.673
 10
192.345
 20
741.104
 10
193.808
 20
741.443
 10
195.278
 20
741.659
 10
196.752
 20
741.73
 10
198.225
 20
741.649
 10
199.693
 20
741.424
 10
201.153
 20
741.075
 10
202.602
 20
740.632
 10
204.039
 20
740.135
 10
205.468
 20
739.628
 10
206.89
 20
739.153
 10
208.31
 20
738.745
 10
208.308
 20
738.727
 10
206.882
 20
739.063
 10
205.457
 20
739.471
 10
204.027
 20
739.915
 10
202.589
 20
740.356
 10
201.141
 20
740.753
 10
199.684
 20
741.069
 10
198.219
 20
741.274
 10
196.75
 20
741.347
 10
195.28
 20
741.283
 10
193.814
 20
741.088
 10
192.354
 20
740.783
 10
190.903
 20
740.397
 10
189.461
 20
739.968
 10
188.027
 20
739.538
 10
186.598
 20
739.145
 10
185.169
 20
738.824
 97
0
 75
0
 76
1
 98
0
  0
HATCH
  5
1D9
330
17
100
AcDbEntity
  8
RASTER
 62
7
100
AcDbHatch
 10
0.0
 20
0.0
 30
0.0
210
0.0
220
0.0
230
1.0
  2
SOLID
 70
1
 71
0
 91
1
 92
3
 72
0
 73
1
 93
24
 10
224.228
 20
738.417
 10
225.625
 20
737.976
 10
227.022
 20
737.548
 10
228.42
 20
737.136
 10
229.822
 20
736.74
 10
231.227
 20
736.362
 10
232.636
 20
736.001
 10
234.051
 20
735.656
 10
235.471
 20
735.325
 10
236.897
 20
735.006
 10
238.329
 20
734.696
 10
239.766
 20
734.392
 10
239.76
 20
734.375
 10
238.289
 20
734.571
 10
236.828
 20
734.781
 10
235.379
 20
735.017
 10
233.945
 20
735.288
 10
232.526
 20
735.601
 10
231.12
 20
735.961
 10
229.727
 20
736.369
 10
228.345
 20
736.823
 10
226.969
 20
737.319
 10
225.596
 20
737.847
 10
224.224
 20
738.399
 97
0
 75
0
 76
1
 98
0
  0
HATCH
  5
1DA
330
17
100
AcDbEntity
  8
RASTER
 62
7
100
AcDbHatch
 10
0.0
 20
0.0
 30
0.0
210
0.0
220
0.0
230
1.0
  2
SOLID
 70
1
 71
0
 91
1
 92
3
 72
0
 73
1
 93
24
 10
246.617
 20
736.306
 10
248.136
 20
735.968
 10
249.644
 20
735.589
 10
251.136
 20
735.161
 10
252.607
 20
734.676
 10
254.054
 20
734.128
 10
255.474
 20
733.514
 10
256.862
 20
732.835
 10
258.22
 20
732.092
 10
259.547
 20
731.292
 10
260.846
 20
730.441
 10
262.118
 20
729.548
 10
262.109
 20
729.532
 10
260.78
 20
730.313
 10
259.432
 20
731.06
 10
258.066
 20
731.773
 10
256.682
 20
732.452
 10
255.283
 20
733.098
 10
253.868
 20
733.709
 10
252.44
 20
734.288
 10
250.999
 20
734.835
 10
249.546
 20
735.35
 10
248.083
 20
735.834
 10
246.611
 20
736.289
 97
0
 75
0
 76
1
 98
0
  0
HATCH
  5
1DB
330
17
100
AcDbEntity
  8
RASTER
 62
7
100
AcDbHatch
 10
0.0
 20
0.0
 30
0.0
210
0.0
220
0.0
230
1.0
  2
SOLID
 70
1
 71
0
 91
1
 92
3
 72
0
 73
1
 93
32
 10
271.053
 20
720.165
 10
272.106
 20
719.128
 10
273.122
 20
718.047
 10
274.119
 20
716.951
 10
275.12
 20
715.872
 10
276.143
 20
714.835
 10
277.206
 20
713.861
 10
278.321
 20
712.962
 10
279.495
 20
712.14
 10
280.726
 20
711.389
 10
282.007
 20
710.695
 10
283.323
 20
710.034
 10
284.654
 20
709.38
 10
285.976
 20
708.705
 10
287.266
 20
707.982
 10
288.501
 20
707.188
 10
288.488
 20
707.174
 10
287.206
 20
707.914
 10
285.873
 20
708.584
 10
284.511
 20
709.21
 10
283.148
 20
709.821
 10
281.808
 20
710.447
 10
280.512
 20
711.117
 10
279.274
 20
711.853
 10
278.103
 20
712.672
 10
276.999
 20
713.581
 10
275.957
 20
714.577
 10
274.961
 20
715.647
 10
273.993
 20
716.769
 10
273.033
 20
717.915
 10
272.056
 20
719.053
 10
271.043
 20
720.149
 97
0
 75
0
 76
1
 98
0
  0
HATCH
  5
1DC
330
17
100
AcDbEntity
  8
RASTER
 62
7
100
AcDbHatch
 10
0.0
 20
0.0
 30
0.0
210
0.0
220
0.0
230
1.0
  2
SOLID
 70
1
 71
0
 91
1
 92
3
 72
0
 73
1
 93
18
 10
292.121
 20
703.234
 10
293.41
 20
702.344
 10
294.669
 20
701.416
 10
295.884
 20
700.437
 10
297.042
 20
699.398
 10
298.134
 20
698.295
 10
299.157
 20
697.127
 10
300.113
 20
695.901
 10
301.009
 20
694.626
 10
300.995
 20
694.614
 10
300.011
 20
695.811
 10
298.982
 20
696.969
 10
297.912
 20
698.089
 10
296.805
 20
699.174
 10
295.667
 20
700.227
 10
294.502
 20
701.25
 10
293.314
 20
702.247
 10
292.108
 20
703.221
 97
0
 75
0
 76
1
 98
0
  0
HATCH
  5
1DD
330
17
100
AcDbEntity
  8
RASTER
 62
7
100
AcDbHatch
 10
0.0
 20
0.0
 30
0.0
210
0.0
220
0.0
230
1.0
  2
SOLID
 70
1
 71
0
 91
1
 92
3
 72
0
 73
1
 93
18
 10
304.466
 20
686.52
 10
305.356
 20
685.292
 10
306.226
 20
684.051
 10
307.072
 20
682.793
 10
307.89
 20
681.516
 10
308.68
 20
680.222
 10
309.444
 20
678.913
 10
310.188
 20
677.593
 10
310.921
 20
676.269
 10
310.905
 20
676.259
 10
310.059
 20
677.509
 10
309.219
 20
678.764
 10
308.393
 20
680.028
 10
307.584
 20
681.303
 10
306.79
 20
682.592
 10
306.009
 20
683.892
 10
305.232
 20
685.2
 10
304.451
 20
686.509
 97
0
 75
0
 76
1
 98
0
  0
HATCH
  5
1DE
330
17
100
AcDbEntity
  8
RASTER
 62
7
100
AcDbHatch
 10
0.0
 20
0.0
 30
0.0
210
0.0
220
0.0
230
1.0
  2
SOLID
 70
1
 71
0
 91
1
 92
3
 72
0
 73
1
 93
22
 10
321.056
 20
670.814
 10
321.994
 20
669.511
 10
322.914
 20
668.194
 10
323.805
 20
666.856
 10
324.657
 20
665.495
 10
325.462
 20
664.108
 10
326.215
 20
662.693
 10
326.911
 20
661.251
 10
327.549
 20
659.783
 10
328.131
 20
658.291
 10
328.66
 20
656.779
 10
328.643
 20
656.772
 10
328.009
 20
658.241
 10
327.334
 20
659.691
 10
326.622
 20
661.124
 10
325.881
 20
662.542
 10
325.114
 20
663.945
 10
324.326
 20
665.337
 10
323.522
 20
666.717
 10
322.705
 20
668.088
 10
321.877
 20
669.45
 10
321.04
 20
670.805
 97
0
 75
0
 76
1
 98
0
  0
HATCH
  5
1DF
330
17
100
AcDbEntity
  8
RASTER
 62
7
100
AcDbHatch
 10
0.0
 20
0.0
 30
0.0
210
0.0
220
0.0
230
1.0
  2
SOLID
 70
1
 71
0
 91
1
 92
3
 72
0
 73
1
 93
28
 10
328.327
 20
645.933
 10
328.956
 20
644.515
 10
329.577
 20
643.09
 10
330.182
 20
641.656
 10
330.76
 20
640.21
 10
331.304
 20
638.751
 10
331.805
 20
637.278
 10
332.256
 20
635.79
 10
332.653
 20
634.288
 10
332.993
 20
632.772
 10
333.275
 20
631.244
 10
333.501
 20
629.707
 10
333.674
 20
628.161
 10
333.8
 20
626.61
 10
333.782
 20
626.607
 10
333.569
 20
628.142
 10
333.314
 20
629.671
 10
333.017
 20
631.193
 10
332.678
 20
632.705
 10
332.298
 20
634.208
 10
331.881
 20
635.702
 10
331.431
 20
637.185
 10
330.952
 20
638.66
 10
330.449
 20
640.126
 10
329.928
 20
641.584
 10
329.395
 20
643.036
 10
328.853
 20
644.484
 10
328.309
 20
645.928
 97
0
 75
0
 76
1
 98
0
  0
HATCH
  5
1E0
330
17
100
AcDbEntity
  8
RASTER
 62
7
100
AcDbHatch
 10
0.0
 20
0.0
 30
0.0
210
0.0
220
0.0
230
1.0
  2
SOLID
 70
1
 71
0
 91
1
 92
3
 72
0
 73
1
 93
26
 10
333.239
 20
616.819
 10
333.548
 20
615.372
 10
333.932
 20
613.926
 10
334.367
 20
612.478
 10
334.821
 20
611.024
 10
335.258
 20
609.56
 10
335.644
 20
608.087
 10
335.945
 20
606.605
 10
336.137
 20
605.117
 10
336.202
 20
603.625
 10
336.133
 20
602.133
 10
335.936
 20
600.645
 10
335.626
 20
599.164
 10
335.608
 20
599.165
 10
335.84
 20
600.647
 10
335.964
 20
602.135
 10
335.97
 20
603.625
 10
335.857
 20
605.114
 10
335.635
 20
606.599
 10
335.323
 20
608.078
 10
334.948
 20
609.548
 10
334.541
 20
611.009
 10
334.135
 20
612.464
 10
333.763
 20
613.914
 10
333.451
 20
615.364
 10
333.22
 20
616.817
 97
0
 75
0
 76
1
 98
0
  0
HATCH
  5
1E1
330
17
100
AcDbEntity
  8
RASTER
 62
7
100
AcDbHatch
 10
0.0
 20
0.0
 30
0.0
210
0.0
220
0.0
230
1.0
  2
SOLID
 70
1
 71
0
 91
1
 92
3
 72
0
 73
1
 93
22
 10
332.932
 20
585.395
 10
332.856
 20
583.904
 10
332.634
 20
582.433
 10
332.266
 20
580.987
 10
331.773
 20
579.565
 10
331.188
 20
578.166
 10
330.555
 20
576.784
 10
329.921
 20
575.409
 10
329.331
 20
574.032
 10
328.821
 20
572.643
 10
328.413
 20
571.232
 10
328.395
 20
571.236
 10
328.716
 20
572.667
 10
329.148
 20
574.073
 10
329.675
 20
575.462
 10
330.268
 20
576.842
 10
330.886
 20
578.223
 10
331.485
 20
579.617
 10
332.018
 20
581.028
 10
332.448
 20
582.462
 10
332.75
 20
583.92
 10
332.914
 20
585.397
 97
0
 75
0
 76
1
 98
0
  0
HATCH
  5
1E2
330
17
100
AcDbEntity
  8
RASTER
 62
7
100
AcDbHatch
 10
0.0
 20
0.0
 30
0.0
210
0.0
220
0.0
230
1.0
  2
SOLID
 70
1
 71
0
 91
1
 92
3
 72
0
 73
1
 93
24
 10
327.894
 20
554.832
 10
327.237
 20
553.503
 10
326.566
 20
552.184
 10
325.885
 20
550.871
 10
325.198
 20
549.564
 10
324.51
 20
548.26
 10
323.824
 20
546.958
 10
323.145
 20
545.655
 10
322.475
 20
544.349
 10
321.818
 20
543.038
 10
321.176
 20
541.721
 10
320.549
 20
540.395
 10
320.533
 20
540.403
 10
321.07
 20
541.773
 10
321.63
 20
543.129
 10
322.217
 20
544.47
 10
322.836
 20
545.796
 10
323.488
 20
547.107
 10
324.173
 20
548.406
 10
324.885
 20
549.695
 10
325.621
 20
550.979
 10
326.371
 20
552.261
 10
327.127
 20
553.546
 10
327.877
 20
554.838
 97
0
 75
0
 76
1
 98
0
  0
HATCH
  5
1E3
330
17
100
AcDbEntity
  8
RASTER
 62
7
100
AcDbHatch
 10
0.0
 20
0.0
 30
0.0
210
0.0
220
0.0
230
1.0
  2
SOLID
 70
1
 71
0
 91
1
 92
3
 72
0
 73
1
 93
30
 10
314.111
 20
527.469
 10
313.137
 20
526.239
 10
312.149
 20
525.023
 10
311.156
 20
523.813
 10
310.167
 20
522.604
 10
309.19
 20
521.389
 10
308.229
 20
520.164
 10
307.287
 20
518.926
 10
306.364
 20
517.672
 10
305.457
 20
516.405
 10
304.56
 20
515.128
 10
303.665
 20
513.844
 10
302.766
 20
512.561
 10
301.852
 20
511.286
 10
300.915
 20
510.027
 10
300.901
 20
510.039
 10
301.791
 20
511.339
 10
302.659
 20
512.653
 10
303.516
 20
513.969
 10
304.374
 20
515.279
 10
305.244
 20
516.576
 10
306.133
 20
517.853
 10
307.048
 20
519.108
 10
307.994
 20
520.34
 10
308.969
 20
521.55
 10
309.972
 20
522.743
 10
310.996
 20
523.925
 10
312.032
 20
525.102
 10
313.069
 20
526.285
 10
314.095
 20
527.479
 97
0
 75
0
 76
1
 98
0
  0
HATCH
  5
1E4
330
17
100
AcDbEntity
  8
RASTER
 62
7
100
AcDbHatch
 10
0.0
 20
0.0
 30
0.0
210
0.0
220
0.0
230
1.0
  2
SOLID
 70
1
 71
0
 91
1
 92
3
 72
0
 73
1
 93
22
 10
291.627
 20
506.758
 10
290.435
 20
505.862
 10
289.23
 20
504.984
 10
288.024
 20
504.114
 10
286.826
 20
503.242
 10
285.644
 20
502.356
 10
284.484
 20
501.449
 10
283.348
 20
500.515
 10
282.238
 20
499.55
 10
281.151
 20
498.556
 10
280.082
 20
497.536
 10
280.07
 20
497.551
 10
281.083
 20
498.641
 10
282.117
 20
499.697
 10
283.183
 20
500.71
 10
284.29
 20
501.674
 10
285.438
 20
502.589
 10
286.627
 20
503.462
 10
287.851
 20
504.302
 10
289.1
 20
505.123
 10
290.359
 20
505.94
 10
291.613
 20
506.771
 97
0
 75
0
 76
1
 98
0
  0
HATCH
  5
1E5
330
17
100
AcDbEntity
  8
RASTER
 62
7
100
AcDbHatch
 10
0.0
 20
0.0
 30
0.0
210
0.0
220
0.0
230
1.0
  2
SOLID
 70
1
 71
0
 91
1
 92
3
 72
0
 73
1
 93
30
 10
269.902
 20
488.009
 10
268.578
 20
487.34
 10
267.254
 20
486.677
 10
265.931
 20
486.016
 10
264.61
 20
485.357
 10
263.292
 20
484.698
 10
261.976
 20
484.037
 10
260.663
 20
483.374
 10
259.353
 20
482.706
 10
258.046
 20
482.034
 10
256.741
 20
481.356
 10
255.438
 20
480.673
 10
254.137
 20
479.984
 10
252.836
 20
479.29
 10
251.535
 20
478.591
 10
251.528
 20
478.608
 10
252.791
 20
479.389
 10
254.055
 20
480.16
 10
255.321
 20
480.916
 10
256.593
 20
481.656
 10
257.873
 20
482.374
 10
259.163
 20
483.071
 10
260.464
 20
483.745
 10
261.778
 20
484.398
 10
263.105
 20
485.031
 10
264.443
 20
485.646
 10
265.794
 20
486.249
 10
267.153
 20
486.842
 10
268.52
 20
487.432
 10
269.892
 20
488.024
 97
0
 75
0
 76
1
 98
0
  0
HATCH
  5
1E6
330
17
100
AcDbEntity
  8
RASTER
 62
7
100
AcDbHatch
 10
0.0
 20
0.0
 30
0.0
210
0.0
220
0.0
230
1.0
  2
SOLID
 70
1
 71
0
 91
1
 92
3
 72
0
 73
1
 93
26
 10
243.533
 20
469.784
 10
242.032
 20
469.479
 10
240.521
 20
469.218
 10
239.011
 20
468.969
 10
237.512
 20
468.701
 10
236.03
 20
468.389
 10
234.568
 20
468.014
 10
233.126
 20
467.57
 10
231.699
 20
467.063
 10
230.281
 20
466.507
 10
228.865
 20
465.929
 10
227.441
 20
465.36
 10
226.003
 20
464.832
 10
225.999
 20
464.85
 10
227.41
 20
465.495
 10
228.807
 20
466.174
 10
230.197
 20
466.845
 10
231.593
 20
467.471
 10
233.003
 20
468.023
 10
234.436
 20
468.481
 10
235.897
 20
468.838
 10
237.388
 20
469.105
 10
238.906
 20
469.3
 10
240.442
 20
469.457
 10
241.987
 20
469.611
 10
243.527
 20
469.801
 97
0
 75
0
 76
1
 98
0
  0
HATCH
  5
1E7
330
17
100
AcDbEntity
  8
RASTER
 62
7
100
AcDbHatch
 10
0.0
 20
0.0
 30
0.0
210
0.0
220
0.0
230
1.0
  2
SOLID
 70
1
 71
0
 91
1
 92
3
 72
0
 73
1
 93
16
 10
217.336
 20
468.587
 10
215.952
 20
468.062
 10
214.562
 20
467.536
 10
213.158
 20
467.061
 10
211.737
 20
466.678
 10
210.299
 20
466.419
 10
208.846
 20
466.295
 10
207.383
 20
466.301
 10
207.382
 20
466.319
 10
208.827
 20
466.504
 10
210.262
 20
466.78
 10
211.687
 20
467.123
 10
213.103
 20
467.505
 10
214.513
 20
467.896
 10
215.922
 20
468.269
 10
217.333
 20
468.605
 97
0
 75
0
 76
1
 98
0
  0
HATCH
  5
1E8
330
17
100
AcDbEntity
  8
RASTER
 62
7
100
AcDbHatch
 10
0.0
 20
0.0
 30
0.0
210
0.0
220
0.0
230
1.0
  2
SOLID
 70
1
 71
0
 91
1
 92
3
 72
0
 73
1
 93
28
 10
191.205
 20
467.726
 10
189.694
 20
467.898
 10
188.185
 20
468.068
 10
186.678
 20
468.234
 10
185.171
 20
468.392
 10
183.664
 20
468.54
 10
182.157
 20
468.679
 10
180.648
 20
468.809
 10
179.137
 20
468.932
 10
177.624
 20
469.049
 10
176.109
 20
469.166
 10
174.591
 20
469.285
 10
173.073
 20
469.411
 10
171.553
 20
469.55
 10
171.557
 20
469.569
 10
173.094
 20
469.536
 10
174.627
 20
469.51
 10
176.155
 20
469.479
 10
177.677
 20
469.434
 10
179.192
 20
469.367
 10
180.701
 20
469.271
 10
182.205
 20
469.141
 10
183.705
 20
468.977
 10
185.203
 20
468.779
 10
186.7
 20
468.55
 10
188.199
 20
468.296
 10
189.7
 20
468.024
 10
191.206
 20
467.744
 97
0
 75
0
 76
1
 98
0
  0
HATCH
  5
1E9
330
17
100
AcDbEntity
  8
RASTER
 62
7
100
AcDbHatch
 10
0.0
 20
0.0
 30
0.0
210
0.0
220
0.0
230
1.0
  2
SOLID
 70
1
 71
0
 91
1
 92
3
 72
0
 73
1
 93
28
 10
154.999
 20
471.253
 10
153.503
 20
471.599
 10
151.96
 20
471.816
 10
150.378
 20
471.94
 10
148.772
 20
472.021
 10
147.161
 20
472.121
 10
145.569
 20
472.297
 10
144.018
 20
472.602
 10
142.528
 20
473.07
 10
141.109
 20
473.717
 10
139.766
 20
474.534
 10
138.492
 20
475.493
 10
137.271
 20
476.547
 10
136.078
 20
477.64
 10
136.086
 20
477.657
 10
137.309
 20
476.631
 10
138.558
 20
475.64
 10
139.855
 20
474.738
 10
141.215
 20
473.967
 10
142.644
 20
473.353
 10
144.138
 20
472.903
 10
145.685
 20
472.599
 10
147.268
 20
472.407
 10
148.864
 20
472.277
 10
150.451
 20
472.15
 10
152.011
 20
471.969
 10
153.531
 20
471.687
 10
155.005
 20
471.271
 97
0
 75
0
 76
1
 98
0
  0
HATCH
  5
1EA
330
17
100
AcDbEntity
  8
RASTER
 62
7
100
AcDbHatch
 10
0.0
 20
0.0
 30
0.0
210
0.0
220
0.0
230
1.0
  2
SOLID
 70
1
 71
0
 91
1
 92
3
 72
0
 73
1
 93
26
 10
133.613
 20
482.478
 10
132.302
 20
483.191
 10
130.992
 20
483.903
 10
129.681
 20
484.615
 10
128.371
 20
485.329
 10
127.062
 20
486.046
 10
125.755
 20
486.768
 10
124.45
 20
487.495
 10
123.148
 20
488.23
 10
121.849
 20
488.973
 10
120.553
 20
489.724
 10
119.261
 20
490.484
 10
117.973
 20
491.253
 10
117.984
 20
491.268
 10
119.316
 20
490.564
 10
120.647
 20
489.866
 10
121.975
 20
489.168
 10
123.298
 20
488.468
 10
124.613
 20
487.761
 10
125.921
 20
487.044
 10
127.22
 20
486.315
 10
128.51
 20
485.573
 10
129.794
 20
484.819
 10
131.073
 20
484.053
 10
132.348
 20
483.277
 10
133.621
 20
482.495
 97
0
 75
0
 76
1
 98
0
  0
HATCH
  5
1EB
330
17
100
AcDbEntity
  8
RASTER
 62
7
100
AcDbHatch
 10
0.0
 20
0.0
 30
0.0
210
0.0
220
0.0
230
1.0
  2
SOLID
 70
1
 71
0
 91
2
 92
3
 72
0
 73
1
 93
48
 10
201.927
 20
783.232
 10
201.877
 20
782.476
 10
201.729
 20
781.733
 10
201.486
 20
781.016
 10
201.151
 20
780.336
 10
200.73
 20
779.706
 10
200.231
 20
779.137
 10
199.661
 20
778.637
 10
199.031
 20
778.217
 10
198.352
 20
777.882
 10
197.635
 20
777.638
 10
196.892
 20
777.49
 10
196.136
 20
777.441
 10
195.38
 20
777.49
 10
194.637
 20
777.638
 10
193.92
 20
777.882
 10
193.241
 20
778.217
 10
192.611
 20
778.637
 10
192.041
 20
779.137
 10
191.542
 20
779.706
 10
191.121
 20
780.336
 10
190.786
 20
781.016
 10
190.542
 20
781.733
 10
190.395
 20
782.476
 10
190.345
 20
783.232
 10
190.395
 20
783.987
 10
190.542
 20
784.73
 10
190.786
 20
785.448
 10
191.121
 20
786.127
 10
191.542
 20
786.757
 10
192.041
 20
787.326
 10
192.611
 20
787.826
 10
193.241
 20
788.247
 10
193.92
 20
788.582
 10
194.637
 20
788.825
 10
195.38
 20
788.973
 10
196.136
 20
789.022
 10
196.892
 20
788.973
 10
197.635
 20
788.825
 10
198.352
 20
788.582
 10
199.031
 20
788.247
 10
199.661
 20
787.826
 10
200.231
 20
787.326
 10
200.73
 20
786.757
 10
201.151
 20
786.127
 10
201.486
 20
785.448
 10
201.729
 20
784.73
 10
201.877
 20
783.987
 97
0
 92
2
 72
0
 73
1
 93
13
 10
198.575
 20
780.433
 10
198.575
 20
785.968
 10
197.59
 20
785.968
 10
197.59
 20
781.692
 10
197.574
 20
781.692
 10
194.948
 20
785.968
 10
193.697
 20
785.968
 10
193.697
 20
780.433
 10
194.682
 20
780.433
 10
194.682
 20
784.576
 10
194.698
 20
784.576
 10
197.27
 20
780.433
 10
198.575
 20
780.433
 97
0
 75
0
 76
1
 98
0
  0
HATCH
  5
1EC
330
17
100
AcDbEntity
  8
RASTER
 62
7
100
AcDbHatch
 10
0.0
 20
0.0
 30
0.0
210
0.0
220
0.0
230
1.0
  2
SOLID
 70
1
 71
0
 91
2
 92
3
 72
0
 73
1
 93
48
 10
381.294
 20
603.864
 10
381.245
 20
603.108
 10
381.097
 20
602.365
 10
380.854
 20
601.648
 10
380.518
 20
600.969
 10
380.098
 20
600.339
 10
379.598
 20
599.769
 10
379.029
 20
599.27
 10
378.399
 20
598.849
 10
377.72
 20
598.514
 10
377.002
 20
598.271
 10
376.259
 20
598.123
 10
375.504
 20
598.073
 10
374.748
 20
598.123
 10
374.005
 20
598.271
 10
373.287
 20
598.514
 10
372.608
 20
598.849
 10
371.978
 20
599.27
 10
371.409
 20
599.769
 10
370.909
 20
600.339
 10
370.489
 20
600.969
 10
370.154
 20
601.648
 10
369.91
 20
602.365
 10
369.762
 20
603.108
 10
369.713
 20
603.864
 10
369.762
 20
604.62
 10
369.91
 20
605.363
 10
370.154
 20
606.08
 10
370.489
 20
606.759
 10
370.909
 20
607.389
 10
371.409
 20
607.959
 10
371.978
 20
608.458
 10
372.608
 20
608.879
 10
373.287
 20
609.214
 10
374.005
 20
609.458
 10
374.748
 20
609.605
 10
375.504
 20
609.655
 10
376.259
 20
609.605
 10
377.002
 20
609.458
 10
377.72
 20
609.214
 10
378.399
 20
608.879
 10
379.029
 20
608.458
 10
379.598
 20
607.959
 10
380.098
 20
607.389
 10
380.518
 20
606.759
 10
380.854
 20
606.08
 10
381.097
 20
605.363
 10
381.245
 20
604.62
 97
0
 92
2
 72
0
 73
1
 93
13
 10
372.705
 20
602.089
 10
378.24
 20
602.089
 10
378.24
 20
605.897
 10
377.364
 20
605.897
 10
377.364
 20
603.074
 10
375.801
 20
603.074
 10
375.801
 20
605.615
 10
374.972
 20
605.615
 10
374.972
 20
603.074
 10
373.565
 20
603.074
 10
373.565
 20
605.756
 10
372.705
 20
605.756
 10
372.705
 20
602.089
 97
0
 75
0
 76
1
 98
0
  0
HATCH
  5
1ED
330
17
100
AcDbEntity
  8
RASTER
 62
7
100
AcDbHatch
 10
0.0
 20
0.0
 30
0.0
210
0.0
220
0.0
230
1.0
  2
SOLID
 70
1
 71
0
 91
2
 92
3
 72
0
 73
1
 93
48
 10
201.927
 20
424.496
 10
201.877
 20
423.741
 10
201.729
 20
422.998
 10
201.486
 20
422.28
 10
201.151
 20
421.601
 10
200.73
 20
420.971
 10
200.231
 20
420.402
 10
199.661
 20
419.902
 10
199.031
 20
419.482
 10
198.352
 20
419.146
 10
197.635
 20
418.903
 10
196.892
 20
418.755
 10
196.136
 20
418.706
 10
195.38
 20
418.755
 10
194.637
 20
418.903
 10
193.92
 20
419.146
 10
193.241
 20
419.482
 10
192.611
 20
419.902
 10
192.041
 20
420.402
 10
191.542
 20
420.971
 10
191.121
 20
421.601
 10
190.786
 20
422.28
 10
190.542
 20
422.998
 10
190.395
 20
423.741
 10
190.345
 20
424.496
 10
190.395
 20
425.252
 10
190.542
 20
425.995
 10
190.786
 20
426.713
 10
191.121
 20
427.392
 10
191.542
 20
428.022
 10
192.041
 20
428.591
 10
192.611
 20
429.091
 10
193.241
 20
429.511
 10
193.92
 20
429.846
 10
194.637
 20
430.09
 10
195.38
 20
430.238
 10
196.136
 20
430.287
 10
196.892
 20
430.238
 10
197.635
 20
430.09
 10
198.352
 20
429.846
 10
199.031
 20
429.511
 10
199.661
 20
429.091
 10
200.231
 20
428.591
 10
200.73
 20
428.022
 10
201.151
 20
427.392
 10
201.486
 20
426.713
 10
201.729
 20
425.995
 10
201.877
 20
425.252
 97
0
 92
2
 72
0
 73
1
 93
323
 10
197.324
 20
426.138
 10
197.965
 20
426.842
 10
197.883
 20
426.914
 10
197.798
 20
426.981
 10
197.709
 20
427.044
 10
197.616
 20
427.102
 10
197.52
 20
427.155
 10
197.421
 20
427.204
 10
197.318
 20
427.248
 10
197.211
 20
427.287
 10
197.103
 20
427.322
 10
196.995
 20
427.352
 10
196.887
 20
427.378
 10
196.78
 20
427.399
 10
196.673
 20
427.415
 10
196.567
 20
427.427
 10
196.461
 20
427.434
 10
196.355
 20
427.436
 10
196.261
 20
427.434
 10
196.168
 20
427.43
 10
196.075
 20
427.422
 10
195.983
 20
427.411
 10
195.89
 20
427.398
 10
195.799
 20
427.381
 10
195.707
 20
427.361
 10
195.616
 20
427.338
 10
195.526
 20
427.312
 10
195.439
 20
427.283
 10
195.354
 20
427.251
 10
195.272
 20
427.215
 10
195.192
 20
427.176
 10
195.115
 20
427.134
 10
195.04
 20
427.089
 10
194.967
 20
427.041
 10
194.898
 20
426.99
 10
194.831
 20
426.935
 10
194.769
 20
426.877
 10
194.709
 20
426.815
 10
194.653
 20
426.751
 10
194.601
 20
426.683
 10
194.552
 20
426.611
 10
194.506
 20
426.537
 10
194.465
 20
426.459
 10
194.429
 20
426.377
 10
194.399
 20
426.292
 10
194.374
 20
426.203
 10
194.355
 20
426.11
 10
194.341
 20
426.014
 10
194.333
 20
425.914
 10
194.33
 20
425.81
 10
194.332
 20
425.714
 10
194.338
 20
425.622
 10
194.348
 20
425.535
 10
194.361
 20
425.451
 10
194.379
 20
425.372
 10
194.4
 20
425.296
 10
194.426
 20
425.225
 10
194.455
 20
425.157
 10
194.488
 20
425.093
 10
194.522
 20
425.031
 10
194.559
 20
424.972
 10
194.599
 20
424.916
 10
194.641
 20
424.862
 10
194.685
 20
424.81
 10
194.731
 20
424.762
 10
194.78
 20
424.715
 10
194.83
 20
424.672
 10
194.882
 20
424.63
 10
194.936
 20
424.59
 10
194.992
 20
424.553
 10
195.049
 20
424.518
 10
195.107
 20
424.485
 10
195.167
 20
424.455
 10
195.229
 20
424.426
 10
195.292
 20
424.399
 10
195.354
 20
424.373
 10
195.417
 20
424.348
 10
195.479
 20
424.324
 10
195.542
 20
424.302
 10
195.604
 20
424.28
 10
195.667
 20
424.259
 10
195.729
 20
424.239
 10
195.794
 20
424.217
 10
195.857
 20
424.196
 10
195.92
 20
424.175
 10
195.982
 20
424.154
 10
196.043
 20
424.134
 10
196.103
 20
424.114
 10
196.163
 20
424.094
 10
196.222
 20
424.074
 10
196.28
 20
424.054
 10
196.335
 20
424.034
 10
196.389
 20
424.012
 10
196.441
 20
423.989
 10
196.491
 20
423.966
 10
196.539
 20
423.942
 10
196.584
 20
423.917
 10
196.628
 20
423.891
 10
196.67
 20
423.864
 10
196.71
 20
423.835
 10
196.748
 20
423.806
 10
196.783
 20
423.775
 10
196.816
 20
423.743
 10
196.847
 20
423.71
 10
196.876
 20
423.676
 10
196.902
 20
423.64
 10
196.926
 20
423.603
 10
196.947
 20
423.564
 10
196.964
 20
423.522
 10
196.978
 20
423.477
 10
196.989
 20
423.431
 10
196.997
 20
423.382
 10
197.002
 20
423.331
 10
197.004
 20
423.277
 10
197.002
 20
423.221
 10
196.998
 20
423.168
 10
196.991
 20
423.117
 10
196.981
 20
423.069
 10
196.969
 20
423.023
 10
196.953
 20
422.979
 10
196.935
 20
422.937
 10
196.914
 20
422.898
 10
196.89
 20
422.86
 10
196.865
 20
422.825
 10
196.839
 20
422.791
 10
196.81
 20
422.758
 10
196.78
 20
422.727
 10
196.748
 20
422.698
 10
196.715
 20
422.67
 10
196.679
 20
422.644
 10
196.643
 20
422.619
 10
196.605
 20
422.597
 10
196.566
 20
422.576
 10
196.526
 20
422.557
 10
196.485
 20
422.54
 10
196.443
 20
422.524
 10
196.399
 20
422.511
 10
196.355
 20
422.499
 10
196.31
 20
422.489
 10
196.265
 20
422.48
 10
196.221
 20
422.473
 10
196.177
 20
422.467
 10
196.133
 20
422.462
 10
196.09
 20
422.459
 10
196.046
 20
422.457
 10
196.003
 20
422.456
 10
195.921
 20
422.459
 10
195.838
 20
422.466
 10
195.755
 20
422.479
 10
195.672
 20
422.497
 10
195.588
 20
422.52
 10
195.504
 20
422.548
 10
195.419
 20
422.582
 10
195.335
 20
422.62
 10
195.252
 20
422.663
 10
195.173
 20
422.71
 10
195.099
 20
422.76
 10
195.029
 20
422.814
 10
194.963
 20
422.871
 10
194.902
 20
422.932
 10
194.844
 20
422.997
 10
194.791
 20
423.066
 10
194.088
 20
422.409
 10
194.173
 20
422.314
 10
194.264
 20
422.226
 10
194.36
 20
422.143
 10
194.463
 20
422.066
 10
194.571
 20
421.995
 10
194.686
 20
421.931
 10
194.806
 20
421.872
 10
194.932
 20
421.819
 10
195.061
 20
421.772
 10
195.191
 20
421.732
 10
195.322
 20
421.697
 10
195.454
 20
421.669
 10
195.586
 20
421.648
 10
195.719
 20
421.632
 10
195.853
 20
421.623
 10
195.987
 20
421.62
 10
196.088
 20
421.621
 10
196.188
 20
421.626
 10
196.287
 20
421.635
 10
196.384
 20
421.647
 10
196.48
 20
421.662
 10
196.575
 20
421.681
 10
196.669
 20
421.703
 10
196.761
 20
421.729
 10
196.852
 20
421.758
 10
196.939
 20
421.791
 10
197.024
 20
421.827
 10
197.105
 20
421.866
 10
197.184
 20
421.909
 10
197.26
 20
421.955
 10
197.333
 20
422.004
 10
197.402
 20
422.057
 10
197.469
 20
422.114
 10
197.532
 20
422.174
 10
197.592
 20
422.238
 10
197.649
 20
422.305
 10
197.702
 20
422.375
 10
197.751
 20
422.449
 10
197.797
 20
422.527
 10
197.84
 20
422.609
 10
197.879
 20
422.693
 10
197.912
 20
422.782
 10
197.94
 20
422.874
 10
197.963
 20
422.969
 10
197.981
 20
423.068
 10
197.994
 20
423.171
 10
198.002
 20
423.277
 10
198.004
 20
423.386
 10
198.002
 20
423.486
 10
197.995
 20
423.581
 10
197.983
 20
423.673
 10
197.966
 20
423.76
 10
197.945
 20
423.843
 10
197.919
 20
423.921
 10
197.888
 20
423.996
 10
197.852
 20
424.067
 10
197.812
 20
424.133
 10
197.77
 20
424.197
 10
197.725
 20
424.259
 10
197.678
 20
424.317
 10
197.628
 20
424.372
 10
197.575
 20
424.424
 10
197.519
 20
424.474
 10
197.461
 20
424.52
 10
197.401
 20
424.564
 10
197.339
 20
424.605
 10
197.276
 20
424.645
 10
197.211
 20
424.682
 10
197.145
 20
424.717
 10
197.077
 20
424.75
 10
197.008
 20
424.781
 10
196.937
 20
424.809
 10
196.866
 20
424.836
 10
196.796
 20
424.862
 10
196.726
 20
424.888
 10
196.657
 20
424.913
 10
196.588
 20
424.937
 10
196.52
 20
424.96
 10
196.453
 20
424.983
 10
196.386
 20
425.005
 10
196.328
 20
425.022
 10
196.271
 20
425.04
 10
196.216
 20
425.057
 10
196.161
 20
425.075
 10
196.108
 20
425.093
 10
196.056
 20
425.11
 10
196.006
 20
425.128
 10
195.956
 20
425.145
 10
195.908
 20
425.163
 10
195.862
 20
425.182
 10
195.818
 20
425.201
 10
195.775
 20
425.222
 10
195.735
 20
425.242
 10
195.696
 20
425.264
 10
195.659
 20
425.286
 10
195.624
 20
425.31
 10
195.591
 20
425.334
 10
195.559
 20
425.359
 10
195.53
 20
425.385
 10
195.502
 20
425.413
 10
195.476
 20
425.442
 10
195.452
 20
425.472
 10
195.429
 20
425.504
 10
195.409
 20
425.536
 10
195.391
 20
425.57
 10
195.375
 20
425.606
 10
195.361
 20
425.644
 10
195.35
 20
425.683
 10
195.342
 20
425.724
 10
195.336
 20
425.766
 10
195.332
 20
425.811
 10
195.331
 20
425.857
 10
195.332
 20
425.907
 10
195.336
 20
425.955
 10
195.343
 20
426.001
 10
195.353
 20
426.045
 10
195.366
 20
426.088
 10
195.381
 20
426.129
 10
195.4
 20
426.168
 10
195.421
 20
426.205
 10
195.444
 20
426.24
 10
195.469
 20
426.274
 10
195.495
 20
426.305
 10
195.523
 20
426.336
 10
195.553
 20
426.364
 10
195.584
 20
426.391
 10
195.617
 20
426.416
 10
195.651
 20
426.439
 10
195.687
 20
426.461
 10
195.724
 20
426.481
 10
195.761
 20
426.5
 10
195.8
 20
426.517
 10
195.839
 20
426.533
 10
195.88
 20
426.548
 10
195.921
 20
426.561
 10
195.964
 20
426.572
 10
196.007
 20
426.582
 10
196.05
 20
426.591
 10
196.093
 20
426.598
 10
196.136
 20
426.604
 10
196.179
 20
426.609
 10
196.222
 20
426.612
 10
196.265
 20
426.614
 10
196.308
 20
426.615
 10
196.38
 20
426.613
 10
196.452
 20
426.606
 10
196.524
 20
426.596
 10
196.596
 20
426.581
 10
196.668
 20
426.562
 10
196.74
 20
426.538
 10
196.811
 20
426.51
 10
196.883
 20
426.478
 10
196.952
 20
426.443
 10
197.017
 20
426.406
 10
197.078
 20
426.366
 10
197.136
 20
426.325
 10
197.189
 20
426.281
 10
197.238
 20
426.236
 10
197.283
 20
426.188
 10
197.324
 20
426.138
 97
0
 75
0
 76
1
 98
0
  0
HATCH
  5
1EE
330
17
100
AcDbEntity
  8
RASTER
 62
7
100
AcDbHatch
 10
0.0
 20
0.0
 30
0.0
210
0.0
220
0.0
230
1.0
  2
SOLID
 70
1
 71
0
 91
2
 92
3
 72
0
 73
1
 93
48
 10
22.559
 20
603.864
 10
22.51
 20
603.108
 10
22.362
 20
602.365
 10
22.118
 20
601.648
 10
21.783
 20
600.969
 10
21.363
 20
600.339
 10
20.863
 20
599.769
 10
20.294
 20
599.27
 10
19.664
 20
598.849
 10
18.984
 20
598.514
 10
18.267
 20
598.271
 10
17.524
 20
598.123
 10
16.768
 20
598.073
 10
16.013
 20
598.123
 10
15.27
 20
598.271
 10
14.552
 20
598.514
 10
13.873
 20
598.849
 10
13.243
 20
599.27
 10
12.674
 20
599.769
 10
12.174
 20
600.339
 10
11.753
 20
600.969
 10
11.418
 20
601.648
 10
11.175
 20
602.365
 10
11.027
 20
603.108
 10
10.978
 20
603.864
 10
11.027
 20
604.62
 10
11.175
 20
605.363
 10
11.418
 20
606.08
 10
11.753
 20
606.759
 10
12.174
 20
607.389
 10
12.674
 20
607.959
 10
13.243
 20
608.458
 10
13.873
 20
608.879
 10
14.552
 20
609.214
 10
15.27
 20
609.458
 10
16.013
 20
609.605
 10
16.768
 20
609.655
 10
17.524
 20
609.605
 10
18.267
 20
609.458
 10
18.984
 20
609.214
 10
19.664
 20
608.879
 10
20.294
 20
608.458
 10
20.863
 20
607.959
 10
21.363
 20
607.389
 10
21.783
 20
606.759
 10
22.118
 20
606.08
 10
22.362
 20
605.363
 10
22.51
 20
604.62
 97
0
 92
2
 72
0
 73
1
 93
17
 10
19.567
 20
607.742
 10
14.032
 20
606.123
 10
14.032
 20
605.17
 10
18.183
 20
603.872
 10
18.183
 20
603.856
 10
14.032
 20
602.559
 10
14.032
 20
601.605
 10
19.567
 20
599.987
 10
19.567
 20
601.034
 10
15.502
 20
602.129
 10
15.502
 20
602.144
 10
19.567
 20
603.34
 10
19.567
 20
604.357
 10
15.502
 20
605.576
 10
15.502
 20
605.592
 10
19.567
 20
606.663
 10
19.567
 20
607.742
 97
0
 75
0
 76
1
 98
0
  0
HATCH
  5
1EF
330
17
100
AcDbEntity
  8
RASTER
 62
7
100
AcDbHatch
 10
0.0
 20
0.0
 30
0.0
210
0.0
220
0.0
230
1.0
  2
SOLID
 70
1
 71
0
 91
1
 92
3
 72
0
 73
1
 93
82
 10
216.422
 20
790.351
 10
222.722
 20
789.557
 10
228.992
 20
788.551
 10
235.224
 20
787.333
 10
241.411
 20
785.905
 10
247.547
 20
784.268
 10
253.623
 20
782.425
 10
259.634
 20
780.377
 10
265.572
 20
778.127
 10
271.43
 20
775.677
 10
277.202
 20
773.03
 10
282.881
 20
770.189
 10
288.461
 20
767.158
 10
293.935
 20
763.94
 10
299.296
 20
760.538
 10
304.54
 20
756.957
 10
309.659
 20
753.2
 10
314.649
 20
749.272
 10
319.502
 20
745.178
 10
324.214
 20
740.921
 10
328.78
 20
736.508
 10
333.193
 20
731.942
 10
337.45
 20
727.23
 10
341.544
 20
722.377
 10
345.472
 20
717.387
 10
349.229
 20
712.268
 10
352.81
 20
707.024
 10
356.212
 20
701.663
 10
359.43
 20
696.189
 10
362.461
 20
690.609
 10
365.302
 20
684.93
 10
367.949
 20
679.158
 10
370.399
 20
673.3
 10
372.649
 20
667.362
 10
374.697
 20
661.351
 10
376.54
 20
655.275
 10
378.177
 20
649.139
 10
379.605
 20
642.952
 10
380.823
 20
636.72
 10
381.829
 20
630.451
 10
382.623
 20
624.15
 10
381.973
 20
624.08
 10
381.182
 20
630.358
 10
380.179
 20
636.606
 10
378.966
 20
642.816
 10
377.542
 20
648.982
 10
375.912
 20
655.096
 10
374.075
 20
661.151
 10
372.034
 20
667.141
 10
369.791
 20
673.058
 10
367.35
 20
678.896
 10
364.712
 20
684.647
 10
361.882
 20
690.307
 10
358.861
 20
695.867
 10
355.654
 20
701.322
 10
352.264
 20
706.665
 10
348.695
 20
711.89
 10
344.951
 20
716.992
 10
341.037
 20
721.964
 10
336.957
 20
726.8
 10
332.716
 20
731.496
 10
328.318
 20
736.046
 10
323.768
 20
740.444
 10
319.072
 20
744.685
 10
314.236
 20
748.765
 10
309.264
 20
752.68
 10
304.162
 20
756.423
 10
298.937
 20
759.992
 10
293.594
 20
763.382
 10
288.139
 20
766.589
 10
282.579
 20
769.61
 10
276.919
 20
772.44
 10
271.167
 20
775.078
 10
265.33
 20
777.519
 10
259.412
 20
779.762
 10
253.423
 20
781.803
 10
247.368
 20
783.64
 10
241.254
 20
785.271
 10
235.088
 20
786.694
 10
228.878
 20
787.907
 10
222.63
 20
788.91
 10
216.352
 20
789.701
 97
0
 75
0
 76
1
 98
0
  0
HATCH
  5
1F0
330
17
100
AcDbEntity
  8
RASTER
 62
7
100
AcDbHatch
 10
0.0
 20
0.0
 30
0.0
210
0.0
220
0.0
230
1.0
  2
SOLID
 70
1
 71
0
 91
1
 92
3
 72
0
 73
1
 93
82
 10
382.623
 20
583.578
 10
381.829
 20
577.278
 10
380.823
 20
571.008
 10
379.605
 20
564.776
 10
378.177
 20
558.589
 10
376.54
 20
552.453
 10
374.697
 20
546.377
 10
372.649
 20
540.366
 10
370.399
 20
534.428
 10
367.949
 20
528.57
 10
365.302
 20
522.798
 10
362.461
 20
517.119
 10
359.43
 20
511.539
 10
356.212
 20
506.065
 10
352.81
 20
500.704
 10
349.229
 20
495.46
 10
345.472
 20
490.341
 10
341.544
 20
485.351
 10
337.45
 20
480.498
 10
333.193
 20
475.786
 10
328.78
 20
471.22
 10
324.214
 20
466.807
 10
319.502
 20
462.55
 10
314.649
 20
458.456
 10
309.659
 20
454.528
 10
304.54
 20
450.771
 10
299.296
 20
447.19
 10
293.935
 20
443.788
 10
288.461
 20
440.57
 10
282.881
 20
437.539
 10
277.202
 20
434.698
 10
271.43
 20
432.051
 10
265.572
 20
429.601
 10
259.634
 20
427.351
 10
253.623
 20
425.303
 10
247.547
 20
423.46
 10
241.411
 20
421.823
 10
235.224
 20
420.395
 10
228.992
 20
419.177
 10
222.722
 20
418.171
 10
216.422
 20
417.377
 10
216.352
 20
418.027
 10
222.63
 20
418.818
 10
228.878
 20
419.821
 10
235.088
 20
421.034
 10
241.254
 20
422.458
 10
247.368
 20
424.088
 10
253.423
 20
425.925
 10
259.412
 20
427.966
 10
265.33
 20
430.209
 10
271.167
 20
432.65
 10
276.919
 20
435.288
 10
282.579
 20
438.118
 10
288.139
 20
441.139
 10
293.594
 20
444.346
 10
298.937
 20
447.736
 10
304.162
 20
451.305
 10
309.264
 20
455.049
 10
314.236
 20
458.963
 10
319.072
 20
463.043
 10
323.768
 20
467.284
 10
328.318
 20
471.682
 10
332.716
 20
476.232
 10
336.957
 20
480.928
 10
341.037
 20
485.764
 10
344.951
 20
490.736
 10
348.695
 20
495.838
 10
352.264
 20
501.063
 10
355.654
 20
506.406
 10
358.861
 20
511.861
 10
361.882
 20
517.421
 10
364.712
 20
523.081
 10
367.35
 20
528.833
 10
369.791
 20
534.67
 10
372.034
 20
540.588
 10
374.075
 20
546.577
 10
375.912
 20
552.632
 10
377.542
 20
558.746
 10
378.966
 20
564.912
 10
380.179
 20
571.122
 10
381.182
 20
577.37
 10
381.973
 20
583.648
 97
0
 75
0
 76
1
 98
0
  0
HATCH
  5
1F1
330
17
100
AcDbEntity
  8
RASTER
 62
7
100
AcDbHatch
 10
0.0
 20
0.0
 30
0.0
210
0.0
220
0.0
230
1.0
  2
SOLID
 70
1
 71
0
 91
1
 92
3
 72
0
 73
1
 93
82
 10
175.85
 20
417.377
 10
169.549
 20
418.171
 10
163.28
 20
419.177
 10
157.048
 20
420.395
 10
150.861
 20
421.823
 10
144.725
 20
423.46
 10
138.649
 20
425.303
 10
132.638
 20
427.351
 10
126.7
 20
429.601
 10
120.842
 20
432.051
 10
115.07
 20
434.698
 10
109.391
 20
437.539
 10
103.811
 20
440.57
 10
98.337
 20
443.788
 10
92.976
 20
447.19
 10
87.732
 20
450.771
 10
82.613
 20
454.528
 10
77.623
 20
458.456
 10
72.77
 20
462.55
 10
68.058
 20
466.807
 10
63.492
 20
471.22
 10
59.079
 20
475.786
 10
54.822
 20
480.498
 10
50.728
 20
485.351
 10
46.8
 20
490.341
 10
43.043
 20
495.46
 10
39.462
 20
500.704
 10
36.06
 20
506.065
 10
32.842
 20
511.539
 10
29.811
 20
517.119
 10
26.97
 20
522.798
 10
24.323
 20
528.57
 10
21.873
 20
534.428
 10
19.623
 20
540.366
 10
17.575
 20
546.377
 10
15.732
 20
552.453
 10
14.095
 20
558.589
 10
12.667
 20
564.776
 10
11.449
 20
571.008
 10
10.443
 20
577.278
 10
9.649
 20
583.578
 10
10.299
 20
583.648
 10
11.09
 20
577.37
 10
12.093
 20
571.122
 10
13.306
 20
564.912
 10
14.729
 20
558.746
 10
16.36
 20
552.632
 10
18.197
 20
546.577
 10
20.238
 20
540.588
 10
22.481
 20
534.67
 10
24.922
 20
528.833
 10
27.56
 20
523.081
 10
30.39
 20
517.421
 10
33.411
 20
511.861
 10
36.618
 20
506.406
 10
40.008
 20
501.063
 10
43.577
 20
495.838
 10
47.32
 20
490.736
 10
51.235
 20
485.764
 10
55.315
 20
480.928
 10
59.556
 20
476.232
 10
63.954
 20
471.682
 10
68.504
 20
467.284
 10
73.2
 20
463.043
 10
78.036
 20
458.963
 10
83.008
 20
455.049
 10
88.11
 20
451.305
 10
93.335
 20
447.736
 10
98.678
 20
444.346
 10
104.133
 20
441.139
 10
109.693
 20
438.118
 10
115.353
 20
435.288
 10
121.104
 20
432.65
 10
126.942
 20
430.209
 10
132.859
 20
427.966
 10
138.849
 20
425.925
 10
144.904
 20
424.088
 10
151.018
 20
422.458
 10
157.184
 20
421.034
 10
163.394
 20
419.821
 10
169.642
 20
418.818
 10
175.92
 20
418.027
 97
0
 75
0
 76
1
 98
0
  0
HATCH
  5
1F2
330
17
100
AcDbEntity
  8
RASTER
 62
7
100
AcDbHatch
 10
0.0
 20
0.0
 30
0.0
210
0.0
220
0.0
230
1.0
  2
SOLID
 70
1
 71
0
 91
1
 92
3
 72
0
 73
1
 93
82
 10
9.649
 20
624.15
 10
10.443
 20
630.451
 10
11.449
 20
636.72
 10
12.667
 20
642.952
 10
14.095
 20
649.139
 10
15.732
 20
655.275
 10
17.575
 20
661.351
 10
19.623
 20
667.362
 10
21.873
 20
673.3
 10
24.323
 20
679.158
 10
26.97
 20
684.93
 10
29.811
 20
690.609
 10
32.842
 20
696.189
 10
36.06
 20
701.663
 10
39.462
 20
707.024
 10
43.043
 20
712.268
 10
46.8
 20
717.387
 10
50.728
 20
722.377
 10
54.822
 20
727.23
 10
59.079
 20
731.942
 10
63.492
 20
736.508
 10
68.058
 20
740.921
 10
72.77
 20
745.178
 10
77.623
 20
749.272
 10
82.613
 20
753.2
 10
87.732
 20
756.957
 10
92.976
 20
760.538
 10
98.337
 20
763.94
 10
103.811
 20
767.158
 10
109.391
 20
770.189
 10
115.07
 20
773.03
 10
120.842
 20
775.677
 10
126.7
 20
778.127
 10
132.638
 20
780.377
 10
138.649
 20
782.425
 10
144.725
 20
784.268
 10
150.861
 20
785.905
 10
157.048
 20
787.333
 10
163.28
 20
788.551
 10
169.549
 20
789.557
 10
175.85
 20
790.351
 10
175.92
 20
789.701
 10
169.642
 20
788.91
 10
163.394
 20
787.907
 10
157.184
 20
786.694
 10
151.018
 20
785.271
 10
144.904
 20
783.64
 10
138.849
 20
781.803
 10
132.859
 20
779.762
 10
126.942
 20
777.519
 10
121.104
 20
775.078
 10
115.353
 20
772.44
 10
109.693
 20
769.61
 10
104.133
 20
766.589
 10
98.678
 20
763.382
 10
93.335
 20
759.992
 10
88.11
 20
756.423
 10
83.008
 20
752.68
 10
78.036
 20
748.765
 10
73.2
 20
744.685
 10
68.504
 20
740.444
 10
63.954
 20
736.046
 10
59.556
 20
731.496
 10
55.315
 20
726.8
 10
51.235
 20
721.964
 10
47.32
 20
716.992
 10
43.577
 20
711.89
 10
40.008
 20
706.665
 10
36.618
 20
701.322
 10
33.411
 20
695.867
 10
30.39
 20
690.307
 10
27.56
 20
684.647
 10
24.922
 20
678.896
 10
22.481
 20
673.058
 10
20.238
 20
667.141
 10
18.197
 20
661.151
 10
16.36
 20
655.096
 10
14.729
 20
648.982
 10
13.306
 20
642.816
 10
12.093
 20
636.606
 10
11.09
 20
630.358
 10
10.299
 20
624.08
 97
0
 75
0
 76
1
 98
0
  0
HATCH
  5
1F3
330
17
100
AcDbEntity
  8
RASTER
 62
7
100
AcDbHatch
 10
0.0
 20
0.0
 30
0.0
210
0.0
220
0.0
230
1.0
  2
SOLID
 70
1
 71
0
 91
1
 92
3
 72
0
 73
1
 93
82
 10
216.291
 20
789.144
 10
222.55
 20
788.355
 10
228.779
 20
787.356
 10
234.971
 20
786.146
 10
241.118
 20
784.727
 10
247.214
 20
783.101
 10
253.251
 20
781.269
 10
259.223
 20
779.234
 10
265.122
 20
776.999
 10
270.942
 20
774.565
 10
276.677
 20
771.935
 10
282.319
 20
769.113
 10
287.863
 20
766.101
 10
293.301
 20
762.904
 10
298.629
 20
759.524
 10
303.838
 20
755.966
 10
308.925
 20
752.233
 10
313.882
 20
748.331
 10
318.704
 20
744.263
 10
323.385
 20
740.034
 10
327.921
 20
735.649
 10
332.306
 20
731.113
 10
336.535
 20
726.432
 10
340.603
 20
721.61
 10
344.505
 20
716.653
 10
348.238
 20
711.566
 10
351.796
 20
706.357
 10
355.176
 20
701.03
 10
358.373
 20
695.591
 10
361.385
 20
690.048
 10
364.207
 20
684.405
 10
366.837
 20
678.671
 10
369.271
 20
672.85
 10
371.506
 20
666.951
 10
373.541
 20
660.979
 10
375.373
 20
654.942
 10
376.999
 20
648.846
 10
378.417
 20
642.699
 10
379.627
 20
636.508
 10
380.627
 20
630.278
 10
381.415
 20
624.019
 10
380.951
 20
623.969
 10
380.165
 20
630.212
 10
379.168
 20
636.426
 10
377.961
 20
642.602
 10
376.545
 20
648.734
 10
374.923
 20
654.814
 10
373.097
 20
660.836
 10
371.067
 20
666.793
 10
368.837
 20
672.677
 10
366.409
 20
678.483
 10
363.786
 20
684.203
 10
360.971
 20
689.832
 10
357.967
 20
695.361
 10
354.777
 20
700.786
 10
351.406
 20
706.1
 10
347.857
 20
711.297
 10
344.134
 20
716.37
 10
340.241
 20
721.315
 10
336.183
 20
726.125
 10
331.965
 20
730.795
 10
327.591
 20
735.319
 10
323.067
 20
739.693
 10
318.397
 20
743.911
 10
313.587
 20
747.969
 10
308.642
 20
751.862
 10
303.568
 20
755.585
 10
298.372
 20
759.134
 10
293.058
 20
762.505
 10
287.633
 20
765.695
 10
282.103
 20
768.699
 10
276.475
 20
771.514
 10
270.755
 20
774.137
 10
264.949
 20
776.565
 10
259.065
 20
778.795
 10
253.108
 20
780.825
 10
247.086
 20
782.652
 10
241.006
 20
784.274
 10
234.874
 20
785.689
 10
228.698
 20
786.896
 10
222.484
 20
787.893
 10
216.241
 20
788.679
 97
0
 75
0
 76
1
 98
0
  0
HATCH
  5
1F4
330
17
100
AcDbEntity
  8
RASTER
 62
7
100
AcDbHatch
 10
0.0
 20
0.0
 30
0.0
210
0.0
220
0.0
230
1.0
  2
SOLID
 70
1
 71
0
 91
1
 92
3
 72
0
 73
1
 93
82
 10
381.415
 20
583.709
 10
380.627
 20
577.45
 10
379.627
 20
571.221
 10
378.417
 20
565.029
 10
376.999
 20
558.882
 10
375.373
 20
552.786
 10
373.541
 20
546.749
 10
371.506
 20
540.777
 10
369.271
 20
534.878
 10
366.837
 20
529.058
 10
364.207
 20
523.323
 10
361.385
 20
517.681
 10
358.373
 20
512.137
 10
355.176
 20
506.699
 10
351.796
 20
501.371
 10
348.238
 20
496.162
 10
344.505
 20
491.075
 10
340.603
 20
486.118
 10
336.535
 20
481.296
 10
332.306
 20
476.615
 10
327.921
 20
472.079
 10
323.385
 20
467.694
 10
318.704
 20
463.465
 10
313.882
 20
459.397
 10
308.925
 20
455.495
 10
303.838
 20
451.762
 10
298.629
 20
448.204
 10
293.301
 20
444.824
 10
287.863
 20
441.627
 10
282.319
 20
438.615
 10
276.677
 20
435.793
 10
270.942
 20
433.163
 10
265.122
 20
430.729
 10
259.223
 20
428.494
 10
253.251
 20
426.459
 10
247.214
 20
424.627
 10
241.118
 20
423.001
 10
234.971
 20
421.583
 10
228.779
 20
420.373
 10
222.55
 20
419.373
 10
216.291
 20
418.585
 10
216.241
 20
419.049
 10
222.484
 20
419.835
 10
228.698
 20
420.832
 10
234.874
 20
422.039
 10
241.006
 20
423.455
 10
247.086
 20
425.077
 10
253.108
 20
426.903
 10
259.065
 20
428.933
 10
264.949
 20
431.163
 10
270.755
 20
433.591
 10
276.475
 20
436.214
 10
282.103
 20
439.029
 10
287.633
 20
442.033
 10
293.058
 20
445.223
 10
298.372
 20
448.594
 10
303.568
 20
452.143
 10
308.642
 20
455.866
 10
313.587
 20
459.759
 10
318.397
 20
463.817
 10
323.067
 20
468.035
 10
327.591
 20
472.409
 10
331.965
 20
476.933
 10
336.183
 20
481.603
 10
340.241
 20
486.413
 10
344.134
 20
491.358
 10
347.857
 20
496.432
 10
351.406
 20
501.628
 10
354.777
 20
506.942
 10
357.967
 20
512.367
 10
360.971
 20
517.897
 10
363.786
 20
523.525
 10
366.409
 20
529.245
 10
368.837
 20
535.051
 10
371.067
 20
540.935
 10
373.097
 20
546.892
 10
374.923
 20
552.914
 10
376.545
 20
558.994
 10
377.961
 20
565.126
 10
379.168
 20
571.302
 10
380.165
 20
577.516
 10
380.951
 20
583.759
 97
0
 75
0
 76
1
 98
0
  0
HATCH
  5
1F5
330
17
100
AcDbEntity
  8
RASTER
 62
7
100
AcDbHatch
 10
0.0
 20
0.0
 30
0.0
210
0.0
220
0.0
230
1.0
  2
SOLID
 70
1
 71
0
 91
1
 92
3
 72
0
 73
1
 93
82
 10
175.981
 20
418.585
 10
169.722
 20
419.373
 10
163.492
 20
420.373
 10
157.301
 20
421.583
 10
151.154
 20
423.001
 10
145.058
 20
424.627
 10
139.021
 20
426.459
 10
133.049
 20
428.494
 10
127.15
 20
430.729
 10
121.329
 20
433.163
 10
115.595
 20
435.793
 10
109.952
 20
438.615
 10
104.409
 20
441.627
 10
98.97
 20
444.824
 10
93.643
 20
448.204
 10
88.434
 20
451.762
 10
83.347
 20
455.495
 10
78.39
 20
459.397
 10
73.568
 20
463.465
 10
68.887
 20
467.694
 10
64.351
 20
472.079
 10
59.966
 20
476.615
 10
55.737
 20
481.296
 10
51.669
 20
486.118
 10
47.767
 20
491.075
 10
44.034
 20
496.162
 10
40.476
 20
501.371
 10
37.096
 20
506.699
 10
33.899
 20
512.137
 10
30.887
 20
517.681
 10
28.065
 20
523.323
 10
25.435
 20
529.058
 10
23.001
 20
534.878
 10
20.766
 20
540.777
 10
18.731
 20
546.749
 10
16.899
 20
552.786
 10
15.273
 20
558.882
 10
13.854
 20
565.029
 10
12.644
 20
571.221
 10
11.645
 20
577.45
 10
10.856
 20
583.709
 10
11.321
 20
583.759
 10
12.107
 20
577.516
 10
13.104
 20
571.302
 10
14.311
 20
565.126
 10
15.726
 20
558.994
 10
17.348
 20
552.914
 10
19.175
 20
546.892
 10
21.205
 20
540.935
 10
23.435
 20
535.051
 10
25.863
 20
529.245
 10
28.486
 20
523.525
 10
31.301
 20
517.897
 10
34.305
 20
512.367
 10
37.495
 20
506.942
 10
40.866
 20
501.628
 10
44.415
 20
496.432
 10
48.138
 20
491.358
 10
52.031
 20
486.413
 10
56.089
 20
481.603
 10
60.307
 20
476.933
 10
64.681
 20
472.409
 10
69.205
 20
468.035
 10
73.875
 20
463.817
 10
78.685
 20
459.759
 10
83.63
 20
455.866
 10
88.703
 20
452.143
 10
93.9
 20
448.594
 10
99.214
 20
445.223
 10
104.639
 20
442.033
 10
110.168
 20
439.029
 10
115.797
 20
436.214
 10
121.517
 20
433.591
 10
127.323
 20
431.163
 10
133.207
 20
428.933
 10
139.164
 20
426.903
 10
145.186
 20
425.077
 10
151.266
 20
423.455
 10
157.398
 20
422.039
 10
163.574
 20
420.832
 10
169.788
 20
419.835
 10
176.031
 20
419.049
 97
0
 75
0
 76
1
 98
0
  0
HATCH
  5
1F6
330
17
100
AcDbEntity
  8
RASTER
 62
7
100
AcDbHatch
 10
0.0
 20
0.0
 30
0.0
210
0.0
220
0.0
230
1.0
  2
SOLID
 70
1
 71
0
 91
1
 92
3
 72
0
 73
1
 93
82
 10
10.856
 20
624.019
 10
11.645
 20
630.278
 10
12.644
 20
636.508
 10
13.854
 20
642.699
 10
15.273
 20
648.846
 10
16.899
 20
654.942
 10
18.731
 20
660.979
 10
20.766
 20
666.951
 10
23.001
 20
672.85
 10
25.435
 20
678.671
 10
28.065
 20
684.405
 10
30.887
 20
690.048
 10
33.899
 20
695.591
 10
37.096
 20
701.03
 10
40.476
 20
706.357
 10
44.034
 20
711.566
 10
47.767
 20
716.653
 10
51.669
 20
721.61
 10
55.737
 20
726.432
 10
59.966
 20
731.113
 10
64.351
 20
735.649
 10
68.887
 20
740.034
 10
73.568
 20
744.263
 10
78.39
 20
748.331
 10
83.347
 20
752.233
 10
88.434
 20
755.966
 10
93.643
 20
759.524
 10
98.97
 20
762.904
 10
104.409
 20
766.101
 10
109.952
 20
769.113
 10
115.595
 20
771.935
 10
121.329
 20
774.565
 10
127.15
 20
776.999
 10
133.049
 20
779.234
 10
139.021
 20
781.269
 10
145.058
 20
783.101
 10
151.154
 20
784.727
 10
157.301
 20
786.146
 10
163.492
 20
787.356
 10
169.722
 20
788.355
 10
175.981
 20
789.144
 10
176.031
 20
788.679
 10
169.788
 20
787.893
 10
163.574
 20
786.896
 10
157.398
 20
785.689
 10
151.266
 20
784.274
 10
145.186
 20
782.652
 10
139.164
 20
780.825
 10
133.207
 20
778.795
 10
127.323
 20
776.565
 10
121.517
 20
774.137
 10
115.797
 20
771.514
 10
110.168
 20
768.699
 10
104.639
 20
765.695
 10
99.214
 20
762.505
 10
93.9
 20
759.134
 10
88.703
 20
755.585
 10
83.63
 20
751.862
 10
78.685
 20
747.969
 10
73.875
 20
743.911
 10
69.205
 20
739.693
 10
64.681
 20
735.319
 10
60.307
 20
730.795
 10
56.089
 20
726.125
 10
52.031
 20
721.315
 10
48.138
 20
716.37
 10
44.415
 20
711.297
 10
40.866
 20
706.1
 10
37.495
 20
700.786
 10
34.305
 20
695.361
 10
31.301
 20
689.832
 10
28.486
 20
684.203
 10
25.863
 20
678.483
 10
23.435
 20
672.677
 10
21.205
 20
666.793
 10
19.175
 20
660.836
 10
17.348
 20
654.814
 10
15.726
 20
648.734
 10
14.311
 20
642.602
 10
13.104
 20
636.426
 10
12.107
 20
630.212
 10
11.321
 20
623.969
 97
0
 75
0
 76
1
 98
0
  0
HATCH
  5
1F7
330
17
100
AcDbEntity
  8
RASTER
 62
7
100
AcDbHatch
 10
0.0
 20
0.0
 30
0.0
210
0.0
220
0.0
230
1.0
  2
SOLID
 70
1
 71
0
 91
1
 92
3
 72
0
 73
1
 93
4
 10
20.848
 20
662.402
 10
44.524
 20
662.402
 10
44.524
 20
662.076
 10
20.848
 20
662.076
 97
0
 75
0
 76
1
 98
0
  0
HATCH
  5
1F8
330
17
100
AcDbEntity
  8
RASTER
 62
7
100
AcDbHatch
 10
0.0
 20
0.0
 30
0.0
210
0.0
220
0.0
230
1.0
  2
SOLID
 70
1
 71
0
 91
1
 92
3
 72
0
 73
1
 93
4
 10
20.848
 20
639.052
 10
44.524
 20
639.052
 10
44.524
 20
638.726
 10
20.848
 20
638.726
 97
0
 75
0
 76
1
 98
0
  0
HATCH
  5
1F9
330
17
100
AcDbEntity
  8
RASTER
 62
7
100
AcDbHatch
 10
0.0
 20
0.0
 30
0.0
210
0.0
220
0.0
230
1.0
  2
SOLID
 70
1
 71
0
 91
1
 92
3
 72
0
 73
1
 93
4
 10
44.198
 20
709.102
 10
67.874
 20
709.102
 10
67.874
 20
708.776
 10
44.198
 20
708.776
 97
0
 75
0
 76
1
 98
0
  0
HATCH
  5
1FA
330
17
100
AcDbEntity
  8
RASTER
 62
7
100
AcDbHatch
 10
0.0
 20
0.0
 30
0.0
210
0.0
220
0.0
230
1.0
  2
SOLID
 70
1
 71
0
 91
1
 92
3
 72
0
 73
1
 93
4
 10
44.198
 20
685.752
 10
67.874
 20
685.752
 10
67.874
 20
685.426
 10
44.198
 20
685.426
 97
0
 75
0
 76
1
 98
0
  0
HATCH
  5
1FB
330
17
100
AcDbEntity
  8
RASTER
 62
7
100
AcDbHatch
 10
0.0
 20
0.0
 30
0.0
210
0.0
220
0.0
230
1.0
  2
SOLID
 70
1
 71
0
 91
1
 92
3
 72
0
 73
1
 93
4
 10
44.198
 20
662.402
 10
67.874
 20
662.402
 10
67.874
 20
662.076
 10
44.198
 20
662.076
 97
0
 75
0
 76
1
 98
0
  0
HATCH
  5
1FC
330
17
100
AcDbEntity
  8
RASTER
 62
7
100
AcDbHatch
 10
0.0
 20
0.0
 30
0.0
210
0.0
220
0.0
230
1.0
  2
SOLID
 70
1
 71
0
 91
1
 92
3
 72
0
 73
1
 93
4
 10
44.198
 20
639.052
 10
67.874
 20
639.052
 10
67.874
 20
638.726
 10
44.198
 20
638.726
 97
0
 75
0
 76
1
 98
0
  0
HATCH
  5
1FD
330
17
100
AcDbEntity
  8
RASTER
 62
7
100
AcDbHatch
 10
0.0
 20
0.0
 30
0.0
210
0.0
220
0.0
230
1.0
  2
SOLID
 70
1
 71
0
 91
1
 92
3
 72
0
 73
1
 93
4
 10
67.548
 20
732.452
 10
91.224
 20
732.452
 10
91.224
 20
732.126
 10
67.548
 20
732.126
 97
0
 75
0
 76
1
 98
0
  0
HATCH
  5
1FE
330
17
100
AcDbEntity
  8
RASTER
 62
7
100
AcDbHatch
 10
0.0
 20
0.0
 30
0.0
210
0.0
220
0.0
230
1.0
  2
SOLID
 70
1
 71
0
 91
1
 92
3
 72
0
 73
1
 93
4
 10
67.548
 20
709.102
 10
91.224
 20
709.102
 10
91.224
 20
708.776
 10
67.548
 20
708.776
 97
0
 75
0
 76
1
 98
0
  0
HATCH
  5
1FF
330
17
100
AcDbEntity
  8
RASTER
 62
7
100
AcDbHatch
 10
0.0
 20
0.0
 30
0.0
210
0.0
220
0.0
230
1.0
  2
SOLID
 70
1
 71
0
 91
1
 92
3
 72
0
 73
1
 93
4
 10
67.548
 20
685.752
 10
91.224
 20
685.752
 10
91.224
 20
685.426
 10
67.548
 20
685.426
 97
0
 75
0
 76
1
 98
0
  0
HATCH
  5
200
330
17
100
AcDbEntity
  8
RASTER
 62
7
100
AcDbHatch
 10
0.0
 20
0.0
 30
0.0
210
0.0
220
0.0
230
1.0
  2
SOLID
 70
1
 71
0
 91
1
 92
3
 72
0
 73
1
 93
4
 10
67.548
 20
662.402
 10
91.224
 20
662.402
 10
91.224
 20
662.076
 10
67.548
 20
662.076
 97
0
 75
0
 76
1
 98
0
  0
HATCH
  5
201
330
17
100
AcDbEntity
  8
RASTER
 62
7
100
AcDbHatch
 10
0.0
 20
0.0
 30
0.0
210
0.0
220
0.0
230
1.0
  2
SOLID
 70
1
 71
0
 91
1
 92
3
 72
0
 73
1
 93
4
 10
67.548
 20
639.052
 10
91.224
 20
639.052
 10
91.224
 20
638.726
 10
67.548
 20
638.726
 97
0
 75
0
 76
1
 98
0
  0
HATCH
  5
202
330
17
100
AcDbEntity
  8
RASTER
 62
7
100
AcDbHatch
 10
0.0
 20
0.0
 30
0.0
210
0.0
220
0.0
230
1.0
  2
SOLID
 70
1
 71
0
 91
1
 92
3
 72
0
 73
1
 93
4
 10
90.898
 20
755.802
 10
114.574
 20
755.802
 10
114.574
 20
755.476
 10
90.898
 20
755.476
 97
0
 75
0
 76
1
 98
0
  0
HATCH
  5
203
330
17
100
AcDbEntity
  8
RASTER
 62
7
100
AcDbHatch
 10
0.0
 20
0.0
 30
0.0
210
0.0
220
0.0
230
1.0
  2
SOLID
 70
1
 71
0
 91
1
 92
3
 72
0
 73
1
 93
4
 10
90.898
 20
732.452
 10
114.574
 20
732.452
 10
114.574
 20
732.126
 10
90.898
 20
732.126
 97
0
 75
0
 76
1
 98
0
  0
HATCH
  5
204
330
17
100
AcDbEntity
  8
RASTER
 62
7
100
AcDbHatch
 10
0.0
 20
0.0
 30
0.0
210
0.0
220
0.0
230
1.0
  2
SOLID
 70
1
 71
0
 91
1
 92
3
 72
0
 73
1
 93
4
 10
90.898
 20
709.102
 10
114.574
 20
709.102
 10
114.574
 20
708.776
 10
90.898
 20
708.776
 97
0
 75
0
 76
1
 98
0
  0
HATCH
  5
205
330
17
100
AcDbEntity
  8
RASTER
 62
7
100
AcDbHatch
 10
0.0
 20
0.0
 30
0.0
210
0.0
220
0.0
230
1.0
  2
SOLID
 70
1
 71
0
 91
1
 92
3
 72
0
 73
1
 93
4
 10
90.898
 20
685.752
 10
114.574
 20
685.752
 10
114.574
 20
685.426
 10
90.898
 20
685.426
 97
0
 75
0
 76
1
 98
0
  0
HATCH
  5
206
330
17
100
AcDbEntity
  8
RASTER
 62
7
100
AcDbHatch
 10
0.0
 20
0.0
 30
0.0
210
0.0
220
0.0
230
1.0
  2
SOLID
 70
1
 71
0
 91
1
 92
3
 72
0
 73
1
 93
4
 10
90.898
 20
662.402
 10
114.574
 20
662.402
 10
114.574
 20
662.076
 10
90.898
 20
662.076
 97
0
 75
0
 76
1
 98
0
  0
HATCH
  5
207
330
17
100
AcDbEntity
  8
RASTER
 62
7
100
AcDbHatch
 10
0.0
 20
0.0
 30
0.0
210
0.0
220
0.0
230
1.0
  2
SOLID
 70
1
 71
0
 91
1
 92
3
 72
0
 73
1
 93
4
 10
90.898
 20
639.052
 10
114.574
 20
639.052
 10
114.574
 20
638.726
 10
90.898
 20
638.726
 97
0
 75
0
 76
1
 98
0
  0
HATCH
  5
208
330
17
100
AcDbEntity
  8
RASTER
 62
7
100
AcDbHatch
 10
0.0
 20
0.0
 30
0.0
210
0.0
220
0.0
230
1.0
  2
SOLID
 70
1
 71
0
 91
1
 92
3
 72
0
 73
1
 93
4
 10
99.304
 20
615.702
 10
106.309
 20
615.702
 10
106.309
 20
615.376
 10
99.304
 20
615.376
 97
0
 75
0
 76
1
 98
0
  0
HATCH
  5
209
330
17
100
AcDbEntity
  8
RASTER
 62
7
100
AcDbHatch
 10
0.0
 20
0.0
 30
0.0
210
0.0
220
0.0
230
1.0
  2
SOLID
 70
1
 71
0
 91
1
 92
3
 72
0
 73
1
 93
4
 10
114.248
 20
755.802
 10
137.924
 20
755.802
 10
137.924
 20
755.476
 10
114.248
 20
755.476
 97
0
 75
0
 76
1
 98
0
  0
HATCH
  5
20A
330
17
100
AcDbEntity
  8
RASTER
 62
7
100
AcDbHatch
 10
0.0
 20
0.0
 30
0.0
210
0.0
220
0.0
230
1.0
  2
SOLID
 70
1
 71
0
 91
1
 92
3
 72
0
 73
1
 93
4
 10
114.248
 20
732.452
 10
137.924
 20
732.452
 10
137.924
 20
732.126
 10
114.248
 20
732.126
 97
0
 75
0
 76
1
 98
0
  0
HATCH
  5
20B
330
17
100
AcDbEntity
  8
RASTER
 62
7
100
AcDbHatch
 10
0.0
 20
0.0
 30
0.0
210
0.0
220
0.0
230
1.0
  2
SOLID
 70
1
 71
0
 91
1
 92
3
 72
0
 73
1
 93
4
 10
114.248
 20
709.102
 10
137.924
 20
709.102
 10
137.924
 20
708.776
 10
114.248
 20
708.776
 97
0
 75
0
 76
1
 98
0
  0
HATCH
  5
20C
330
17
100
AcDbEntity
  8
RASTER
 62
7
100
AcDbHatch
 10
0.0
 20
0.0
 30
0.0
210
0.0
220
0.0
230
1.0
  2
SOLID
 70
1
 71
0
 91
1
 92
3
 72
0
 73
1
 93
4
 10
114.248
 20
685.752
 10
137.924
 20
685.752
 10
137.924
 20
685.426
 10
114.248
 20
685.426
 97
0
 75
0
 76
1
 98
0
  0
HATCH
  5
20D
330
17
100
AcDbEntity
  8
RASTER
 62
7
100
AcDbHatch
 10
0.0
 20
0.0
 30
0.0
210
0.0
220
0.0
230
1.0
  2
SOLID
 70
1
 71
0
 91
1
 92
3
 72
0
 73
1
 93
4
 10
114.248
 20
662.402
 10
137.924
 20
662.402
 10
137.924
 20
662.076
 10
114.248
 20
662.076
 97
0
 75
0
 76
1
 98
0
  0
HATCH
  5
20E
330
17
100
AcDbEntity
  8
RASTER
 62
7
100
AcDbHatch
 10
0.0
 20
0.0
 30
0.0
210
0.0
220
0.0
230
1.0
  2
SOLID
 70
1
 71
0
 91
1
 92
3
 72
0
 73
1
 93
4
 10
114.248
 20
639.052
 10
137.924
 20
639.052
 10
137.924
 20
638.726
 10
114.248
 20
638.726
 97
0
 75
0
 76
1
 98
0
  0
HATCH
  5
20F
330
17
100
AcDbEntity
  8
RASTER
 62
7
100
AcDbHatch
 10
0.0
 20
0.0
 30
0.0
210
0.0
220
0.0
230
1.0
  2
SOLID
 70
1
 71
0
 91
1
 92
3
 72
0
 73
1
 93
4
 10
137.598
 20
779.152
 10
161.274
 20
779.152
 10
161.274
 20
778.826
 10
137.598
 20
778.826
 97
0
 75
0
 76
1
 98
0
  0
HATCH
  5
210
330
17
100
AcDbEntity
  8
RASTER
 62
7
100
AcDbHatch
 10
0.0
 20
0.0
 30
0.0
210
0.0
220
0.0
230
1.0
  2
SOLID
 70
1
 71
0
 91
1
 92
3
 72
0
 73
1
 93
4
 10
137.598
 20
755.802
 10
161.274
 20
755.802
 10
161.274
 20
755.476
 10
137.598
 20
755.476
 97
0
 75
0
 76
1
 98
0
  0
HATCH
  5
211
330
17
100
AcDbEntity
  8
RASTER
 62
7
100
AcDbHatch
 10
0.0
 20
0.0
 30
0.0
210
0.0
220
0.0
230
1.0
  2
SOLID
 70
1
 71
0
 91
1
 92
3
 72
0
 73
1
 93
4
 10
137.598
 20
732.452
 10
161.274
 20
732.452
 10
161.274
 20
732.126
 10
137.598
 20
732.126
 97
0
 75
0
 76
1
 98
0
  0
HATCH
  5
212
330
17
100
AcDbEntity
  8
RASTER
 62
7
100
AcDbHatch
 10
0.0
 20
0.0
 30
0.0
210
0.0
220
0.0
230
1.0
  2
SOLID
 70
1
 71
0
 91
1
 92
3
 72
0
 73
1
 93
4
 10
137.598
 20
709.102
 10
161.274
 20
709.102
 10
161.274
 20
708.776
 10
137.598
 20
708.776
 97
0
 75
0
 76
1
 98
0
  0
HATCH
  5
213
330
17
100
AcDbEntity
  8
RASTER
 62
7
100
AcDbHatch
 10
0.0
 20
0.0
 30
0.0
210
0.0
220
0.0
230
1.0
  2
SOLID
 70
1
 71
0
 91
1
 92
3
 72
0
 73
1
 93
4
 10
137.598
 20
685.752
 10
161.274
 20
685.752
 10
161.274
 20
685.426
 10
137.598
 20
685.426
 97
0
 75
0
 76
1
 98
0
  0
HATCH
  5
214
330
17
100
AcDbEntity
  8
RASTER
 62
7
100
AcDbHatch
 10
0.0
 20
0.0
 30
0.0
210
0.0
220
0.0
230
1.0
  2
SOLID
 70
1
 71
0
 91
1
 92
3
 72
0
 73
1
 93
4
 10
137.598
 20
662.402
 10
161.274
 20
662.402
 10
161.274
 20
662.076
 10
137.598
 20
662.076
 97
0
 75
0
 76
1
 98
0
  0
HATCH
  5
215
330
17
100
AcDbEntity
  8
RASTER
 62
7
100
AcDbHatch
 10
0.0
 20
0.0
 30
0.0
210
0.0
220
0.0
230
1.0
  2
SOLID
 70
1
 71
0
 91
1
 92
3
 72
0
 73
1
 93
4
 10
137.598
 20
639.052
 10
161.274
 20
639.052
 10
161.274
 20
638.726
 10
137.598
 20
638.726
 97
0
 75
0
 76
1
 98
0
  0
HATCH
  5
216
330
17
100
AcDbEntity
  8
RASTER
 62
7
100
AcDbHatch
 10
0.0
 20
0.0
 30
0.0
210
0.0
220
0.0
230
1.0
  2
SOLID
 70
1
 71
0
 91
1
 92
3
 72
0
 73
1
 93
4
 10
160.948
 20
779.152
 10
184.624
 20
779.152
 10
184.624
 20
778.826
 10
160.948
 20
778.826
 97
0
 75
0
 76
1
 98
0
  0
HATCH
  5
217
330
17
100
AcDbEntity
  8
RASTER
 62
7
100
AcDbHatch
 10
0.0
 20
0.0
 30
0.0
210
0.0
220
0.0
230
1.0
  2
SOLID
 70
1
 71
0
 91
1
 92
3
 72
0
 73
1
 93
4
 10
160.948
 20
755.802
 10
184.624
 20
755.802
 10
184.624
 20
755.476
 10
160.948
 20
755.476
 97
0
 75
0
 76
1
 98
0
  0
HATCH
  5
218
330
17
100
AcDbEntity
  8
RASTER
 62
7
100
AcDbHatch
 10
0.0
 20
0.0
 30
0.0
210
0.0
220
0.0
230
1.0
  2
SOLID
 70
1
 71
0
 91
1
 92
3
 72
0
 73
1
 93
4
 10
160.948
 20
732.452
 10
184.624
 20
732.452
 10
184.624
 20
732.126
 10
160.948
 20
732.126
 97
0
 75
0
 76
1
 98
0
  0
HATCH
  5
219
330
17
100
AcDbEntity
  8
RASTER
 62
7
100
AcDbHatch
 10
0.0
 20
0.0
 30
0.0
210
0.0
220
0.0
230
1.0
  2
SOLID
 70
1
 71
0
 91
1
 92
3
 72
0
 73
1
 93
4
 10
160.948
 20
709.102
 10
184.624
 20
709.102
 10
184.624
 20
708.776
 10
160.948
 20
708.776
 97
0
 75
0
 76
1
 98
0
  0
HATCH
  5
21A
330
17
100
AcDbEntity
  8
RASTER
 62
7
100
AcDbHatch
 10
0.0
 20
0.0
 30
0.0
210
0.0
220
0.0
230
1.0
  2
SOLID
 70
1
 71
0
 91
1
 92
3
 72
0
 73
1
 93
4
 10
160.948
 20
685.752
 10
184.624
 20
685.752
 10
184.624
 20
685.426
 10
160.948
 20
685.426
 97
0
 75
0
 76
1
 98
0
  0
HATCH
  5
21B
330
17
100
AcDbEntity
  8
RASTER
 62
7
100
AcDbHatch
 10
0.0
 20
0.0
 30
0.0
210
0.0
220
0.0
230
1.0
  2
SOLID
 70
1
 71
0
 91
1
 92
3
 72
0
 73
1
 93
4
 10
160.948
 20
662.402
 10
184.624
 20
662.402
 10
184.624
 20
662.076
 10
160.948
 20
662.076
 97
0
 75
0
 76
1
 98
0
  0
HATCH
  5
21C
330
17
100
AcDbEntity
  8
RASTER
 62
7
100
AcDbHatch
 10
0.0
 20
0.0
 30
0.0
210
0.0
220
0.0
230
1.0
  2
SOLID
 70
1
 71
0
 91
1
 92
3
 72
0
 73
1
 93
4
 10
160.948
 20
639.052
 10
184.624
 20
639.052
 10
184.624
 20
638.726
 10
160.948
 20
638.726
 97
0
 75
0
 76
1
 98
0
  0
HATCH
  5
21D
330
17
100
AcDbEntity
  8
RASTER
 62
7
100
AcDbHatch
 10
0.0
 20
0.0
 30
0.0
210
0.0
220
0.0
230
1.0
  2
SOLID
 70
1
 71
0
 91
1
 92
3
 72
0
 73
1
 93
4
 10
184.298
 20
779.152
 10
207.648
 20
779.152
 10
207.648
 20
778.826
 10
184.298
 20
778.826
 97
0
 75
0
 76
1
 98
0
  0
HATCH
  5
21E
330
17
100
AcDbEntity
  8
RASTER
 62
7
100
AcDbHatch
 10
0.0
 20
0.0
 30
0.0
210
0.0
220
0.0
230
1.0
  2
SOLID
 70
1
 71
0
 91
1
 92
3
 72
0
 73
1
 93
4
 10
184.298
 20
755.802
 10
207.648
 20
755.802
 10
207.648
 20
755.476
 10
184.298
 20
755.476
 97
0
 75
0
 76
1
 98
0
  0
HATCH
  5
21F
330
17
100
AcDbEntity
  8
RASTER
 62
7
100
AcDbHatch
 10
0.0
 20
0.0
 30
0.0
210
0.0
220
0.0
230
1.0
  2
SOLID
 70
1
 71
0
 91
1
 92
3
 72
0
 73
1
 93
4
 10
184.298
 20
732.452
 10
207.648
 20
732.452
 10
207.648
 20
732.126
 10
184.298
 20
732.126
 97
0
 75
0
 76
1
 98
0
  0
HATCH
  5
220
330
17
100
AcDbEntity
  8
RASTER
 62
7
100
AcDbHatch
 10
0.0
 20
0.0
 30
0.0
210
0.0
220
0.0
230
1.0
  2
SOLID
 70
1
 71
0
 91
1
 92
3
 72
0
 73
1
 93
4
 10
184.298
 20
709.102
 10
207.648
 20
709.102
 10
207.648
 20
708.776
 10
184.298
 20
708.776
 97
0
 75
0
 76
1
 98
0
  0
HATCH
  5
221
330
17
100
AcDbEntity
  8
RASTER
 62
7
100
AcDbHatch
 10
0.0
 20
0.0
 30
0.0
210
0.0
220
0.0
230
1.0
  2
SOLID
 70
1
 71
0
 91
1
 92
3
 72
0
 73
1
 93
4
 10
184.298
 20
685.752
 10
207.648
 20
685.752
 10
207.648
 20
685.426
 10
184.298
 20
685.426
 97
0
 75
0
 76
1
 98
0
  0
HATCH
  5
222
330
17
100
AcDbEntity
  8
RASTER
 62
7
100
AcDbHatch
 10
0.0
 20
0.0
 30
0.0
210
0.0
220
0.0
230
1.0
  2
SOLID
 70
1
 71
0
 91
1
 92
3
 72
0
 73
1
 93
4
 10
184.298
 20
662.402
 10
207.648
 20
662.402
 10
207.648
 20
662.076
 10
184.298
 20
662.076
 97
0
 75
0
 76
1
 98
0
  0
HATCH
  5
223
330
17
100
AcDbEntity
  8
RASTER
 62
7
100
AcDbHatch
 10
0.0
 20
0.0
 30
0.0
210
0.0
220
0.0
230
1.0
  2
SOLID
 70
1
 71
0
 91
1
 92
3
 72
0
 73
1
 93
4
 10
184.298
 20
639.052
 10
207.648
 20
639.052
 10
207.648
 20
638.726
 10
184.298
 20
638.726
 97
0
 75
0
 76
1
 98
0
  0
HATCH
  5
224
330
17
100
AcDbEntity
  8
RASTER
 62
7
100
AcDbHatch
 10
0.0
 20
0.0
 30
0.0
210
0.0
220
0.0
230
1.0
  2
SOLID
 70
1
 71
0
 91
1
 92
3
 72
0
 73
1
 93
4
 10
184.765
 20
615.702
 10
207.648
 20
615.702
 10
207.648
 20
615.376
 10
184.765
 20
615.376
 97
0
 75
0
 76
1
 98
0
  0
HATCH
  5
225
330
17
100
AcDbEntity
  8
RASTER
 62
7
100
AcDbHatch
 10
0.0
 20
0.0
 30
0.0
210
0.0
220
0.0
230
1.0
  2
SOLID
 70
1
 71
0
 91
1
 92
3
 72
0
 73
1
 93
4
 10
20.848
 20
662.076
 10
21.174
 20
662.076
 10
21.174
 20
639.052
 10
20.848
 20
639.052
 97
0
 75
0
 76
1
 98
0
  0
HATCH
  5
226
330
17
100
AcDbEntity
  8
RASTER
 62
7
100
AcDbHatch
 10
0.0
 20
0.0
 30
0.0
210
0.0
220
0.0
230
1.0
  2
SOLID
 70
1
 71
0
 91
1
 92
3
 72
0
 73
1
 93
4
 10
44.198
 20
662.076
 10
44.524
 20
662.076
 10
44.524
 20
639.052
 10
44.198
 20
639.052
 97
0
 75
0
 76
1
 98
0
  0
HATCH
  5
227
330
17
100
AcDbEntity
  8
RASTER
 62
7
100
AcDbHatch
 10
0.0
 20
0.0
 30
0.0
210
0.0
220
0.0
230
1.0
  2
SOLID
 70
1
 71
0
 91
1
 92
3
 72
0
 73
1
 93
4
 10
20.848
 20
638.726
 10
21.174
 20
638.726
 10
21.174
 20
615.702
 10
20.848
 20
615.702
 97
0
 75
0
 76
1
 98
0
  0
HATCH
  5
228
330
17
100
AcDbEntity
  8
RASTER
 62
7
100
AcDbHatch
 10
0.0
 20
0.0
 30
0.0
210
0.0
220
0.0
230
1.0
  2
SOLID
 70
1
 71
0
 91
1
 92
3
 72
0
 73
1
 93
4
 10
44.198
 20
638.726
 10
44.524
 20
638.726
 10
44.524
 20
615.702
 10
44.198
 20
615.702
 97
0
 75
0
 76
1
 98
0
  0
HATCH
  5
229
330
17
100
AcDbEntity
  8
RASTER
 62
7
100
AcDbHatch
 10
0.0
 20
0.0
 30
0.0
210
0.0
220
0.0
230
1.0
  2
SOLID
 70
1
 71
0
 91
1
 92
3
 72
0
 73
1
 93
4
 10
44.198
 20
708.776
 10
44.524
 20
708.776
 10
44.524
 20
685.752
 10
44.198
 20
685.752
 97
0
 75
0
 76
1
 98
0
  0
HATCH
  5
22A
330
17
100
AcDbEntity
  8
RASTER
 62
7
100
AcDbHatch
 10
0.0
 20
0.0
 30
0.0
210
0.0
220
0.0
230
1.0
  2
SOLID
 70
1
 71
0
 91
1
 92
3
 72
0
 73
1
 93
4
 10
67.548
 20
708.776
 10
67.874
 20
708.776
 10
67.874
 20
685.752
 10
67.548
 20
685.752
 97
0
 75
0
 76
1
 98
0
  0
HATCH
  5
22B
330
17
100
AcDbEntity
  8
RASTER
 62
7
100
AcDbHatch
 10
0.0
 20
0.0
 30
0.0
210
0.0
220
0.0
230
1.0
  2
SOLID
 70
1
 71
0
 91
1
 92
3
 72
0
 73
1
 93
4
 10
44.198
 20
685.426
 10
44.524
 20
685.426
 10
44.524
 20
662.402
 10
44.198
 20
662.402
 97
0
 75
0
 76
1
 98
0
  0
HATCH
  5
22C
330
17
100
AcDbEntity
  8
RASTER
 62
7
100
AcDbHatch
 10
0.0
 20
0.0
 30
0.0
210
0.0
220
0.0
230
1.0
  2
SOLID
 70
1
 71
0
 91
1
 92
3
 72
0
 73
1
 93
4
 10
67.548
 20
685.426
 10
67.874
 20
685.426
 10
67.874
 20
662.402
 10
67.548
 20
662.402
 97
0
 75
0
 76
1
 98
0
  0
HATCH
  5
22D
330
17
100
AcDbEntity
  8
RASTER
 62
7
100
AcDbHatch
 10
0.0
 20
0.0
 30
0.0
210
0.0
220
0.0
230
1.0
  2
SOLID
 70
1
 71
0
 91
1
 92
3
 72
0
 73
1
 93
4
 10
67.548
 20
662.076
 10
67.874
 20
662.076
 10
67.874
 20
639.052
 10
67.548
 20
639.052
 97
0
 75
0
 76
1
 98
0
  0
HATCH
  5
22E
330
17
100
AcDbEntity
  8
RASTER
 62
7
100
AcDbHatch
 10
0.0
 20
0.0
 30
0.0
210
0.0
220
0.0
230
1.0
  2
SOLID
 70
1
 71
0
 91
1
 92
3
 72
0
 73
1
 93
4
 10
67.548
 20
638.726
 10
67.874
 20
638.726
 10
67.874
 20
615.702
 10
67.548
 20
615.702
 97
0
 75
0
 76
1
 98
0
  0
HATCH
  5
22F
330
17
100
AcDbEntity
  8
RASTER
 62
7
100
AcDbHatch
 10
0.0
 20
0.0
 30
0.0
210
0.0
220
0.0
230
1.0
  2
SOLID
 70
1
 71
0
 91
1
 92
3
 72
0
 73
1
 93
4
 10
67.548
 20
732.126
 10
67.874
 20
732.126
 10
67.874
 20
709.102
 10
67.548
 20
709.102
 97
0
 75
0
 76
1
 98
0
  0
HATCH
  5
230
330
17
100
AcDbEntity
  8
RASTER
 62
7
100
AcDbHatch
 10
0.0
 20
0.0
 30
0.0
210
0.0
220
0.0
230
1.0
  2
SOLID
 70
1
 71
0
 91
1
 92
3
 72
0
 73
1
 93
4
 10
90.898
 20
732.126
 10
91.224
 20
732.126
 10
91.224
 20
709.102
 10
90.898
 20
709.102
 97
0
 75
0
 76
1
 98
0
  0
HATCH
  5
231
330
17
100
AcDbEntity
  8
RASTER
 62
7
100
AcDbHatch
 10
0.0
 20
0.0
 30
0.0
210
0.0
220
0.0
230
1.0
  2
SOLID
 70
1
 71
0
 91
1
 92
3
 72
0
 73
1
 93
4
 10
90.898
 20
708.776
 10
91.224
 20
708.776
 10
91.224
 20
685.752
 10
90.898
 20
685.752
 97
0
 75
0
 76
1
 98
0
  0
HATCH
  5
232
330
17
100
AcDbEntity
  8
RASTER
 62
7
100
AcDbHatch
 10
0.0
 20
0.0
 30
0.0
210
0.0
220
0.0
230
1.0
  2
SOLID
 70
1
 71
0
 91
1
 92
3
 72
0
 73
1
 93
4
 10
90.898
 20
685.426
 10
91.224
 20
685.426
 10
91.224
 20
662.402
 10
90.898
 20
662.402
 97
0
 75
0
 76
1
 98
0
  0
HATCH
  5
233
330
17
100
AcDbEntity
  8
RASTER
 62
7
100
AcDbHatch
 10
0.0
 20
0.0
 30
0.0
210
0.0
220
0.0
230
1.0
  2
SOLID
 70
1
 71
0
 91
1
 92
3
 72
0
 73
1
 93
4
 10
90.898
 20
662.076
 10
91.224
 20
662.076
 10
91.224
 20
639.052
 10
90.898
 20
639.052
 97
0
 75
0
 76
1
 98
0
  0
HATCH
  5
234
330
17
100
AcDbEntity
  8
RASTER
 62
7
100
AcDbHatch
 10
0.0
 20
0.0
 30
0.0
210
0.0
220
0.0
230
1.0
  2
SOLID
 70
1
 71
0
 91
1
 92
3
 72
0
 73
1
 93
4
 10
90.898
 20
638.726
 10
91.224
 20
638.726
 10
91.224
 20
615.702
 10
90.898
 20
615.702
 97
0
 75
0
 76
1
 98
0
  0
HATCH
  5
235
330
17
100
AcDbEntity
  8
RASTER
 62
7
100
AcDbHatch
 10
0.0
 20
0.0
 30
0.0
210
0.0
220
0.0
230
1.0
  2
SOLID
 70
1
 71
0
 91
1
 92
3
 72
0
 73
1
 93
4
 10
90.898
 20
755.476
 10
91.224
 20
755.476
 10
91.224
 20
732.452
 10
90.898
 20
732.452
 97
0
 75
0
 76
1
 98
0
  0
HATCH
  5
236
330
17
100
AcDbEntity
  8
RASTER
 62
7
100
AcDbHatch
 10
0.0
 20
0.0
 30
0.0
210
0.0
220
0.0
230
1.0
  2
SOLID
 70
1
 71
0
 91
1
 92
3
 72
0
 73
1
 93
4
 10
114.248
 20
755.476
 10
114.574
 20
755.476
 10
114.574
 20
732.452
 10
114.248
 20
732.452
 97
0
 75
0
 76
1
 98
0
  0
HATCH
  5
237
330
17
100
AcDbEntity
  8
RASTER
 62
7
100
AcDbHatch
 10
0.0
 20
0.0
 30
0.0
210
0.0
220
0.0
230
1.0
  2
SOLID
 70
1
 71
0
 91
1
 92
3
 72
0
 73
1
 93
4
 10
114.248
 20
732.126
 10
114.574
 20
732.126
 10
114.574
 20
709.102
 10
114.248
 20
709.102
 97
0
 75
0
 76
1
 98
0
  0
HATCH
  5
238
330
17
100
AcDbEntity
  8
RASTER
 62
7
100
AcDbHatch
 10
0.0
 20
0.0
 30
0.0
210
0.0
220
0.0
230
1.0
  2
SOLID
 70
1
 71
0
 91
1
 92
3
 72
0
 73
1
 93
4
 10
114.248
 20
708.776
 10
114.574
 20
708.776
 10
114.574
 20
685.752
 10
114.248
 20
685.752
 97
0
 75
0
 76
1
 98
0
  0
HATCH
  5
239
330
17
100
AcDbEntity
  8
RASTER
 62
7
100
AcDbHatch
 10
0.0
 20
0.0
 30
0.0
210
0.0
220
0.0
230
1.0
  2
SOLID
 70
1
 71
0
 91
1
 92
3
 72
0
 73
1
 93
4
 10
114.248
 20
685.426
 10
114.574
 20
685.426
 10
114.574
 20
662.402
 10
114.248
 20
662.402
 97
0
 75
0
 76
1
 98
0
  0
HATCH
  5
23A
330
17
100
AcDbEntity
  8
RASTER
 62
7
100
AcDbHatch
 10
0.0
 20
0.0
 30
0.0
210
0.0
220
0.0
230
1.0
  2
SOLID
 70
1
 71
0
 91
1
 92
3
 72
0
 73
1
 93
4
 10
114.248
 20
662.076
 10
114.574
 20
662.076
 10
114.574
 20
639.052
 10
114.248
 20
639.052
 97
0
 75
0
 76
1
 98
0
  0
HATCH
  5
23B
330
17
100
AcDbEntity
  8
RASTER
 62
7
100
AcDbHatch
 10
0.0
 20
0.0
 30
0.0
210
0.0
220
0.0
230
1.0
  2
SOLID
 70
1
 71
0
 91
1
 92
3
 72
0
 73
1
 93
4
 10
114.248
 20
638.726
 10
114.574
 20
638.726
 10
114.574
 20
615.702
 10
114.248
 20
615.702
 97
0
 75
0
 76
1
 98
0
  0
HATCH
  5
23C
330
17
100
AcDbEntity
  8
RASTER
 62
7
100
AcDbHatch
 10
0.0
 20
0.0
 30
0.0
210
0.0
220
0.0
230
1.0
  2
SOLID
 70
1
 71
0
 91
1
 92
3
 72
0
 73
1
 93
4
 10
137.598
 20
755.476
 10
137.924
 20
755.476
 10
137.924
 20
732.452
 10
137.598
 20
732.452
 97
0
 75
0
 76
1
 98
0
  0
HATCH
  5
23D
330
17
100
AcDbEntity
  8
RASTER
 62
7
100
AcDbHatch
 10
0.0
 20
0.0
 30
0.0
210
0.0
220
0.0
230
1.0
  2
SOLID
 70
1
 71
0
 91
1
 92
3
 72
0
 73
1
 93
4
 10
137.598
 20
732.126
 10
137.924
 20
732.126
 10
137.924
 20
709.102
 10
137.598
 20
709.102
 97
0
 75
0
 76
1
 98
0
  0
HATCH
  5
23E
330
17
100
AcDbEntity
  8
RASTER
 62
7
100
AcDbHatch
 10
0.0
 20
0.0
 30
0.0
210
0.0
220
0.0
230
1.0
  2
SOLID
 70
1
 71
0
 91
1
 92
3
 72
0
 73
1
 93
4
 10
137.598
 20
708.776
 10
137.924
 20
708.776
 10
137.924
 20
685.752
 10
137.598
 20
685.752
 97
0
 75
0
 76
1
 98
0
  0
HATCH
  5
23F
330
17
100
AcDbEntity
  8
RASTER
 62
7
100
AcDbHatch
 10
0.0
 20
0.0
 30
0.0
210
0.0
220
0.0
230
1.0
  2
SOLID
 70
1
 71
0
 91
1
 92
3
 72
0
 73
1
 93
4
 10
137.598
 20
685.426
 10
137.924
 20
685.426
 10
137.924
 20
662.402
 10
137.598
 20
662.402
 97
0
 75
0
 76
1
 98
0
  0
HATCH
  5
240
330
17
100
AcDbEntity
  8
RASTER
 62
7
100
AcDbHatch
 10
0.0
 20
0.0
 30
0.0
210
0.0
220
0.0
230
1.0
  2
SOLID
 70
1
 71
0
 91
1
 92
3
 72
0
 73
1
 93
4
 10
137.598
 20
662.076
 10
137.924
 20
662.076
 10
137.924
 20
639.052
 10
137.598
 20
639.052
 97
0
 75
0
 76
1
 98
0
  0
HATCH
  5
241
330
17
100
AcDbEntity
  8
RASTER
 62
7
100
AcDbHatch
 10
0.0
 20
0.0
 30
0.0
210
0.0
220
0.0
230
1.0
  2
SOLID
 70
1
 71
0
 91
1
 92
3
 72
0
 73
1
 93
4
 10
137.598
 20
638.726
 10
137.924
 20
638.726
 10
137.924
 20
615.702
 10
137.598
 20
615.702
 97
0
 75
0
 76
1
 98
0
  0
HATCH
  5
242
330
17
100
AcDbEntity
  8
RASTER
 62
7
100
AcDbHatch
 10
0.0
 20
0.0
 30
0.0
210
0.0
220
0.0
230
1.0
  2
SOLID
 70
1
 71
0
 91
1
 92
3
 72
0
 73
1
 93
4
 10
137.598
 20
778.826
 10
137.924
 20
778.826
 10
137.924
 20
755.802
 10
137.598
 20
755.802
 97
0
 75
0
 76
1
 98
0
  0
HATCH
  5
243
330
17
100
AcDbEntity
  8
RASTER
 62
7
100
AcDbHatch
 10
0.0
 20
0.0
 30
0.0
210
0.0
220
0.0
230
1.0
  2
SOLID
 70
1
 71
0
 91
1
 92
3
 72
0
 73
1
 93
4
 10
160.948
 20
778.826
 10
161.274
 20
778.826
 10
161.274
 20
755.802
 10
160.948
 20
755.802
 97
0
 75
0
 76
1
 98
0
  0
HATCH
  5
244
330
17
100
AcDbEntity
  8
RASTER
 62
7
100
AcDbHatch
 10
0.0
 20
0.0
 30
0.0
210
0.0
220
0.0
230
1.0
  2
SOLID
 70
1
 71
0
 91
1
 92
3
 72
0
 73
1
 93
4
 10
160.948
 20
755.476
 10
161.274
 20
755.476
 10
161.274
 20
732.452
 10
160.948
 20
732.452
 97
0
 75
0
 76
1
 98
0
  0
HATCH
  5
245
330
17
100
AcDbEntity
  8
RASTER
 62
7
100
AcDbHatch
 10
0.0
 20
0.0
 30
0.0
210
0.0
220
0.0
230
1.0
  2
SOLID
 70
1
 71
0
 91
1
 92
3
 72
0
 73
1
 93
4
 10
160.948
 20
732.126
 10
161.274
 20
732.126
 10
161.274
 20
709.102
 10
160.948
 20
709.102
 97
0
 75
0
 76
1
 98
0
  0
HATCH
  5
246
330
17
100
AcDbEntity
  8
RASTER
 62
7
100
AcDbHatch
 10
0.0
 20
0.0
 30
0.0
210
0.0
220
0.0
230
1.0
  2
SOLID
 70
1
 71
0
 91
1
 92
3
 72
0
 73
1
 93
4
 10
160.948
 20
708.776
 10
161.274
 20
708.776
 10
161.274
 20
685.752
 10
160.948
 20
685.752
 97
0
 75
0
 76
1
 98
0
  0
HATCH
  5
247
330
17
100
AcDbEntity
  8
RASTER
 62
7
100
AcDbHatch
 10
0.0
 20
0.0
 30
0.0
210
0.0
220
0.0
230
1.0
  2
SOLID
 70
1
 71
0
 91
1
 92
3
 72
0
 73
1
 93
4
 10
160.948
 20
685.426
 10
161.274
 20
685.426
 10
161.274
 20
662.402
 10
160.948
 20
662.402
 97
0
 75
0
 76
1
 98
0
  0
HATCH
  5
248
330
17
100
AcDbEntity
  8
RASTER
 62
7
100
AcDbHatch
 10
0.0
 20
0.0
 30
0.0
210
0.0
220
0.0
230
1.0
  2
SOLID
 70
1
 71
0
 91
1
 92
3
 72
0
 73
1
 93
4
 10
160.948
 20
662.076
 10
161.274
 20
662.076
 10
161.274
 20
639.052
 10
160.948
 20
639.052
 97
0
 75
0
 76
1
 98
0
  0
HATCH
  5
249
330
17
100
AcDbEntity
  8
RASTER
 62
7
100
AcDbHatch
 10
0.0
 20
0.0
 30
0.0
210
0.0
220
0.0
230
1.0
  2
SOLID
 70
1
 71
0
 91
1
 92
3
 72
0
 73
1
 93
4
 10
160.948
 20
638.726
 10
161.274
 20
638.726
 10
161.274
 20
615.702
 10
160.948
 20
615.702
 97
0
 75
0
 76
1
 98
0
  0
HATCH
  5
24A
330
17
100
AcDbEntity
  8
RASTER
 62
7
100
AcDbHatch
 10
0.0
 20
0.0
 30
0.0
210
0.0
220
0.0
230
1.0
  2
SOLID
 70
1
 71
0
 91
1
 92
3
 72
0
 73
1
 93
4
 10
184.298
 20
778.826
 10
184.624
 20
778.826
 10
184.624
 20
755.802
 10
184.298
 20
755.802
 97
0
 75
0
 76
1
 98
0
  0
HATCH
  5
24B
330
17
100
AcDbEntity
  8
RASTER
 62
7
100
AcDbHatch
 10
0.0
 20
0.0
 30
0.0
210
0.0
220
0.0
230
1.0
  2
SOLID
 70
1
 71
0
 91
1
 92
3
 72
0
 73
1
 93
4
 10
184.298
 20
755.476
 10
184.624
 20
755.476
 10
184.624
 20
732.452
 10
184.298
 20
732.452
 97
0
 75
0
 76
1
 98
0
  0
HATCH
  5
24C
330
17
100
AcDbEntity
  8
RASTER
 62
7
100
AcDbHatch
 10
0.0
 20
0.0
 30
0.0
210
0.0
220
0.0
230
1.0
  2
SOLID
 70
1
 71
0
 91
1
 92
3
 72
0
 73
1
 93
4
 10
184.298
 20
732.126
 10
184.624
 20
732.126
 10
184.624
 20
709.102
 10
184.298
 20
709.102
 97
0
 75
0
 76
1
 98
0
  0
HATCH
  5
24D
330
17
100
AcDbEntity
  8
RASTER
 62
7
100
AcDbHatch
 10
0.0
 20
0.0
 30
0.0
210
0.0
220
0.0
230
1.0
  2
SOLID
 70
1
 71
0
 91
1
 92
3
 72
0
 73
1
 93
4
 10
184.298
 20
708.776
 10
184.624
 20
708.776
 10
184.624
 20
685.752
 10
184.298
 20
685.752
 97
0
 75
0
 76
1
 98
0
  0
HATCH
  5
24E
330
17
100
AcDbEntity
  8
RASTER
 62
7
100
AcDbHatch
 10
0.0
 20
0.0
 30
0.0
210
0.0
220
0.0
230
1.0
  2
SOLID
 70
1
 71
0
 91
1
 92
3
 72
0
 73
1
 93
4
 10
184.298
 20
685.426
 10
184.624
 20
685.426
 10
184.624
 20
662.402
 10
184.298
 20
662.402
 97
0
 75
0
 76
1
 98
0
  0
HATCH
  5
24F
330
17
100
AcDbEntity
  8
RASTER
 62
7
100
AcDbHatch
 10
0.0
 20
0.0
 30
0.0
210
0.0
220
0.0
230
1.0
  2
SOLID
 70
1
 71
0
 91
1
 92
3
 72
0
 73
1
 93
4
 10
184.298
 20
662.076
 10
184.624
 20
662.076
 10
184.624
 20
639.052
 10
184.298
 20
639.052
 97
0
 75
0
 76
1
 98
0
  0
HATCH
  5
250
330
17
100
AcDbEntity
  8
RASTER
 62
7
100
AcDbHatch
 10
0.0
 20
0.0
 30
0.0
210
0.0
220
0.0
230
1.0
  2
SOLID
 70
1
 71
0
 91
1
 92
3
 72
0
 73
1
 93
4
 10
184.298
 20
638.726
 10
184.624
 20
638.726
 10
184.624
 20
615.702
 10
184.298
 20
615.702
 97
0
 75
0
 76
1
 98
0
  0
HATCH
  5
251
330
17
100
AcDbEntity
  8
RASTER
 62
7
100
AcDbHatch
 10
0.0
 20
0.0
 30
0.0
210
0.0
220
0.0
230
1.0
  2
SOLID
 70
1
 71
0
 91
1
 92
3
 72
0
 73
1
 93
4
 10
207.648
 20
747.537
 10
207.974
 20
747.537
 10
207.974
 20
740.532
 10
207.648
 20
740.532
 97
0
 75
0
 76
1
 98
0
  0
HATCH
  5
252
330
17
100
AcDbEntity
  8
RASTER
 62
7
100
AcDbHatch
 10
0.0
 20
0.0
 30
0.0
210
0.0
220
0.0
230
1.0
  2
SOLID
 70
1
 71
0
 91
1
 92
3
 72
0
 73
1
 93
4
 10
207.648
 20
654.137
 10
207.974
 20
654.137
 10
207.974
 20
647.132
 10
207.648
 20
647.132
 97
0
 75
0
 76
1
 98
0
  0
HATCH
  5
253
330
17
100
AcDbEntity
  8
RASTER
 62
7
100
AcDbHatch
 10
0.0
 20
0.0
 30
0.0
210
0.0
220
0.0
230
1.0
  2
SOLID
 70
1
 71
0
 91
1
 92
3
 72
0
 73
1
 93
4
 10
208.115
 20
779.152
 10
231.324
 20
779.152
 10
231.324
 20
778.826
 10
208.115
 20
778.826
 97
0
 75
0
 76
1
 98
0
  0
HATCH
  5
254
330
17
100
AcDbEntity
  8
RASTER
 62
7
100
AcDbHatch
 10
0.0
 20
0.0
 30
0.0
210
0.0
220
0.0
230
1.0
  2
SOLID
 70
1
 71
0
 91
1
 92
3
 72
0
 73
1
 93
4
 10
208.115
 20
755.802
 10
231.324
 20
755.802
 10
231.324
 20
755.476
 10
208.115
 20
755.476
 97
0
 75
0
 76
1
 98
0
  0
HATCH
  5
255
330
17
100
AcDbEntity
  8
RASTER
 62
7
100
AcDbHatch
 10
0.0
 20
0.0
 30
0.0
210
0.0
220
0.0
230
1.0
  2
SOLID
 70
1
 71
0
 91
1
 92
3
 72
0
 73
1
 93
4
 10
208.115
 20
732.452
 10
231.324
 20
732.452
 10
231.324
 20
732.126
 10
208.115
 20
732.126
 97
0
 75
0
 76
1
 98
0
  0
HATCH
  5
256
330
17
100
AcDbEntity
  8
RASTER
 62
7
100
AcDbHatch
 10
0.0
 20
0.0
 30
0.0
210
0.0
220
0.0
230
1.0
  2
SOLID
 70
1
 71
0
 91
1
 92
3
 72
0
 73
1
 93
4
 10
208.115
 20
709.102
 10
231.324
 20
709.102
 10
231.324
 20
708.776
 10
208.115
 20
708.776
 97
0
 75
0
 76
1
 98
0
  0
HATCH
  5
257
330
17
100
AcDbEntity
  8
RASTER
 62
7
100
AcDbHatch
 10
0.0
 20
0.0
 30
0.0
210
0.0
220
0.0
230
1.0
  2
SOLID
 70
1
 71
0
 91
1
 92
3
 72
0
 73
1
 93
4
 10
208.115
 20
685.752
 10
231.324
 20
685.752
 10
231.324
 20
685.426
 10
208.115
 20
685.426
 97
0
 75
0
 76
1
 98
0
  0
HATCH
  5
258
330
17
100
AcDbEntity
  8
RASTER
 62
7
100
AcDbHatch
 10
0.0
 20
0.0
 30
0.0
210
0.0
220
0.0
230
1.0
  2
SOLID
 70
1
 71
0
 91
1
 92
3
 72
0
 73
1
 93
4
 10
208.115
 20
662.402
 10
231.324
 20
662.402
 10
231.324
 20
662.076
 10
208.115
 20
662.076
 97
0
 75
0
 76
1
 98
0
  0
HATCH
  5
259
330
17
100
AcDbEntity
  8
RASTER
 62
7
100
AcDbHatch
 10
0.0
 20
0.0
 30
0.0
210
0.0
220
0.0
230
1.0
  2
SOLID
 70
1
 71
0
 91
1
 92
3
 72
0
 73
1
 93
4
 10
208.115
 20
639.052
 10
231.324
 20
639.052
 10
231.324
 20
638.726
 10
208.115
 20
638.726
 97
0
 75
0
 76
1
 98
0
  0
HATCH
  5
25A
330
17
100
AcDbEntity
  8
RASTER
 62
7
100
AcDbHatch
 10
0.0
 20
0.0
 30
0.0
210
0.0
220
0.0
230
1.0
  2
SOLID
 70
1
 71
0
 91
1
 92
3
 72
0
 73
1
 93
4
 10
208.115
 20
615.702
 10
231.324
 20
615.702
 10
231.324
 20
615.376
 10
208.115
 20
615.376
 97
0
 75
0
 76
1
 98
0
  0
HATCH
  5
25B
330
17
100
AcDbEntity
  8
RASTER
 62
7
100
AcDbHatch
 10
0.0
 20
0.0
 30
0.0
210
0.0
220
0.0
230
1.0
  2
SOLID
 70
1
 71
0
 91
1
 92
3
 72
0
 73
1
 93
4
 10
230.998
 20
779.152
 10
254.674
 20
779.152
 10
254.674
 20
778.826
 10
230.998
 20
778.826
 97
0
 75
0
 76
1
 98
0
  0
HATCH
  5
25C
330
17
100
AcDbEntity
  8
RASTER
 62
7
100
AcDbHatch
 10
0.0
 20
0.0
 30
0.0
210
0.0
220
0.0
230
1.0
  2
SOLID
 70
1
 71
0
 91
1
 92
3
 72
0
 73
1
 93
4
 10
230.998
 20
755.802
 10
254.674
 20
755.802
 10
254.674
 20
755.476
 10
230.998
 20
755.476
 97
0
 75
0
 76
1
 98
0
  0
HATCH
  5
25D
330
17
100
AcDbEntity
  8
RASTER
 62
7
100
AcDbHatch
 10
0.0
 20
0.0
 30
0.0
210
0.0
220
0.0
230
1.0
  2
SOLID
 70
1
 71
0
 91
1
 92
3
 72
0
 73
1
 93
4
 10
230.998
 20
732.452
 10
254.674
 20
732.452
 10
254.674
 20
732.126
 10
230.998
 20
732.126
 97
0
 75
0
 76
1
 98
0
  0
HATCH
  5
25E
330
17
100
AcDbEntity
  8
RASTER
 62
7
100
AcDbHatch
 10
0.0
 20
0.0
 30
0.0
210
0.0
220
0.0
230
1.0
  2
SOLID
 70
1
 71
0
 91
1
 92
3
 72
0
 73
1
 93
4
 10
230.998
 20
709.102
 10
254.674
 20
709.102
 10
254.674
 20
708.776
 10
230.998
 20
708.776
 97
0
 75
0
 76
1
 98
0
  0
HATCH
  5
25F
330
17
100
AcDbEntity
  8
RASTER
 62
7
100
AcDbHatch
 10
0.0
 20
0.0
 30
0.0
210
0.0
220
0.0
230
1.0
  2
SOLID
 70
1
 71
0
 91
1
 92
3
 72
0
 73
1
 93
4
 10
230.998
 20
685.752
 10
254.674
 20
685.752
 10
254.674
 20
685.426
 10
230.998
 20
685.426
 97
0
 75
0
 76
1
 98
0
  0
HATCH
  5
260
330
17
100
AcDbEntity
  8
RASTER
 62
7
100
AcDbHatch
 10
0.0
 20
0.0
 30
0.0
210
0.0
220
0.0
230
1.0
  2
SOLID
 70
1
 71
0
 91
1
 92
3
 72
0
 73
1
 93
4
 10
230.998
 20
662.402
 10
254.674
 20
662.402
 10
254.674
 20
662.076
 10
230.998
 20
662.076
 97
0
 75
0
 76
1
 98
0
  0
HATCH
  5
261
330
17
100
AcDbEntity
  8
RASTER
 62
7
100
AcDbHatch
 10
0.0
 20
0.0
 30
0.0
210
0.0
220
0.0
230
1.0
  2
SOLID
 70
1
 71
0
 91
1
 92
3
 72
0
 73
1
 93
4
 10
230.998
 20
639.052
 10
254.674
 20
639.052
 10
254.674
 20
638.726
 10
230.998
 20
638.726
 97
0
 75
0
 76
1
 98
0
  0
HATCH
  5
262
330
17
100
AcDbEntity
  8
RASTER
 62
7
100
AcDbHatch
 10
0.0
 20
0.0
 30
0.0
210
0.0
220
0.0
230
1.0
  2
SOLID
 70
1
 71
0
 91
1
 92
3
 72
0
 73
1
 93
4
 10
230.998
 20
615.702
 10
254.674
 20
615.702
 10
254.674
 20
615.376
 10
230.998
 20
615.376
 97
0
 75
0
 76
1
 98
0
  0
HATCH
  5
263
330
17
100
AcDbEntity
  8
RASTER
 62
7
100
AcDbHatch
 10
0.0
 20
0.0
 30
0.0
210
0.0
220
0.0
230
1.0
  2
SOLID
 70
1
 71
0
 91
1
 92
3
 72
0
 73
1
 93
4
 10
239.404
 20
592.352
 10
246.409
 20
592.352
 10
246.409
 20
592.026
 10
239.404
 20
592.026
 97
0
 75
0
 76
1
 98
0
  0
HATCH
  5
264
330
17
100
AcDbEntity
  8
RASTER
 62
7
100
AcDbHatch
 10
0.0
 20
0.0
 30
0.0
210
0.0
220
0.0
230
1.0
  2
SOLID
 70
1
 71
0
 91
1
 92
3
 72
0
 73
1
 93
4
 10
254.348
 20
755.802
 10
278.024
 20
755.802
 10
278.024
 20
755.476
 10
254.348
 20
755.476
 97
0
 75
0
 76
1
 98
0
  0
HATCH
  5
265
330
17
100
AcDbEntity
  8
RASTER
 62
7
100
AcDbHatch
 10
0.0
 20
0.0
 30
0.0
210
0.0
220
0.0
230
1.0
  2
SOLID
 70
1
 71
0
 91
1
 92
3
 72
0
 73
1
 93
4
 10
254.348
 20
732.452
 10
278.024
 20
732.452
 10
278.024
 20
732.126
 10
254.348
 20
732.126
 97
0
 75
0
 76
1
 98
0
  0
HATCH
  5
266
330
17
100
AcDbEntity
  8
RASTER
 62
7
100
AcDbHatch
 10
0.0
 20
0.0
 30
0.0
210
0.0
220
0.0
230
1.0
  2
SOLID
 70
1
 71
0
 91
1
 92
3
 72
0
 73
1
 93
4
 10
254.348
 20
709.102
 10
278.024
 20
709.102
 10
278.024
 20
708.776
 10
254.348
 20
708.776
 97
0
 75
0
 76
1
 98
0
  0
HATCH
  5
267
330
17
100
AcDbEntity
  8
RASTER
 62
7
100
AcDbHatch
 10
0.0
 20
0.0
 30
0.0
210
0.0
220
0.0
230
1.0
  2
SOLID
 70
1
 71
0
 91
1
 92
3
 72
0
 73
1
 93
4
 10
254.348
 20
685.752
 10
278.024
 20
685.752
 10
278.024
 20
685.426
 10
254.348
 20
685.426
 97
0
 75
0
 76
1
 98
0
  0
HATCH
  5
268
330
17
100
AcDbEntity
  8
RASTER
 62
7
100
AcDbHatch
 10
0.0
 20
0.0
 30
0.0
210
0.0
220
0.0
230
1.0
  2
SOLID
 70
1
 71
0
 91
1
 92
3
 72
0
 73
1
 93
4
 10
254.348
 20
662.402
 10
278.024
 20
662.402
 10
278.024
 20
662.076
 10
254.348
 20
662.076
 97
0
 75
0
 76
1
 98
0
  0
HATCH
  5
269
330
17
100
AcDbEntity
  8
RASTER
 62
7
100
AcDbHatch
 10
0.0
 20
0.0
 30
0.0
210
0.0
220
0.0
230
1.0
  2
SOLID
 70
1
 71
0
 91
1
 92
3
 72
0
 73
1
 93
4
 10
254.348
 20
639.052
 10
278.024
 20
639.052
 10
278.024
 20
638.726
 10
254.348
 20
638.726
 97
0
 75
0
 76
1
 98
0
  0
HATCH
  5
26A
330
17
100
AcDbEntity
  8
RASTER
 62
7
100
AcDbHatch
 10
0.0
 20
0.0
 30
0.0
210
0.0
220
0.0
230
1.0
  2
SOLID
 70
1
 71
0
 91
1
 92
3
 72
0
 73
1
 93
4
 10
254.348
 20
615.702
 10
278.024
 20
615.702
 10
278.024
 20
615.376
 10
254.348
 20
615.376
 97
0
 75
0
 76
1
 98
0
  0
HATCH
  5
26B
330
17
100
AcDbEntity
  8
RASTER
 62
7
100
AcDbHatch
 10
0.0
 20
0.0
 30
0.0
210
0.0
220
0.0
230
1.0
  2
SOLID
 70
1
 71
0
 91
1
 92
3
 72
0
 73
1
 93
4
 10
277.698
 20
755.802
 10
301.374
 20
755.802
 10
301.374
 20
755.476
 10
277.698
 20
755.476
 97
0
 75
0
 76
1
 98
0
  0
HATCH
  5
26C
330
17
100
AcDbEntity
  8
RASTER
 62
7
100
AcDbHatch
 10
0.0
 20
0.0
 30
0.0
210
0.0
220
0.0
230
1.0
  2
SOLID
 70
1
 71
0
 91
1
 92
3
 72
0
 73
1
 93
4
 10
277.698
 20
732.452
 10
301.374
 20
732.452
 10
301.374
 20
732.126
 10
277.698
 20
732.126
 97
0
 75
0
 76
1
 98
0
  0
HATCH
  5
26D
330
17
100
AcDbEntity
  8
RASTER
 62
7
100
AcDbHatch
 10
0.0
 20
0.0
 30
0.0
210
0.0
220
0.0
230
1.0
  2
SOLID
 70
1
 71
0
 91
1
 92
3
 72
0
 73
1
 93
4
 10
277.698
 20
709.102
 10
301.374
 20
709.102
 10
301.374
 20
708.776
 10
277.698
 20
708.776
 97
0
 75
0
 76
1
 98
0
  0
HATCH
  5
26E
330
17
100
AcDbEntity
  8
RASTER
 62
7
100
AcDbHatch
 10
0.0
 20
0.0
 30
0.0
210
0.0
220
0.0
230
1.0
  2
SOLID
 70
1
 71
0
 91
1
 92
3
 72
0
 73
1
 93
4
 10
277.698
 20
685.752
 10
301.374
 20
685.752
 10
301.374
 20
685.426
 10
277.698
 20
685.426
 97
0
 75
0
 76
1
 98
0
  0
HATCH
  5
26F
330
17
100
AcDbEntity
  8
RASTER
 62
7
100
AcDbHatch
 10
0.0
 20
0.0
 30
0.0
210
0.0
220
0.0
230
1.0
  2
SOLID
 70
1
 71
0
 91
1
 92
3
 72
0
 73
1
 93
4
 10
277.698
 20
662.402
 10
301.374
 20
662.402
 10
301.374
 20
662.076
 10
277.698
 20
662.076
 97
0
 75
0
 76
1
 98
0
  0
HATCH
  5
270
330
17
100
AcDbEntity
  8
RASTER
 62
7
100
AcDbHatch
 10
0.0
 20
0.0
 30
0.0
210
0.0
220
0.0
230
1.0
  2
SOLID
 70
1
 71
0
 91
1
 92
3
 72
0
 73
1
 93
4
 10
277.698
 20
639.052
 10
301.374
 20
639.052
 10
301.374
 20
638.726
 10
277.698
 20
638.726
 97
0
 75
0
 76
1
 98
0
  0
HATCH
  5
271
330
17
100
AcDbEntity
  8
RASTER
 62
7
100
AcDbHatch
 10
0.0
 20
0.0
 30
0.0
210
0.0
220
0.0
230
1.0
  2
SOLID
 70
1
 71
0
 91
1
 92
3
 72
0
 73
1
 93
4
 10
277.698
 20
615.702
 10
301.374
 20
615.702
 10
301.374
 20
615.376
 10
277.698
 20
615.376
 97
0
 75
0
 76
1
 98
0
  0
HATCH
  5
272
330
17
100
AcDbEntity
  8
RASTER
 62
7
100
AcDbHatch
 10
0.0
 20
0.0
 30
0.0
210
0.0
220
0.0
230
1.0
  2
SOLID
 70
1
 71
0
 91
1
 92
3
 72
0
 73
1
 93
4
 10
301.048
 20
732.452
 10
324.724
 20
732.452
 10
324.724
 20
732.126
 10
301.048
 20
732.126
 97
0
 75
0
 76
1
 98
0
  0
HATCH
  5
273
330
17
100
AcDbEntity
  8
RASTER
 62
7
100
AcDbHatch
 10
0.0
 20
0.0
 30
0.0
210
0.0
220
0.0
230
1.0
  2
SOLID
 70
1
 71
0
 91
1
 92
3
 72
0
 73
1
 93
4
 10
301.048
 20
709.102
 10
324.724
 20
709.102
 10
324.724
 20
708.776
 10
301.048
 20
708.776
 97
0
 75
0
 76
1
 98
0
  0
HATCH
  5
274
330
17
100
AcDbEntity
  8
RASTER
 62
7
100
AcDbHatch
 10
0.0
 20
0.0
 30
0.0
210
0.0
220
0.0
230
1.0
  2
SOLID
 70
1
 71
0
 91
1
 92
3
 72
0
 73
1
 93
4
 10
301.048
 20
685.752
 10
324.724
 20
685.752
 10
324.724
 20
685.426
 10
301.048
 20
685.426
 97
0
 75
0
 76
1
 98
0
  0
HATCH
  5
275
330
17
100
AcDbEntity
  8
RASTER
 62
7
100
AcDbHatch
 10
0.0
 20
0.0
 30
0.0
210
0.0
220
0.0
230
1.0
  2
SOLID
 70
1
 71
0
 91
1
 92
3
 72
0
 73
1
 93
4
 10
301.048
 20
662.402
 10
324.724
 20
662.402
 10
324.724
 20
662.076
 10
301.048
 20
662.076
 97
0
 75
0
 76
1
 98
0
  0
HATCH
  5
276
330
17
100
AcDbEntity
  8
RASTER
 62
7
100
AcDbHatch
 10
0.0
 20
0.0
 30
0.0
210
0.0
220
0.0
230
1.0
  2
SOLID
 70
1
 71
0
 91
1
 92
3
 72
0
 73
1
 93
4
 10
301.048
 20
639.052
 10
324.724
 20
639.052
 10
324.724
 20
638.726
 10
301.048
 20
638.726
 97
0
 75
0
 76
1
 98
0
  0
HATCH
  5
277
330
17
100
AcDbEntity
  8
RASTER
 62
7
100
AcDbHatch
 10
0.0
 20
0.0
 30
0.0
210
0.0
220
0.0
230
1.0
  2
SOLID
 70
1
 71
0
 91
1
 92
3
 72
0
 73
1
 93
4
 10
301.048
 20
615.702
 10
324.724
 20
615.702
 10
324.724
 20
615.376
 10
301.048
 20
615.376
 97
0
 75
0
 76
1
 98
0
  0
HATCH
  5
278
330
17
100
AcDbEntity
  8
RASTER
 62
7
100
AcDbHatch
 10
0.0
 20
0.0
 30
0.0
210
0.0
220
0.0
230
1.0
  2
SOLID
 70
1
 71
0
 91
1
 92
3
 72
0
 73
1
 93
4
 10
324.398
 20
709.102
 10
348.074
 20
709.102
 10
348.074
 20
708.776
 10
324.398
 20
708.776
 97
0
 75
0
 76
1
 98
0
  0
HATCH
  5
279
330
17
100
AcDbEntity
  8
RASTER
 62
7
100
AcDbHatch
 10
0.0
 20
0.0
 30
0.0
210
0.0
220
0.0
230
1.0
  2
SOLID
 70
1
 71
0
 91
1
 92
3
 72
0
 73
1
 93
4
 10
324.398
 20
685.752
 10
348.074
 20
685.752
 10
348.074
 20
685.426
 10
324.398
 20
685.426
 97
0
 75
0
 76
1
 98
0
  0
HATCH
  5
27A
330
17
100
AcDbEntity
  8
RASTER
 62
7
100
AcDbHatch
 10
0.0
 20
0.0
 30
0.0
210
0.0
220
0.0
230
1.0
  2
SOLID
 70
1
 71
0
 91
1
 92
3
 72
0
 73
1
 93
4
 10
324.398
 20
662.402
 10
348.074
 20
662.402
 10
348.074
 20
662.076
 10
324.398
 20
662.076
 97
0
 75
0
 76
1
 98
0
  0
HATCH
  5
27B
330
17
100
AcDbEntity
  8
RASTER
 62
7
100
AcDbHatch
 10
0.0
 20
0.0
 30
0.0
210
0.0
220
0.0
230
1.0
  2
SOLID
 70
1
 71
0
 91
1
 92
3
 72
0
 73
1
 93
4
 10
324.398
 20
639.052
 10
348.074
 20
639.052
 10
348.074
 20
638.726
 10
324.398
 20
638.726
 97
0
 75
0
 76
1
 98
0
  0
HATCH
  5
27C
330
17
100
AcDbEntity
  8
RASTER
 62
7
100
AcDbHatch
 10
0.0
 20
0.0
 30
0.0
210
0.0
220
0.0
230
1.0
  2
SOLID
 70
1
 71
0
 91
1
 92
3
 72
0
 73
1
 93
4
 10
324.398
 20
615.702
 10
348.074
 20
615.702
 10
348.074
 20
615.376
 10
324.398
 20
615.376
 97
0
 75
0
 76
1
 98
0
  0
HATCH
  5
27D
330
17
100
AcDbEntity
  8
RASTER
 62
7
100
AcDbHatch
 10
0.0
 20
0.0
 30
0.0
210
0.0
220
0.0
230
1.0
  2
SOLID
 70
1
 71
0
 91
1
 92
3
 72
0
 73
1
 93
4
 10
332.804
 20
592.352
 10
339.809
 20
592.352
 10
339.809
 20
592.026
 10
332.804
 20
592.026
 97
0
 75
0
 76
1
 98
0
  0
HATCH
  5
27E
330
17
100
AcDbEntity
  8
RASTER
 62
7
100
AcDbHatch
 10
0.0
 20
0.0
 30
0.0
210
0.0
220
0.0
230
1.0
  2
SOLID
 70
1
 71
0
 91
1
 92
3
 72
0
 73
1
 93
4
 10
347.748
 20
662.402
 10
371.424
 20
662.402
 10
371.424
 20
662.076
 10
347.748
 20
662.076
 97
0
 75
0
 76
1
 98
0
  0
HATCH
  5
27F
330
17
100
AcDbEntity
  8
RASTER
 62
7
100
AcDbHatch
 10
0.0
 20
0.0
 30
0.0
210
0.0
220
0.0
230
1.0
  2
SOLID
 70
1
 71
0
 91
1
 92
3
 72
0
 73
1
 93
4
 10
347.748
 20
639.052
 10
371.424
 20
639.052
 10
371.424
 20
638.726
 10
347.748
 20
638.726
 97
0
 75
0
 76
1
 98
0
  0
HATCH
  5
280
330
17
100
AcDbEntity
  8
RASTER
 62
7
100
AcDbHatch
 10
0.0
 20
0.0
 30
0.0
210
0.0
220
0.0
230
1.0
  2
SOLID
 70
1
 71
0
 91
1
 92
3
 72
0
 73
1
 93
4
 10
347.748
 20
615.702
 10
371.424
 20
615.702
 10
371.424
 20
615.376
 10
347.748
 20
615.376
 97
0
 75
0
 76
1
 98
0
  0
HATCH
  5
281
330
17
100
AcDbEntity
  8
RASTER
 62
7
100
AcDbHatch
 10
0.0
 20
0.0
 30
0.0
210
0.0
220
0.0
230
1.0
  2
SOLID
 70
1
 71
0
 91
1
 92
3
 72
0
 73
1
 93
4
 10
207.648
 20
700.837
 10
207.974
 20
700.837
 10
207.974
 20
693.832
 10
207.648
 20
693.832
 97
0
 75
0
 76
1
 98
0
  0
HATCH
  5
282
330
17
100
AcDbEntity
  8
RASTER
 62
7
100
AcDbHatch
 10
0.0
 20
0.0
 30
0.0
210
0.0
220
0.0
230
1.0
  2
SOLID
 70
1
 71
0
 91
1
 92
3
 72
0
 73
1
 93
4
 10
230.998
 20
778.826
 10
231.324
 20
778.826
 10
231.324
 20
755.802
 10
230.998
 20
755.802
 97
0
 75
0
 76
1
 98
0
  0
HATCH
  5
283
330
17
100
AcDbEntity
  8
RASTER
 62
7
100
AcDbHatch
 10
0.0
 20
0.0
 30
0.0
210
0.0
220
0.0
230
1.0
  2
SOLID
 70
1
 71
0
 91
1
 92
3
 72
0
 73
1
 93
4
 10
230.998
 20
755.476
 10
231.324
 20
755.476
 10
231.324
 20
732.452
 10
230.998
 20
732.452
 97
0
 75
0
 76
1
 98
0
  0
HATCH
  5
284
330
17
100
AcDbEntity
  8
RASTER
 62
7
100
AcDbHatch
 10
0.0
 20
0.0
 30
0.0
210
0.0
220
0.0
230
1.0
  2
SOLID
 70
1
 71
0
 91
1
 92
3
 72
0
 73
1
 93
4
 10
230.998
 20
732.126
 10
231.324
 20
732.126
 10
231.324
 20
709.102
 10
230.998
 20
709.102
 97
0
 75
0
 76
1
 98
0
  0
HATCH
  5
285
330
17
100
AcDbEntity
  8
RASTER
 62
7
100
AcDbHatch
 10
0.0
 20
0.0
 30
0.0
210
0.0
220
0.0
230
1.0
  2
SOLID
 70
1
 71
0
 91
1
 92
3
 72
0
 73
1
 93
4
 10
230.998
 20
708.776
 10
231.324
 20
708.776
 10
231.324
 20
685.752
 10
230.998
 20
685.752
 97
0
 75
0
 76
1
 98
0
  0
HATCH
  5
286
330
17
100
AcDbEntity
  8
RASTER
 62
7
100
AcDbHatch
 10
0.0
 20
0.0
 30
0.0
210
0.0
220
0.0
230
1.0
  2
SOLID
 70
1
 71
0
 91
1
 92
3
 72
0
 73
1
 93
4
 10
230.998
 20
685.426
 10
231.324
 20
685.426
 10
231.324
 20
662.402
 10
230.998
 20
662.402
 97
0
 75
0
 76
1
 98
0
  0
HATCH
  5
287
330
17
100
AcDbEntity
  8
RASTER
 62
7
100
AcDbHatch
 10
0.0
 20
0.0
 30
0.0
210
0.0
220
0.0
230
1.0
  2
SOLID
 70
1
 71
0
 91
1
 92
3
 72
0
 73
1
 93
4
 10
230.998
 20
662.076
 10
231.324
 20
662.076
 10
231.324
 20
639.052
 10
230.998
 20
639.052
 97
0
 75
0
 76
1
 98
0
  0
HATCH
  5
288
330
17
100
AcDbEntity
  8
RASTER
 62
7
100
AcDbHatch
 10
0.0
 20
0.0
 30
0.0
210
0.0
220
0.0
230
1.0
  2
SOLID
 70
1
 71
0
 91
1
 92
3
 72
0
 73
1
 93
4
 10
230.998
 20
638.726
 10
231.324
 20
638.726
 10
231.324
 20
615.702
 10
230.998
 20
615.702
 97
0
 75
0
 76
1
 98
0
  0
HATCH
  5
289
330
17
100
AcDbEntity
  8
RASTER
 62
7
100
AcDbHatch
 10
0.0
 20
0.0
 30
0.0
210
0.0
220
0.0
230
1.0
  2
SOLID
 70
1
 71
0
 91
1
 92
3
 72
0
 73
1
 93
4
 10
230.998
 20
615.376
 10
231.324
 20
615.376
 10
231.324
 20
592.352
 10
230.998
 20
592.352
 97
0
 75
0
 76
1
 98
0
  0
HATCH
  5
28A
330
17
100
AcDbEntity
  8
RASTER
 62
7
100
AcDbHatch
 10
0.0
 20
0.0
 30
0.0
210
0.0
220
0.0
230
1.0
  2
SOLID
 70
1
 71
0
 91
1
 92
3
 72
0
 73
1
 93
4
 10
254.348
 20
778.826
 10
254.674
 20
778.826
 10
254.674
 20
755.802
 10
254.348
 20
755.802
 97
0
 75
0
 76
1
 98
0
  0
HATCH
  5
28B
330
17
100
AcDbEntity
  8
RASTER
 62
7
100
AcDbHatch
 10
0.0
 20
0.0
 30
0.0
210
0.0
220
0.0
230
1.0
  2
SOLID
 70
1
 71
0
 91
1
 92
3
 72
0
 73
1
 93
4
 10
254.348
 20
755.476
 10
254.674
 20
755.476
 10
254.674
 20
732.452
 10
254.348
 20
732.452
 97
0
 75
0
 76
1
 98
0
  0
HATCH
  5
28C
330
17
100
AcDbEntity
  8
RASTER
 62
7
100
AcDbHatch
 10
0.0
 20
0.0
 30
0.0
210
0.0
220
0.0
230
1.0
  2
SOLID
 70
1
 71
0
 91
1
 92
3
 72
0
 73
1
 93
4
 10
254.348
 20
732.126
 10
254.674
 20
732.126
 10
254.674
 20
709.102
 10
254.348
 20
709.102
 97
0
 75
0
 76
1
 98
0
  0
HATCH
  5
28D
330
17
100
AcDbEntity
  8
RASTER
 62
7
100
AcDbHatch
 10
0.0
 20
0.0
 30
0.0
210
0.0
220
0.0
230
1.0
  2
SOLID
 70
1
 71
0
 91
1
 92
3
 72
0
 73
1
 93
4
 10
254.348
 20
708.776
 10
254.674
 20
708.776
 10
254.674
 20
685.752
 10
254.348
 20
685.752
 97
0
 75
0
 76
1
 98
0
  0
HATCH
  5
28E
330
17
100
AcDbEntity
  8
RASTER
 62
7
100
AcDbHatch
 10
0.0
 20
0.0
 30
0.0
210
0.0
220
0.0
230
1.0
  2
SOLID
 70
1
 71
0
 91
1
 92
3
 72
0
 73
1
 93
4
 10
254.348
 20
685.426
 10
254.674
 20
685.426
 10
254.674
 20
662.402
 10
254.348
 20
662.402
 97
0
 75
0
 76
1
 98
0
  0
HATCH
  5
28F
330
17
100
AcDbEntity
  8
RASTER
 62
7
100
AcDbHatch
 10
0.0
 20
0.0
 30
0.0
210
0.0
220
0.0
230
1.0
  2
SOLID
 70
1
 71
0
 91
1
 92
3
 72
0
 73
1
 93
4
 10
254.348
 20
662.076
 10
254.674
 20
662.076
 10
254.674
 20
639.052
 10
254.348
 20
639.052
 97
0
 75
0
 76
1
 98
0
  0
HATCH
  5
290
330
17
100
AcDbEntity
  8
RASTER
 62
7
100
AcDbHatch
 10
0.0
 20
0.0
 30
0.0
210
0.0
220
0.0
230
1.0
  2
SOLID
 70
1
 71
0
 91
1
 92
3
 72
0
 73
1
 93
4
 10
254.348
 20
638.726
 10
254.674
 20
638.726
 10
254.674
 20
615.702
 10
254.348
 20
615.702
 97
0
 75
0
 76
1
 98
0
  0
HATCH
  5
291
330
17
100
AcDbEntity
  8
RASTER
 62
7
100
AcDbHatch
 10
0.0
 20
0.0
 30
0.0
210
0.0
220
0.0
230
1.0
  2
SOLID
 70
1
 71
0
 91
1
 92
3
 72
0
 73
1
 93
4
 10
254.348
 20
615.376
 10
254.674
 20
615.376
 10
254.674
 20
592.352
 10
254.348
 20
592.352
 97
0
 75
0
 76
1
 98
0
  0
HATCH
  5
292
330
17
100
AcDbEntity
  8
RASTER
 62
7
100
AcDbHatch
 10
0.0
 20
0.0
 30
0.0
210
0.0
220
0.0
230
1.0
  2
SOLID
 70
1
 71
0
 91
1
 92
3
 72
0
 73
1
 93
4
 10
277.698
 20
755.476
 10
278.024
 20
755.476
 10
278.024
 20
732.452
 10
277.698
 20
732.452
 97
0
 75
0
 76
1
 98
0
  0
HATCH
  5
293
330
17
100
AcDbEntity
  8
RASTER
 62
7
100
AcDbHatch
 10
0.0
 20
0.0
 30
0.0
210
0.0
220
0.0
230
1.0
  2
SOLID
 70
1
 71
0
 91
1
 92
3
 72
0
 73
1
 93
4
 10
277.698
 20
732.126
 10
278.024
 20
732.126
 10
278.024
 20
709.102
 10
277.698
 20
709.102
 97
0
 75
0
 76
1
 98
0
  0
HATCH
  5
294
330
17
100
AcDbEntity
  8
RASTER
 62
7
100
AcDbHatch
 10
0.0
 20
0.0
 30
0.0
210
0.0
220
0.0
230
1.0
  2
SOLID
 70
1
 71
0
 91
1
 92
3
 72
0
 73
1
 93
4
 10
277.698
 20
708.776
 10
278.024
 20
708.776
 10
278.024
 20
685.752
 10
277.698
 20
685.752
 97
0
 75
0
 76
1
 98
0
  0
HATCH
  5
295
330
17
100
AcDbEntity
  8
RASTER
 62
7
100
AcDbHatch
 10
0.0
 20
0.0
 30
0.0
210
0.0
220
0.0
230
1.0
  2
SOLID
 70
1
 71
0
 91
1
 92
3
 72
0
 73
1
 93
4
 10
277.698
 20
685.426
 10
278.024
 20
685.426
 10
278.024
 20
662.402
 10
277.698
 20
662.402
 97
0
 75
0
 76
1
 98
0
  0
HATCH
  5
296
330
17
100
AcDbEntity
  8
RASTER
 62
7
100
AcDbHatch
 10
0.0
 20
0.0
 30
0.0
210
0.0
220
0.0
230
1.0
  2
SOLID
 70
1
 71
0
 91
1
 92
3
 72
0
 73
1
 93
4
 10
277.698
 20
662.076
 10
278.024
 20
662.076
 10
278.024
 20
639.052
 10
277.698
 20
639.052
 97
0
 75
0
 76
1
 98
0
  0
HATCH
  5
297
330
17
100
AcDbEntity
  8
RASTER
 62
7
100
AcDbHatch
 10
0.0
 20
0.0
 30
0.0
210
0.0
220
0.0
230
1.0
  2
SOLID
 70
1
 71
0
 91
1
 92
3
 72
0
 73
1
 93
4
 10
277.698
 20
638.726
 10
278.024
 20
638.726
 10
278.024
 20
615.702
 10
277.698
 20
615.702
 97
0
 75
0
 76
1
 98
0
  0
HATCH
  5
298
330
17
100
AcDbEntity
  8
RASTER
 62
7
100
AcDbHatch
 10
0.0
 20
0.0
 30
0.0
210
0.0
220
0.0
230
1.0
  2
SOLID
 70
1
 71
0
 91
1
 92
3
 72
0
 73
1
 93
4
 10
277.698
 20
615.376
 10
278.024
 20
615.376
 10
278.024
 20
592.352
 10
277.698
 20
592.352
 97
0
 75
0
 76
1
 98
0
  0
HATCH
  5
299
330
17
100
AcDbEntity
  8
RASTER
 62
7
100
AcDbHatch
 10
0.0
 20
0.0
 30
0.0
210
0.0
220
0.0
230
1.0
  2
SOLID
 70
1
 71
0
 91
1
 92
3
 72
0
 73
1
 93
4
 10
301.048
 20
755.476
 10
301.374
 20
755.476
 10
301.374
 20
732.452
 10
301.048
 20
732.452
 97
0
 75
0
 76
1
 98
0
  0
HATCH
  5
29A
330
17
100
AcDbEntity
  8
RASTER
 62
7
100
AcDbHatch
 10
0.0
 20
0.0
 30
0.0
210
0.0
220
0.0
230
1.0
  2
SOLID
 70
1
 71
0
 91
1
 92
3
 72
0
 73
1
 93
4
 10
301.048
 20
732.126
 10
301.374
 20
732.126
 10
301.374
 20
709.102
 10
301.048
 20
709.102
 97
0
 75
0
 76
1
 98
0
  0
HATCH
  5
29B
330
17
100
AcDbEntity
  8
RASTER
 62
7
100
AcDbHatch
 10
0.0
 20
0.0
 30
0.0
210
0.0
220
0.0
230
1.0
  2
SOLID
 70
1
 71
0
 91
1
 92
3
 72
0
 73
1
 93
4
 10
301.048
 20
708.776
 10
301.374
 20
708.776
 10
301.374
 20
685.752
 10
301.048
 20
685.752
 97
0
 75
0
 76
1
 98
0
  0
HATCH
  5
29C
330
17
100
AcDbEntity
  8
RASTER
 62
7
100
AcDbHatch
 10
0.0
 20
0.0
 30
0.0
210
0.0
220
0.0
230
1.0
  2
SOLID
 70
1
 71
0
 91
1
 92
3
 72
0
 73
1
 93
4
 10
301.048
 20
685.426
 10
301.374
 20
685.426
 10
301.374
 20
662.402
 10
301.048
 20
662.402
 97
0
 75
0
 76
1
 98
0
  0
HATCH
  5
29D
330
17
100
AcDbEntity
  8
RASTER
 62
7
100
AcDbHatch
 10
0.0
 20
0.0
 30
0.0
210
0.0
220
0.0
230
1.0
  2
SOLID
 70
1
 71
0
 91
1
 92
3
 72
0
 73
1
 93
4
 10
301.048
 20
662.076
 10
301.374
 20
662.076
 10
301.374
 20
639.052
 10
301.048
 20
639.052
 97
0
 75
0
 76
1
 98
0
  0
HATCH
  5
29E
330
17
100
AcDbEntity
  8
RASTER
 62
7
100
AcDbHatch
 10
0.0
 20
0.0
 30
0.0
210
0.0
220
0.0
230
1.0
  2
SOLID
 70
1
 71
0
 91
1
 92
3
 72
0
 73
1
 93
4
 10
301.048
 20
638.726
 10
301.374
 20
638.726
 10
301.374
 20
615.702
 10
301.048
 20
615.702
 97
0
 75
0
 76
1
 98
0
  0
HATCH
  5
29F
330
17
100
AcDbEntity
  8
RASTER
 62
7
100
AcDbHatch
 10
0.0
 20
0.0
 30
0.0
210
0.0
220
0.0
230
1.0
  2
SOLID
 70
1
 71
0
 91
1
 92
3
 72
0
 73
1
 93
4
 10
301.048
 20
615.376
 10
301.374
 20
615.376
 10
301.374
 20
592.352
 10
301.048
 20
592.352
 97
0
 75
0
 76
1
 98
0
  0
HATCH
  5
2A0
330
17
100
AcDbEntity
  8
RASTER
 62
7
100
AcDbHatch
 10
0.0
 20
0.0
 30
0.0
210
0.0
220
0.0
230
1.0
  2
SOLID
 70
1
 71
0
 91
1
 92
3
 72
0
 73
1
 93
4
 10
324.398
 20
732.126
 10
324.724
 20
732.126
 10
324.724
 20
709.102
 10
324.398
 20
709.102
 97
0
 75
0
 76
1
 98
0
  0
HATCH
  5
2A1
330
17
100
AcDbEntity
  8
RASTER
 62
7
100
AcDbHatch
 10
0.0
 20
0.0
 30
0.0
210
0.0
220
0.0
230
1.0
  2
SOLID
 70
1
 71
0
 91
1
 92
3
 72
0
 73
1
 93
4
 10
324.398
 20
708.776
 10
324.724
 20
708.776
 10
324.724
 20
685.752
 10
324.398
 20
685.752
 97
0
 75
0
 76
1
 98
0
  0
HATCH
  5
2A2
330
17
100
AcDbEntity
  8
RASTER
 62
7
100
AcDbHatch
 10
0.0
 20
0.0
 30
0.0
210
0.0
220
0.0
230
1.0
  2
SOLID
 70
1
 71
0
 91
1
 92
3
 72
0
 73
1
 93
4
 10
324.398
 20
685.426
 10
324.724
 20
685.426
 10
324.724
 20
662.402
 10
324.398
 20
662.402
 97
0
 75
0
 76
1
 98
0
  0
HATCH
  5
2A3
330
17
100
AcDbEntity
  8
RASTER
 62
7
100
AcDbHatch
 10
0.0
 20
0.0
 30
0.0
210
0.0
220
0.0
230
1.0
  2
SOLID
 70
1
 71
0
 91
1
 92
3
 72
0
 73
1
 93
4
 10
324.398
 20
662.076
 10
324.724
 20
662.076
 10
324.724
 20
639.052
 10
324.398
 20
639.052
 97
0
 75
0
 76
1
 98
0
  0
HATCH
  5
2A4
330
17
100
AcDbEntity
  8
RASTER
 62
7
100
AcDbHatch
 10
0.0
 20
0.0
 30
0.0
210
0.0
220
0.0
230
1.0
  2
SOLID
 70
1
 71
0
 91
1
 92
3
 72
0
 73
1
 93
4
 10
324.398
 20
638.726
 10
324.724
 20
638.726
 10
324.724
 20
615.702
 10
324.398
 20
615.702
 97
0
 75
0
 76
1
 98
0
  0
HATCH
  5
2A5
330
17
100
AcDbEntity
  8
RASTER
 62
7
100
AcDbHatch
 10
0.0
 20
0.0
 30
0.0
210
0.0
220
0.0
230
1.0
  2
SOLID
 70
1
 71
0
 91
1
 92
3
 72
0
 73
1
 93
4
 10
324.398
 20
615.376
 10
324.724
 20
615.376
 10
324.724
 20
592.352
 10
324.398
 20
592.352
 97
0
 75
0
 76
1
 98
0
  0
HATCH
  5
2A6
330
17
100
AcDbEntity
  8
RASTER
 62
7
100
AcDbHatch
 10
0.0
 20
0.0
 30
0.0
210
0.0
220
0.0
230
1.0
  2
SOLID
 70
1
 71
0
 91
1
 92
3
 72
0
 73
1
 93
4
 10
347.748
 20
708.776
 10
348.074
 20
708.776
 10
348.074
 20
685.752
 10
347.748
 20
685.752
 97
0
 75
0
 76
1
 98
0
  0
HATCH
  5
2A7
330
17
100
AcDbEntity
  8
RASTER
 62
7
100
AcDbHatch
 10
0.0
 20
0.0
 30
0.0
210
0.0
220
0.0
230
1.0
  2
SOLID
 70
1
 71
0
 91
1
 92
3
 72
0
 73
1
 93
4
 10
347.748
 20
685.426
 10
348.074
 20
685.426
 10
348.074
 20
662.402
 10
347.748
 20
662.402
 97
0
 75
0
 76
1
 98
0
  0
HATCH
  5
2A8
330
17
100
AcDbEntity
  8
RASTER
 62
7
100
AcDbHatch
 10
0.0
 20
0.0
 30
0.0
210
0.0
220
0.0
230
1.0
  2
SOLID
 70
1
 71
0
 91
1
 92
3
 72
0
 73
1
 93
4
 10
347.748
 20
662.076
 10
348.074
 20
662.076
 10
348.074
 20
639.052
 10
347.748
 20
639.052
 97
0
 75
0
 76
1
 98
0
  0
HATCH
  5
2A9
330
17
100
AcDbEntity
  8
RASTER
 62
7
100
AcDbHatch
 10
0.0
 20
0.0
 30
0.0
210
0.0
220
0.0
230
1.0
  2
SOLID
 70
1
 71
0
 91
1
 92
3
 72
0
 73
1
 93
4
 10
347.748
 20
638.726
 10
348.074
 20
638.726
 10
348.074
 20
615.702
 10
347.748
 20
615.702
 97
0
 75
0
 76
1
 98
0
  0
HATCH
  5
2AA
330
17
100
AcDbEntity
  8
RASTER
 62
7
100
AcDbHatch
 10
0.0
 20
0.0
 30
0.0
210
0.0
220
0.0
230
1.0
  2
SOLID
 70
1
 71
0
 91
1
 92
3
 72
0
 73
1
 93
4
 10
347.748
 20
615.376
 10
348.074
 20
615.376
 10
348.074
 20
592.352
 10
347.748
 20
592.352
 97
0
 75
0
 76
1
 98
0
  0
HATCH
  5
2AB
330
17
100
AcDbEntity
  8
RASTER
 62
7
100
AcDbHatch
 10
0.0
 20
0.0
 30
0.0
210
0.0
220
0.0
230
1.0
  2
SOLID
 70
1
 71
0
 91
1
 92
3
 72
0
 73
1
 93
4
 10
371.098
 20
662.076
 10
371.424
 20
662.076
 10
371.424
 20
639.052
 10
371.098
 20
639.052
 97
0
 75
0
 76
1
 98
0
  0
HATCH
  5
2AC
330
17
100
AcDbEntity
  8
RASTER
 62
7
100
AcDbHatch
 10
0.0
 20
0.0
 30
0.0
210
0.0
220
0.0
230
1.0
  2
SOLID
 70
1
 71
0
 91
1
 92
3
 72
0
 73
1
 93
4
 10
371.098
 20
638.726
 10
371.424
 20
638.726
 10
371.424
 20
615.702
 10
371.098
 20
615.702
 97
0
 75
0
 76
1
 98
0
  0
HATCH
  5
2AD
330
17
100
AcDbEntity
  8
RASTER
 62
7
100
AcDbHatch
 10
0.0
 20
0.0
 30
0.0
210
0.0
220
0.0
230
1.0
  2
SOLID
 70
1
 71
0
 91
1
 92
3
 72
0
 73
1
 93
4
 10
371.098
 20
615.376
 10
371.424
 20
615.376
 10
371.424
 20
592.352
 10
371.098
 20
592.352
 97
0
 75
0
 76
1
 98
0
  0
HATCH
  5
2AE
330
17
100
AcDbEntity
  8
RASTER
 62
7
100
AcDbHatch
 10
0.0
 20
0.0
 30
0.0
210
0.0
220
0.0
230
1.0
  2
SOLID
 70
1
 71
0
 91
1
 92
3
 72
0
 73
1
 93
4
 10
184.765
 20
569.002
 10
207.974
 20
569.002
 10
207.974
 20
568.676
 10
184.765
 20
568.676
 97
0
 75
0
 76
1
 98
0
  0
HATCH
  5
2AF
330
17
100
AcDbEntity
  8
RASTER
 62
7
100
AcDbHatch
 10
0.0
 20
0.0
 30
0.0
210
0.0
220
0.0
230
1.0
  2
SOLID
 70
1
 71
0
 91
1
 92
3
 72
0
 73
1
 93
4
 10
184.765
 20
545.652
 10
207.974
 20
545.652
 10
207.974
 20
545.326
 10
184.765
 20
545.326
 97
0
 75
0
 76
1
 98
0
  0
HATCH
  5
2B0
330
17
100
AcDbEntity
  8
RASTER
 62
7
100
AcDbHatch
 10
0.0
 20
0.0
 30
0.0
210
0.0
220
0.0
230
1.0
  2
SOLID
 70
1
 71
0
 91
1
 92
3
 72
0
 73
1
 93
4
 10
184.765
 20
522.302
 10
207.974
 20
522.302
 10
207.974
 20
521.976
 10
184.765
 20
521.976
 97
0
 75
0
 76
1
 98
0
  0
HATCH
  5
2B1
330
17
100
AcDbEntity
  8
RASTER
 62
7
100
AcDbHatch
 10
0.0
 20
0.0
 30
0.0
210
0.0
220
0.0
230
1.0
  2
SOLID
 70
1
 71
0
 91
1
 92
3
 72
0
 73
1
 93
4
 10
184.765
 20
498.952
 10
207.974
 20
498.952
 10
207.974
 20
498.626
 10
184.765
 20
498.626
 97
0
 75
0
 76
1
 98
0
  0
HATCH
  5
2B2
330
17
100
AcDbEntity
  8
RASTER
 62
7
100
AcDbHatch
 10
0.0
 20
0.0
 30
0.0
210
0.0
220
0.0
230
1.0
  2
SOLID
 70
1
 71
0
 91
1
 92
3
 72
0
 73
1
 93
4
 10
184.765
 20
475.602
 10
207.974
 20
475.602
 10
207.974
 20
475.276
 10
184.765
 20
475.276
 97
0
 75
0
 76
1
 98
0
  0
HATCH
  5
2B3
330
17
100
AcDbEntity
  8
RASTER
 62
7
100
AcDbHatch
 10
0.0
 20
0.0
 30
0.0
210
0.0
220
0.0
230
1.0
  2
SOLID
 70
1
 71
0
 91
1
 92
3
 72
0
 73
1
 93
4
 10
184.765
 20
452.252
 10
207.974
 20
452.252
 10
207.974
 20
451.926
 10
184.765
 20
451.926
 97
0
 75
0
 76
1
 98
0
  0
HATCH
  5
2B4
330
17
100
AcDbEntity
  8
RASTER
 62
7
100
AcDbHatch
 10
0.0
 20
0.0
 30
0.0
210
0.0
220
0.0
230
1.0
  2
SOLID
 70
1
 71
0
 91
1
 92
3
 72
0
 73
1
 93
4
 10
184.765
 20
428.902
 10
207.974
 20
428.902
 10
207.974
 20
428.576
 10
184.765
 20
428.576
 97
0
 75
0
 76
1
 98
0
  0
HATCH
  5
2B5
330
17
100
AcDbEntity
  8
RASTER
 62
7
100
AcDbHatch
 10
0.0
 20
0.0
 30
0.0
210
0.0
220
0.0
230
1.0
  2
SOLID
 70
1
 71
0
 91
1
 92
3
 72
0
 73
1
 93
4
 10
207.648
 20
569.002
 10
231.324
 20
569.002
 10
231.324
 20
568.676
 10
207.648
 20
568.676
 97
0
 75
0
 76
1
 98
0
  0
HATCH
  5
2B6
330
17
100
AcDbEntity
  8
RASTER
 62
7
100
AcDbHatch
 10
0.0
 20
0.0
 30
0.0
210
0.0
220
0.0
230
1.0
  2
SOLID
 70
1
 71
0
 91
1
 92
3
 72
0
 73
1
 93
4
 10
207.648
 20
545.652
 10
231.324
 20
545.652
 10
231.324
 20
545.326
 10
207.648
 20
545.326
 97
0
 75
0
 76
1
 98
0
  0
HATCH
  5
2B7
330
17
100
AcDbEntity
  8
RASTER
 62
7
100
AcDbHatch
 10
0.0
 20
0.0
 30
0.0
210
0.0
220
0.0
230
1.0
  2
SOLID
 70
1
 71
0
 91
1
 92
3
 72
0
 73
1
 93
4
 10
207.648
 20
522.302
 10
231.324
 20
522.302
 10
231.324
 20
521.976
 10
207.648
 20
521.976
 97
0
 75
0
 76
1
 98
0
  0
HATCH
  5
2B8
330
17
100
AcDbEntity
  8
RASTER
 62
7
100
AcDbHatch
 10
0.0
 20
0.0
 30
0.0
210
0.0
220
0.0
230
1.0
  2
SOLID
 70
1
 71
0
 91
1
 92
3
 72
0
 73
1
 93
4
 10
207.648
 20
498.952
 10
231.324
 20
498.952
 10
231.324
 20
498.626
 10
207.648
 20
498.626
 97
0
 75
0
 76
1
 98
0
  0
HATCH
  5
2B9
330
17
100
AcDbEntity
  8
RASTER
 62
7
100
AcDbHatch
 10
0.0
 20
0.0
 30
0.0
210
0.0
220
0.0
230
1.0
  2
SOLID
 70
1
 71
0
 91
1
 92
3
 72
0
 73
1
 93
4
 10
207.648
 20
475.602
 10
231.324
 20
475.602
 10
231.324
 20
475.276
 10
207.648
 20
475.276
 97
0
 75
0
 76
1
 98
0
  0
HATCH
  5
2BA
330
17
100
AcDbEntity
  8
RASTER
 62
7
100
AcDbHatch
 10
0.0
 20
0.0
 30
0.0
210
0.0
220
0.0
230
1.0
  2
SOLID
 70
1
 71
0
 91
1
 92
3
 72
0
 73
1
 93
4
 10
207.648
 20
452.252
 10
231.324
 20
452.252
 10
231.324
 20
451.926
 10
207.648
 20
451.926
 97
0
 75
0
 76
1
 98
0
  0
HATCH
  5
2BB
330
17
100
AcDbEntity
  8
RASTER
 62
7
100
AcDbHatch
 10
0.0
 20
0.0
 30
0.0
210
0.0
220
0.0
230
1.0
  2
SOLID
 70
1
 71
0
 91
1
 92
3
 72
0
 73
1
 93
4
 10
207.648
 20
428.902
 10
231.324
 20
428.902
 10
231.324
 20
428.576
 10
207.648
 20
428.576
 97
0
 75
0
 76
1
 98
0
  0
HATCH
  5
2BC
330
17
100
AcDbEntity
  8
RASTER
 62
7
100
AcDbHatch
 10
0.0
 20
0.0
 30
0.0
210
0.0
220
0.0
230
1.0
  2
SOLID
 70
1
 71
0
 91
1
 92
3
 72
0
 73
1
 93
4
 10
230.998
 20
569.002
 10
254.674
 20
569.002
 10
254.674
 20
568.676
 10
230.998
 20
568.676
 97
0
 75
0
 76
1
 98
0
  0
HATCH
  5
2BD
330
17
100
AcDbEntity
  8
RASTER
 62
7
100
AcDbHatch
 10
0.0
 20
0.0
 30
0.0
210
0.0
220
0.0
230
1.0
  2
SOLID
 70
1
 71
0
 91
1
 92
3
 72
0
 73
1
 93
4
 10
230.998
 20
545.652
 10
254.674
 20
545.652
 10
254.674
 20
545.326
 10
230.998
 20
545.326
 97
0
 75
0
 76
1
 98
0
  0
HATCH
  5
2BE
330
17
100
AcDbEntity
  8
RASTER
 62
7
100
AcDbHatch
 10
0.0
 20
0.0
 30
0.0
210
0.0
220
0.0
230
1.0
  2
SOLID
 70
1
 71
0
 91
1
 92
3
 72
0
 73
1
 93
4
 10
230.998
 20
522.302
 10
254.674
 20
522.302
 10
254.674
 20
521.976
 10
230.998
 20
521.976
 97
0
 75
0
 76
1
 98
0
  0
HATCH
  5
2BF
330
17
100
AcDbEntity
  8
RASTER
 62
7
100
AcDbHatch
 10
0.0
 20
0.0
 30
0.0
210
0.0
220
0.0
230
1.0
  2
SOLID
 70
1
 71
0
 91
1
 92
3
 72
0
 73
1
 93
4
 10
230.998
 20
498.952
 10
254.674
 20
498.952
 10
254.674
 20
498.626
 10
230.998
 20
498.626
 97
0
 75
0
 76
1
 98
0
  0
HATCH
  5
2C0
330
17
100
AcDbEntity
  8
RASTER
 62
7
100
AcDbHatch
 10
0.0
 20
0.0
 30
0.0
210
0.0
220
0.0
230
1.0
  2
SOLID
 70
1
 71
0
 91
1
 92
3
 72
0
 73
1
 93
4
 10
230.998
 20
475.602
 10
254.674
 20
475.602
 10
254.674
 20
475.276
 10
230.998
 20
475.276
 97
0
 75
0
 76
1
 98
0
  0
HATCH
  5
2C1
330
17
100
AcDbEntity
  8
RASTER
 62
7
100
AcDbHatch
 10
0.0
 20
0.0
 30
0.0
210
0.0
220
0.0
230
1.0
  2
SOLID
 70
1
 71
0
 91
1
 92
3
 72
0
 73
1
 93
4
 10
230.998
 20
452.252
 10
254.674
 20
452.252
 10
254.674
 20
451.926
 10
230.998
 20
451.926
 97
0
 75
0
 76
1
 98
0
  0
HATCH
  5
2C2
330
17
100
AcDbEntity
  8
RASTER
 62
7
100
AcDbHatch
 10
0.0
 20
0.0
 30
0.0
210
0.0
220
0.0
230
1.0
  2
SOLID
 70
1
 71
0
 91
1
 92
3
 72
0
 73
1
 93
4
 10
230.998
 20
428.902
 10
254.674
 20
428.902
 10
254.674
 20
428.576
 10
230.998
 20
428.576
 97
0
 75
0
 76
1
 98
0
  0
HATCH
  5
2C3
330
17
100
AcDbEntity
  8
RASTER
 62
7
100
AcDbHatch
 10
0.0
 20
0.0
 30
0.0
210
0.0
220
0.0
230
1.0
  2
SOLID
 70
1
 71
0
 91
1
 92
3
 72
0
 73
1
 93
4
 10
254.348
 20
569.002
 10
278.024
 20
569.002
 10
278.024
 20
568.676
 10
254.348
 20
568.676
 97
0
 75
0
 76
1
 98
0
  0
HATCH
  5
2C4
330
17
100
AcDbEntity
  8
RASTER
 62
7
100
AcDbHatch
 10
0.0
 20
0.0
 30
0.0
210
0.0
220
0.0
230
1.0
  2
SOLID
 70
1
 71
0
 91
1
 92
3
 72
0
 73
1
 93
4
 10
254.348
 20
545.652
 10
278.024
 20
545.652
 10
278.024
 20
545.326
 10
254.348
 20
545.326
 97
0
 75
0
 76
1
 98
0
  0
HATCH
  5
2C5
330
17
100
AcDbEntity
  8
RASTER
 62
7
100
AcDbHatch
 10
0.0
 20
0.0
 30
0.0
210
0.0
220
0.0
230
1.0
  2
SOLID
 70
1
 71
0
 91
1
 92
3
 72
0
 73
1
 93
4
 10
254.348
 20
522.302
 10
278.024
 20
522.302
 10
278.024
 20
521.976
 10
254.348
 20
521.976
 97
0
 75
0
 76
1
 98
0
  0
HATCH
  5
2C6
330
17
100
AcDbEntity
  8
RASTER
 62
7
100
AcDbHatch
 10
0.0
 20
0.0
 30
0.0
210
0.0
220
0.0
230
1.0
  2
SOLID
 70
1
 71
0
 91
1
 92
3
 72
0
 73
1
 93
4
 10
254.348
 20
498.952
 10
278.024
 20
498.952
 10
278.024
 20
498.626
 10
254.348
 20
498.626
 97
0
 75
0
 76
1
 98
0
  0
HATCH
  5
2C7
330
17
100
AcDbEntity
  8
RASTER
 62
7
100
AcDbHatch
 10
0.0
 20
0.0
 30
0.0
210
0.0
220
0.0
230
1.0
  2
SOLID
 70
1
 71
0
 91
1
 92
3
 72
0
 73
1
 93
4
 10
254.348
 20
475.602
 10
278.024
 20
475.602
 10
278.024
 20
475.276
 10
254.348
 20
475.276
 97
0
 75
0
 76
1
 98
0
  0
HATCH
  5
2C8
330
17
100
AcDbEntity
  8
RASTER
 62
7
100
AcDbHatch
 10
0.0
 20
0.0
 30
0.0
210
0.0
220
0.0
230
1.0
  2
SOLID
 70
1
 71
0
 91
1
 92
3
 72
0
 73
1
 93
4
 10
254.348
 20
452.252
 10
278.024
 20
452.252
 10
278.024
 20
451.926
 10
254.348
 20
451.926
 97
0
 75
0
 76
1
 98
0
  0
HATCH
  5
2C9
330
17
100
AcDbEntity
  8
RASTER
 62
7
100
AcDbHatch
 10
0.0
 20
0.0
 30
0.0
210
0.0
220
0.0
230
1.0
  2
SOLID
 70
1
 71
0
 91
1
 92
3
 72
0
 73
1
 93
4
 10
286.104
 20
592.352
 10
293.109
 20
592.352
 10
293.109
 20
592.026
 10
286.104
 20
592.026
 97
0
 75
0
 76
1
 98
0
  0
HATCH
  5
2CA
330
17
100
AcDbEntity
  8
RASTER
 62
7
100
AcDbHatch
 10
0.0
 20
0.0
 30
0.0
210
0.0
220
0.0
230
1.0
  2
SOLID
 70
1
 71
0
 91
1
 92
3
 72
0
 73
1
 93
4
 10
277.698
 20
569.002
 10
301.374
 20
569.002
 10
301.374
 20
568.676
 10
277.698
 20
568.676
 97
0
 75
0
 76
1
 98
0
  0
HATCH
  5
2CB
330
17
100
AcDbEntity
  8
RASTER
 62
7
100
AcDbHatch
 10
0.0
 20
0.0
 30
0.0
210
0.0
220
0.0
230
1.0
  2
SOLID
 70
1
 71
0
 91
1
 92
3
 72
0
 73
1
 93
4
 10
277.698
 20
545.652
 10
301.374
 20
545.652
 10
301.374
 20
545.326
 10
277.698
 20
545.326
 97
0
 75
0
 76
1
 98
0
  0
HATCH
  5
2CC
330
17
100
AcDbEntity
  8
RASTER
 62
7
100
AcDbHatch
 10
0.0
 20
0.0
 30
0.0
210
0.0
220
0.0
230
1.0
  2
SOLID
 70
1
 71
0
 91
1
 92
3
 72
0
 73
1
 93
4
 10
277.698
 20
522.302
 10
301.374
 20
522.302
 10
301.374
 20
521.976
 10
277.698
 20
521.976
 97
0
 75
0
 76
1
 98
0
  0
HATCH
  5
2CD
330
17
100
AcDbEntity
  8
RASTER
 62
7
100
AcDbHatch
 10
0.0
 20
0.0
 30
0.0
210
0.0
220
0.0
230
1.0
  2
SOLID
 70
1
 71
0
 91
1
 92
3
 72
0
 73
1
 93
4
 10
277.698
 20
498.952
 10
301.374
 20
498.952
 10
301.374
 20
498.626
 10
277.698
 20
498.626
 97
0
 75
0
 76
1
 98
0
  0
HATCH
  5
2CE
330
17
100
AcDbEntity
  8
RASTER
 62
7
100
AcDbHatch
 10
0.0
 20
0.0
 30
0.0
210
0.0
220
0.0
230
1.0
  2
SOLID
 70
1
 71
0
 91
1
 92
3
 72
0
 73
1
 93
4
 10
277.698
 20
475.602
 10
301.374
 20
475.602
 10
301.374
 20
475.276
 10
277.698
 20
475.276
 97
0
 75
0
 76
1
 98
0
  0
HATCH
  5
2CF
330
17
100
AcDbEntity
  8
RASTER
 62
7
100
AcDbHatch
 10
0.0
 20
0.0
 30
0.0
210
0.0
220
0.0
230
1.0
  2
SOLID
 70
1
 71
0
 91
1
 92
3
 72
0
 73
1
 93
4
 10
277.698
 20
452.252
 10
301.374
 20
452.252
 10
301.374
 20
451.926
 10
277.698
 20
451.926
 97
0
 75
0
 76
1
 98
0
  0
HATCH
  5
2D0
330
17
100
AcDbEntity
  8
RASTER
 62
7
100
AcDbHatch
 10
0.0
 20
0.0
 30
0.0
210
0.0
220
0.0
230
1.0
  2
SOLID
 70
1
 71
0
 91
1
 92
3
 72
0
 73
1
 93
4
 10
301.048
 20
569.002
 10
324.724
 20
569.002
 10
324.724
 20
568.676
 10
301.048
 20
568.676
 97
0
 75
0
 76
1
 98
0
  0
HATCH
  5
2D1
330
17
100
AcDbEntity
  8
RASTER
 62
7
100
AcDbHatch
 10
0.0
 20
0.0
 30
0.0
210
0.0
220
0.0
230
1.0
  2
SOLID
 70
1
 71
0
 91
1
 92
3
 72
0
 73
1
 93
4
 10
301.048
 20
545.652
 10
324.724
 20
545.652
 10
324.724
 20
545.326
 10
301.048
 20
545.326
 97
0
 75
0
 76
1
 98
0
  0
HATCH
  5
2D2
330
17
100
AcDbEntity
  8
RASTER
 62
7
100
AcDbHatch
 10
0.0
 20
0.0
 30
0.0
210
0.0
220
0.0
230
1.0
  2
SOLID
 70
1
 71
0
 91
1
 92
3
 72
0
 73
1
 93
4
 10
301.048
 20
522.302
 10
324.724
 20
522.302
 10
324.724
 20
521.976
 10
301.048
 20
521.976
 97
0
 75
0
 76
1
 98
0
  0
HATCH
  5
2D3
330
17
100
AcDbEntity
  8
RASTER
 62
7
100
AcDbHatch
 10
0.0
 20
0.0
 30
0.0
210
0.0
220
0.0
230
1.0
  2
SOLID
 70
1
 71
0
 91
1
 92
3
 72
0
 73
1
 93
4
 10
301.048
 20
498.952
 10
324.724
 20
498.952
 10
324.724
 20
498.626
 10
301.048
 20
498.626
 97
0
 75
0
 76
1
 98
0
  0
HATCH
  5
2D4
330
17
100
AcDbEntity
  8
RASTER
 62
7
100
AcDbHatch
 10
0.0
 20
0.0
 30
0.0
210
0.0
220
0.0
230
1.0
  2
SOLID
 70
1
 71
0
 91
1
 92
3
 72
0
 73
1
 93
4
 10
301.048
 20
475.602
 10
324.724
 20
475.602
 10
324.724
 20
475.276
 10
301.048
 20
475.276
 97
0
 75
0
 76
1
 98
0
  0
HATCH
  5
2D5
330
17
100
AcDbEntity
  8
RASTER
 62
7
100
AcDbHatch
 10
0.0
 20
0.0
 30
0.0
210
0.0
220
0.0
230
1.0
  2
SOLID
 70
1
 71
0
 91
1
 92
3
 72
0
 73
1
 93
4
 10
324.398
 20
569.002
 10
348.074
 20
569.002
 10
348.074
 20
568.676
 10
324.398
 20
568.676
 97
0
 75
0
 76
1
 98
0
  0
HATCH
  5
2D6
330
17
100
AcDbEntity
  8
RASTER
 62
7
100
AcDbHatch
 10
0.0
 20
0.0
 30
0.0
210
0.0
220
0.0
230
1.0
  2
SOLID
 70
1
 71
0
 91
1
 92
3
 72
0
 73
1
 93
4
 10
324.398
 20
545.652
 10
348.074
 20
545.652
 10
348.074
 20
545.326
 10
324.398
 20
545.326
 97
0
 75
0
 76
1
 98
0
  0
HATCH
  5
2D7
330
17
100
AcDbEntity
  8
RASTER
 62
7
100
AcDbHatch
 10
0.0
 20
0.0
 30
0.0
210
0.0
220
0.0
230
1.0
  2
SOLID
 70
1
 71
0
 91
1
 92
3
 72
0
 73
1
 93
4
 10
324.398
 20
522.302
 10
348.074
 20
522.302
 10
348.074
 20
521.976
 10
324.398
 20
521.976
 97
0
 75
0
 76
1
 98
0
  0
HATCH
  5
2D8
330
17
100
AcDbEntity
  8
RASTER
 62
7
100
AcDbHatch
 10
0.0
 20
0.0
 30
0.0
210
0.0
220
0.0
230
1.0
  2
SOLID
 70
1
 71
0
 91
1
 92
3
 72
0
 73
1
 93
4
 10
324.398
 20
498.952
 10
348.074
 20
498.952
 10
348.074
 20
498.626
 10
324.398
 20
498.626
 97
0
 75
0
 76
1
 98
0
  0
HATCH
  5
2D9
330
17
100
AcDbEntity
  8
RASTER
 62
7
100
AcDbHatch
 10
0.0
 20
0.0
 30
0.0
210
0.0
220
0.0
230
1.0
  2
SOLID
 70
1
 71
0
 91
1
 92
3
 72
0
 73
1
 93
4
 10
347.748
 20
569.002
 10
371.424
 20
569.002
 10
371.424
 20
568.676
 10
347.748
 20
568.676
 97
0
 75
0
 76
1
 98
0
  0
HATCH
  5
2DA
330
17
100
AcDbEntity
  8
RASTER
 62
7
100
AcDbHatch
 10
0.0
 20
0.0
 30
0.0
210
0.0
220
0.0
230
1.0
  2
SOLID
 70
1
 71
0
 91
1
 92
3
 72
0
 73
1
 93
4
 10
347.748
 20
545.652
 10
371.424
 20
545.652
 10
371.424
 20
545.326
 10
347.748
 20
545.326
 97
0
 75
0
 76
1
 98
0
  0
HATCH
  5
2DB
330
17
100
AcDbEntity
  8
RASTER
 62
7
100
AcDbHatch
 10
0.0
 20
0.0
 30
0.0
210
0.0
220
0.0
230
1.0
  2
SOLID
 70
1
 71
0
 91
1
 92
3
 72
0
 73
1
 93
4
 10
184.298
 20
560.737
 10
184.624
 20
560.737
 10
184.624
 20
553.732
 10
184.298
 20
553.732
 97
0
 75
0
 76
1
 98
0
  0
HATCH
  5
2DC
330
17
100
AcDbEntity
  8
RASTER
 62
7
100
AcDbHatch
 10
0.0
 20
0.0
 30
0.0
210
0.0
220
0.0
230
1.0
  2
SOLID
 70
1
 71
0
 91
1
 92
3
 72
0
 73
1
 93
4
 10
184.298
 20
467.337
 10
184.624
 20
467.337
 10
184.624
 20
460.332
 10
184.298
 20
460.332
 97
0
 75
0
 76
1
 98
0
  0
HATCH
  5
2DD
330
17
100
AcDbEntity
  8
RASTER
 62
7
100
AcDbHatch
 10
0.0
 20
0.0
 30
0.0
210
0.0
220
0.0
230
1.0
  2
SOLID
 70
1
 71
0
 91
1
 92
3
 72
0
 73
1
 93
4
 10
207.648
 20
592.026
 10
207.974
 20
592.026
 10
207.974
 20
569.002
 10
207.648
 20
569.002
 97
0
 75
0
 76
1
 98
0
  0
HATCH
  5
2DE
330
17
100
AcDbEntity
  8
RASTER
 62
7
100
AcDbHatch
 10
0.0
 20
0.0
 30
0.0
210
0.0
220
0.0
230
1.0
  2
SOLID
 70
1
 71
0
 91
1
 92
3
 72
0
 73
1
 93
4
 10
207.648
 20
568.676
 10
207.974
 20
568.676
 10
207.974
 20
545.652
 10
207.648
 20
545.652
 97
0
 75
0
 76
1
 98
0
  0
HATCH
  5
2DF
330
17
100
AcDbEntity
  8
RASTER
 62
7
100
AcDbHatch
 10
0.0
 20
0.0
 30
0.0
210
0.0
220
0.0
230
1.0
  2
SOLID
 70
1
 71
0
 91
1
 92
3
 72
0
 73
1
 93
4
 10
207.648
 20
545.326
 10
207.974
 20
545.326
 10
207.974
 20
522.302
 10
207.648
 20
522.302
 97
0
 75
0
 76
1
 98
0
  0
HATCH
  5
2E0
330
17
100
AcDbEntity
  8
RASTER
 62
7
100
AcDbHatch
 10
0.0
 20
0.0
 30
0.0
210
0.0
220
0.0
230
1.0
  2
SOLID
 70
1
 71
0
 91
1
 92
3
 72
0
 73
1
 93
4
 10
207.648
 20
521.976
 10
207.974
 20
521.976
 10
207.974
 20
498.952
 10
207.648
 20
498.952
 97
0
 75
0
 76
1
 98
0
  0
HATCH
  5
2E1
330
17
100
AcDbEntity
  8
RASTER
 62
7
100
AcDbHatch
 10
0.0
 20
0.0
 30
0.0
210
0.0
220
0.0
230
1.0
  2
SOLID
 70
1
 71
0
 91
1
 92
3
 72
0
 73
1
 93
4
 10
207.648
 20
498.626
 10
207.974
 20
498.626
 10
207.974
 20
475.602
 10
207.648
 20
475.602
 97
0
 75
0
 76
1
 98
0
  0
HATCH
  5
2E2
330
17
100
AcDbEntity
  8
RASTER
 62
7
100
AcDbHatch
 10
0.0
 20
0.0
 30
0.0
210
0.0
220
0.0
230
1.0
  2
SOLID
 70
1
 71
0
 91
1
 92
3
 72
0
 73
1
 93
4
 10
207.648
 20
475.276
 10
207.974
 20
475.276
 10
207.974
 20
452.252
 10
207.648
 20
452.252
 97
0
 75
0
 76
1
 98
0
  0
HATCH
  5
2E3
330
17
100
AcDbEntity
  8
RASTER
 62
7
100
AcDbHatch
 10
0.0
 20
0.0
 30
0.0
210
0.0
220
0.0
230
1.0
  2
SOLID
 70
1
 71
0
 91
1
 92
3
 72
0
 73
1
 93
4
 10
207.648
 20
451.926
 10
207.974
 20
451.926
 10
207.974
 20
428.902
 10
207.648
 20
428.902
 97
0
 75
0
 76
1
 98
0
  0
HATCH
  5
2E4
330
17
100
AcDbEntity
  8
RASTER
 62
7
100
AcDbHatch
 10
0.0
 20
0.0
 30
0.0
210
0.0
220
0.0
230
1.0
  2
SOLID
 70
1
 71
0
 91
1
 92
3
 72
0
 73
1
 93
4
 10
230.998
 20
592.026
 10
231.324
 20
592.026
 10
231.324
 20
569.002
 10
230.998
 20
569.002
 97
0
 75
0
 76
1
 98
0
  0
HATCH
  5
2E5
330
17
100
AcDbEntity
  8
RASTER
 62
7
100
AcDbHatch
 10
0.0
 20
0.0
 30
0.0
210
0.0
220
0.0
230
1.0
  2
SOLID
 70
1
 71
0
 91
1
 92
3
 72
0
 73
1
 93
4
 10
230.998
 20
568.676
 10
231.324
 20
568.676
 10
231.324
 20
545.652
 10
230.998
 20
545.652
 97
0
 75
0
 76
1
 98
0
  0
HATCH
  5
2E6
330
17
100
AcDbEntity
  8
RASTER
 62
7
100
AcDbHatch
 10
0.0
 20
0.0
 30
0.0
210
0.0
220
0.0
230
1.0
  2
SOLID
 70
1
 71
0
 91
1
 92
3
 72
0
 73
1
 93
4
 10
230.998
 20
545.326
 10
231.324
 20
545.326
 10
231.324
 20
522.302
 10
230.998
 20
522.302
 97
0
 75
0
 76
1
 98
0
  0
HATCH
  5
2E7
330
17
100
AcDbEntity
  8
RASTER
 62
7
100
AcDbHatch
 10
0.0
 20
0.0
 30
0.0
210
0.0
220
0.0
230
1.0
  2
SOLID
 70
1
 71
0
 91
1
 92
3
 72
0
 73
1
 93
4
 10
230.998
 20
521.976
 10
231.324
 20
521.976
 10
231.324
 20
498.952
 10
230.998
 20
498.952
 97
0
 75
0
 76
1
 98
0
  0
HATCH
  5
2E8
330
17
100
AcDbEntity
  8
RASTER
 62
7
100
AcDbHatch
 10
0.0
 20
0.0
 30
0.0
210
0.0
220
0.0
230
1.0
  2
SOLID
 70
1
 71
0
 91
1
 92
3
 72
0
 73
1
 93
4
 10
230.998
 20
498.626
 10
231.324
 20
498.626
 10
231.324
 20
475.602
 10
230.998
 20
475.602
 97
0
 75
0
 76
1
 98
0
  0
HATCH
  5
2E9
330
17
100
AcDbEntity
  8
RASTER
 62
7
100
AcDbHatch
 10
0.0
 20
0.0
 30
0.0
210
0.0
220
0.0
230
1.0
  2
SOLID
 70
1
 71
0
 91
1
 92
3
 72
0
 73
1
 93
4
 10
230.998
 20
475.276
 10
231.324
 20
475.276
 10
231.324
 20
452.252
 10
230.998
 20
452.252
 97
0
 75
0
 76
1
 98
0
  0
HATCH
  5
2EA
330
17
100
AcDbEntity
  8
RASTER
 62
7
100
AcDbHatch
 10
0.0
 20
0.0
 30
0.0
210
0.0
220
0.0
230
1.0
  2
SOLID
 70
1
 71
0
 91
1
 92
3
 72
0
 73
1
 93
4
 10
230.998
 20
451.926
 10
231.324
 20
451.926
 10
231.324
 20
428.902
 10
230.998
 20
428.902
 97
0
 75
0
 76
1
 98
0
  0
HATCH
  5
2EB
330
17
100
AcDbEntity
  8
RASTER
 62
7
100
AcDbHatch
 10
0.0
 20
0.0
 30
0.0
210
0.0
220
0.0
230
1.0
  2
SOLID
 70
1
 71
0
 91
1
 92
3
 72
0
 73
1
 93
4
 10
254.348
 20
592.026
 10
254.674
 20
592.026
 10
254.674
 20
569.002
 10
254.348
 20
569.002
 97
0
 75
0
 76
1
 98
0
  0
HATCH
  5
2EC
330
17
100
AcDbEntity
  8
RASTER
 62
7
100
AcDbHatch
 10
0.0
 20
0.0
 30
0.0
210
0.0
220
0.0
230
1.0
  2
SOLID
 70
1
 71
0
 91
1
 92
3
 72
0
 73
1
 93
4
 10
254.348
 20
568.676
 10
254.674
 20
568.676
 10
254.674
 20
545.652
 10
254.348
 20
545.652
 97
0
 75
0
 76
1
 98
0
  0
HATCH
  5
2ED
330
17
100
AcDbEntity
  8
RASTER
 62
7
100
AcDbHatch
 10
0.0
 20
0.0
 30
0.0
210
0.0
220
0.0
230
1.0
  2
SOLID
 70
1
 71
0
 91
1
 92
3
 72
0
 73
1
 93
4
 10
254.348
 20
545.326
 10
254.674
 20
545.326
 10
254.674
 20
522.302
 10
254.348
 20
522.302
 97
0
 75
0
 76
1
 98
0
  0
HATCH
  5
2EE
330
17
100
AcDbEntity
  8
RASTER
 62
7
100
AcDbHatch
 10
0.0
 20
0.0
 30
0.0
210
0.0
220
0.0
230
1.0
  2
SOLID
 70
1
 71
0
 91
1
 92
3
 72
0
 73
1
 93
4
 10
254.348
 20
521.976
 10
254.674
 20
521.976
 10
254.674
 20
498.952
 10
254.348
 20
498.952
 97
0
 75
0
 76
1
 98
0
  0
HATCH
  5
2EF
330
17
100
AcDbEntity
  8
RASTER
 62
7
100
AcDbHatch
 10
0.0
 20
0.0
 30
0.0
210
0.0
220
0.0
230
1.0
  2
SOLID
 70
1
 71
0
 91
1
 92
3
 72
0
 73
1
 93
4
 10
254.348
 20
498.626
 10
254.674
 20
498.626
 10
254.674
 20
475.602
 10
254.348
 20
475.602
 97
0
 75
0
 76
1
 98
0
  0
HATCH
  5
2F0
330
17
100
AcDbEntity
  8
RASTER
 62
7
100
AcDbHatch
 10
0.0
 20
0.0
 30
0.0
210
0.0
220
0.0
230
1.0
  2
SOLID
 70
1
 71
0
 91
1
 92
3
 72
0
 73
1
 93
4
 10
254.348
 20
475.276
 10
254.674
 20
475.276
 10
254.674
 20
452.252
 10
254.348
 20
452.252
 97
0
 75
0
 76
1
 98
0
  0
HATCH
  5
2F1
330
17
100
AcDbEntity
  8
RASTER
 62
7
100
AcDbHatch
 10
0.0
 20
0.0
 30
0.0
210
0.0
220
0.0
230
1.0
  2
SOLID
 70
1
 71
0
 91
1
 92
3
 72
0
 73
1
 93
4
 10
254.348
 20
451.926
 10
254.674
 20
451.926
 10
254.674
 20
428.902
 10
254.348
 20
428.902
 97
0
 75
0
 76
1
 98
0
  0
HATCH
  5
2F2
330
17
100
AcDbEntity
  8
RASTER
 62
7
100
AcDbHatch
 10
0.0
 20
0.0
 30
0.0
210
0.0
220
0.0
230
1.0
  2
SOLID
 70
1
 71
0
 91
1
 92
3
 72
0
 73
1
 93
4
 10
277.698
 20
592.026
 10
278.024
 20
592.026
 10
278.024
 20
569.002
 10
277.698
 20
569.002
 97
0
 75
0
 76
1
 98
0
  0
HATCH
  5
2F3
330
17
100
AcDbEntity
  8
RASTER
 62
7
100
AcDbHatch
 10
0.0
 20
0.0
 30
0.0
210
0.0
220
0.0
230
1.0
  2
SOLID
 70
1
 71
0
 91
1
 92
3
 72
0
 73
1
 93
4
 10
277.698
 20
568.676
 10
278.024
 20
568.676
 10
278.024
 20
545.652
 10
277.698
 20
545.652
 97
0
 75
0
 76
1
 98
0
  0
HATCH
  5
2F4
330
17
100
AcDbEntity
  8
RASTER
 62
7
100
AcDbHatch
 10
0.0
 20
0.0
 30
0.0
210
0.0
220
0.0
230
1.0
  2
SOLID
 70
1
 71
0
 91
1
 92
3
 72
0
 73
1
 93
4
 10
277.698
 20
545.326
 10
278.024
 20
545.326
 10
278.024
 20
522.302
 10
277.698
 20
522.302
 97
0
 75
0
 76
1
 98
0
  0
HATCH
  5
2F5
330
17
100
AcDbEntity
  8
RASTER
 62
7
100
AcDbHatch
 10
0.0
 20
0.0
 30
0.0
210
0.0
220
0.0
230
1.0
  2
SOLID
 70
1
 71
0
 91
1
 92
3
 72
0
 73
1
 93
4
 10
277.698
 20
521.976
 10
278.024
 20
521.976
 10
278.024
 20
498.952
 10
277.698
 20
498.952
 97
0
 75
0
 76
1
 98
0
  0
HATCH
  5
2F6
330
17
100
AcDbEntity
  8
RASTER
 62
7
100
AcDbHatch
 10
0.0
 20
0.0
 30
0.0
210
0.0
220
0.0
230
1.0
  2
SOLID
 70
1
 71
0
 91
1
 92
3
 72
0
 73
1
 93
4
 10
277.698
 20
498.626
 10
278.024
 20
498.626
 10
278.024
 20
475.602
 10
277.698
 20
475.602
 97
0
 75
0
 76
1
 98
0
  0
HATCH
  5
2F7
330
17
100
AcDbEntity
  8
RASTER
 62
7
100
AcDbHatch
 10
0.0
 20
0.0
 30
0.0
210
0.0
220
0.0
230
1.0
  2
SOLID
 70
1
 71
0
 91
1
 92
3
 72
0
 73
1
 93
4
 10
277.698
 20
475.276
 10
278.024
 20
475.276
 10
278.024
 20
452.252
 10
277.698
 20
452.252
 97
0
 75
0
 76
1
 98
0
  0
HATCH
  5
2F8
330
17
100
AcDbEntity
  8
RASTER
 62
7
100
AcDbHatch
 10
0.0
 20
0.0
 30
0.0
210
0.0
220
0.0
230
1.0
  2
SOLID
 70
1
 71
0
 91
1
 92
3
 72
0
 73
1
 93
4
 10
301.048
 20
592.026
 10
301.374
 20
592.026
 10
301.374
 20
569.002
 10
301.048
 20
569.002
 97
0
 75
0
 76
1
 98
0
  0
HATCH
  5
2F9
330
17
100
AcDbEntity
  8
RASTER
 62
7
100
AcDbHatch
 10
0.0
 20
0.0
 30
0.0
210
0.0
220
0.0
230
1.0
  2
SOLID
 70
1
 71
0
 91
1
 92
3
 72
0
 73
1
 93
4
 10
301.048
 20
568.676
 10
301.374
 20
568.676
 10
301.374
 20
545.652
 10
301.048
 20
545.652
 97
0
 75
0
 76
1
 98
0
  0
HATCH
  5
2FA
330
17
100
AcDbEntity
  8
RASTER
 62
7
100
AcDbHatch
 10
0.0
 20
0.0
 30
0.0
210
0.0
220
0.0
230
1.0
  2
SOLID
 70
1
 71
0
 91
1
 92
3
 72
0
 73
1
 93
4
 10
301.048
 20
545.326
 10
301.374
 20
545.326
 10
301.374
 20
522.302
 10
301.048
 20
522.302
 97
0
 75
0
 76
1
 98
0
  0
HATCH
  5
2FB
330
17
100
AcDbEntity
  8
RASTER
 62
7
100
AcDbHatch
 10
0.0
 20
0.0
 30
0.0
210
0.0
220
0.0
230
1.0
  2
SOLID
 70
1
 71
0
 91
1
 92
3
 72
0
 73
1
 93
4
 10
301.048
 20
521.976
 10
301.374
 20
521.976
 10
301.374
 20
498.952
 10
301.048
 20
498.952
 97
0
 75
0
 76
1
 98
0
  0
HATCH
  5
2FC
330
17
100
AcDbEntity
  8
RASTER
 62
7
100
AcDbHatch
 10
0.0
 20
0.0
 30
0.0
210
0.0
220
0.0
230
1.0
  2
SOLID
 70
1
 71
0
 91
1
 92
3
 72
0
 73
1
 93
4
 10
301.048
 20
498.626
 10
301.374
 20
498.626
 10
301.374
 20
475.602
 10
301.048
 20
475.602
 97
0
 75
0
 76
1
 98
0
  0
HATCH
  5
2FD
330
17
100
AcDbEntity
  8
RASTER
 62
7
100
AcDbHatch
 10
0.0
 20
0.0
 30
0.0
210
0.0
220
0.0
230
1.0
  2
SOLID
 70
1
 71
0
 91
1
 92
3
 72
0
 73
1
 93
4
 10
301.048
 20
475.276
 10
301.374
 20
475.276
 10
301.374
 20
452.252
 10
301.048
 20
452.252
 97
0
 75
0
 76
1
 98
0
  0
HATCH
  5
2FE
330
17
100
AcDbEntity
  8
RASTER
 62
7
100
AcDbHatch
 10
0.0
 20
0.0
 30
0.0
210
0.0
220
0.0
230
1.0
  2
SOLID
 70
1
 71
0
 91
1
 92
3
 72
0
 73
1
 93
4
 10
324.398
 20
592.026
 10
324.724
 20
592.026
 10
324.724
 20
569.002
 10
324.398
 20
569.002
 97
0
 75
0
 76
1
 98
0
  0
HATCH
  5
2FF
330
17
100
AcDbEntity
  8
RASTER
 62
7
100
AcDbHatch
 10
0.0
 20
0.0
 30
0.0
210
0.0
220
0.0
230
1.0
  2
SOLID
 70
1
 71
0
 91
1
 92
3
 72
0
 73
1
 93
4
 10
324.398
 20
568.676
 10
324.724
 20
568.676
 10
324.724
 20
545.652
 10
324.398
 20
545.652
 97
0
 75
0
 76
1
 98
0
  0
HATCH
  5
300
330
17
100
AcDbEntity
  8
RASTER
 62
7
100
AcDbHatch
 10
0.0
 20
0.0
 30
0.0
210
0.0
220
0.0
230
1.0
  2
SOLID
 70
1
 71
0
 91
1
 92
3
 72
0
 73
1
 93
4
 10
324.398
 20
545.326
 10
324.724
 20
545.326
 10
324.724
 20
522.302
 10
324.398
 20
522.302
 97
0
 75
0
 76
1
 98
0
  0
HATCH
  5
301
330
17
100
AcDbEntity
  8
RASTER
 62
7
100
AcDbHatch
 10
0.0
 20
0.0
 30
0.0
210
0.0
220
0.0
230
1.0
  2
SOLID
 70
1
 71
0
 91
1
 92
3
 72
0
 73
1
 93
4
 10
324.398
 20
521.976
 10
324.724
 20
521.976
 10
324.724
 20
498.952
 10
324.398
 20
498.952
 97
0
 75
0
 76
1
 98
0
  0
HATCH
  5
302
330
17
100
AcDbEntity
  8
RASTER
 62
7
100
AcDbHatch
 10
0.0
 20
0.0
 30
0.0
210
0.0
220
0.0
230
1.0
  2
SOLID
 70
1
 71
0
 91
1
 92
3
 72
0
 73
1
 93
4
 10
324.398
 20
498.626
 10
324.724
 20
498.626
 10
324.724
 20
475.602
 10
324.398
 20
475.602
 97
0
 75
0
 76
1
 98
0
  0
HATCH
  5
303
330
17
100
AcDbEntity
  8
RASTER
 62
7
100
AcDbHatch
 10
0.0
 20
0.0
 30
0.0
210
0.0
220
0.0
230
1.0
  2
SOLID
 70
1
 71
0
 91
1
 92
3
 72
0
 73
1
 93
4
 10
347.748
 20
592.026
 10
348.074
 20
592.026
 10
348.074
 20
569.002
 10
347.748
 20
569.002
 97
0
 75
0
 76
1
 98
0
  0
HATCH
  5
304
330
17
100
AcDbEntity
  8
RASTER
 62
7
100
AcDbHatch
 10
0.0
 20
0.0
 30
0.0
210
0.0
220
0.0
230
1.0
  2
SOLID
 70
1
 71
0
 91
1
 92
3
 72
0
 73
1
 93
4
 10
347.748
 20
568.676
 10
348.074
 20
568.676
 10
348.074
 20
545.652
 10
347.748
 20
545.652
 97
0
 75
0
 76
1
 98
0
  0
HATCH
  5
305
330
17
100
AcDbEntity
  8
RASTER
 62
7
100
AcDbHatch
 10
0.0
 20
0.0
 30
0.0
210
0.0
220
0.0
230
1.0
  2
SOLID
 70
1
 71
0
 91
1
 92
3
 72
0
 73
1
 93
4
 10
347.748
 20
545.326
 10
348.074
 20
545.326
 10
348.074
 20
522.302
 10
347.748
 20
522.302
 97
0
 75
0
 76
1
 98
0
  0
HATCH
  5
306
330
17
100
AcDbEntity
  8
RASTER
 62
7
100
AcDbHatch
 10
0.0
 20
0.0
 30
0.0
210
0.0
220
0.0
230
1.0
  2
SOLID
 70
1
 71
0
 91
1
 92
3
 72
0
 73
1
 93
4
 10
347.748
 20
521.976
 10
348.074
 20
521.976
 10
348.074
 20
498.952
 10
347.748
 20
498.952
 97
0
 75
0
 76
1
 98
0
  0
HATCH
  5
307
330
17
100
AcDbEntity
  8
RASTER
 62
7
100
AcDbHatch
 10
0.0
 20
0.0
 30
0.0
210
0.0
220
0.0
230
1.0
  2
SOLID
 70
1
 71
0
 91
1
 92
3
 72
0
 73
1
 93
4
 10
371.098
 20
592.026
 10
371.424
 20
592.026
 10
371.424
 20
569.002
 10
371.098
 20
569.002
 97
0
 75
0
 76
1
 98
0
  0
HATCH
  5
308
330
17
100
AcDbEntity
  8
RASTER
 62
7
100
AcDbHatch
 10
0.0
 20
0.0
 30
0.0
210
0.0
220
0.0
230
1.0
  2
SOLID
 70
1
 71
0
 91
1
 92
3
 72
0
 73
1
 93
4
 10
371.098
 20
568.676
 10
371.424
 20
568.676
 10
371.424
 20
545.652
 10
371.098
 20
545.652
 97
0
 75
0
 76
1
 98
0
  0
HATCH
  5
309
330
17
100
AcDbEntity
  8
RASTER
 62
7
100
AcDbHatch
 10
0.0
 20
0.0
 30
0.0
210
0.0
220
0.0
230
1.0
  2
SOLID
 70
1
 71
0
 91
1
 92
3
 72
0
 73
1
 93
4
 10
20.848
 20
592.352
 10
44.524
 20
592.352
 10
44.524
 20
592.026
 10
20.848
 20
592.026
 97
0
 75
0
 76
1
 98
0
  0
HATCH
  5
30A
330
17
100
AcDbEntity
  8
RASTER
 62
7
100
AcDbHatch
 10
0.0
 20
0.0
 30
0.0
210
0.0
220
0.0
230
1.0
  2
SOLID
 70
1
 71
0
 91
1
 92
3
 72
0
 73
1
 93
4
 10
20.848
 20
569.002
 10
44.524
 20
569.002
 10
44.524
 20
568.676
 10
20.848
 20
568.676
 97
0
 75
0
 76
1
 98
0
  0
HATCH
  5
30B
330
17
100
AcDbEntity
  8
RASTER
 62
7
100
AcDbHatch
 10
0.0
 20
0.0
 30
0.0
210
0.0
220
0.0
230
1.0
  2
SOLID
 70
1
 71
0
 91
1
 92
3
 72
0
 73
1
 93
4
 10
20.848
 20
545.652
 10
44.524
 20
545.652
 10
44.524
 20
545.326
 10
20.848
 20
545.326
 97
0
 75
0
 76
1
 98
0
  0
HATCH
  5
30C
330
17
100
AcDbEntity
  8
RASTER
 62
7
100
AcDbHatch
 10
0.0
 20
0.0
 30
0.0
210
0.0
220
0.0
230
1.0
  2
SOLID
 70
1
 71
0
 91
1
 92
3
 72
0
 73
1
 93
4
 10
52.604
 20
615.702
 10
59.609
 20
615.702
 10
59.609
 20
615.376
 10
52.604
 20
615.376
 97
0
 75
0
 76
1
 98
0
  0
HATCH
  5
30D
330
17
100
AcDbEntity
  8
RASTER
 62
7
100
AcDbHatch
 10
0.0
 20
0.0
 30
0.0
210
0.0
220
0.0
230
1.0
  2
SOLID
 70
1
 71
0
 91
1
 92
3
 72
0
 73
1
 93
4
 10
44.198
 20
592.352
 10
67.874
 20
592.352
 10
67.874
 20
592.026
 10
44.198
 20
592.026
 97
0
 75
0
 76
1
 98
0
  0
HATCH
  5
30E
330
17
100
AcDbEntity
  8
RASTER
 62
7
100
AcDbHatch
 10
0.0
 20
0.0
 30
0.0
210
0.0
220
0.0
230
1.0
  2
SOLID
 70
1
 71
0
 91
1
 92
3
 72
0
 73
1
 93
4
 10
44.198
 20
569.002
 10
67.874
 20
569.002
 10
67.874
 20
568.676
 10
44.198
 20
568.676
 97
0
 75
0
 76
1
 98
0
  0
HATCH
  5
30F
330
17
100
AcDbEntity
  8
RASTER
 62
7
100
AcDbHatch
 10
0.0
 20
0.0
 30
0.0
210
0.0
220
0.0
230
1.0
  2
SOLID
 70
1
 71
0
 91
1
 92
3
 72
0
 73
1
 93
4
 10
44.198
 20
545.652
 10
67.874
 20
545.652
 10
67.874
 20
545.326
 10
44.198
 20
545.326
 97
0
 75
0
 76
1
 98
0
  0
HATCH
  5
310
330
17
100
AcDbEntity
  8
RASTER
 62
7
100
AcDbHatch
 10
0.0
 20
0.0
 30
0.0
210
0.0
220
0.0
230
1.0
  2
SOLID
 70
1
 71
0
 91
1
 92
3
 72
0
 73
1
 93
4
 10
44.198
 20
522.302
 10
67.874
 20
522.302
 10
67.874
 20
521.976
 10
44.198
 20
521.976
 97
0
 75
0
 76
1
 98
0
  0
HATCH
  5
311
330
17
100
AcDbEntity
  8
RASTER
 62
7
100
AcDbHatch
 10
0.0
 20
0.0
 30
0.0
210
0.0
220
0.0
230
1.0
  2
SOLID
 70
1
 71
0
 91
1
 92
3
 72
0
 73
1
 93
4
 10
44.198
 20
498.952
 10
67.874
 20
498.952
 10
67.874
 20
498.626
 10
44.198
 20
498.626
 97
0
 75
0
 76
1
 98
0
  0
HATCH
  5
312
330
17
100
AcDbEntity
  8
RASTER
 62
7
100
AcDbHatch
 10
0.0
 20
0.0
 30
0.0
210
0.0
220
0.0
230
1.0
  2
SOLID
 70
1
 71
0
 91
1
 92
3
 72
0
 73
1
 93
4
 10
67.548
 20
592.352
 10
91.224
 20
592.352
 10
91.224
 20
592.026
 10
67.548
 20
592.026
 97
0
 75
0
 76
1
 98
0
  0
HATCH
  5
313
330
17
100
AcDbEntity
  8
RASTER
 62
7
100
AcDbHatch
 10
0.0
 20
0.0
 30
0.0
210
0.0
220
0.0
230
1.0
  2
SOLID
 70
1
 71
0
 91
1
 92
3
 72
0
 73
1
 93
4
 10
67.548
 20
569.002
 10
91.224
 20
569.002
 10
91.224
 20
568.676
 10
67.548
 20
568.676
 97
0
 75
0
 76
1
 98
0
  0
HATCH
  5
314
330
17
100
AcDbEntity
  8
RASTER
 62
7
100
AcDbHatch
 10
0.0
 20
0.0
 30
0.0
210
0.0
220
0.0
230
1.0
  2
SOLID
 70
1
 71
0
 91
1
 92
3
 72
0
 73
1
 93
4
 10
67.548
 20
545.652
 10
91.224
 20
545.652
 10
91.224
 20
545.326
 10
67.548
 20
545.326
 97
0
 75
0
 76
1
 98
0
  0
HATCH
  5
315
330
17
100
AcDbEntity
  8
RASTER
 62
7
100
AcDbHatch
 10
0.0
 20
0.0
 30
0.0
210
0.0
220
0.0
230
1.0
  2
SOLID
 70
1
 71
0
 91
1
 92
3
 72
0
 73
1
 93
4
 10
67.548
 20
522.302
 10
91.224
 20
522.302
 10
91.224
 20
521.976
 10
67.548
 20
521.976
 97
0
 75
0
 76
1
 98
0
  0
HATCH
  5
316
330
17
100
AcDbEntity
  8
RASTER
 62
7
100
AcDbHatch
 10
0.0
 20
0.0
 30
0.0
210
0.0
220
0.0
230
1.0
  2
SOLID
 70
1
 71
0
 91
1
 92
3
 72
0
 73
1
 93
4
 10
67.548
 20
498.952
 10
91.224
 20
498.952
 10
91.224
 20
498.626
 10
67.548
 20
498.626
 97
0
 75
0
 76
1
 98
0
  0
HATCH
  5
317
330
17
100
AcDbEntity
  8
RASTER
 62
7
100
AcDbHatch
 10
0.0
 20
0.0
 30
0.0
210
0.0
220
0.0
230
1.0
  2
SOLID
 70
1
 71
0
 91
1
 92
3
 72
0
 73
1
 93
4
 10
67.548
 20
475.602
 10
91.224
 20
475.602
 10
91.224
 20
475.276
 10
67.548
 20
475.276
 97
0
 75
0
 76
1
 98
0
  0
HATCH
  5
318
330
17
100
AcDbEntity
  8
RASTER
 62
7
100
AcDbHatch
 10
0.0
 20
0.0
 30
0.0
210
0.0
220
0.0
230
1.0
  2
SOLID
 70
1
 71
0
 91
1
 92
3
 72
0
 73
1
 93
4
 10
90.898
 20
592.352
 10
114.574
 20
592.352
 10
114.574
 20
592.026
 10
90.898
 20
592.026
 97
0
 75
0
 76
1
 98
0
  0
HATCH
  5
319
330
17
100
AcDbEntity
  8
RASTER
 62
7
100
AcDbHatch
 10
0.0
 20
0.0
 30
0.0
210
0.0
220
0.0
230
1.0
  2
SOLID
 70
1
 71
0
 91
1
 92
3
 72
0
 73
1
 93
4
 10
90.898
 20
569.002
 10
114.574
 20
569.002
 10
114.574
 20
568.676
 10
90.898
 20
568.676
 97
0
 75
0
 76
1
 98
0
  0
HATCH
  5
31A
330
17
100
AcDbEntity
  8
RASTER
 62
7
100
AcDbHatch
 10
0.0
 20
0.0
 30
0.0
210
0.0
220
0.0
230
1.0
  2
SOLID
 70
1
 71
0
 91
1
 92
3
 72
0
 73
1
 93
4
 10
90.898
 20
545.652
 10
114.574
 20
545.652
 10
114.574
 20
545.326
 10
90.898
 20
545.326
 97
0
 75
0
 76
1
 98
0
  0
HATCH
  5
31B
330
17
100
AcDbEntity
  8
RASTER
 62
7
100
AcDbHatch
 10
0.0
 20
0.0
 30
0.0
210
0.0
220
0.0
230
1.0
  2
SOLID
 70
1
 71
0
 91
1
 92
3
 72
0
 73
1
 93
4
 10
90.898
 20
522.302
 10
114.574
 20
522.302
 10
114.574
 20
521.976
 10
90.898
 20
521.976
 97
0
 75
0
 76
1
 98
0
  0
HATCH
  5
31C
330
17
100
AcDbEntity
  8
RASTER
 62
7
100
AcDbHatch
 10
0.0
 20
0.0
 30
0.0
210
0.0
220
0.0
230
1.0
  2
SOLID
 70
1
 71
0
 91
1
 92
3
 72
0
 73
1
 93
4
 10
90.898
 20
498.952
 10
114.574
 20
498.952
 10
114.574
 20
498.626
 10
90.898
 20
498.626
 97
0
 75
0
 76
1
 98
0
  0
HATCH
  5
31D
330
17
100
AcDbEntity
  8
RASTER
 62
7
100
AcDbHatch
 10
0.0
 20
0.0
 30
0.0
210
0.0
220
0.0
230
1.0
  2
SOLID
 70
1
 71
0
 91
1
 92
3
 72
0
 73
1
 93
4
 10
90.898
 20
475.602
 10
114.574
 20
475.602
 10
114.574
 20
475.276
 10
90.898
 20
475.276
 97
0
 75
0
 76
1
 98
0
  0
HATCH
  5
31E
330
17
100
AcDbEntity
  8
RASTER
 62
7
100
AcDbHatch
 10
0.0
 20
0.0
 30
0.0
210
0.0
220
0.0
230
1.0
  2
SOLID
 70
1
 71
0
 91
1
 92
3
 72
0
 73
1
 93
4
 10
90.898
 20
452.252
 10
114.574
 20
452.252
 10
114.574
 20
451.926
 10
90.898
 20
451.926
 97
0
 75
0
 76
1
 98
0
  0
HATCH
  5
31F
330
17
100
AcDbEntity
  8
RASTER
 62
7
100
AcDbHatch
 10
0.0
 20
0.0
 30
0.0
210
0.0
220
0.0
230
1.0
  2
SOLID
 70
1
 71
0
 91
1
 92
3
 72
0
 73
1
 93
4
 10
114.248
 20
592.352
 10
137.924
 20
592.352
 10
137.924
 20
592.026
 10
114.248
 20
592.026
 97
0
 75
0
 76
1
 98
0
  0
HATCH
  5
320
330
17
100
AcDbEntity
  8
RASTER
 62
7
100
AcDbHatch
 10
0.0
 20
0.0
 30
0.0
210
0.0
220
0.0
230
1.0
  2
SOLID
 70
1
 71
0
 91
1
 92
3
 72
0
 73
1
 93
4
 10
114.248
 20
569.002
 10
137.924
 20
569.002
 10
137.924
 20
568.676
 10
114.248
 20
568.676
 97
0
 75
0
 76
1
 98
0
  0
HATCH
  5
321
330
17
100
AcDbEntity
  8
RASTER
 62
7
100
AcDbHatch
 10
0.0
 20
0.0
 30
0.0
210
0.0
220
0.0
230
1.0
  2
SOLID
 70
1
 71
0
 91
1
 92
3
 72
0
 73
1
 93
4
 10
114.248
 20
545.652
 10
137.924
 20
545.652
 10
137.924
 20
545.326
 10
114.248
 20
545.326
 97
0
 75
0
 76
1
 98
0
  0
HATCH
  5
322
330
17
100
AcDbEntity
  8
RASTER
 62
7
100
AcDbHatch
 10
0.0
 20
0.0
 30
0.0
210
0.0
220
0.0
230
1.0
  2
SOLID
 70
1
 71
0
 91
1
 92
3
 72
0
 73
1
 93
4
 10
114.248
 20
522.302
 10
137.924
 20
522.302
 10
137.924
 20
521.976
 10
114.248
 20
521.976
 97
0
 75
0
 76
1
 98
0
  0
HATCH
  5
323
330
17
100
AcDbEntity
  8
RASTER
 62
7
100
AcDbHatch
 10
0.0
 20
0.0
 30
0.0
210
0.0
220
0.0
230
1.0
  2
SOLID
 70
1
 71
0
 91
1
 92
3
 72
0
 73
1
 93
4
 10
114.248
 20
498.952
 10
137.924
 20
498.952
 10
137.924
 20
498.626
 10
114.248
 20
498.626
 97
0
 75
0
 76
1
 98
0
  0
HATCH
  5
324
330
17
100
AcDbEntity
  8
RASTER
 62
7
100
AcDbHatch
 10
0.0
 20
0.0
 30
0.0
210
0.0
220
0.0
230
1.0
  2
SOLID
 70
1
 71
0
 91
1
 92
3
 72
0
 73
1
 93
4
 10
114.248
 20
475.602
 10
137.924
 20
475.602
 10
137.924
 20
475.276
 10
114.248
 20
475.276
 97
0
 75
0
 76
1
 98
0
  0
HATCH
  5
325
330
17
100
AcDbEntity
  8
RASTER
 62
7
100
AcDbHatch
 10
0.0
 20
0.0
 30
0.0
210
0.0
220
0.0
230
1.0
  2
SOLID
 70
1
 71
0
 91
1
 92
3
 72
0
 73
1
 93
4
 10
114.248
 20
452.252
 10
137.924
 20
452.252
 10
137.924
 20
451.926
 10
114.248
 20
451.926
 97
0
 75
0
 76
1
 98
0
  0
HATCH
  5
326
330
17
100
AcDbEntity
  8
RASTER
 62
7
100
AcDbHatch
 10
0.0
 20
0.0
 30
0.0
210
0.0
220
0.0
230
1.0
  2
SOLID
 70
1
 71
0
 91
1
 92
3
 72
0
 73
1
 93
4
 10
146.004
 20
615.702
 10
153.009
 20
615.702
 10
153.009
 20
615.376
 10
146.004
 20
615.376
 97
0
 75
0
 76
1
 98
0
  0
HATCH
  5
327
330
17
100
AcDbEntity
  8
RASTER
 62
7
100
AcDbHatch
 10
0.0
 20
0.0
 30
0.0
210
0.0
220
0.0
230
1.0
  2
SOLID
 70
1
 71
0
 91
1
 92
3
 72
0
 73
1
 93
4
 10
137.598
 20
592.352
 10
161.274
 20
592.352
 10
161.274
 20
592.026
 10
137.598
 20
592.026
 97
0
 75
0
 76
1
 98
0
  0
HATCH
  5
328
330
17
100
AcDbEntity
  8
RASTER
 62
7
100
AcDbHatch
 10
0.0
 20
0.0
 30
0.0
210
0.0
220
0.0
230
1.0
  2
SOLID
 70
1
 71
0
 91
1
 92
3
 72
0
 73
1
 93
4
 10
137.598
 20
569.002
 10
161.274
 20
569.002
 10
161.274
 20
568.676
 10
137.598
 20
568.676
 97
0
 75
0
 76
1
 98
0
  0
HATCH
  5
329
330
17
100
AcDbEntity
  8
RASTER
 62
7
100
AcDbHatch
 10
0.0
 20
0.0
 30
0.0
210
0.0
220
0.0
230
1.0
  2
SOLID
 70
1
 71
0
 91
1
 92
3
 72
0
 73
1
 93
4
 10
137.598
 20
545.652
 10
161.274
 20
545.652
 10
161.274
 20
545.326
 10
137.598
 20
545.326
 97
0
 75
0
 76
1
 98
0
  0
HATCH
  5
32A
330
17
100
AcDbEntity
  8
RASTER
 62
7
100
AcDbHatch
 10
0.0
 20
0.0
 30
0.0
210
0.0
220
0.0
230
1.0
  2
SOLID
 70
1
 71
0
 91
1
 92
3
 72
0
 73
1
 93
4
 10
137.598
 20
522.302
 10
161.274
 20
522.302
 10
161.274
 20
521.976
 10
137.598
 20
521.976
 97
0
 75
0
 76
1
 98
0
  0
HATCH
  5
32B
330
17
100
AcDbEntity
  8
RASTER
 62
7
100
AcDbHatch
 10
0.0
 20
0.0
 30
0.0
210
0.0
220
0.0
230
1.0
  2
SOLID
 70
1
 71
0
 91
1
 92
3
 72
0
 73
1
 93
4
 10
137.598
 20
498.952
 10
161.274
 20
498.952
 10
161.274
 20
498.626
 10
137.598
 20
498.626
 97
0
 75
0
 76
1
 98
0
  0
HATCH
  5
32C
330
17
100
AcDbEntity
  8
RASTER
 62
7
100
AcDbHatch
 10
0.0
 20
0.0
 30
0.0
210
0.0
220
0.0
230
1.0
  2
SOLID
 70
1
 71
0
 91
1
 92
3
 72
0
 73
1
 93
4
 10
137.598
 20
475.602
 10
161.274
 20
475.602
 10
161.274
 20
475.276
 10
137.598
 20
475.276
 97
0
 75
0
 76
1
 98
0
  0
HATCH
  5
32D
330
17
100
AcDbEntity
  8
RASTER
 62
7
100
AcDbHatch
 10
0.0
 20
0.0
 30
0.0
210
0.0
220
0.0
230
1.0
  2
SOLID
 70
1
 71
0
 91
1
 92
3
 72
0
 73
1
 93
4
 10
137.598
 20
452.252
 10
161.274
 20
452.252
 10
161.274
 20
451.926
 10
137.598
 20
451.926
 97
0
 75
0
 76
1
 98
0
  0
HATCH
  5
32E
330
17
100
AcDbEntity
  8
RASTER
 62
7
100
AcDbHatch
 10
0.0
 20
0.0
 30
0.0
210
0.0
220
0.0
230
1.0
  2
SOLID
 70
1
 71
0
 91
1
 92
3
 72
0
 73
1
 93
4
 10
137.598
 20
428.902
 10
161.274
 20
428.902
 10
161.274
 20
428.576
 10
137.598
 20
428.576
 97
0
 75
0
 76
1
 98
0
  0
HATCH
  5
32F
330
17
100
AcDbEntity
  8
RASTER
 62
7
100
AcDbHatch
 10
0.0
 20
0.0
 30
0.0
210
0.0
220
0.0
230
1.0
  2
SOLID
 70
1
 71
0
 91
1
 92
3
 72
0
 73
1
 93
4
 10
160.948
 20
592.352
 10
184.298
 20
592.352
 10
184.298
 20
592.026
 10
160.948
 20
592.026
 97
0
 75
0
 76
1
 98
0
  0
HATCH
  5
330
330
17
100
AcDbEntity
  8
RASTER
 62
7
100
AcDbHatch
 10
0.0
 20
0.0
 30
0.0
210
0.0
220
0.0
230
1.0
  2
SOLID
 70
1
 71
0
 91
1
 92
3
 72
0
 73
1
 93
4
 10
160.948
 20
569.002
 10
184.298
 20
569.002
 10
184.298
 20
568.676
 10
160.948
 20
568.676
 97
0
 75
0
 76
1
 98
0
  0
HATCH
  5
331
330
17
100
AcDbEntity
  8
RASTER
 62
7
100
AcDbHatch
 10
0.0
 20
0.0
 30
0.0
210
0.0
220
0.0
230
1.0
  2
SOLID
 70
1
 71
0
 91
1
 92
3
 72
0
 73
1
 93
4
 10
160.948
 20
545.652
 10
184.298
 20
545.652
 10
184.298
 20
545.326
 10
160.948
 20
545.326
 97
0
 75
0
 76
1
 98
0
  0
HATCH
  5
332
330
17
100
AcDbEntity
  8
RASTER
 62
7
100
AcDbHatch
 10
0.0
 20
0.0
 30
0.0
210
0.0
220
0.0
230
1.0
  2
SOLID
 70
1
 71
0
 91
1
 92
3
 72
0
 73
1
 93
4
 10
160.948
 20
522.302
 10
184.298
 20
522.302
 10
184.298
 20
521.976
 10
160.948
 20
521.976
 97
0
 75
0
 76
1
 98
0
  0
HATCH
  5
333
330
17
100
AcDbEntity
  8
RASTER
 62
7
100
AcDbHatch
 10
0.0
 20
0.0
 30
0.0
210
0.0
220
0.0
230
1.0
  2
SOLID
 70
1
 71
0
 91
1
 92
3
 72
0
 73
1
 93
4
 10
160.948
 20
498.952
 10
184.298
 20
498.952
 10
184.298
 20
498.626
 10
160.948
 20
498.626
 97
0
 75
0
 76
1
 98
0
  0
HATCH
  5
334
330
17
100
AcDbEntity
  8
RASTER
 62
7
100
AcDbHatch
 10
0.0
 20
0.0
 30
0.0
210
0.0
220
0.0
230
1.0
  2
SOLID
 70
1
 71
0
 91
1
 92
3
 72
0
 73
1
 93
4
 10
160.948
 20
475.602
 10
184.298
 20
475.602
 10
184.298
 20
475.276
 10
160.948
 20
475.276
 97
0
 75
0
 76
1
 98
0
  0
HATCH
  5
335
330
17
100
AcDbEntity
  8
RASTER
 62
7
100
AcDbHatch
 10
0.0
 20
0.0
 30
0.0
210
0.0
220
0.0
230
1.0
  2
SOLID
 70
1
 71
0
 91
1
 92
3
 72
0
 73
1
 93
4
 10
160.948
 20
452.252
 10
184.298
 20
452.252
 10
184.298
 20
451.926
 10
160.948
 20
451.926
 97
0
 75
0
 76
1
 98
0
  0
HATCH
  5
336
330
17
100
AcDbEntity
  8
RASTER
 62
7
100
AcDbHatch
 10
0.0
 20
0.0
 30
0.0
210
0.0
220
0.0
230
1.0
  2
SOLID
 70
1
 71
0
 91
1
 92
3
 72
0
 73
1
 93
4
 10
160.948
 20
428.902
 10
184.298
 20
428.902
 10
184.298
 20
428.576
 10
160.948
 20
428.576
 97
0
 75
0
 76
1
 98
0
  0
HATCH
  5
337
330
17
100
AcDbEntity
  8
RASTER
 62
7
100
AcDbHatch
 10
0.0
 20
0.0
 30
0.0
210
0.0
220
0.0
230
1.0
  2
SOLID
 70
1
 71
0
 91
1
 92
3
 72
0
 73
1
 93
4
 10
20.848
 20
615.376
 10
21.174
 20
615.376
 10
21.174
 20
592.352
 10
20.848
 20
592.352
 97
0
 75
0
 76
1
 98
0
  0
HATCH
  5
338
330
17
100
AcDbEntity
  8
RASTER
 62
7
100
AcDbHatch
 10
0.0
 20
0.0
 30
0.0
210
0.0
220
0.0
230
1.0
  2
SOLID
 70
1
 71
0
 91
1
 92
3
 72
0
 73
1
 93
4
 10
44.198
 20
615.376
 10
44.524
 20
615.376
 10
44.524
 20
592.352
 10
44.198
 20
592.352
 97
0
 75
0
 76
1
 98
0
  0
HATCH
  5
339
330
17
100
AcDbEntity
  8
RASTER
 62
7
100
AcDbHatch
 10
0.0
 20
0.0
 30
0.0
210
0.0
220
0.0
230
1.0
  2
SOLID
 70
1
 71
0
 91
1
 92
3
 72
0
 73
1
 93
4
 10
20.848
 20
592.026
 10
21.174
 20
592.026
 10
21.174
 20
569.002
 10
20.848
 20
569.002
 97
0
 75
0
 76
1
 98
0
  0
HATCH
  5
33A
330
17
100
AcDbEntity
  8
RASTER
 62
7
100
AcDbHatch
 10
0.0
 20
0.0
 30
0.0
210
0.0
220
0.0
230
1.0
  2
SOLID
 70
1
 71
0
 91
1
 92
3
 72
0
 73
1
 93
4
 10
44.198
 20
592.026
 10
44.524
 20
592.026
 10
44.524
 20
569.002
 10
44.198
 20
569.002
 97
0
 75
0
 76
1
 98
0
  0
HATCH
  5
33B
330
17
100
AcDbEntity
  8
RASTER
 62
7
100
AcDbHatch
 10
0.0
 20
0.0
 30
0.0
210
0.0
220
0.0
230
1.0
  2
SOLID
 70
1
 71
0
 91
1
 92
3
 72
0
 73
1
 93
4
 10
20.848
 20
568.676
 10
21.174
 20
568.676
 10
21.174
 20
545.652
 10
20.848
 20
545.652
 97
0
 75
0
 76
1
 98
0
  0
HATCH
  5
33C
330
17
100
AcDbEntity
  8
RASTER
 62
7
100
AcDbHatch
 10
0.0
 20
0.0
 30
0.0
210
0.0
220
0.0
230
1.0
  2
SOLID
 70
1
 71
0
 91
1
 92
3
 72
0
 73
1
 93
4
 10
44.198
 20
568.676
 10
44.524
 20
568.676
 10
44.524
 20
545.652
 10
44.198
 20
545.652
 97
0
 75
0
 76
1
 98
0
  0
HATCH
  5
33D
330
17
100
AcDbEntity
  8
RASTER
 62
7
100
AcDbHatch
 10
0.0
 20
0.0
 30
0.0
210
0.0
220
0.0
230
1.0
  2
SOLID
 70
1
 71
0
 91
1
 92
3
 72
0
 73
1
 93
4
 10
67.548
 20
615.376
 10
67.874
 20
615.376
 10
67.874
 20
592.352
 10
67.548
 20
592.352
 97
0
 75
0
 76
1
 98
0
  0
HATCH
  5
33E
330
17
100
AcDbEntity
  8
RASTER
 62
7
100
AcDbHatch
 10
0.0
 20
0.0
 30
0.0
210
0.0
220
0.0
230
1.0
  2
SOLID
 70
1
 71
0
 91
1
 92
3
 72
0
 73
1
 93
4
 10
67.548
 20
592.026
 10
67.874
 20
592.026
 10
67.874
 20
569.002
 10
67.548
 20
569.002
 97
0
 75
0
 76
1
 98
0
  0
HATCH
  5
33F
330
17
100
AcDbEntity
  8
RASTER
 62
7
100
AcDbHatch
 10
0.0
 20
0.0
 30
0.0
210
0.0
220
0.0
230
1.0
  2
SOLID
 70
1
 71
0
 91
1
 92
3
 72
0
 73
1
 93
4
 10
67.548
 20
568.676
 10
67.874
 20
568.676
 10
67.874
 20
545.652
 10
67.548
 20
545.652
 97
0
 75
0
 76
1
 98
0
  0
HATCH
  5
340
330
17
100
AcDbEntity
  8
RASTER
 62
7
100
AcDbHatch
 10
0.0
 20
0.0
 30
0.0
210
0.0
220
0.0
230
1.0
  2
SOLID
 70
1
 71
0
 91
1
 92
3
 72
0
 73
1
 93
4
 10
44.198
 20
545.326
 10
44.524
 20
545.326
 10
44.524
 20
522.302
 10
44.198
 20
522.302
 97
0
 75
0
 76
1
 98
0
  0
HATCH
  5
341
330
17
100
AcDbEntity
  8
RASTER
 62
7
100
AcDbHatch
 10
0.0
 20
0.0
 30
0.0
210
0.0
220
0.0
230
1.0
  2
SOLID
 70
1
 71
0
 91
1
 92
3
 72
0
 73
1
 93
4
 10
67.548
 20
545.326
 10
67.874
 20
545.326
 10
67.874
 20
522.302
 10
67.548
 20
522.302
 97
0
 75
0
 76
1
 98
0
  0
HATCH
  5
342
330
17
100
AcDbEntity
  8
RASTER
 62
7
100
AcDbHatch
 10
0.0
 20
0.0
 30
0.0
210
0.0
220
0.0
230
1.0
  2
SOLID
 70
1
 71
0
 91
1
 92
3
 72
0
 73
1
 93
4
 10
44.198
 20
521.976
 10
44.524
 20
521.976
 10
44.524
 20
498.952
 10
44.198
 20
498.952
 97
0
 75
0
 76
1
 98
0
  0
HATCH
  5
343
330
17
100
AcDbEntity
  8
RASTER
 62
7
100
AcDbHatch
 10
0.0
 20
0.0
 30
0.0
210
0.0
220
0.0
230
1.0
  2
SOLID
 70
1
 71
0
 91
1
 92
3
 72
0
 73
1
 93
4
 10
67.548
 20
521.976
 10
67.874
 20
521.976
 10
67.874
 20
498.952
 10
67.548
 20
498.952
 97
0
 75
0
 76
1
 98
0
  0
HATCH
  5
344
330
17
100
AcDbEntity
  8
RASTER
 62
7
100
AcDbHatch
 10
0.0
 20
0.0
 30
0.0
210
0.0
220
0.0
230
1.0
  2
SOLID
 70
1
 71
0
 91
1
 92
3
 72
0
 73
1
 93
4
 10
90.898
 20
615.376
 10
91.224
 20
615.376
 10
91.224
 20
592.352
 10
90.898
 20
592.352
 97
0
 75
0
 76
1
 98
0
  0
HATCH
  5
345
330
17
100
AcDbEntity
  8
RASTER
 62
7
100
AcDbHatch
 10
0.0
 20
0.0
 30
0.0
210
0.0
220
0.0
230
1.0
  2
SOLID
 70
1
 71
0
 91
1
 92
3
 72
0
 73
1
 93
4
 10
90.898
 20
592.026
 10
91.224
 20
592.026
 10
91.224
 20
569.002
 10
90.898
 20
569.002
 97
0
 75
0
 76
1
 98
0
  0
HATCH
  5
346
330
17
100
AcDbEntity
  8
RASTER
 62
7
100
AcDbHatch
 10
0.0
 20
0.0
 30
0.0
210
0.0
220
0.0
230
1.0
  2
SOLID
 70
1
 71
0
 91
1
 92
3
 72
0
 73
1
 93
4
 10
90.898
 20
568.676
 10
91.224
 20
568.676
 10
91.224
 20
545.652
 10
90.898
 20
545.652
 97
0
 75
0
 76
1
 98
0
  0
HATCH
  5
347
330
17
100
AcDbEntity
  8
RASTER
 62
7
100
AcDbHatch
 10
0.0
 20
0.0
 30
0.0
210
0.0
220
0.0
230
1.0
  2
SOLID
 70
1
 71
0
 91
1
 92
3
 72
0
 73
1
 93
4
 10
90.898
 20
545.326
 10
91.224
 20
545.326
 10
91.224
 20
522.302
 10
90.898
 20
522.302
 97
0
 75
0
 76
1
 98
0
  0
HATCH
  5
348
330
17
100
AcDbEntity
  8
RASTER
 62
7
100
AcDbHatch
 10
0.0
 20
0.0
 30
0.0
210
0.0
220
0.0
230
1.0
  2
SOLID
 70
1
 71
0
 91
1
 92
3
 72
0
 73
1
 93
4
 10
90.898
 20
521.976
 10
91.224
 20
521.976
 10
91.224
 20
498.952
 10
90.898
 20
498.952
 97
0
 75
0
 76
1
 98
0
  0
HATCH
  5
349
330
17
100
AcDbEntity
  8
RASTER
 62
7
100
AcDbHatch
 10
0.0
 20
0.0
 30
0.0
210
0.0
220
0.0
230
1.0
  2
SOLID
 70
1
 71
0
 91
1
 92
3
 72
0
 73
1
 93
4
 10
67.548
 20
498.626
 10
67.874
 20
498.626
 10
67.874
 20
475.602
 10
67.548
 20
475.602
 97
0
 75
0
 76
1
 98
0
  0
HATCH
  5
34A
330
17
100
AcDbEntity
  8
RASTER
 62
7
100
AcDbHatch
 10
0.0
 20
0.0
 30
0.0
210
0.0
220
0.0
230
1.0
  2
SOLID
 70
1
 71
0
 91
1
 92
3
 72
0
 73
1
 93
4
 10
90.898
 20
498.626
 10
91.224
 20
498.626
 10
91.224
 20
475.602
 10
90.898
 20
475.602
 97
0
 75
0
 76
1
 98
0
  0
HATCH
  5
34B
330
17
100
AcDbEntity
  8
RASTER
 62
7
100
AcDbHatch
 10
0.0
 20
0.0
 30
0.0
210
0.0
220
0.0
230
1.0
  2
SOLID
 70
1
 71
0
 91
1
 92
3
 72
0
 73
1
 93
4
 10
114.248
 20
615.376
 10
114.574
 20
615.376
 10
114.574
 20
592.352
 10
114.248
 20
592.352
 97
0
 75
0
 76
1
 98
0
  0
HATCH
  5
34C
330
17
100
AcDbEntity
  8
RASTER
 62
7
100
AcDbHatch
 10
0.0
 20
0.0
 30
0.0
210
0.0
220
0.0
230
1.0
  2
SOLID
 70
1
 71
0
 91
1
 92
3
 72
0
 73
1
 93
4
 10
114.248
 20
592.026
 10
114.574
 20
592.026
 10
114.574
 20
569.002
 10
114.248
 20
569.002
 97
0
 75
0
 76
1
 98
0
  0
HATCH
  5
34D
330
17
100
AcDbEntity
  8
RASTER
 62
7
100
AcDbHatch
 10
0.0
 20
0.0
 30
0.0
210
0.0
220
0.0
230
1.0
  2
SOLID
 70
1
 71
0
 91
1
 92
3
 72
0
 73
1
 93
4
 10
114.248
 20
568.676
 10
114.574
 20
568.676
 10
114.574
 20
545.652
 10
114.248
 20
545.652
 97
0
 75
0
 76
1
 98
0
  0
HATCH
  5
34E
330
17
100
AcDbEntity
  8
RASTER
 62
7
100
AcDbHatch
 10
0.0
 20
0.0
 30
0.0
210
0.0
220
0.0
230
1.0
  2
SOLID
 70
1
 71
0
 91
1
 92
3
 72
0
 73
1
 93
4
 10
114.248
 20
545.326
 10
114.574
 20
545.326
 10
114.574
 20
522.302
 10
114.248
 20
522.302
 97
0
 75
0
 76
1
 98
0
  0
HATCH
  5
34F
330
17
100
AcDbEntity
  8
RASTER
 62
7
100
AcDbHatch
 10
0.0
 20
0.0
 30
0.0
210
0.0
220
0.0
230
1.0
  2
SOLID
 70
1
 71
0
 91
1
 92
3
 72
0
 73
1
 93
4
 10
114.248
 20
521.976
 10
114.574
 20
521.976
 10
114.574
 20
498.952
 10
114.248
 20
498.952
 97
0
 75
0
 76
1
 98
0
  0
HATCH
  5
350
330
17
100
AcDbEntity
  8
RASTER
 62
7
100
AcDbHatch
 10
0.0
 20
0.0
 30
0.0
210
0.0
220
0.0
230
1.0
  2
SOLID
 70
1
 71
0
 91
1
 92
3
 72
0
 73
1
 93
4
 10
114.248
 20
498.626
 10
114.574
 20
498.626
 10
114.574
 20
475.602
 10
114.248
 20
475.602
 97
0
 75
0
 76
1
 98
0
  0
HATCH
  5
351
330
17
100
AcDbEntity
  8
RASTER
 62
7
100
AcDbHatch
 10
0.0
 20
0.0
 30
0.0
210
0.0
220
0.0
230
1.0
  2
SOLID
 70
1
 71
0
 91
1
 92
3
 72
0
 73
1
 93
4
 10
90.898
 20
475.276
 10
91.224
 20
475.276
 10
91.224
 20
452.252
 10
90.898
 20
452.252
 97
0
 75
0
 76
1
 98
0
  0
HATCH
  5
352
330
17
100
AcDbEntity
  8
RASTER
 62
7
100
AcDbHatch
 10
0.0
 20
0.0
 30
0.0
210
0.0
220
0.0
230
1.0
  2
SOLID
 70
1
 71
0
 91
1
 92
3
 72
0
 73
1
 93
4
 10
114.248
 20
475.276
 10
114.574
 20
475.276
 10
114.574
 20
452.252
 10
114.248
 20
452.252
 97
0
 75
0
 76
1
 98
0
  0
HATCH
  5
353
330
17
100
AcDbEntity
  8
RASTER
 62
7
100
AcDbHatch
 10
0.0
 20
0.0
 30
0.0
210
0.0
220
0.0
230
1.0
  2
SOLID
 70
1
 71
0
 91
1
 92
3
 72
0
 73
1
 93
4
 10
137.598
 20
615.376
 10
137.924
 20
615.376
 10
137.924
 20
592.352
 10
137.598
 20
592.352
 97
0
 75
0
 76
1
 98
0
  0
HATCH
  5
354
330
17
100
AcDbEntity
  8
RASTER
 62
7
100
AcDbHatch
 10
0.0
 20
0.0
 30
0.0
210
0.0
220
0.0
230
1.0
  2
SOLID
 70
1
 71
0
 91
1
 92
3
 72
0
 73
1
 93
4
 10
137.598
 20
592.026
 10
137.924
 20
592.026
 10
137.924
 20
569.002
 10
137.598
 20
569.002
 97
0
 75
0
 76
1
 98
0
  0
HATCH
  5
355
330
17
100
AcDbEntity
  8
RASTER
 62
7
100
AcDbHatch
 10
0.0
 20
0.0
 30
0.0
210
0.0
220
0.0
230
1.0
  2
SOLID
 70
1
 71
0
 91
1
 92
3
 72
0
 73
1
 93
4
 10
137.598
 20
568.676
 10
137.924
 20
568.676
 10
137.924
 20
545.652
 10
137.598
 20
545.652
 97
0
 75
0
 76
1
 98
0
  0
HATCH
  5
356
330
17
100
AcDbEntity
  8
RASTER
 62
7
100
AcDbHatch
 10
0.0
 20
0.0
 30
0.0
210
0.0
220
0.0
230
1.0
  2
SOLID
 70
1
 71
0
 91
1
 92
3
 72
0
 73
1
 93
4
 10
137.598
 20
545.326
 10
137.924
 20
545.326
 10
137.924
 20
522.302
 10
137.598
 20
522.302
 97
0
 75
0
 76
1
 98
0
  0
HATCH
  5
357
330
17
100
AcDbEntity
  8
RASTER
 62
7
100
AcDbHatch
 10
0.0
 20
0.0
 30
0.0
210
0.0
220
0.0
230
1.0
  2
SOLID
 70
1
 71
0
 91
1
 92
3
 72
0
 73
1
 93
4
 10
137.598
 20
521.976
 10
137.924
 20
521.976
 10
137.924
 20
498.952
 10
137.598
 20
498.952
 97
0
 75
0
 76
1
 98
0
  0
HATCH
  5
358
330
17
100
AcDbEntity
  8
RASTER
 62
7
100
AcDbHatch
 10
0.0
 20
0.0
 30
0.0
210
0.0
220
0.0
230
1.0
  2
SOLID
 70
1
 71
0
 91
1
 92
3
 72
0
 73
1
 93
4
 10
137.598
 20
498.626
 10
137.924
 20
498.626
 10
137.924
 20
475.602
 10
137.598
 20
475.602
 97
0
 75
0
 76
1
 98
0
  0
HATCH
  5
359
330
17
100
AcDbEntity
  8
RASTER
 62
7
100
AcDbHatch
 10
0.0
 20
0.0
 30
0.0
210
0.0
220
0.0
230
1.0
  2
SOLID
 70
1
 71
0
 91
1
 92
3
 72
0
 73
1
 93
4
 10
137.598
 20
475.276
 10
137.924
 20
475.276
 10
137.924
 20
452.252
 10
137.598
 20
452.252
 97
0
 75
0
 76
1
 98
0
  0
HATCH
  5
35A
330
17
100
AcDbEntity
  8
RASTER
 62
7
100
AcDbHatch
 10
0.0
 20
0.0
 30
0.0
210
0.0
220
0.0
230
1.0
  2
SOLID
 70
1
 71
0
 91
1
 92
3
 72
0
 73
1
 93
4
 10
160.948
 20
615.376
 10
161.274
 20
615.376
 10
161.274
 20
592.352
 10
160.948
 20
592.352
 97
0
 75
0
 76
1
 98
0
  0
HATCH
  5
35B
330
17
100
AcDbEntity
  8
RASTER
 62
7
100
AcDbHatch
 10
0.0
 20
0.0
 30
0.0
210
0.0
220
0.0
230
1.0
  2
SOLID
 70
1
 71
0
 91
1
 92
3
 72
0
 73
1
 93
4
 10
160.948
 20
592.026
 10
161.274
 20
592.026
 10
161.274
 20
569.002
 10
160.948
 20
569.002
 97
0
 75
0
 76
1
 98
0
  0
HATCH
  5
35C
330
17
100
AcDbEntity
  8
RASTER
 62
7
100
AcDbHatch
 10
0.0
 20
0.0
 30
0.0
210
0.0
220
0.0
230
1.0
  2
SOLID
 70
1
 71
0
 91
1
 92
3
 72
0
 73
1
 93
4
 10
160.948
 20
568.676
 10
161.274
 20
568.676
 10
161.274
 20
545.652
 10
160.948
 20
545.652
 97
0
 75
0
 76
1
 98
0
  0
HATCH
  5
35D
330
17
100
AcDbEntity
  8
RASTER
 62
7
100
AcDbHatch
 10
0.0
 20
0.0
 30
0.0
210
0.0
220
0.0
230
1.0
  2
SOLID
 70
1
 71
0
 91
1
 92
3
 72
0
 73
1
 93
4
 10
160.948
 20
545.326
 10
161.274
 20
545.326
 10
161.274
 20
522.302
 10
160.948
 20
522.302
 97
0
 75
0
 76
1
 98
0
  0
HATCH
  5
35E
330
17
100
AcDbEntity
  8
RASTER
 62
7
100
AcDbHatch
 10
0.0
 20
0.0
 30
0.0
210
0.0
220
0.0
230
1.0
  2
SOLID
 70
1
 71
0
 91
1
 92
3
 72
0
 73
1
 93
4
 10
160.948
 20
521.976
 10
161.274
 20
521.976
 10
161.274
 20
498.952
 10
160.948
 20
498.952
 97
0
 75
0
 76
1
 98
0
  0
HATCH
  5
35F
330
17
100
AcDbEntity
  8
RASTER
 62
7
100
AcDbHatch
 10
0.0
 20
0.0
 30
0.0
210
0.0
220
0.0
230
1.0
  2
SOLID
 70
1
 71
0
 91
1
 92
3
 72
0
 73
1
 93
4
 10
160.948
 20
498.626
 10
161.274
 20
498.626
 10
161.274
 20
475.602
 10
160.948
 20
475.602
 97
0
 75
0
 76
1
 98
0
  0
HATCH
  5
360
330
17
100
AcDbEntity
  8
RASTER
 62
7
100
AcDbHatch
 10
0.0
 20
0.0
 30
0.0
210
0.0
220
0.0
230
1.0
  2
SOLID
 70
1
 71
0
 91
1
 92
3
 72
0
 73
1
 93
4
 10
160.948
 20
475.276
 10
161.274
 20
475.276
 10
161.274
 20
452.252
 10
160.948
 20
452.252
 97
0
 75
0
 76
1
 98
0
  0
HATCH
  5
361
330
17
100
AcDbEntity
  8
RASTER
 62
7
100
AcDbHatch
 10
0.0
 20
0.0
 30
0.0
210
0.0
220
0.0
230
1.0
  2
SOLID
 70
1
 71
0
 91
1
 92
3
 72
0
 73
1
 93
4
 10
137.598
 20
451.926
 10
137.924
 20
451.926
 10
137.924
 20
428.902
 10
137.598
 20
428.902
 97
0
 75
0
 76
1
 98
0
  0
HATCH
  5
362
330
17
100
AcDbEntity
  8
RASTER
 62
7
100
AcDbHatch
 10
0.0
 20
0.0
 30
0.0
210
0.0
220
0.0
230
1.0
  2
SOLID
 70
1
 71
0
 91
1
 92
3
 72
0
 73
1
 93
4
 10
160.948
 20
451.926
 10
161.274
 20
451.926
 10
161.274
 20
428.902
 10
160.948
 20
428.902
 97
0
 75
0
 76
1
 98
0
  0
HATCH
  5
363
330
17
100
AcDbEntity
  8
RASTER
 62
7
100
AcDbHatch
 10
0.0
 20
0.0
 30
0.0
210
0.0
220
0.0
230
1.0
  2
SOLID
 70
1
 71
0
 91
1
 92
3
 72
0
 73
1
 93
4
 10
184.298
 20
514.037
 10
184.624
 20
514.037
 10
184.624
 20
507.032
 10
184.298
 20
507.032
 97
0
 75
0
 76
1
 98
0
  0
LWPOLYLINE
  5
364
330
17
100
AcDbEntity
  8
CUT
100
AcDbPolyline
 90
65
 70
0
 10
207.811
 20
794.643
 10
207.811
 20
747.7
 10
211.757
 20
747.7
 10
212.83
 20
748.477
 10
214.065
 20
748.955
 10
215.382
 20
749.1
 10
216.692
 20
748.904
 10
217.908
 20
748.379
 10
218.95
 20
747.561
 10
219.748
 20
746.504
 10
220.249
 20
745.278
 10
220.42
 20
743.964
 10
220.249
 20
742.65
 10
219.748
 20
741.424
 10
218.95
 20
740.367
 10
217.908
 20
739.549
 10
216.692
 20
739.024
 10
215.382
 20
738.828
 10
214.065
 20
738.973
 10
212.83
 20
739.451
 10
211.757
 20
740.228
 10
207.811
 20
740.228
 10
207.811
 20
701.0
 10
203.865
 20
701.0
 10
202.792
 20
701.777
 10
201.556
 20
702.255
 10
200.24
 20
702.4
 10
198.93
 20
702.204
 10
197.713
 20
701.679
 10
196.672
 20
700.861
 10
195.874
 20
699.804
 10
195.373
 20
698.578
 10
195.202
 20
697.264
 10
195.373
 20
695.95
 10
195.874
 20
694.724
 10
196.672
 20
693.667
 10
197.713
 20
692.849
 10
198.93
 20
692.324
 10
200.24
 20
692.128
 10
201.556
 20
692.273
 10
202.792
 20
692.751
 10
203.865
 20
693.528
 10
207.811
 20
693.528
 10
207.811
 20
654.3
 10
211.757
 20
654.3
 10
212.83
 20
655.077
 10
214.065
 20
655.555
 10
215.382
 20
655.7
 10
216.692
 20
655.504
 10
217.908
 20
654.979
 10
218.95
 20
654.161
 10
219.748
 20
653.104
 10
220.249
 20
651.878
 10
220.42
 20
650.564
 10
220.249
 20
649.25
 10
219.748
 20
648.024
 10
218.95
 20
646.967
 10
217.908
 20
646.149
 10
216.692
 20
645.624
 10
215.382
 20
645.428
 10
214.065
 20
645.573
 10
212.83
 20
646.051
 10
211.757
 20
646.828
 10
207.811
 20
646.828
 10
207.811
 20
615.539
  0
LWPOLYLINE
  5
365
330
17
100
AcDbEntity
  8
CUT
100
AcDbPolyline
 90
65
 70
0
 10
386.915
 20
592.189
 10
339.972
 20
592.189
 10
339.972
 20
588.243
 10
340.749
 20
587.17
 10
341.227
 20
585.935
 10
341.372
 20
584.618
 10
341.176
 20
583.308
 10
340.651
 20
582.092
 10
339.833
 20
581.05
 10
338.776
 20
580.252
 10
337.55
 20
579.751
 10
336.236
 20
579.58
 10
334.922
 20
579.751
 10
333.696
 20
580.252
 10
332.639
 20
581.05
 10
331.821
 20
582.092
 10
331.296
 20
583.308
 10
331.1
 20
584.618
 10
331.245
 20
585.935
 10
331.723
 20
587.17
 10
332.5
 20
588.243
 10
332.5
 20
592.189
 10
293.272
 20
592.189
 10
293.272
 20
596.135
 10
294.049
 20
597.208
 10
294.527
 20
598.444
 10
294.672
 20
599.76
 10
294.476
 20
601.07
 10
293.951
 20
602.287
 10
293.133
 20
603.328
 10
292.076
 20
604.126
 10
290.85
 20
604.627
 10
289.536
 20
604.798
 10
288.222
 20
604.627
 10
286.996
 20
604.126
 10
285.939
 20
603.328
 10
285.121
 20
602.287
 10
284.596
 20
601.07
 10
284.4
 20
599.76
 10
284.545
 20
598.444
 10
285.023
 20
597.208
 10
285.8
 20
596.135
 10
285.8
 20
592.189
 10
246.572
 20
592.189
 10
246.572
 20
588.243
 10
247.349
 20
587.17
 10
247.827
 20
585.935
 10
247.972
 20
584.618
 10
247.776
 20
583.308
 10
247.251
 20
582.092
 10
246.433
 20
581.05
 10
245.376
 20
580.252
 10
244.15
 20
579.751
 10
242.836
 20
579.58
 10
241.522
 20
579.751
 10
240.296
 20
580.252
 10
239.239
 20
581.05
 10
238.421
 20
582.092
 10
237.896
 20
583.308
 10
237.7
 20
584.618
 10
237.845
 20
585.935
 10
238.323
 20
587.17
 10
239.1
 20
588.243
 10
239.1
 20
592.189
 10
207.811
 20
592.189
  0
LWPOLYLINE
  5
366
330
17
100
AcDbEntity
  8
CUT
100
AcDbPolyline
 90
65
 70
0
 10
184.461
 20
413.085
 10
184.461
 20
460.028
 10
180.515
 20
460.028
 10
179.442
 20
459.251
 10
178.206
 20
458.773
 10
176.89
 20
458.628
 10
175.58
 20
458.824
 10
174.363
 20
459.349
 10
173.322
 20
460.167
 10
172.524
 20
461.224
 10
172.023
 20
462.45
 10
171.852
 20
463.764
 10
172.023
 20
465.078
 10
172.524
 20
466.304
 10
173.322
 20
467.361
 10
174.363
 20
468.179
 10
175.58
 20
468.704
 10
176.89
 20
468.9
 10
178.206
 20
468.755
 10
179.442
 20
468.277
 10
180.515
 20
467.5
 10
184.461
 20
467.5
 10
184.461
 20
506.728
 10
188.407
 20
506.728
 10
189.48
 20
505.951
 10
190.715
 20
505.473
 10
192.032
 20
505.328
 10
193.342
 20
505.524
 10
194.558
 20
506.049
 10
195.6
 20
506.867
 10
196.398
 20
507.924
 10
196.899
 20
509.15
 10
197.07
 20
510.464
 10
196.899
 20
511.778
 10
196.398
 20
513.004
 10
195.6
 20
514.061
 10
194.558
 20
514.879
 10
193.342
 20
515.404
 10
192.032
 20
515.6
 10
190.715
 20
515.455
 10
189.48
 20
514.977
 10
188.407
 20
514.2
 10
184.461
 20
514.2
 10
184.461
 20
553.428
 10
180.515
 20
553.428
 10
179.442
 20
552.651
 10
178.206
 20
552.173
 10
176.89
 20
552.028
 10
175.58
 20
552.224
 10
174.363
 20
552.749
 10
173.322
 20
553.567
 10
172.524
 20
554.624
 10
172.023
 20
555.85
 10
171.852
 20
557.164
 10
172.023
 20
558.478
 10
172.524
 20
559.704
 10
173.322
 20
560.761
 10
174.363
 20
561.579
 10
175.58
 20
562.104
 10
176.89
 20
562.3
 10
178.206
 20
562.155
 10
179.442
 20
561.677
 10
180.515
 20
560.9
 10
184.461
 20
560.9
 10
184.461
 20
592.189
  0
LWPOLYLINE
  5
367
330
17
100
AcDbEntity
  8
CUT
100
AcDbPolyline
 90
65
 70
0
 10
5.357
 20
615.539
 10
52.3
 20
615.539
 10
52.3
 20
619.485
 10
51.523
 20
620.558
 10
51.045
 20
621.794
 10
50.9
 20
623.11
 10
51.096
 20
624.42
 10
51.621
 20
625.637
 10
52.439
 20
626.678
 10
53.496
 20
627.476
 10
54.722
 20
627.977
 10
56.036
 20
628.148
 10
57.35
 20
627.977
 10
58.576
 20
627.476
 10
59.633
 20
626.678
 10
60.451
 20
625.637
 10
60.976
 20
624.42
 10
61.172
 20
623.11
 10
61.027
 20
621.794
 10
60.549
 20
620.558
 10
59.772
 20
619.485
 10
59.772
 20
615.539
 10
99.0
 20
615.539
 10
99.0
 20
611.593
 10
98.223
 20
610.52
 10
97.745
 20
609.285
 10
97.6
 20
607.968
 10
97.796
 20
606.658
 10
98.321
 20
605.442
 10
99.139
 20
604.4
 10
100.196
 20
603.602
 10
101.422
 20
603.101
 10
102.736
 20
602.93
 10
104.05
 20
603.101
 10
105.276
 20
603.602
 10
106.333
 20
604.4
 10
107.151
 20
605.442
 10
107.676
 20
606.658
 10
107.872
 20
607.968
 10
107.727
 20
609.285
 10
107.249
 20
610.52
 10
106.472
 20
611.593
 10
106.472
 20
615.539
 10
145.7
 20
615.539
 10
145.7
 20
619.485
 10
144.923
 20
620.558
 10
144.445
 20
621.794
 10
144.3
 20
623.11
 10
144.496
 20
624.42
 10
145.021
 20
625.637
 10
145.839
 20
626.678
 10
146.896
 20
627.476
 10
148.122
 20
627.977
 10
149.436
 20
628.148
 10
150.75
 20
627.977
 10
151.976
 20
627.476
 10
153.033
 20
626.678
 10
153.851
 20
625.637
 10
154.376
 20
624.42
 10
154.572
 20
623.11
 10
154.427
 20
621.794
 10
153.949
 20
620.558
 10
153.172
 20
619.485
 10
153.172
 20
615.539
 10
184.461
 20
615.539
  0
LWPOLYLINE
  5
368
330
17
100
AcDbEntity
  8
CUT
100
AcDbPolyline
 90
4
 70
0
 10
207.811
 20
615.539
 10
207.811
 20
592.189
 10
184.461
 20
592.189
 10
184.461
 20
615.539
  0
CIRCLE
  5
369
330
17
100
AcDbEntity
  8
CUT
100
AcDbCircle
 10
196.136
 20
603.864
 30
0.0
 40
191.273
  0
LWPOLYLINE
  5
36A
330
17
100
AcDbEntity
  8
CUT
100
AcDbPolyline
 90
23
 70
1
 10
398.088
 20
795.138
 10
402.848
 20
795.138
 10
404.959
 20
794.3
 10
407.269
 20
791.826
 10
409.01
 20
788.229
 10
409.683
 20
784.843
 10
409.683
 20
780.451
 10
409.334
 20
778.242
 10
408.736
 20
776.729
 10
407.549
 20
775.095
 10
404.79
 20
773.412
 10
402.202
 20
772.969
 10
398.73
 20
772.969
 10
396.143
 20
773.412
 10
393.504
 20
774.976
 10
392.513
 20
776.109
 10
391.577
 20
777.982
 10
391.134
 20
780.565
 10
391.134
 20
784.614
 10
392.026
 20
788.816
 10
393.118
 20
791.094
 10
394.527
 20
793.061
 10
396.4
 20
794.583
  0
HATCH
  5
36B
330
17
100
AcDbEntity
  8
RASTER
 62
7
100
AcDbHatch
 10
0.0
 20
0.0
 30
0.0
210
0.0
220
0.0
230
1.0
  2
SOLID
 70
1
 71
0
 91
12
 92
3
 72
0
 73
1
 93
33
 10
399.581
 20
793.069
 10
401.271
 20
793.104
 10
401.96
 20
792.874
 10
403.374
 20
792.104
 10
404.638
 20
790.84
 10
405.442
 20
789.69
 10
406.327
 20
788.047
 10
407.132
 20
785.978
 10
407.592
 20
784.025
 10
407.592
 20
781.266
 10
407.477
 20
780.692
 10
406.902
 20
778.968
 10
406.362
 20
778.014
 10
404.983
 20
776.52
 10
404.293
 20
776.06
 10
403.224
 20
775.52
 10
401.5
 20
775.06
 10
399.432
 20
775.06
 10
398.857
 20
775.175
 10
397.478
 20
775.635
 10
396.294
 20
776.29
 10
395.26
 20
777.094
 10
394.57
 20
777.899
 10
393.57
 20
779.887
 10
393.226
 20
781.266
 10
393.226
 20
783.795
 10
393.341
 20
784.025
 10
393.456
 20
785.174
 10
393.8
 20
786.323
 10
394.8
 20
788.656
 10
395.72
 20
790.15
 10
396.984
 20
791.644
 10
398.248
 20
792.564
 97
0
 92
2
 72
0
 73
1
 93
35
 10
399.776
 20
792.529
 10
399.087
 20
792.299
 10
397.788
 20
791.529
 10
396.869
 20
790.61
 10
395.72
 20
789.001
 10
394.835
 20
787.242
 10
394.145
 20
785.289
 10
393.915
 20
784.139
 10
393.915
 20
783.45
 10
393.8
 20
783.22
 10
393.8
 20
781.956
 10
393.915
 20
781.726
 10
394.03
 20
780.577
 10
394.26
 20
779.887
 10
394.915
 20
778.588
 10
395.949
 20
777.324
 10
397.708
 20
776.209
 10
399.202
 20
775.75
 10
400.926
 20
775.635
 10
401.156
 20
775.75
 10
402.305
 20
775.865
 10
402.994
 20
776.095
 10
404.753
 20
777.094
 10
405.442
 20
777.784
 10
406.362
 20
779.278
 10
406.787
 20
780.462
 10
407.017
 20
781.496
 10
407.017
 20
783.565
 10
406.672
 20
785.289
 10
405.983
 20
787.242
 10
404.983
 20
789.231
 10
403.833
 20
790.84
 10
402.914
 20
791.644
 10
401.5
 20
792.414
 10
401.041
 20
792.529
 97
0
 92
2
 72
0
 73
1
 93
11
 10
396.593
 20
788.817
 10
396.788
 20
788.736
 10
396.673
 20
788.507
 10
396.903
 20
787.817
 10
396.593
 20
787.438
 10
396.133
 20
787.277
 10
395.835
 20
787.438
 10
395.754
 20
787.932
 10
396.064
 20
788.541
 10
396.329
 20
788.736
 10
396.639
 20
788.656
 97
0
 92
2
 72
0
 73
1
 93
8
 10
395.329
 20
785.254
 10
395.639
 20
785.289
 10
395.984
 20
784.944
 10
395.984
 20
784.369
 10
395.524
 20
783.91
 10
395.145
 20
784.105
 10
394.95
 20
784.484
 10
394.95
 20
784.714
 97
0
 92
2
 72
0
 73
1
 93
14
 10
400.271
 20
785.024
 10
401.156
 20
785.059
 10
401.535
 20
784.863
 10
401.811
 20
784.565
 10
402.075
 20
783.795
 10
402.075
 20
783.335
 10
401.765
 20
782.496
 10
401.305
 20
782.036
 10
400.926
 20
781.841
 10
400.236
 20
781.841
 10
399.696
 20
782.105
 10
399.317
 20
782.76
 10
399.317
 20
783.795
 10
399.742
 20
784.634
 97
0
 92
2
 72
0
 73
1
 93
7
 10
404.868
 20
784.68
 10
405.178
 20
784.714
 10
405.408
 20
784.484
 10
405.408
 20
784.025
 10
405.063
 20
783.68
 10
404.799
 20
783.76
 10
404.603
 20
784.139
 97
0
 92
2
 72
0
 73
1
 93
4
 10
400.546
 20
784.45
 10
400.466
 20
784.369
 10
400.661
 20
783.829
 10
400.811
 20
784.025
 97
0
 92
2
 72
0
 73
1
 93
9
 10
401.041
 20
783.91
 10
400.96
 20
783.829
 10
401.351
 20
783.645
 10
401.305
 20
783.484
 10
401.42
 20
783.369
 10
401.581
 20
783.714
 10
401.811
 20
783.714
 10
401.615
 20
783.91
 10
401.466
 20
783.829
 97
0
 92
2
 72
0
 73
1
 93
13
 10
400.432
 20
783.645
 10
400.432
 20
783.484
 10
400.156
 20
783.415
 10
400.271
 20
782.91
 10
400.386
 20
783.071
 10
400.546
 20
783.025
 10
400.501
 20
783.3
 10
400.581
 20
783.335
 10
400.73
 20
783.025
 10
401.041
 20
783.22
 10
401.236
 20
782.91
 10
401.351
 20
783.3
 10
401.19
 20
783.254
 97
0
 92
2
 72
0
 73
1
 93
14
 10
395.329
 20
781.577
 10
395.639
 20
781.611
 10
396.478
 20
781.186
 10
397.168
 20
780.381
 10
397.593
 20
779.313
 10
397.478
 20
778.508
 10
397.168
 20
778.129
 10
396.673
 20
778.048
 10
396.064
 20
778.359
 10
395.72
 20
778.588
 10
395.26
 20
779.163
 10
394.835
 20
780.002
 10
394.72
 20
780.692
 10
394.915
 20
781.301
 97
0
 92
2
 72
0
 73
1
 93
30
 10
404.178
 20
781.347
 10
404.833
 20
781.381
 10
405.144
 20
781.232
 10
405.408
 20
780.807
 10
405.408
 20
779.887
 10
404.868
 20
778.703
 10
404.293
 20
778.129
 10
403.684
 20
777.818
 10
403.339
 20
777.818
 10
402.73
 20
778.244
 10
402.535
 20
778.738
 10
402.535
 20
779.313
 10
402.799
 20
780.083
 10
402.96
 20
780.037
 10
403.374
 20
780.312
 10
403.535
 20
780.151
 10
403.569
 20
780.577
 10
403.764
 20
780.726
 10
403.718
 20
780.887
 10
403.879
 20
780.887
 10
404.029
 20
780.692
 10
404.144
 20
780.807
 10
403.879
 20
781.117
 10
403.764
 20
781.071
 10
402.96
 20
780.151
 10
402.88
 20
780.232
 10
403.19
 20
780.726
 10
403.764
 20
781.186
 10
403.914
 20
781.266
 10
404.109
 20
781.186
 97
0
 92
2
 72
0
 73
1
 93
9
 10
399.466
 20
777.324
 10
400.156
 20
777.278
 10
400.466
 20
776.899
 10
400.386
 20
776.635
 10
400.006
 20
776.439
 10
399.397
 20
776.52
 10
399.167
 20
776.75
 10
399.087
 20
777.014
 10
399.167
 20
777.163
 97
0
 75
0
 76
1
 98
0
  0
LWPOLYLINE
  5
36C
330
17
100
AcDbEntity
  8
CUT
100
AcDbPolyline
 90
23
 70
1
 10
11.816
 20
408.866
 10
16.576
 20
408.866
 10
18.687
 20
408.029
 10
20.998
 20
405.554
 10
22.738
 20
401.957
 10
23.411
 20
398.571
 10
23.411
 20
394.179
 10
23.062
 20
391.97
 10
22.464
 20
390.457
 10
21.277
 20
388.823
 10
18.519
 20
387.14
 10
15.93
 20
386.697
 10
12.459
 20
386.697
 10
9.871
 20
387.14
 10
7.233
 20
388.704
 10
6.241
 20
389.837
 10
5.305
 20
391.71
 10
4.863
 20
394.293
 10
4.863
 20
398.342
 10
5.754
 20
402.544
 10
6.846
 20
404.822
 10
8.255
 20
406.789
 10
10.128
 20
408.311
  0
HATCH
  5
36D
330
17
100
AcDbEntity
  8
RASTER
 62
7
100
AcDbHatch
 10
0.0
 20
0.0
 30
0.0
210
0.0
220
0.0
230
1.0
  2
SOLID
 70
1
 71
0
 91
12
 92
3
 72
0
 73
1
 93
33
 10
13.309
 20
406.797
 10
14.999
 20
406.832
 10
15.688
 20
406.602
 10
17.102
 20
405.832
 10
18.366
 20
404.568
 10
19.17
 20
403.418
 10
20.055
 20
401.775
 10
20.86
 20
399.706
 10
21.32
 20
397.753
 10
21.32
 20
394.994
 10
21.205
 20
394.42
 10
20.63
 20
392.696
 10
20.09
 20
391.742
 10
18.711
 20
390.248
 10
18.021
 20
389.788
 10
16.952
 20
389.248
 10
15.228
 20
388.788
 10
13.16
 20
388.788
 10
12.585
 20
388.903
 10
11.206
 20
389.363
 10
10.022
 20
390.018
 10
8.988
 20
390.823
 10
8.298
 20
391.627
 10
7.299
 20
393.615
 10
6.954
 20
394.994
 10
6.954
 20
397.523
 10
7.069
 20
397.753
 10
7.184
 20
398.902
 10
7.528
 20
400.051
 10
8.528
 20
402.384
 10
9.448
 20
403.878
 10
10.712
 20
405.372
 10
11.976
 20
406.292
 97
0
 92
2
 72
0
 73
1
 93
35
 10
13.505
 20
406.257
 10
12.815
 20
406.027
 10
11.516
 20
405.257
 10
10.597
 20
404.338
 10
9.448
 20
402.729
 10
8.563
 20
400.971
 10
7.873
 20
399.017
 10
7.643
 20
397.868
 10
7.643
 20
397.178
 10
7.528
 20
396.948
 10
7.528
 20
395.684
 10
7.643
 20
395.454
 10
7.758
 20
394.305
 10
7.988
 20
393.615
 10
8.643
 20
392.317
 10
9.678
 20
391.052
 10
11.436
 20
389.938
 10
12.93
 20
389.478
 10
14.654
 20
389.363
 10
14.884
 20
389.478
 10
16.033
 20
389.593
 10
16.723
 20
389.823
 10
18.481
 20
390.823
 10
19.17
 20
391.512
 10
20.09
 20
393.006
 10
20.515
 20
394.19
 10
20.745
 20
395.224
 10
20.745
 20
397.293
 10
20.4
 20
399.017
 10
19.711
 20
400.971
 10
18.711
 20
402.959
 10
17.561
 20
404.568
 10
16.642
 20
405.372
 10
15.228
 20
406.142
 10
14.769
 20
406.257
 97
0
 92
2
 72
0
 73
1
 93
11
 10
10.321
 20
402.545
 10
10.516
 20
402.465
 10
10.402
 20
402.235
 10
10.631
 20
401.545
 10
10.321
 20
401.166
 10
9.861
 20
401.005
 10
9.563
 20
401.166
 10
9.482
 20
401.66
 10
9.792
 20
402.269
 10
10.057
 20
402.465
 10
10.367
 20
402.384
 97
0
 92
2
 72
0
 73
1
 93
8
 10
9.057
 20
398.982
 10
9.367
 20
399.017
 10
9.712
 20
398.672
 10
9.712
 20
398.097
 10
9.252
 20
397.638
 10
8.873
 20
397.833
 10
8.678
 20
398.212
 10
8.678
 20
398.442
 97
0
 92
2
 72
0
 73
1
 93
14
 10
13.999
 20
398.752
 10
14.884
 20
398.787
 10
15.263
 20
398.592
 10
15.539
 20
398.293
 10
15.803
 20
397.523
 10
15.803
 20
397.063
 10
15.493
 20
396.224
 10
15.033
 20
395.764
 10
14.654
 20
395.569
 10
13.964
 20
395.569
 10
13.424
 20
395.833
 10
13.045
 20
396.488
 10
13.045
 20
397.523
 10
13.47
 20
398.362
 97
0
 92
2
 72
0
 73
1
 93
7
 10
18.596
 20
398.408
 10
18.906
 20
398.442
 10
19.136
 20
398.212
 10
19.136
 20
397.753
 10
18.791
 20
397.408
 10
18.527
 20
397.488
 10
18.331
 20
397.868
 97
0
 92
2
 72
0
 73
1
 93
4
 10
14.275
 20
398.178
 10
14.194
 20
398.097
 10
14.39
 20
397.557
 10
14.539
 20
397.753
 97
0
 92
2
 72
0
 73
1
 93
9
 10
14.769
 20
397.638
 10
14.688
 20
397.557
 10
15.079
 20
397.373
 10
15.033
 20
397.212
 10
15.148
 20
397.098
 10
15.309
 20
397.442
 10
15.539
 20
397.442
 10
15.343
 20
397.638
 10
15.194
 20
397.557
 97
0
 92
2
 72
0
 73
1
 93
13
 10
14.16
 20
397.373
 10
14.16
 20
397.212
 10
13.884
 20
397.143
 10
13.999
 20
396.638
 10
14.114
 20
396.799
 10
14.275
 20
396.753
 10
14.229
 20
397.029
 10
14.309
 20
397.063
 10
14.458
 20
396.753
 10
14.769
 20
396.948
 10
14.964
 20
396.638
 10
15.079
 20
397.029
 10
14.918
 20
396.983
 97
0
 92
2
 72
0
 73
1
 93
14
 10
9.057
 20
395.305
 10
9.367
 20
395.339
 10
10.206
 20
394.914
 10
10.896
 20
394.109
 10
11.321
 20
393.041
 10
11.206
 20
392.236
 10
10.896
 20
391.857
 10
10.402
 20
391.776
 10
9.792
 20
392.087
 10
9.448
 20
392.317
 10
8.988
 20
392.891
 10
8.563
 20
393.73
 10
8.448
 20
394.42
 10
8.643
 20
395.029
 97
0
 92
2
 72
0
 73
1
 93
30
 10
17.906
 20
395.075
 10
18.561
 20
395.109
 10
18.872
 20
394.96
 10
19.136
 20
394.535
 10
19.136
 20
393.615
 10
18.596
 20
392.431
 10
18.021
 20
391.857
 10
17.412
 20
391.547
 10
17.067
 20
391.547
 10
16.458
 20
391.972
 10
16.263
 20
392.466
 10
16.263
 20
393.041
 10
16.527
 20
393.811
 10
16.688
 20
393.765
 10
17.102
 20
394.04
 10
17.263
 20
393.88
 10
17.297
 20
394.305
 10
17.493
 20
394.454
 10
17.447
 20
394.615
 10
17.607
 20
394.615
 10
17.757
 20
394.42
 10
17.872
 20
394.535
 10
17.607
 20
394.845
 10
17.493
 20
394.799
 10
16.688
 20
393.88
 10
16.608
 20
393.96
 10
16.918
 20
394.454
 10
17.493
 20
394.914
 10
17.642
 20
394.994
 10
17.837
 20
394.914
 97
0
 92
2
 72
0
 73
1
 93
9
 10
13.194
 20
391.052
 10
13.884
 20
391.006
 10
14.194
 20
390.627
 10
14.114
 20
390.363
 10
13.734
 20
390.167
 10
13.125
 20
390.248
 10
12.895
 20
390.478
 10
12.815
 20
390.742
 10
12.895
 20
390.891
 97
0
 75
0
 76
1
 98
0
  0
LWPOLYLINE
  5
36E
330
17
100
AcDbEntity
  8
CUT
100
AcDbPolyline
 90
23
 70
1
 10
34.089
 20
408.866
 10
38.85
 20
408.866
 10
40.96
 20
408.029
 10
43.271
 20
405.554
 10
45.012
 20
401.957
 10
45.684
 20
398.571
 10
45.684
 20
394.179
 10
45.335
 20
391.97
 10
44.737
 20
390.457
 10
43.55
 20
388.823
 10
40.792
 20
387.14
 10
38.203
 20
386.697
 10
34.732
 20
386.697
 10
32.144
 20
387.14
 10
29.506
 20
388.704
 10
28.514
 20
389.837
 10
27.578
 20
391.71
 10
27.136
 20
394.293
 10
27.136
 20
398.342
 10
28.027
 20
402.544
 10
29.12
 20
404.822
 10
30.528
 20
406.789
 10
32.401
 20
408.311
  0
HATCH
  5
36F
330
17
100
AcDbEntity
  8
RASTER
 62
7
100
AcDbHatch
 10
0.0
 20
0.0
 30
0.0
210
0.0
220
0.0
230
1.0
  2
SOLID
 70
1
 71
0
 91
12
 92
3
 72
0
 73
1
 93
33
 10
35.583
 20
406.797
 10
37.272
 20
406.832
 10
37.962
 20
406.602
 10
39.375
 20
405.832
 10
40.639
 20
404.568
 10
41.444
 20
403.418
 10
42.329
 20
401.775
 10
43.133
 20
399.706
 10
43.593
 20
397.753
 10
43.593
 20
394.994
 10
43.478
 20
394.42
 10
42.903
 20
392.696
 10
42.363
 20
391.742
 10
40.984
 20
390.248
 10
40.295
 20
389.788
 10
39.226
 20
389.248
 10
37.502
 20
388.788
 10
35.433
 20
388.788
 10
34.858
 20
388.903
 10
33.479
 20
389.363
 10
32.296
 20
390.018
 10
31.261
 20
390.823
 10
30.572
 20
391.627
 10
29.572
 20
393.615
 10
29.227
 20
394.994
 10
29.227
 20
397.523
 10
29.342
 20
397.753
 10
29.457
 20
398.902
 10
29.802
 20
400.051
 10
30.802
 20
402.384
 10
31.721
 20
403.878
 10
32.985
 20
405.372
 10
34.249
 20
406.292
 97
0
 92
2
 72
0
 73
1
 93
35
 10
35.778
 20
406.257
 10
35.088
 20
406.027
 10
33.79
 20
405.257
 10
32.87
 20
404.338
 10
31.721
 20
402.729
 10
30.836
 20
400.971
 10
30.147
 20
399.017
 10
29.917
 20
397.868
 10
29.917
 20
397.178
 10
29.802
 20
396.948
 10
29.802
 20
395.684
 10
29.917
 20
395.454
 10
30.032
 20
394.305
 10
30.261
 20
393.615
 10
30.917
 20
392.317
 10
31.951
 20
391.052
 10
33.709
 20
389.938
 10
35.203
 20
389.478
 10
36.927
 20
389.363
 10
37.157
 20
389.478
 10
38.306
 20
389.593
 10
38.996
 20
389.823
 10
40.754
 20
390.823
 10
41.444
 20
391.512
 10
42.363
 20
393.006
 10
42.788
 20
394.19
 10
43.018
 20
395.224
 10
43.018
 20
397.293
 10
42.674
 20
399.017
 10
41.984
 20
400.971
 10
40.984
 20
402.959
 10
39.835
 20
404.568
 10
38.915
 20
405.372
 10
37.502
 20
406.142
 10
37.042
 20
406.257
 97
0
 92
2
 72
0
 73
1
 93
11
 10
32.594
 20
402.545
 10
32.79
 20
402.465
 10
32.675
 20
402.235
 10
32.905
 20
401.545
 10
32.594
 20
401.166
 10
32.135
 20
401.005
 10
31.836
 20
401.166
 10
31.755
 20
401.66
 10
32.066
 20
402.269
 10
32.33
 20
402.465
 10
32.64
 20
402.384
 97
0
 92
2
 72
0
 73
1
 93
8
 10
31.33
 20
398.982
 10
31.641
 20
399.017
 10
31.985
 20
398.672
 10
31.985
 20
398.097
 10
31.526
 20
397.638
 10
31.146
 20
397.833
 10
30.951
 20
398.212
 10
30.951
 20
398.442
 97
0
 92
2
 72
0
 73
1
 93
14
 10
36.272
 20
398.752
 10
37.157
 20
398.787
 10
37.536
 20
398.592
 10
37.812
 20
398.293
 10
38.076
 20
397.523
 10
38.076
 20
397.063
 10
37.766
 20
396.224
 10
37.306
 20
395.764
 10
36.927
 20
395.569
 10
36.238
 20
395.569
 10
35.697
 20
395.833
 10
35.318
 20
396.488
 10
35.318
 20
397.523
 10
35.743
 20
398.362
 97
0
 92
2
 72
0
 73
1
 93
7
 10
40.869
 20
398.408
 10
41.179
 20
398.442
 10
41.409
 20
398.212
 10
41.409
 20
397.753
 10
41.065
 20
397.408
 10
40.8
 20
397.488
 10
40.605
 20
397.868
 97
0
 92
2
 72
0
 73
1
 93
4
 10
36.548
 20
398.178
 10
36.467
 20
398.097
 10
36.663
 20
397.557
 10
36.812
 20
397.753
 97
0
 92
2
 72
0
 73
1
 93
9
 10
37.042
 20
397.638
 10
36.962
 20
397.557
 10
37.352
 20
397.373
 10
37.306
 20
397.212
 10
37.421
 20
397.098
 10
37.582
 20
397.442
 10
37.812
 20
397.442
 10
37.617
 20
397.638
 10
37.467
 20
397.557
 97
0
 92
2
 72
0
 73
1
 93
13
 10
36.433
 20
397.373
 10
36.433
 20
397.212
 10
36.157
 20
397.143
 10
36.272
 20
396.638
 10
36.387
 20
396.799
 10
36.548
 20
396.753
 10
36.502
 20
397.029
 10
36.582
 20
397.063
 10
36.732
 20
396.753
 10
37.042
 20
396.948
 10
37.237
 20
396.638
 10
37.352
 20
397.029
 10
37.192
 20
396.983
 97
0
 92
2
 72
0
 73
1
 93
14
 10
31.33
 20
395.305
 10
31.641
 20
395.339
 10
32.48
 20
394.914
 10
33.169
 20
394.109
 10
33.594
 20
393.041
 10
33.479
 20
392.236
 10
33.169
 20
391.857
 10
32.675
 20
391.776
 10
32.066
 20
392.087
 10
31.721
 20
392.317
 10
31.261
 20
392.891
 10
30.836
 20
393.73
 10
30.721
 20
394.42
 10
30.917
 20
395.029
 97
0
 92
2
 72
0
 73
1
 93
30
 10
40.18
 20
395.075
 10
40.835
 20
395.109
 10
41.145
 20
394.96
 10
41.409
 20
394.535
 10
41.409
 20
393.615
 10
40.869
 20
392.431
 10
40.295
 20
391.857
 10
39.685
 20
391.547
 10
39.341
 20
391.547
 10
38.732
 20
391.972
 10
38.536
 20
392.466
 10
38.536
 20
393.041
 10
38.8
 20
393.811
 10
38.961
 20
393.765
 10
39.375
 20
394.04
 10
39.536
 20
393.88
 10
39.57
 20
394.305
 10
39.766
 20
394.454
 10
39.72
 20
394.615
 10
39.881
 20
394.615
 10
40.03
 20
394.42
 10
40.145
 20
394.535
 10
39.881
 20
394.845
 10
39.766
 20
394.799
 10
38.961
 20
393.88
 10
38.881
 20
393.96
 10
39.191
 20
394.454
 10
39.766
 20
394.914
 10
39.915
 20
394.994
 10
40.111
 20
394.914
 97
0
 92
2
 72
0
 73
1
 93
9
 10
35.468
 20
391.052
 10
36.157
 20
391.006
 10
36.467
 20
390.627
 10
36.387
 20
390.363
 10
36.008
 20
390.167
 10
35.399
 20
390.248
 10
35.169
 20
390.478
 10
35.088
 20
390.742
 10
35.169
 20
390.891
 97
0
 75
0
 76
1
 98
0
  0
LWPOLYLINE
  5
370
330
17
100
AcDbEntity
  8
CUT
100
AcDbPolyline
 90
23
 70
1
 10
56.363
 20
408.866
 10
61.123
 20
408.866
 10
63.233
 20
408.029
 10
65.544
 20
405.554
 10
67.285
 20
401.957
 10
67.958
 20
398.571
 10
67.958
 20
394.179
 10
67.609
 20
391.97
 10
67.011
 20
390.457
 10
65.823
 20
388.823
 10
63.065
 20
387.14
 10
60.476
 20
386.697
 10
57.005
 20
386.697
 10
54.417
 20
387.14
 10
51.779
 20
388.704
 10
50.788
 20
389.837
 10
49.851
 20
391.71
 10
49.409
 20
394.293
 10
49.409
 20
398.342
 10
50.301
 20
402.544
 10
51.393
 20
404.822
 10
52.801
 20
406.789
 10
54.674
 20
408.311
  0
HATCH
  5
371
330
17
100
AcDbEntity
  8
RASTER
 62
7
100
AcDbHatch
 10
0.0
 20
0.0
 30
0.0
210
0.0
220
0.0
230
1.0
  2
SOLID
 70
1
 71
0
 91
12
 92
3
 72
0
 73
1
 93
33
 10
57.856
 20
406.797
 10
59.545
 20
406.832
 10
60.235
 20
406.602
 10
61.648
 20
405.832
 10
62.913
 20
404.568
 10
63.717
 20
403.418
 10
64.602
 20
401.775
 10
65.407
 20
399.706
 10
65.866
 20
397.753
 10
65.866
 20
394.994
 10
65.751
 20
394.42
 10
65.177
 20
392.696
 10
64.637
 20
391.742
 10
63.257
 20
390.248
 10
62.568
 20
389.788
 10
61.499
 20
389.248
 10
59.775
 20
388.788
 10
57.706
 20
388.788
 10
57.132
 20
388.903
 10
55.753
 20
389.363
 10
54.569
 20
390.018
 10
53.535
 20
390.823
 10
52.845
 20
391.627
 10
51.845
 20
393.615
 10
51.5
 20
394.994
 10
51.5
 20
397.523
 10
51.615
 20
397.753
 10
51.73
 20
398.902
 10
52.075
 20
400.051
 10
53.075
 20
402.384
 10
53.994
 20
403.878
 10
55.259
 20
405.372
 10
56.523
 20
406.292
 97
0
 92
2
 72
0
 73
1
 93
35
 10
58.051
 20
406.257
 10
57.362
 20
406.027
 10
56.063
 20
405.257
 10
55.144
 20
404.338
 10
53.994
 20
402.729
 10
53.109
 20
400.971
 10
52.42
 20
399.017
 10
52.19
 20
397.868
 10
52.19
 20
397.178
 10
52.075
 20
396.948
 10
52.075
 20
395.684
 10
52.19
 20
395.454
 10
52.305
 20
394.305
 10
52.535
 20
393.615
 10
53.19
 20
392.317
 10
54.224
 20
391.052
 10
55.983
 20
389.938
 10
57.477
 20
389.478
 10
59.201
 20
389.363
 10
59.43
 20
389.478
 10
60.58
 20
389.593
 10
61.269
 20
389.823
 10
63.028
 20
390.823
 10
63.717
 20
391.512
 10
64.637
 20
393.006
 10
65.062
 20
394.19
 10
65.292
 20
395.224
 10
65.292
 20
397.293
 10
64.947
 20
399.017
 10
64.257
 20
400.971
 10
63.257
 20
402.959
 10
62.108
 20
404.568
 10
61.189
 20
405.372
 10
59.775
 20
406.142
 10
59.315
 20
406.257
 97
0
 92
2
 72
0
 73
1
 93
11
 10
54.868
 20
402.545
 10
55.063
 20
402.465
 10
54.948
 20
402.235
 10
55.178
 20
401.545
 10
54.868
 20
401.166
 10
54.408
 20
401.005
 10
54.109
 20
401.166
 10
54.029
 20
401.66
 10
54.339
 20
402.269
 10
54.603
 20
402.465
 10
54.914
 20
402.384
 97
0
 92
2
 72
0
 73
1
 93
8
 10
53.604
 20
398.982
 10
53.914
 20
399.017
 10
54.259
 20
398.672
 10
54.259
 20
398.097
 10
53.799
 20
397.638
 10
53.42
 20
397.833
 10
53.224
 20
398.212
 10
53.224
 20
398.442
 97
0
 92
2
 72
0
 73
1
 93
14
 10
58.545
 20
398.752
 10
59.43
 20
398.787
 10
59.81
 20
398.592
 10
60.085
 20
398.293
 10
60.35
 20
397.523
 10
60.35
 20
397.063
 10
60.039
 20
396.224
 10
59.58
 20
395.764
 10
59.201
 20
395.569
 10
58.511
 20
395.569
 10
57.971
 20
395.833
 10
57.592
 20
396.488
 10
57.592
 20
397.523
 10
58.017
 20
398.362
 97
0
 92
2
 72
0
 73
1
 93
7
 10
63.142
 20
398.408
 10
63.453
 20
398.442
 10
63.683
 20
398.212
 10
63.683
 20
397.753
 10
63.338
 20
397.408
 10
63.074
 20
397.488
 10
62.878
 20
397.868
 97
0
 92
2
 72
0
 73
1
 93
4
 10
58.821
 20
398.178
 10
58.741
 20
398.097
 10
58.936
 20
397.557
 10
59.086
 20
397.753
 97
0
 92
2
 72
0
 73
1
 93
9
 10
59.315
 20
397.638
 10
59.235
 20
397.557
 10
59.626
 20
397.373
 10
59.58
 20
397.212
 10
59.695
 20
397.098
 10
59.856
 20
397.442
 10
60.085
 20
397.442
 10
59.89
 20
397.638
 10
59.741
 20
397.557
 97
0
 92
2
 72
0
 73
1
 93
13
 10
58.706
 20
397.373
 10
58.706
 20
397.212
 10
58.431
 20
397.143
 10
58.545
 20
396.638
 10
58.66
 20
396.799
 10
58.821
 20
396.753
 10
58.775
 20
397.029
 10
58.856
 20
397.063
 10
59.005
 20
396.753
 10
59.315
 20
396.948
 10
59.511
 20
396.638
 10
59.626
 20
397.029
 10
59.465
 20
396.983
 97
0
 92
2
 72
0
 73
1
 93
14
 10
53.604
 20
395.305
 10
53.914
 20
395.339
 10
54.753
 20
394.914
 10
55.442
 20
394.109
 10
55.868
 20
393.041
 10
55.753
 20
392.236
 10
55.442
 20
391.857
 10
54.948
 20
391.776
 10
54.339
 20
392.087
 10
53.994
 20
392.317
 10
53.535
 20
392.891
 10
53.109
 20
393.73
 10
52.994
 20
394.42
 10
53.19
 20
395.029
 97
0
 92
2
 72
0
 73
1
 93
30
 10
62.453
 20
395.075
 10
63.108
 20
395.109
 10
63.418
 20
394.96
 10
63.683
 20
394.535
 10
63.683
 20
393.615
 10
63.142
 20
392.431
 10
62.568
 20
391.857
 10
61.959
 20
391.547
 10
61.614
 20
391.547
 10
61.005
 20
391.972
 10
60.809
 20
392.466
 10
60.809
 20
393.041
 10
61.074
 20
393.811
 10
61.235
 20
393.765
 10
61.648
 20
394.04
 10
61.809
 20
393.88
 10
61.844
 20
394.305
 10
62.039
 20
394.454
 10
61.993
 20
394.615
 10
62.154
 20
394.615
 10
62.304
 20
394.42
 10
62.418
 20
394.535
 10
62.154
 20
394.845
 10
62.039
 20
394.799
 10
61.235
 20
393.88
 10
61.154
 20
393.96
 10
61.465
 20
394.454
 10
62.039
 20
394.914
 10
62.189
 20
394.994
 10
62.384
 20
394.914
 97
0
 92
2
 72
0
 73
1
 93
9
 10
57.741
 20
391.052
 10
58.431
 20
391.006
 10
58.741
 20
390.627
 10
58.66
 20
390.363
 10
58.281
 20
390.167
 10
57.672
 20
390.248
 10
57.442
 20
390.478
 10
57.362
 20
390.742
 10
57.442
 20
390.891
 97
0
 75
0
 76
1
 98
0
  0
LWPOLYLINE
  5
372
330
17
100
AcDbEntity
  8
CUT
100
AcDbPolyline
 90
21
 70
1
 10
76.629
 20
408.866
 10
81.464
 20
408.709
 10
82.873
 20
408.201
 10
83.538
 20
407.278
 10
83.63
 20
403.684
 10
84.645
 20
401.408
 10
84.989
 20
399.239
 10
84.713
 20
390.224
 10
84.597
 20
389.47
 10
84.046
 20
388.644
 10
82.049
 20
387.627
 10
80.271
 20
387.346
 10
74.918
 20
387.54
 10
72.875
 20
388.429
 10
72.033
 20
389.716
 10
71.682
 20
399.607
 10
72.018
 20
401.513
 10
72.996
 20
403.459
 10
73.125
 20
407.281
 10
73.536
 20
407.974
 10
74.387
 20
408.492
  0
HATCH
  5
373
330
17
100
AcDbEntity
  8
RASTER
 62
7
100
AcDbHatch
 10
0.0
 20
0.0
 30
0.0
210
0.0
220
0.0
230
1.0
  2
SOLID
 70
1
 71
0
 91
7
 92
3
 72
0
 73
1
 93
50
 10
77.354
 20
407.186
 10
79.253
 20
407.214
 10
79.437
 20
407.122
 10
79.804
 20
407.122
 10
80.813
 20
406.847
 10
81.483
 20
406.507
 10
81.667
 20
406.324
 10
81.915
 20
405.837
 10
82.006
 20
405.195
 10
81.915
 20
405.011
 10
81.915
 20
404.553
 10
81.667
 20
404.066
 10
81.364
 20
403.727
 10
81.456
 20
402.993
 10
81.979
 20
401.864
 10
83.016
 20
399.964
 10
83.291
 20
398.679
 10
83.291
 20
395.743
 10
83.199
 20
395.559
 10
83.199
 20
393.632
 10
83.108
 20
393.449
 10
83.108
 20
391.521
 10
83.016
 20
391.063
 10
82.768
 20
390.576
 10
82.126
 20
389.934
 10
80.813
 20
389.319
 10
79.62
 20
389.044
 10
78.978
 20
389.044
 10
78.794
 20
388.952
 10
77.877
 20
388.952
 10
77.693
 20
389.044
 10
76.5
 20
389.135
 10
75.583
 20
389.411
 10
74.546
 20
389.934
 10
73.995
 20
390.484
 10
73.747
 20
390.971
 10
73.564
 20
391.705
 10
73.472
 20
394.458
 10
73.38
 20
394.642
 10
73.38
 20
398.955
 10
73.747
 20
400.239
 10
75.124
 20
402.809
 10
75.307
 20
403.451
 10
75.28
 20
403.791
 10
75.004
 20
404.066
 10
74.757
 20
404.553
 10
74.665
 20
405.562
 10
75.004
 20
406.324
 10
75.371
 20
406.599
 10
76.408
 20
407.03
 97
0
 92
2
 72
0
 73
1
 93
51
 10
78.06
 20
406.755
 10
77.877
 20
406.663
 10
77.143
 20
406.663
 10
76.133
 20
406.388
 10
75.463
 20
406.048
 10
75.215
 20
405.562
 10
75.215
 20
404.92
 10
75.307
 20
404.644
 10
75.766
 20
404.002
 10
75.766
 20
403.176
 10
75.583
 20
402.625
 10
75.004
 20
401.46
 10
74.206
 20
400.056
 10
73.931
 20
399.138
 10
73.931
 20
398.771
 10
73.839
 20
398.588
 10
73.931
 20
393.907
 10
74.022
 20
393.724
 10
74.022
 20
392.439
 10
74.114
 20
392.256
 10
74.114
 20
391.521
 10
74.206
 20
391.154
 10
74.362
 20
390.852
 10
74.821
 20
390.393
 10
75.399
 20
390.053
 10
76.5
 20
389.686
 10
77.51
 20
389.594
 10
77.693
 20
389.503
 10
79.07
 20
389.503
 10
80.813
 20
389.87
 10
81.85
 20
390.393
 10
82.309
 20
390.852
 10
82.465
 20
391.154
 10
82.557
 20
391.43
 10
82.557
 20
393.173
 10
82.649
 20
393.357
 10
82.649
 20
394.825
 10
82.74
 20
395.009
 10
82.832
 20
398.037
 10
82.74
 20
398.221
 10
82.649
 20
399.322
 10
82.373
 20
400.148
 10
81.272
 20
402.167
 10
80.905
 20
403.268
 10
80.905
 20
404.002
 10
81.208
 20
404.342
 10
81.456
 20
405.011
 10
81.456
 20
405.562
 10
81.3
 20
405.865
 10
81.024
 20
406.14
 10
79.987
 20
406.572
 97
0
 92
2
 72
0
 73
1
 93
16
 10
77.721
 20
406.36
 10
78.886
 20
406.388
 10
79.07
 20
406.296
 10
79.62
 20
406.296
 10
80.474
 20
405.957
 10
80.63
 20
405.654
 10
80.51
 20
405.406
 10
80.29
 20
405.259
 10
79.437
 20
405.011
 10
77.326
 20
405.011
 10
76.867
 20
405.103
 10
76.289
 20
405.351
 10
76.106
 20
405.535
 10
76.041
 20
405.654
 10
76.106
 20
405.865
 10
76.684
 20
406.204
 97
0
 92
2
 72
0
 73
1
 93
10
 10
77.418
 20
405.929
 10
76.528
 20
405.626
 10
76.776
 20
405.47
 10
77.143
 20
405.47
 10
77.326
 20
405.379
 10
79.437
 20
405.379
 10
79.896
 20
405.47
 10
79.987
 20
405.562
 10
79.923
 20
405.681
 10
79.253
 20
405.929
 97
0
 92
2
 72
0
 73
1
 93
18
 10
80.657
 20
404.158
 10
80.722
 20
404.094
 10
80.566
 20
403.791
 10
79.712
 20
403.451
 10
79.345
 20
403.451
 10
79.161
 20
403.36
 10
77.326
 20
403.36
 10
77.143
 20
403.451
 10
76.776
 20
403.451
 10
76.106
 20
403.699
 10
75.95
 20
404.002
 10
76.133
 20
404.094
 10
76.592
 20
403.91
 10
77.51
 20
403.818
 10
77.693
 20
403.727
 10
79.07
 20
403.727
 10
79.253
 20
403.818
 10
80.079
 20
403.91
 97
0
 92
2
 72
0
 73
1
 93
43
 10
74.692
 20
399.937
 10
74.848
 20
399.872
 10
74.481
 20
398.496
 10
74.481
 20
396.936
 10
74.573
 20
396.752
 10
74.573
 20
395.009
 10
74.665
 20
394.825
 10
74.665
 20
392.806
 10
74.757
 20
392.623
 10
74.757
 20
391.613
 10
74.913
 20
391.31
 10
75.371
 20
390.943
 10
75.858
 20
390.696
 10
77.234
 20
390.328
 10
78.363
 20
390.264
 10
79.529
 20
390.328
 10
80.354
 20
390.512
 10
81.483
 20
391.035
 10
81.759
 20
391.31
 10
81.915
 20
391.705
 10
81.915
 20
392.806
 10
82.071
 20
393.146
 10
82.098
 20
391.613
 10
81.85
 20
391.127
 10
81.575
 20
390.852
 10
80.722
 20
390.42
 10
79.712
 20
390.145
 10
79.345
 20
390.145
 10
79.161
 20
390.053
 10
77.601
 20
390.053
 10
77.418
 20
390.145
 10
76.959
 20
390.145
 10
75.766
 20
390.512
 10
75.096
 20
390.852
 10
74.729
 20
391.219
 10
74.573
 20
391.521
 10
74.573
 20
392.256
 10
74.481
 20
392.439
 10
74.481
 20
394.275
 10
74.39
 20
394.458
 10
74.39
 20
396.202
 10
74.298
 20
396.385
 10
74.298
 20
398.679
 97
0
 92
2
 72
0
 73
1
 93
7
 10
82.126
 20
394.247
 10
82.19
 20
394.183
 10
82.19
 20
393.357
 10
82.098
 20
393.265
 10
82.006
 20
393.357
 10
82.006
 20
393.54
 10
82.098
 20
393.724
 97
0
 75
0
 76
1
 98
0
  0
LWPOLYLINE
  5
374
330
17
100
AcDbEntity
  8
CUT
100
AcDbPolyline
 90
21
 70
1
 10
93.66
 20
408.866
 10
98.495
 20
408.709
 10
99.904
 20
408.201
 10
100.569
 20
407.278
 10
100.661
 20
403.684
 10
101.676
 20
401.408
 10
102.02
 20
399.239
 10
101.744
 20
390.224
 10
101.628
 20
389.47
 10
101.077
 20
388.644
 10
99.08
 20
387.627
 10
97.302
 20
387.346
 10
91.949
 20
387.54
 10
89.906
 20
388.429
 10
89.064
 20
389.716
 10
88.713
 20
399.607
 10
89.05
 20
401.513
 10
90.027
 20
403.459
 10
90.156
 20
407.281
 10
90.567
 20
407.974
 10
91.418
 20
408.492
  0
HATCH
  5
375
330
17
100
AcDbEntity
  8
RASTER
 62
7
100
AcDbHatch
 10
0.0
 20
0.0
 30
0.0
210
0.0
220
0.0
230
1.0
  2
SOLID
 70
1
 71
0
 91
7
 92
3
 72
0
 73
1
 93
50
 10
94.385
 20
407.186
 10
96.284
 20
407.214
 10
96.468
 20
407.122
 10
96.835
 20
407.122
 10
97.844
 20
406.847
 10
98.514
 20
406.507
 10
98.698
 20
406.324
 10
98.946
 20
405.837
 10
99.037
 20
405.195
 10
98.946
 20
405.011
 10
98.946
 20
404.553
 10
98.698
 20
404.066
 10
98.395
 20
403.727
 10
98.487
 20
402.993
 10
99.01
 20
401.864
 10
100.047
 20
399.964
 10
100.322
 20
398.679
 10
100.322
 20
395.743
 10
100.23
 20
395.559
 10
100.23
 20
393.632
 10
100.139
 20
393.449
 10
100.139
 20
391.521
 10
100.047
 20
391.063
 10
99.799
 20
390.576
 10
99.157
 20
389.934
 10
97.844
 20
389.319
 10
96.651
 20
389.044
 10
96.009
 20
389.044
 10
95.826
 20
388.952
 10
94.908
 20
388.952
 10
94.724
 20
389.044
 10
93.531
 20
389.135
 10
92.614
 20
389.411
 10
91.577
 20
389.934
 10
91.026
 20
390.484
 10
90.778
 20
390.971
 10
90.595
 20
391.705
 10
90.503
 20
394.458
 10
90.411
 20
394.642
 10
90.411
 20
398.955
 10
90.778
 20
400.239
 10
92.155
 20
402.809
 10
92.338
 20
403.451
 10
92.311
 20
403.791
 10
92.036
 20
404.066
 10
91.788
 20
404.553
 10
91.696
 20
405.562
 10
92.036
 20
406.324
 10
92.403
 20
406.599
 10
93.44
 20
407.03
 97
0
 92
2
 72
0
 73
1
 93
51
 10
95.091
 20
406.755
 10
94.908
 20
406.663
 10
94.174
 20
406.663
 10
93.164
 20
406.388
 10
92.494
 20
406.048
 10
92.247
 20
405.562
 10
92.247
 20
404.92
 10
92.338
 20
404.644
 10
92.797
 20
404.002
 10
92.797
 20
403.176
 10
92.614
 20
402.625
 10
92.036
 20
401.46
 10
91.237
 20
400.056
 10
90.962
 20
399.138
 10
90.962
 20
398.771
 10
90.87
 20
398.588
 10
90.962
 20
393.907
 10
91.054
 20
393.724
 10
91.054
 20
392.439
 10
91.145
 20
392.256
 10
91.145
 20
391.521
 10
91.237
 20
391.154
 10
91.393
 20
390.852
 10
91.852
 20
390.393
 10
92.43
 20
390.053
 10
93.531
 20
389.686
 10
94.541
 20
389.594
 10
94.724
 20
389.503
 10
96.101
 20
389.503
 10
97.844
 20
389.87
 10
98.881
 20
390.393
 10
99.34
 20
390.852
 10
99.496
 20
391.154
 10
99.588
 20
391.43
 10
99.588
 20
393.173
 10
99.68
 20
393.357
 10
99.68
 20
394.825
 10
99.772
 20
395.009
 10
99.863
 20
398.037
 10
99.772
 20
398.221
 10
99.68
 20
399.322
 10
99.405
 20
400.148
 10
98.303
 20
402.167
 10
97.936
 20
403.268
 10
97.936
 20
404.002
 10
98.239
 20
404.342
 10
98.487
 20
405.011
 10
98.487
 20
405.562
 10
98.331
 20
405.865
 10
98.056
 20
406.14
 10
97.019
 20
406.572
 97
0
 92
2
 72
0
 73
1
 93
16
 10
94.752
 20
406.36
 10
95.917
 20
406.388
 10
96.101
 20
406.296
 10
96.651
 20
406.296
 10
97.505
 20
405.957
 10
97.661
 20
405.654
 10
97.542
 20
405.406
 10
97.321
 20
405.259
 10
96.468
 20
405.011
 10
94.357
 20
405.011
 10
93.898
 20
405.103
 10
93.32
 20
405.351
 10
93.137
 20
405.535
 10
93.072
 20
405.654
 10
93.137
 20
405.865
 10
93.715
 20
406.204
 97
0
 92
2
 72
0
 73
1
 93
10
 10
94.449
 20
405.929
 10
93.559
 20
405.626
 10
93.807
 20
405.47
 10
94.174
 20
405.47
 10
94.357
 20
405.379
 10
96.468
 20
405.379
 10
96.927
 20
405.47
 10
97.019
 20
405.562
 10
96.954
 20
405.681
 10
96.284
 20
405.929
 97
0
 92
2
 72
0
 73
1
 93
18
 10
97.688
 20
404.158
 10
97.753
 20
404.094
 10
97.597
 20
403.791
 10
96.743
 20
403.451
 10
96.376
 20
403.451
 10
96.193
 20
403.36
 10
94.357
 20
403.36
 10
94.174
 20
403.451
 10
93.807
 20
403.451
 10
93.137
 20
403.699
 10
92.981
 20
404.002
 10
93.164
 20
404.094
 10
93.623
 20
403.91
 10
94.541
 20
403.818
 10
94.724
 20
403.727
 10
96.101
 20
403.727
 10
96.284
 20
403.818
 10
97.11
 20
403.91
 97
0
 92
2
 72
0
 73
1
 93
43
 10
91.724
 20
399.937
 10
91.88
 20
399.872
 10
91.512
 20
398.496
 10
91.512
 20
396.936
 10
91.604
 20
396.752
 10
91.604
 20
395.009
 10
91.696
 20
394.825
 10
91.696
 20
392.806
 10
91.788
 20
392.623
 10
91.788
 20
391.613
 10
91.944
 20
391.31
 10
92.403
 20
390.943
 10
92.889
 20
390.696
 10
94.265
 20
390.328
 10
95.394
 20
390.264
 10
96.56
 20
390.328
 10
97.386
 20
390.512
 10
98.514
 20
391.035
 10
98.79
 20
391.31
 10
98.946
 20
391.705
 10
98.946
 20
392.806
 10
99.102
 20
393.146
 10
99.129
 20
391.613
 10
98.881
 20
391.127
 10
98.606
 20
390.852
 10
97.753
 20
390.42
 10
96.743
 20
390.145
 10
96.376
 20
390.145
 10
96.193
 20
390.053
 10
94.633
 20
390.053
 10
94.449
 20
390.145
 10
93.99
 20
390.145
 10
92.797
 20
390.512
 10
92.127
 20
390.852
 10
91.76
 20
391.219
 10
91.604
 20
391.521
 10
91.604
 20
392.256
 10
91.512
 20
392.439
 10
91.512
 20
394.275
 10
91.421
 20
394.458
 10
91.421
 20
396.202
 10
91.329
 20
396.385
 10
91.329
 20
398.679
 97
0
 92
2
 72
0
 73
1
 93
7
 10
99.157
 20
394.247
 10
99.221
 20
394.183
 10
99.221
 20
393.357
 10
99.129
 20
393.265
 10
99.037
 20
393.357
 10
99.037
 20
393.54
 10
99.129
 20
393.724
 97
0
 75
0
 76
1
 98
0
  0
LWPOLYLINE
  5
376
330
17
100
AcDbEntity
  8
CUT
100
AcDbPolyline
 90
21
 70
1
 10
110.691
 20
408.866
 10
115.526
 20
408.709
 10
116.935
 20
408.201
 10
117.6
 20
407.278
 10
117.692
 20
403.684
 10
118.707
 20
401.408
 10
119.051
 20
399.239
 10
118.775
 20
390.224
 10
118.659
 20
389.47
 10
118.109
 20
388.644
 10
116.112
 20
387.627
 10
114.333
 20
387.346
 10
108.981
 20
387.54
 10
106.937
 20
388.429
 10
106.095
 20
389.716
 10
105.744
 20
399.607
 10
106.081
 20
401.513
 10
107.058
 20
403.459
 10
107.187
 20
407.281
 10
107.599
 20
407.974
 10
108.449
 20
408.492
  0
HATCH
  5
377
330
17
100
AcDbEntity
  8
RASTER
 62
7
100
AcDbHatch
 10
0.0
 20
0.0
 30
0.0
210
0.0
220
0.0
230
1.0
  2
SOLID
 70
1
 71
0
 91
7
 92
3
 72
0
 73
1
 93
50
 10
111.416
 20
407.186
 10
113.316
 20
407.214
 10
113.499
 20
407.122
 10
113.866
 20
407.122
 10
114.876
 20
406.847
 10
115.546
 20
406.507
 10
115.729
 20
406.324
 10
115.977
 20
405.837
 10
116.069
 20
405.195
 10
115.977
 20
405.011
 10
115.977
 20
404.553
 10
115.729
 20
404.066
 10
115.426
 20
403.727
 10
115.518
 20
402.993
 10
116.041
 20
401.864
 10
117.078
 20
399.964
 10
117.353
 20
398.679
 10
117.353
 20
395.743
 10
117.262
 20
395.559
 10
117.262
 20
393.632
 10
117.17
 20
393.449
 10
117.17
 20
391.521
 10
117.078
 20
391.063
 10
116.83
 20
390.576
 10
116.188
 20
389.934
 10
114.876
 20
389.319
 10
113.683
 20
389.044
 10
113.04
 20
389.044
 10
112.857
 20
388.952
 10
111.939
 20
388.952
 10
111.755
 20
389.044
 10
110.562
 20
389.135
 10
109.645
 20
389.411
 10
108.608
 20
389.934
 10
108.057
 20
390.484
 10
107.809
 20
390.971
 10
107.626
 20
391.705
 10
107.534
 20
394.458
 10
107.442
 20
394.642
 10
107.442
 20
398.955
 10
107.809
 20
400.239
 10
109.186
 20
402.809
 10
109.369
 20
403.451
 10
109.342
 20
403.791
 10
109.067
 20
404.066
 10
108.819
 20
404.553
 10
108.727
 20
405.562
 10
109.067
 20
406.324
 10
109.434
 20
406.599
 10
110.471
 20
407.03
 97
0
 92
2
 72
0
 73
1
 93
51
 10
112.123
 20
406.755
 10
111.939
 20
406.663
 10
111.205
 20
406.663
 10
110.195
 20
406.388
 10
109.525
 20
406.048
 10
109.278
 20
405.562
 10
109.278
 20
404.92
 10
109.369
 20
404.644
 10
109.828
 20
404.002
 10
109.828
 20
403.176
 10
109.645
 20
402.625
 10
109.067
 20
401.46
 10
108.268
 20
400.056
 10
107.993
 20
399.138
 10
107.993
 20
398.771
 10
107.901
 20
398.588
 10
107.993
 20
393.907
 10
108.085
 20
393.724
 10
108.085
 20
392.439
 10
108.176
 20
392.256
 10
108.176
 20
391.521
 10
108.268
 20
391.154
 10
108.424
 20
390.852
 10
108.883
 20
390.393
 10
109.461
 20
390.053
 10
110.562
 20
389.686
 10
111.572
 20
389.594
 10
111.755
 20
389.503
 10
113.132
 20
389.503
 10
114.876
 20
389.87
 10
115.913
 20
390.393
 10
116.371
 20
390.852
 10
116.527
 20
391.154
 10
116.619
 20
391.43
 10
116.619
 20
393.173
 10
116.711
 20
393.357
 10
116.711
 20
394.825
 10
116.803
 20
395.009
 10
116.895
 20
398.037
 10
116.803
 20
398.221
 10
116.711
 20
399.322
 10
116.436
 20
400.148
 10
115.334
 20
402.167
 10
114.967
 20
403.268
 10
114.967
 20
404.002
 10
115.27
 20
404.342
 10
115.518
 20
405.011
 10
115.518
 20
405.562
 10
115.362
 20
405.865
 10
115.087
 20
406.14
 10
114.05
 20
406.572
 97
0
 92
2
 72
0
 73
1
 93
16
 10
111.783
 20
406.36
 10
112.948
 20
406.388
 10
113.132
 20
406.296
 10
113.683
 20
406.296
 10
114.536
 20
405.957
 10
114.692
 20
405.654
 10
114.573
 20
405.406
 10
114.353
 20
405.259
 10
113.499
 20
405.011
 10
111.388
 20
405.011
 10
110.93
 20
405.103
 10
110.351
 20
405.351
 10
110.168
 20
405.535
 10
110.104
 20
405.654
 10
110.168
 20
405.865
 10
110.746
 20
406.204
 97
0
 92
2
 72
0
 73
1
 93
10
 10
111.48
 20
405.929
 10
110.59
 20
405.626
 10
110.838
 20
405.47
 10
111.205
 20
405.47
 10
111.388
 20
405.379
 10
113.499
 20
405.379
 10
113.958
 20
405.47
 10
114.05
 20
405.562
 10
113.985
 20
405.681
 10
113.316
 20
405.929
 97
0
 92
2
 72
0
 73
1
 93
18
 10
114.72
 20
404.158
 10
114.784
 20
404.094
 10
114.628
 20
403.791
 10
113.774
 20
403.451
 10
113.407
 20
403.451
 10
113.224
 20
403.36
 10
111.388
 20
403.36
 10
111.205
 20
403.451
 10
110.838
 20
403.451
 10
110.168
 20
403.699
 10
110.012
 20
404.002
 10
110.195
 20
404.094
 10
110.654
 20
403.91
 10
111.572
 20
403.818
 10
111.755
 20
403.727
 10
113.132
 20
403.727
 10
113.316
 20
403.818
 10
114.141
 20
403.91
 97
0
 92
2
 72
0
 73
1
 93
43
 10
108.755
 20
399.937
 10
108.911
 20
399.872
 10
108.544
 20
398.496
 10
108.544
 20
396.936
 10
108.635
 20
396.752
 10
108.635
 20
395.009
 10
108.727
 20
394.825
 10
108.727
 20
392.806
 10
108.819
 20
392.623
 10
108.819
 20
391.613
 10
108.975
 20
391.31
 10
109.434
 20
390.943
 10
109.92
 20
390.696
 10
111.297
 20
390.328
 10
112.425
 20
390.264
 10
113.591
 20
390.328
 10
114.417
 20
390.512
 10
115.546
 20
391.035
 10
115.821
 20
391.31
 10
115.977
 20
391.705
 10
115.977
 20
392.806
 10
116.133
 20
393.146
 10
116.16
 20
391.613
 10
115.913
 20
391.127
 10
115.637
 20
390.852
 10
114.784
 20
390.42
 10
113.774
 20
390.145
 10
113.407
 20
390.145
 10
113.224
 20
390.053
 10
111.664
 20
390.053
 10
111.48
 20
390.145
 10
111.021
 20
390.145
 10
109.828
 20
390.512
 10
109.158
 20
390.852
 10
108.791
 20
391.219
 10
108.635
 20
391.521
 10
108.635
 20
392.256
 10
108.544
 20
392.439
 10
108.544
 20
394.275
 10
108.452
 20
394.458
 10
108.452
 20
396.202
 10
108.36
 20
396.385
 10
108.36
 20
398.679
 97
0
 92
2
 72
0
 73
1
 93
7
 10
116.188
 20
394.247
 10
116.252
 20
394.183
 10
116.252
 20
393.357
 10
116.16
 20
393.265
 10
116.069
 20
393.357
 10
116.069
 20
393.54
 10
116.16
 20
393.724
 97
0
 75
0
 76
1
 98
0
  0
LWPOLYLINE
  5
378
330
17
100
AcDbEntity
  8
CUT
100
AcDbPolyline
 90
21
 70
1
 10
127.722
 20
408.866
 10
132.557
 20
408.709
 10
133.966
 20
408.201
 10
134.631
 20
407.278
 10
134.723
 20
403.684
 10
135.738
 20
401.408
 10
136.082
 20
399.239
 10
135.806
 20
390.224
 10
135.69
 20
389.47
 10
135.14
 20
388.644
 10
133.143
 20
387.627
 10
131.364
 20
387.346
 10
126.012
 20
387.54
 10
123.968
 20
388.429
 10
123.126
 20
389.716
 10
122.775
 20
399.607
 10
123.112
 20
401.513
 10
124.089
 20
403.459
 10
124.218
 20
407.281
 10
124.63
 20
407.974
 10
125.48
 20
408.492
  0
HATCH
  5
379
330
17
100
AcDbEntity
  8
RASTER
 62
7
100
AcDbHatch
 10
0.0
 20
0.0
 30
0.0
210
0.0
220
0.0
230
1.0
  2
SOLID
 70
1
 71
0
 91
7
 92
3
 72
0
 73
1
 93
50
 10
128.447
 20
407.186
 10
130.347
 20
407.214
 10
130.53
 20
407.122
 10
130.897
 20
407.122
 10
131.907
 20
406.847
 10
132.577
 20
406.507
 10
132.76
 20
406.324
 10
133.008
 20
405.837
 10
133.1
 20
405.195
 10
133.008
 20
405.011
 10
133.008
 20
404.553
 10
132.76
 20
404.066
 10
132.457
 20
403.727
 10
132.549
 20
402.993
 10
133.072
 20
401.864
 10
134.109
 20
399.964
 10
134.384
 20
398.679
 10
134.384
 20
395.743
 10
134.293
 20
395.559
 10
134.293
 20
393.632
 10
134.201
 20
393.449
 10
134.201
 20
391.521
 10
134.109
 20
391.063
 10
133.861
 20
390.576
 10
133.219
 20
389.934
 10
131.907
 20
389.319
 10
130.714
 20
389.044
 10
130.071
 20
389.044
 10
129.888
 20
388.952
 10
128.97
 20
388.952
 10
128.787
 20
389.044
 10
127.594
 20
389.135
 10
126.676
 20
389.411
 10
125.639
 20
389.934
 10
125.088
 20
390.484
 10
124.841
 20
390.971
 10
124.657
 20
391.705
 10
124.565
 20
394.458
 10
124.473
 20
394.642
 10
124.473
 20
398.955
 10
124.841
 20
400.239
 10
126.217
 20
402.809
 10
126.401
 20
403.451
 10
126.373
 20
403.791
 10
126.098
 20
404.066
 10
125.85
 20
404.553
 10
125.758
 20
405.562
 10
126.098
 20
406.324
 10
126.465
 20
406.599
 10
127.502
 20
407.03
 97
0
 92
2
 72
0
 73
1
 93
51
 10
129.154
 20
406.755
 10
128.97
 20
406.663
 10
128.236
 20
406.663
 10
127.227
 20
406.388
 10
126.557
 20
406.048
 10
126.309
 20
405.562
 10
126.309
 20
404.92
 10
126.401
 20
404.644
 10
126.859
 20
404.002
 10
126.859
 20
403.176
 10
126.676
 20
402.625
 10
126.098
 20
401.46
 10
125.299
 20
400.056
 10
125.024
 20
399.138
 10
125.024
 20
398.771
 10
124.932
 20
398.588
 10
125.024
 20
393.907
 10
125.116
 20
393.724
 10
125.116
 20
392.439
 10
125.208
 20
392.256
 10
125.208
 20
391.521
 10
125.299
 20
391.154
 10
125.455
 20
390.852
 10
125.914
 20
390.393
 10
126.492
 20
390.053
 10
127.594
 20
389.686
 10
128.603
 20
389.594
 10
128.787
 20
389.503
 10
130.163
 20
389.503
 10
131.907
 20
389.87
 10
132.944
 20
390.393
 10
133.403
 20
390.852
 10
133.559
 20
391.154
 10
133.65
 20
391.43
 10
133.65
 20
393.173
 10
133.742
 20
393.357
 10
133.742
 20
394.825
 10
133.834
 20
395.009
 10
133.926
 20
398.037
 10
133.834
 20
398.221
 10
133.742
 20
399.322
 10
133.467
 20
400.148
 10
132.366
 20
402.167
 10
131.999
 20
403.268
 10
131.999
 20
404.002
 10
132.301
 20
404.342
 10
132.549
 20
405.011
 10
132.549
 20
405.562
 10
132.393
 20
405.865
 10
132.118
 20
406.14
 10
131.081
 20
406.572
 97
0
 92
2
 72
0
 73
1
 93
16
 10
128.814
 20
406.36
 10
129.98
 20
406.388
 10
130.163
 20
406.296
 10
130.714
 20
406.296
 10
131.567
 20
405.957
 10
131.723
 20
405.654
 10
131.604
 20
405.406
 10
131.384
 20
405.259
 10
130.53
 20
405.011
 10
128.42
 20
405.011
 10
127.961
 20
405.103
 10
127.383
 20
405.351
 10
127.199
 20
405.535
 10
127.135
 20
405.654
 10
127.199
 20
405.865
 10
127.777
 20
406.204
 97
0
 92
2
 72
0
 73
1
 93
10
 10
128.511
 20
405.929
 10
127.621
 20
405.626
 10
127.869
 20
405.47
 10
128.236
 20
405.47
 10
128.42
 20
405.379
 10
130.53
 20
405.379
 10
130.989
 20
405.47
 10
131.081
 20
405.562
 10
131.017
 20
405.681
 10
130.347
 20
405.929
 97
0
 92
2
 72
0
 73
1
 93
18
 10
131.751
 20
404.158
 10
131.815
 20
404.094
 10
131.659
 20
403.791
 10
130.806
 20
403.451
 10
130.438
 20
403.451
 10
130.255
 20
403.36
 10
128.42
 20
403.36
 10
128.236
 20
403.451
 10
127.869
 20
403.451
 10
127.199
 20
403.699
 10
127.043
 20
404.002
 10
127.227
 20
404.094
 10
127.685
 20
403.91
 10
128.603
 20
403.818
 10
128.787
 20
403.727
 10
130.163
 20
403.727
 10
130.347
 20
403.818
 10
131.173
 20
403.91
 97
0
 92
2
 72
0
 73
1
 93
43
 10
125.786
 20
399.937
 10
125.942
 20
399.872
 10
125.575
 20
398.496
 10
125.575
 20
396.936
 10
125.666
 20
396.752
 10
125.666
 20
395.009
 10
125.758
 20
394.825
 10
125.758
 20
392.806
 10
125.85
 20
392.623
 10
125.85
 20
391.613
 10
126.006
 20
391.31
 10
126.465
 20
390.943
 10
126.951
 20
390.696
 10
128.328
 20
390.328
 10
129.457
 20
390.264
 10
130.622
 20
390.328
 10
131.448
 20
390.512
 10
132.577
 20
391.035
 10
132.852
 20
391.31
 10
133.008
 20
391.705
 10
133.008
 20
392.806
 10
133.164
 20
393.146
 10
133.191
 20
391.613
 10
132.944
 20
391.127
 10
132.668
 20
390.852
 10
131.815
 20
390.42
 10
130.806
 20
390.145
 10
130.438
 20
390.145
 10
130.255
 20
390.053
 10
128.695
 20
390.053
 10
128.511
 20
390.145
 10
128.052
 20
390.145
 10
126.859
 20
390.512
 10
126.19
 20
390.852
 10
125.822
 20
391.219
 10
125.666
 20
391.521
 10
125.666
 20
392.256
 10
125.575
 20
392.439
 10
125.575
 20
394.275
 10
125.483
 20
394.458
 10
125.483
 20
396.202
 10
125.391
 20
396.385
 10
125.391
 20
398.679
 97
0
 92
2
 72
0
 73
1
 93
7
 10
133.219
 20
394.247
 10
133.283
 20
394.183
 10
133.283
 20
393.357
 10
133.191
 20
393.265
 10
133.1
 20
393.357
 10
133.1
 20
393.54
 10
133.191
 20
393.724
 97
0
 75
0
 76
1
 98
0
  0
LWPOLYLINE
  5
37A
330
17
100
AcDbEntity
  8
CUT
100
AcDbPolyline
 90
43
 70
1
 10
144.345
 20
408.77
 10
147.832
 20
408.78
 10
148.989
 20
407.044
 10
149.73
 20
406.849
 10
150.203
 20
407.004
 10
150.852
 20
407.875
 10
152.582
 20
408.088
 10
153.886
 20
408.798
 10
157.027
 20
408.866
 10
157.766
 20
408.597
 10
157.932
 20
405.837
 10
158.459
 20
404.831
 10
158.478
 20
402.226
 10
158.295
 20
401.393
 10
157.285
 20
400.242
 10
157.285
 20
399.664
 10
157.601
 20
399.269
 10
159.339
 20
399.076
 10
159.719
 20
398.262
 10
159.67
 20
395.176
 10
158.475
 20
393.769
 10
158.07
 20
392.198
 10
156.728
 20
391.949
 10
156.018
 20
391.412
 10
154.908
 20
391.278
 10
154.228
 20
390.808
 10
153.151
 20
390.732
 10
152.222
 20
390.224
 10
147.989
 20
390.158
 10
146.906
 20
387.936
 10
146.32
 20
387.457
 10
142.98
 20
387.428
 10
140.627
 20
388.066
 10
140.415
 20
389.167
 10
139.807
 20
390.199
 10
139.807
 20
393.199
 10
140.285
 20
393.89
 10
142.816
 20
394.833
 10
142.077
 20
397.068
 10
142.384
 20
405.688
 10
142.628
 20
406.219
 10
143.417
 20
406.557
 10
143.856
 20
408.172
  0
HATCH
  5
37B
330
17
100
AcDbEntity
  8
RASTER
 62
7
100
AcDbHatch
 10
0.0
 20
0.0
 30
0.0
210
0.0
220
0.0
230
1.0
  2
SOLID
 70
1
 71
0
 91
18
 92
3
 72
0
 73
1
 93
150
 10
145.965
 20
407.173
 10
146.347
 20
407.039
 10
146.729
 20
406.562
 10
147.082
 20
405.866
 10
147.396
 20
404.749
 10
148.322
 20
405.198
 10
148.541
 20
405.131
 10
148.704
 20
404.912
 10
148.704
 20
404.434
 10
148.799
 20
404.148
 10
148.608
 20
403.194
 10
148.417
 20
402.812
 10
148.828
 20
402.65
 10
148.99
 20
402.431
 10
148.99
 20
401.858
 10
148.704
 20
401.0
 10
148.77
 20
400.78
 10
148.923
 20
400.646
 10
149.276
 20
401.763
 10
149.534
 20
402.269
 10
149.849
 20
402.526
 10
150.202
 20
402.364
 10
150.326
 20
403.194
 10
150.516
 20
403.767
 10
150.869
 20
404.368
 10
151.184
 20
404.434
 10
151.442
 20
404.31
 10
151.499
 20
404.177
 10
151.633
 20
404.177
 10
151.757
 20
405.007
 10
152.396
 20
406.181
 10
152.711
 20
406.343
 10
152.835
 20
406.276
 10
153.541
 20
405.417
 10
153.827
 20
405.894
 10
154.591
 20
406.658
 10
155.192
 20
407.011
 10
155.86
 20
407.201
 10
155.984
 20
407.135
 10
156.146
 20
406.915
 10
156.146
 20
405.866
 10
155.86
 20
404.816
 10
155.478
 20
404.053
 10
155.573
 20
403.957
 10
156.337
 20
403.862
 10
156.652
 20
403.7
 10
156.718
 20
403.289
 10
156.461
 20
402.784
 10
156.213
 20
402.555
 10
156.079
 20
402.307
 10
155.259
 20
401.696
 10
155.259
 20
401.543
 10
155.478
 20
401.286
 10
155.316
 20
400.78
 10
154.839
 20
400.303
 10
154.018
 20
399.788
 10
153.98
 20
399.692
 10
154.238
 20
399.473
 10
154.238
 20
399.187
 10
154.075
 20
398.872
 10
152.835
 20
397.879
 10
153.188
 20
397.851
 10
153.379
 20
397.946
 10
153.732
 20
397.689
 10
154.81
 20
398.328
 10
155.383
 20
398.423
 10
155.669
 20
398.137
 10
155.602
 20
397.402
 10
157.482
 20
397.469
 10
157.987
 20
397.212
 10
158.054
 20
396.801
 10
157.892
 20
396.486
 10
157.129
 20
395.723
 10
156.05
 20
395.275
 10
156.556
 20
394.731
 10
156.718
 20
394.416
 10
156.652
 20
394.006
 10
156.432
 20
393.843
 10
156.05
 20
393.748
 10
154.81
 20
393.748
 10
154.715
 20
393.653
 10
154.648
 20
393.242
 10
154.428
 20
393.08
 10
153.188
 20
393.08
 10
152.997
 20
393.176
 10
152.93
 20
393.147
 10
152.997
 20
392.985
 10
152.93
 20
392.574
 10
152.52
 20
392.412
 10
151.184
 20
392.508
 10
151.06
 20
392.059
 10
150.803
 20
391.935
 10
149.562
 20
391.935
 10
149.181
 20
392.031
 10
148.484
 20
392.384
 10
147.816
 20
393.147
 10
146.347
 20
392.574
 10
145.841
 20
390.981
 10
145.202
 20
389.521
 10
145.011
 20
389.235
 10
144.696
 20
389.073
 10
144.41
 20
389.073
 10
144.095
 20
389.235
 10
143.933
 20
389.55
 10
143.933
 20
389.741
 10
144.381
 20
390.571
 10
143.809
 20
390.151
 10
143.389
 20
389.712
 10
142.883
 20
389.454
 10
142.597
 20
389.454
 10
142.339
 20
389.578
 10
142.215
 20
389.836
 10
142.282
 20
390.342
 10
143.332
 20
391.334
 10
143.074
 20
391.363
 10
142.597
 20
391.172
 10
142.215
 20
391.172
 10
142.025
 20
391.076
 10
141.614
 20
391.334
 10
141.548
 20
391.935
 10
141.614
 20
392.059
 10
141.929
 20
392.221
 10
143.933
 20
392.794
 10
145.297
 20
393.433
 10
145.555
 20
394.13
 10
145.746
 20
395.084
 10
145.746
 20
395.656
 10
145.049
 20
396.009
 10
144.477
 20
396.582
 10
144.028
 20
397.374
 10
143.837
 20
398.042
 10
143.904
 20
398.738
 10
144.315
 20
398.9
 10
143.933
 20
399.95
 10
143.933
 20
400.427
 10
144.0
 20
400.551
 10
144.41
 20
400.713
 10
143.933
 20
401.954
 10
143.933
 20
402.431
 10
144.0
 20
402.555
 10
144.41
 20
402.717
 10
144.124
 20
403.48
 10
144.057
 20
404.177
 10
144.124
 20
404.434
 10
144.315
 20
404.625
 10
144.696
 20
404.625
 10
145.335
 20
404.368
 10
145.269
 20
405.579
 10
145.459
 20
406.343
 10
145.813
 20
407.039
 97
0
 92
2
 72
0
 73
1
 93
13
 10
155.736
 20
406.791
 10
154.686
 20
406.276
 10
154.018
 20
405.513
 10
153.665
 20
404.816
 10
153.665
 20
404.053
 10
153.761
 20
403.862
 10
153.665
 20
403.671
 10
153.694
 20
403.414
 10
154.648
 20
403.929
 10
155.22
 20
404.406
 10
155.764
 20
405.579
 10
155.669
 20
405.77
 10
155.764
 20
405.961
 97
0
 92
2
 72
0
 73
1
 93
15
 10
146.127
 20
406.724
 10
145.937
 20
406.438
 10
145.65
 20
405.579
 10
145.555
 20
404.721
 10
145.813
 20
403.929
 10
146.251
 20
403.604
 10
146.385
 20
403.356
 10
146.509
 20
403.289
 10
146.604
 20
403.385
 10
146.729
 20
403.929
 10
146.986
 20
404.244
 10
147.053
 20
404.787
 10
146.891
 20
404.816
 10
146.795
 20
405.579
 10
146.251
 20
406.658
 97
0
 92
2
 72
0
 73
1
 93
24
 10
152.711
 20
405.866
 10
152.587
 20
405.799
 10
152.138
 20
404.912
 10
151.948
 20
404.244
 10
151.948
 20
403.48
 10
152.549
 20
401.601
 10
153.188
 20
401.667
 10
153.379
 20
401.763
 10
154.428
 20
401.763
 10
155.507
 20
402.307
 10
155.984
 20
402.784
 10
156.365
 20
403.356
 10
156.365
 20
403.509
 10
156.241
 20
403.576
 10
154.81
 20
403.576
 10
153.827
 20
403.127
 10
153.541
 20
402.936
 10
153.312
 20
402.593
 10
153.159
 20
402.593
 10
153.121
 20
402.688
 10
153.379
 20
403.289
 10
153.379
 20
404.53
 10
153.121
 20
405.226
 10
152.835
 20
405.799
 97
0
 92
2
 72
0
 73
1
 93
26
 10
148.131
 20
404.816
 10
147.969
 20
404.692
 10
148.007
 20
404.558
 10
147.845
 20
404.625
 10
147.339
 20
404.272
 10
147.301
 20
404.024
 10
146.862
 20
403.509
 10
146.7
 20
403.194
 10
146.576
 20
402.269
 10
146.414
 20
402.431
 10
146.414
 20
402.622
 10
146.156
 20
403.127
 10
145.679
 20
403.7
 10
144.439
 20
404.31
 10
144.41
 20
403.671
 10
144.858
 20
402.593
 10
145.145
 20
402.307
 10
145.965
 20
401.887
 10
146.48
 20
401.353
 10
146.633
 20
401.353
 10
146.767
 20
401.601
 10
147.683
 20
402.402
 10
148.131
 20
403.003
 10
148.417
 20
404.053
 10
148.417
 20
404.721
 10
148.322
 20
404.816
 97
0
 92
2
 72
0
 73
1
 93
19
 10
151.089
 20
403.957
 10
150.612
 20
402.908
 10
150.516
 20
401.954
 10
151.089
 20
400.522
 10
151.184
 20
400.141
 10
151.118
 20
399.692
 10
152.043
 20
399.95
 10
153.379
 20
399.95
 10
154.362
 20
400.398
 10
154.934
 20
400.875
 10
155.096
 20
401.19
 10
155.001
 20
401.286
 10
154.333
 20
401.477
 10
153.379
 20
401.477
 10
152.396
 20
401.124
 10
151.976
 20
400.742
 10
152.043
 20
402.24
 10
151.948
 20
402.622
 10
151.595
 20
403.414
 97
0
 92
2
 72
0
 73
1
 93
18
 10
148.608
 20
402.431
 10
147.912
 20
402.173
 10
147.053
 20
401.41
 10
146.7
 20
400.809
 10
146.576
 20
400.36
 10
146.251
 20
401.124
 10
145.679
 20
401.696
 10
144.601
 20
402.24
 10
144.315
 20
402.335
 10
144.219
 20
402.24
 10
144.41
 20
401.572
 10
144.954
 20
400.589
 10
145.965
 20
399.979
 10
146.576
 20
399.311
 10
147.244
 20
399.979
 10
147.492
 20
400.112
 10
148.255
 20
400.971
 10
148.704
 20
402.24
 97
0
 92
2
 72
0
 73
1
 93
20
 10
149.915
 20
402.116
 10
149.753
 20
401.954
 10
149.371
 20
400.809
 10
149.371
 20
399.95
 10
149.849
 20
398.71
 10
149.944
 20
398.233
 10
149.877
 20
397.975
 10
150.516
 20
398.137
 10
152.234
 20
398.137
 10
153.026
 20
398.49
 10
153.789
 20
399.158
 10
153.856
 20
399.282
 10
153.665
 20
399.473
 10
152.329
 20
399.664
 10
151.251
 20
399.311
 10
150.545
 20
398.738
 10
150.516
 20
398.996
 10
150.707
 20
399.282
 10
150.707
 20
400.522
 10
150.45
 20
401.219
 97
0
 92
2
 72
0
 73
1
 93
67
 10
148.58
 20
400.494
 10
148.484
 20
400.456
 10
148.322
 20
400.141
 10
148.131
 20
399.568
 10
148.036
 20
398.233
 10
148.389
 20
397.345
 10
148.637
 20
397.116
 10
148.77
 20
396.868
 10
148.637
 20
396.582
 10
147.969
 20
395.723
 10
147.53
 20
395.303
 10
147.396
 20
395.055
 10
145.679
 20
393.242
 10
144.887
 20
392.794
 10
143.933
 20
392.412
 10
141.929
 20
391.84
 10
141.834
 20
391.744
 10
141.862
 20
391.487
 10
142.311
 20
391.458
 10
142.692
 20
391.554
 10
144.696
 20
392.221
 10
146.127
 20
392.889
 10
147.94
 20
393.557
 10
148.102
 20
393.529
 10
148.293
 20
393.147
 10
148.77
 20
392.67
 10
149.276
 20
392.412
 10
150.135
 20
392.221
 10
150.774
 20
392.345
 10
150.64
 20
392.727
 10
150.068
 20
393.3
 10
149.305
 20
393.777
 10
148.608
 20
394.034
 10
149.305
 20
394.578
 10
149.562
 20
395.084
 10
149.753
 20
395.656
 10
149.753
 20
395.847
 10
149.562
 20
396.038
 10
149.276
 20
396.038
 10
148.961
 20
395.876
 10
148.828
 20
395.628
 10
148.484
 20
395.303
 10
148.036
 20
394.511
 10
148.007
 20
393.967
 10
146.347
 20
393.3
 10
147.396
 20
394.387
 10
147.53
 20
394.635
 10
148.732
 20
396.009
 10
149.057
 20
396.544
 10
149.944
 20
396.324
 10
150.898
 20
396.324
 10
151.595
 20
396.582
 10
152.167
 20
396.963
 10
152.616
 20
397.469
 10
152.329
 20
397.66
 10
151.948
 20
397.755
 10
151.375
 20
397.755
 10
151.184
 20
397.851
 10
150.898
 20
397.755
 10
150.421
 20
397.755
 10
149.725
 20
397.402
 10
149.209
 20
396.925
 10
149.209
 20
397.154
 10
149.562
 20
398.042
 10
149.562
 20
398.519
 10
149.247
 20
399.54
 10
148.828
 20
400.265
 97
0
 92
2
 72
0
 73
1
 93
19
 10
144.381
 20
400.303
 10
144.248
 20
400.208
 10
144.315
 20
399.95
 10
144.505
 20
399.377
 10
144.858
 20
398.776
 10
145.87
 20
398.07
 10
146.385
 20
397.536
 10
146.538
 20
397.536
 10
146.862
 20
397.879
 10
147.587
 20
398.395
 10
147.816
 20
400.017
 10
146.862
 20
399.215
 10
146.604
 20
398.328
 10
146.509
 20
398.233
 10
146.414
 20
398.328
 10
146.414
 20
398.805
 10
146.156
 20
399.311
 10
145.679
 20
399.788
 10
144.982
 20
400.141
 97
0
 92
2
 72
0
 73
1
 93
27
 10
144.219
 20
398.519
 10
144.124
 20
398.423
 10
144.219
 20
397.946
 10
144.763
 20
396.868
 10
145.335
 20
396.391
 10
146.156
 20
396.067
 10
146.223
 20
395.943
 10
146.127
 20
395.752
 10
146.032
 20
394.416
 10
145.841
 20
393.843
 10
145.937
 20
393.748
 10
146.251
 20
394.006
 10
146.509
 20
394.607
 10
146.509
 20
395.275
 10
146.604
 20
395.465
 10
146.633
 20
396.009
 10
147.683
 20
396.582
 10
148.036
 20
397.088
 10
147.721
 20
397.918
 10
147.559
 20
397.946
 10
147.148
 20
397.689
 10
146.767
 20
397.307
 10
146.442
 20
396.544
 10
146.318
 20
396.706
 10
146.318
 20
396.992
 10
146.156
 20
397.307
 10
145.679
 20
397.784
 97
0
 92
2
 72
0
 73
1
 93
21
 10
155.259
 20
398.108
 10
154.304
 20
397.689
 10
153.732
 20
397.116
 10
152.997
 20
395.275
 10
153.885
 20
394.635
 10
154.114
 20
394.387
 10
154.428
 20
394.225
 10
154.715
 20
394.13
 10
156.05
 20
394.13
 10
156.308
 20
394.254
 10
156.27
 20
394.445
 10
156.079
 20
394.731
 10
155.507
 20
395.208
 10
154.619
 20
395.561
 10
154.142
 20
395.561
 10
153.951
 20
395.465
 10
153.856
 20
395.561
 10
154.266
 20
395.819
 10
154.839
 20
396.486
 10
155.192
 20
397.278
 10
155.287
 20
397.66
 97
0
 92
2
 72
0
 73
1
 93
19
 10
153.283
 20
397.565
 10
151.919
 20
396.257
 10
151.213
 20
394.731
 10
152.167
 20
394.063
 10
152.587
 20
393.624
 10
152.902
 20
393.462
 10
154.047
 20
393.366
 10
154.304
 20
393.49
 10
154.171
 20
393.777
 10
153.885
 20
394.158
 10
153.408
 20
394.54
 10
152.52
 20
394.988
 10
152.072
 20
394.826
 10
152.205
 20
395.112
 10
152.453
 20
395.246
 10
152.835
 20
395.628
 10
153.188
 20
396.324
 10
153.379
 20
396.992
 10
153.379
 20
397.469
 97
0
 92
2
 72
0
 73
1
 93
11
 10
156.337
 20
397.183
 10
155.86
 20
397.088
 10
155.354
 20
396.83
 10
154.743
 20
395.876
 10
155.383
 20
395.656
 10
155.86
 20
395.656
 10
156.938
 20
396.105
 10
157.606
 20
396.773
 10
157.673
 20
396.897
 10
157.606
 20
397.021
 10
157.005
 20
397.183
 97
0
 92
2
 72
0
 73
1
 93
6
 10
147.816
 20
396.2
 10
146.958
 20
395.685
 10
146.919
 20
395.208
 10
147.053
 20
395.208
 10
147.148
 20
395.399
 10
147.778
 20
396.009
 97
0
 92
2
 72
0
 73
1
 93
16
 10
151.375
 20
396.133
 10
150.898
 20
395.943
 10
150.163
 20
395.819
 10
149.849
 20
394.988
 10
149.4
 20
394.158
 10
150.259
 20
393.586
 10
150.583
 20
393.242
 10
151.184
 20
392.889
 10
151.471
 20
392.794
 10
152.52
 20
392.794
 10
152.616
 20
392.985
 10
152.453
 20
393.3
 10
151.976
 20
393.777
 10
150.516
 20
394.511
 10
151.022
 20
395.055
 10
151.471
 20
396.038
 97
0
 92
2
 72
0
 73
1
 93
10
 10
145.269
 20
392.317
 10
144.095
 20
391.582
 10
143.103
 20
390.571
 10
142.568
 20
390.151
 10
142.53
 20
389.865
 10
142.759
 20
389.769
 10
143.389
 20
390.189
 10
144.057
 20
390.857
 10
144.19
 20
391.105
 10
145.297
 20
392.193
 97
0
 92
2
 72
0
 73
1
 93
10
 10
145.841
 20
392.317
 10
145.717
 20
392.25
 10
145.24
 20
391.582
 10
144.315
 20
389.741
 10
144.381
 20
389.521
 10
144.505
 20
389.454
 10
144.725
 20
389.521
 10
145.173
 20
390.313
 10
145.65
 20
391.458
 10
145.908
 20
392.25
 97
0
 75
0
 76
1
 98
0
  0
LWPOLYLINE
  5
37C
330
17
100
AcDbEntity
  8
CUT
100
AcDbPolyline
 90
43
 70
1
 10
167.981
 20
408.77
 10
171.469
 20
408.78
 10
172.626
 20
407.044
 10
173.366
 20
406.849
 10
173.839
 20
407.004
 10
174.488
 20
407.875
 10
176.219
 20
408.088
 10
177.523
 20
408.798
 10
180.664
 20
408.866
 10
181.402
 20
408.597
 10
181.568
 20
405.837
 10
182.095
 20
404.831
 10
182.114
 20
402.226
 10
181.932
 20
401.393
 10
180.922
 20
400.242
 10
180.922
 20
399.664
 10
181.237
 20
399.269
 10
182.975
 20
399.076
 10
183.355
 20
398.262
 10
183.306
 20
395.176
 10
182.111
 20
393.769
 10
181.706
 20
392.198
 10
180.364
 20
391.949
 10
179.654
 20
391.412
 10
178.544
 20
391.278
 10
177.864
 20
390.808
 10
176.788
 20
390.732
 10
175.859
 20
390.224
 10
171.625
 20
390.158
 10
170.542
 20
387.936
 10
169.956
 20
387.457
 10
166.616
 20
387.428
 10
164.264
 20
388.066
 10
164.051
 20
389.167
 10
163.443
 20
390.199
 10
163.443
 20
393.199
 10
163.922
 20
393.89
 10
166.452
 20
394.833
 10
165.713
 20
397.068
 10
166.021
 20
405.688
 10
166.264
 20
406.219
 10
167.053
 20
406.557
 10
167.492
 20
408.172
  0
HATCH
  5
37D
330
17
100
AcDbEntity
  8
RASTER
 62
7
100
AcDbHatch
 10
0.0
 20
0.0
 30
0.0
210
0.0
220
0.0
230
1.0
  2
SOLID
 70
1
 71
0
 91
18
 92
3
 72
0
 73
1
 93
150
 10
169.601
 20
407.173
 10
169.983
 20
407.039
 10
170.365
 20
406.562
 10
170.718
 20
405.866
 10
171.033
 20
404.749
 10
171.958
 20
405.198
 10
172.178
 20
405.131
 10
172.34
 20
404.912
 10
172.34
 20
404.434
 10
172.435
 20
404.148
 10
172.244
 20
403.194
 10
172.054
 20
402.812
 10
172.464
 20
402.65
 10
172.626
 20
402.431
 10
172.626
 20
401.858
 10
172.34
 20
401.0
 10
172.407
 20
400.78
 10
172.559
 20
400.646
 10
172.912
 20
401.763
 10
173.17
 20
402.269
 10
173.485
 20
402.526
 10
173.838
 20
402.364
 10
173.962
 20
403.194
 10
174.153
 20
403.767
 10
174.506
 20
404.368
 10
174.821
 20
404.434
 10
175.078
 20
404.31
 10
175.135
 20
404.177
 10
175.269
 20
404.177
 10
175.393
 20
405.007
 10
176.032
 20
406.181
 10
176.347
 20
406.343
 10
176.471
 20
406.276
 10
177.177
 20
405.417
 10
177.464
 20
405.894
 10
178.227
 20
406.658
 10
178.828
 20
407.011
 10
179.496
 20
407.201
 10
179.62
 20
407.135
 10
179.782
 20
406.915
 10
179.782
 20
405.866
 10
179.496
 20
404.816
 10
179.114
 20
404.053
 10
179.21
 20
403.957
 10
179.973
 20
403.862
 10
180.288
 20
403.7
 10
180.355
 20
403.289
 10
180.097
 20
402.784
 10
179.849
 20
402.555
 10
179.715
 20
402.307
 10
178.895
 20
401.696
 10
178.895
 20
401.543
 10
179.114
 20
401.286
 10
178.952
 20
400.78
 10
178.475
 20
400.303
 10
177.654
 20
399.788
 10
177.616
 20
399.692
 10
177.874
 20
399.473
 10
177.874
 20
399.187
 10
177.712
 20
398.872
 10
176.471
 20
397.879
 10
176.824
 20
397.851
 10
177.015
 20
397.946
 10
177.368
 20
397.689
 10
178.446
 20
398.328
 10
179.019
 20
398.423
 10
179.305
 20
398.137
 10
179.238
 20
397.402
 10
181.118
 20
397.469
 10
181.624
 20
397.212
 10
181.69
 20
396.801
 10
181.528
 20
396.486
 10
180.765
 20
395.723
 10
179.687
 20
395.275
 10
180.192
 20
394.731
 10
180.355
 20
394.416
 10
180.288
 20
394.006
 10
180.068
 20
393.843
 10
179.687
 20
393.748
 10
178.446
 20
393.748
 10
178.351
 20
393.653
 10
178.284
 20
393.242
 10
178.065
 20
393.08
 10
176.824
 20
393.08
 10
176.633
 20
393.176
 10
176.567
 20
393.147
 10
176.633
 20
392.985
 10
176.567
 20
392.574
 10
176.156
 20
392.412
 10
174.821
 20
392.508
 10
174.697
 20
392.059
 10
174.439
 20
391.935
 10
173.199
 20
391.935
 10
172.817
 20
392.031
 10
172.12
 20
392.384
 10
171.452
 20
393.147
 10
169.983
 20
392.574
 10
169.477
 20
390.981
 10
168.838
 20
389.521
 10
168.647
 20
389.235
 10
168.332
 20
389.073
 10
168.046
 20
389.073
 10
167.731
 20
389.235
 10
167.569
 20
389.55
 10
167.569
 20
389.741
 10
168.018
 20
390.571
 10
167.445
 20
390.151
 10
167.025
 20
389.712
 10
166.52
 20
389.454
 10
166.233
 20
389.454
 10
165.976
 20
389.578
 10
165.852
 20
389.836
 10
165.918
 20
390.342
 10
166.968
 20
391.334
 10
166.71
 20
391.363
 10
166.233
 20
391.172
 10
165.852
 20
391.172
 10
165.661
 20
391.076
 10
165.251
 20
391.334
 10
165.184
 20
391.935
 10
165.251
 20
392.059
 10
165.565
 20
392.221
 10
167.569
 20
392.794
 10
168.934
 20
393.433
 10
169.191
 20
394.13
 10
169.382
 20
395.084
 10
169.382
 20
395.656
 10
168.685
 20
396.009
 10
168.113
 20
396.582
 10
167.665
 20
397.374
 10
167.474
 20
398.042
 10
167.541
 20
398.738
 10
167.951
 20
398.9
 10
167.569
 20
399.95
 10
167.569
 20
400.427
 10
167.636
 20
400.551
 10
168.046
 20
400.713
 10
167.569
 20
401.954
 10
167.569
 20
402.431
 10
167.636
 20
402.555
 10
168.046
 20
402.717
 10
167.76
 20
403.48
 10
167.693
 20
404.177
 10
167.76
 20
404.434
 10
167.951
 20
404.625
 10
168.332
 20
404.625
 10
168.972
 20
404.368
 10
168.905
 20
405.579
 10
169.096
 20
406.343
 10
169.449
 20
407.039
 97
0
 92
2
 72
0
 73
1
 93
13
 10
179.372
 20
406.791
 10
178.322
 20
406.276
 10
177.654
 20
405.513
 10
177.301
 20
404.816
 10
177.301
 20
404.053
 10
177.397
 20
403.862
 10
177.301
 20
403.671
 10
177.33
 20
403.414
 10
178.284
 20
403.929
 10
178.857
 20
404.406
 10
179.401
 20
405.579
 10
179.305
 20
405.77
 10
179.401
 20
405.961
 97
0
 92
2
 72
0
 73
1
 93
15
 10
169.764
 20
406.724
 10
169.573
 20
406.438
 10
169.287
 20
405.579
 10
169.191
 20
404.721
 10
169.449
 20
403.929
 10
169.888
 20
403.604
 10
170.021
 20
403.356
 10
170.145
 20
403.289
 10
170.241
 20
403.385
 10
170.365
 20
403.929
 10
170.622
 20
404.244
 10
170.689
 20
404.787
 10
170.527
 20
404.816
 10
170.432
 20
405.579
 10
169.888
 20
406.658
 97
0
 92
2
 72
0
 73
1
 93
24
 10
176.347
 20
405.866
 10
176.223
 20
405.799
 10
175.775
 20
404.912
 10
175.584
 20
404.244
 10
175.584
 20
403.48
 10
176.185
 20
401.601
 10
176.824
 20
401.667
 10
177.015
 20
401.763
 10
178.065
 20
401.763
 10
179.143
 20
402.307
 10
179.62
 20
402.784
 10
180.002
 20
403.356
 10
180.002
 20
403.509
 10
179.878
 20
403.576
 10
178.446
 20
403.576
 10
177.464
 20
403.127
 10
177.177
 20
402.936
 10
176.948
 20
402.593
 10
176.796
 20
402.593
 10
176.758
 20
402.688
 10
177.015
 20
403.289
 10
177.015
 20
404.53
 10
176.758
 20
405.226
 10
176.471
 20
405.799
 97
0
 92
2
 72
0
 73
1
 93
26
 10
171.767
 20
404.816
 10
171.605
 20
404.692
 10
171.643
 20
404.558
 10
171.481
 20
404.625
 10
170.975
 20
404.272
 10
170.937
 20
404.024
 10
170.498
 20
403.509
 10
170.336
 20
403.194
 10
170.212
 20
402.269
 10
170.05
 20
402.431
 10
170.05
 20
402.622
 10
169.792
 20
403.127
 10
169.315
 20
403.7
 10
168.075
 20
404.31
 10
168.046
 20
403.671
 10
168.495
 20
402.593
 10
168.781
 20
402.307
 10
169.601
 20
401.887
 10
170.117
 20
401.353
 10
170.269
 20
401.353
 10
170.403
 20
401.601
 10
171.319
 20
402.402
 10
171.767
 20
403.003
 10
172.054
 20
404.053
 10
172.054
 20
404.721
 10
171.958
 20
404.816
 97
0
 92
2
 72
0
 73
1
 93
19
 10
174.725
 20
403.957
 10
174.248
 20
402.908
 10
174.153
 20
401.954
 10
174.725
 20
400.522
 10
174.821
 20
400.141
 10
174.754
 20
399.692
 10
175.679
 20
399.95
 10
177.015
 20
399.95
 10
177.998
 20
400.398
 10
178.57
 20
400.875
 10
178.733
 20
401.19
 10
178.637
 20
401.286
 10
177.969
 20
401.477
 10
177.015
 20
401.477
 10
176.032
 20
401.124
 10
175.613
 20
400.742
 10
175.679
 20
402.24
 10
175.584
 20
402.622
 10
175.231
 20
403.414
 97
0
 92
2
 72
0
 73
1
 93
18
 10
172.244
 20
402.431
 10
171.548
 20
402.173
 10
170.689
 20
401.41
 10
170.336
 20
400.809
 10
170.212
 20
400.36
 10
169.888
 20
401.124
 10
169.315
 20
401.696
 10
168.237
 20
402.24
 10
167.951
 20
402.335
 10
167.855
 20
402.24
 10
168.046
 20
401.572
 10
168.59
 20
400.589
 10
169.601
 20
399.979
 10
170.212
 20
399.311
 10
170.88
 20
399.979
 10
171.128
 20
400.112
 10
171.891
 20
400.971
 10
172.34
 20
402.24
 97
0
 92
2
 72
0
 73
1
 93
20
 10
173.552
 20
402.116
 10
173.389
 20
401.954
 10
173.008
 20
400.809
 10
173.008
 20
399.95
 10
173.485
 20
398.71
 10
173.58
 20
398.233
 10
173.513
 20
397.975
 10
174.153
 20
398.137
 10
175.87
 20
398.137
 10
176.662
 20
398.49
 10
177.425
 20
399.158
 10
177.492
 20
399.282
 10
177.301
 20
399.473
 10
175.966
 20
399.664
 10
174.887
 20
399.311
 10
174.181
 20
398.738
 10
174.153
 20
398.996
 10
174.344
 20
399.282
 10
174.344
 20
400.522
 10
174.086
 20
401.219
 97
0
 92
2
 72
0
 73
1
 93
67
 10
172.216
 20
400.494
 10
172.12
 20
400.456
 10
171.958
 20
400.141
 10
171.767
 20
399.568
 10
171.672
 20
398.233
 10
172.025
 20
397.345
 10
172.273
 20
397.116
 10
172.407
 20
396.868
 10
172.273
 20
396.582
 10
171.605
 20
395.723
 10
171.166
 20
395.303
 10
171.033
 20
395.055
 10
169.315
 20
393.242
 10
168.523
 20
392.794
 10
167.569
 20
392.412
 10
165.565
 20
391.84
 10
165.47
 20
391.744
 10
165.499
 20
391.487
 10
165.947
 20
391.458
 10
166.329
 20
391.554
 10
168.332
 20
392.221
 10
169.764
 20
392.889
 10
171.577
 20
393.557
 10
171.739
 20
393.529
 10
171.93
 20
393.147
 10
172.407
 20
392.67
 10
172.912
 20
392.412
 10
173.771
 20
392.221
 10
174.41
 20
392.345
 10
174.277
 20
392.727
 10
173.704
 20
393.3
 10
172.941
 20
393.777
 10
172.244
 20
394.034
 10
172.941
 20
394.578
 10
173.199
 20
395.084
 10
173.389
 20
395.656
 10
173.389
 20
395.847
 10
173.199
 20
396.038
 10
172.912
 20
396.038
 10
172.597
 20
395.876
 10
172.464
 20
395.628
 10
172.12
 20
395.303
 10
171.672
 20
394.511
 10
171.643
 20
393.967
 10
169.983
 20
393.3
 10
171.033
 20
394.387
 10
171.166
 20
394.635
 10
172.368
 20
396.009
 10
172.693
 20
396.544
 10
173.58
 20
396.324
 10
174.534
 20
396.324
 10
175.231
 20
396.582
 10
175.803
 20
396.963
 10
176.252
 20
397.469
 10
175.966
 20
397.66
 10
175.584
 20
397.755
 10
175.011
 20
397.755
 10
174.821
 20
397.851
 10
174.534
 20
397.755
 10
174.057
 20
397.755
 10
173.361
 20
397.402
 10
172.846
 20
396.925
 10
172.846
 20
397.154
 10
173.199
 20
398.042
 10
173.199
 20
398.519
 10
172.884
 20
399.54
 10
172.464
 20
400.265
 97
0
 92
2
 72
0
 73
1
 93
19
 10
168.018
 20
400.303
 10
167.884
 20
400.208
 10
167.951
 20
399.95
 10
168.142
 20
399.377
 10
168.495
 20
398.776
 10
169.506
 20
398.07
 10
170.021
 20
397.536
 10
170.174
 20
397.536
 10
170.498
 20
397.879
 10
171.223
 20
398.395
 10
171.452
 20
400.017
 10
170.498
 20
399.215
 10
170.241
 20
398.328
 10
170.145
 20
398.233
 10
170.05
 20
398.328
 10
170.05
 20
398.805
 10
169.792
 20
399.311
 10
169.315
 20
399.788
 10
168.619
 20
400.141
 97
0
 92
2
 72
0
 73
1
 93
27
 10
167.855
 20
398.519
 10
167.76
 20
398.423
 10
167.855
 20
397.946
 10
168.399
 20
396.868
 10
168.972
 20
396.391
 10
169.792
 20
396.067
 10
169.859
 20
395.943
 10
169.764
 20
395.752
 10
169.668
 20
394.416
 10
169.477
 20
393.843
 10
169.573
 20
393.748
 10
169.888
 20
394.006
 10
170.145
 20
394.607
 10
170.145
 20
395.275
 10
170.241
 20
395.465
 10
170.269
 20
396.009
 10
171.319
 20
396.582
 10
171.672
 20
397.088
 10
171.357
 20
397.918
 10
171.195
 20
397.946
 10
170.785
 20
397.689
 10
170.403
 20
397.307
 10
170.079
 20
396.544
 10
169.954
 20
396.706
 10
169.954
 20
396.992
 10
169.792
 20
397.307
 10
169.315
 20
397.784
 97
0
 92
2
 72
0
 73
1
 93
21
 10
178.895
 20
398.108
 10
177.941
 20
397.689
 10
177.368
 20
397.116
 10
176.633
 20
395.275
 10
177.521
 20
394.635
 10
177.75
 20
394.387
 10
178.065
 20
394.225
 10
178.351
 20
394.13
 10
179.687
 20
394.13
 10
179.944
 20
394.254
 10
179.906
 20
394.445
 10
179.715
 20
394.731
 10
179.143
 20
395.208
 10
178.256
 20
395.561
 10
177.778
 20
395.561
 10
177.588
 20
395.465
 10
177.492
 20
395.561
 10
177.903
 20
395.819
 10
178.475
 20
396.486
 10
178.828
 20
397.278
 10
178.923
 20
397.66
 97
0
 92
2
 72
0
 73
1
 93
19
 10
176.92
 20
397.565
 10
175.555
 20
396.257
 10
174.849
 20
394.731
 10
175.803
 20
394.063
 10
176.223
 20
393.624
 10
176.538
 20
393.462
 10
177.683
 20
393.366
 10
177.941
 20
393.49
 10
177.807
 20
393.777
 10
177.521
 20
394.158
 10
177.044
 20
394.54
 10
176.156
 20
394.988
 10
175.708
 20
394.826
 10
175.842
 20
395.112
 10
176.09
 20
395.246
 10
176.471
 20
395.628
 10
176.824
 20
396.324
 10
177.015
 20
396.992
 10
177.015
 20
397.469
 97
0
 92
2
 72
0
 73
1
 93
11
 10
179.973
 20
397.183
 10
179.496
 20
397.088
 10
178.99
 20
396.83
 10
178.38
 20
395.876
 10
179.019
 20
395.656
 10
179.496
 20
395.656
 10
180.574
 20
396.105
 10
181.242
 20
396.773
 10
181.309
 20
396.897
 10
181.242
 20
397.021
 10
180.641
 20
397.183
 97
0
 92
2
 72
0
 73
1
 93
6
 10
171.452
 20
396.2
 10
170.594
 20
395.685
 10
170.556
 20
395.208
 10
170.689
 20
395.208
 10
170.785
 20
395.399
 10
171.414
 20
396.009
 97
0
 92
2
 72
0
 73
1
 93
16
 10
175.011
 20
396.133
 10
174.534
 20
395.943
 10
173.8
 20
395.819
 10
173.485
 20
394.988
 10
173.036
 20
394.158
 10
173.895
 20
393.586
 10
174.22
 20
393.242
 10
174.821
 20
392.889
 10
175.107
 20
392.794
 10
176.156
 20
392.794
 10
176.252
 20
392.985
 10
176.09
 20
393.3
 10
175.613
 20
393.777
 10
174.153
 20
394.511
 10
174.658
 20
395.055
 10
175.107
 20
396.038
 97
0
 92
2
 72
0
 73
1
 93
10
 10
168.905
 20
392.317
 10
167.731
 20
391.582
 10
166.739
 20
390.571
 10
166.205
 20
390.151
 10
166.167
 20
389.865
 10
166.396
 20
389.769
 10
167.025
 20
390.189
 10
167.693
 20
390.857
 10
167.827
 20
391.105
 10
168.934
 20
392.193
 97
0
 92
2
 72
0
 73
1
 93
10
 10
169.477
 20
392.317
 10
169.353
 20
392.25
 10
168.876
 20
391.582
 10
167.951
 20
389.741
 10
168.018
 20
389.521
 10
168.142
 20
389.454
 10
168.361
 20
389.521
 10
168.81
 20
390.313
 10
169.287
 20
391.458
 10
169.544
 20
392.25
 97
0
 75
0
 76
1
 98
0
  0
LWPOLYLINE
  5
37E
330
17
100
AcDbEntity
  8
CUT
100
AcDbPolyline
 90
43
 70
1
 10
191.617
 20
408.77
 10
195.105
 20
408.78
 10
196.262
 20
407.044
 10
197.002
 20
406.849
 10
197.476
 20
407.004
 10
198.124
 20
407.875
 10
199.855
 20
408.088
 10
201.159
 20
408.798
 10
204.3
 20
408.866
 10
205.039
 20
408.597
 10
205.205
 20
405.837
 10
205.731
 20
404.831
 10
205.751
 20
402.226
 10
205.568
 20
401.393
 10
204.558
 20
400.242
 10
204.558
 20
399.664
 10
204.874
 20
399.269
 10
206.611
 20
399.076
 10
206.991
 20
398.262
 10
206.942
 20
395.176
 10
205.748
 20
393.769
 10
205.343
 20
392.198
 10
204.0
 20
391.949
 10
203.29
 20
391.412
 10
202.181
 20
391.278
 10
201.5
 20
390.808
 10
200.424
 20
390.732
 10
199.495
 20
390.224
 10
195.261
 20
390.158
 10
194.178
 20
387.936
 10
193.593
 20
387.457
 10
190.253
 20
387.428
 10
187.9
 20
388.066
 10
187.688
 20
389.167
 10
187.08
 20
390.199
 10
187.08
 20
393.199
 10
187.558
 20
393.89
 10
190.089
 20
394.833
 10
189.35
 20
397.068
 10
189.657
 20
405.688
 10
189.9
 20
406.219
 10
190.689
 20
406.557
 10
191.128
 20
408.172
  0
HATCH
  5
37F
330
17
100
AcDbEntity
  8
RASTER
 62
7
100
AcDbHatch
 10
0.0
 20
0.0
 30
0.0
210
0.0
220
0.0
230
1.0
  2
SOLID
 70
1
 71
0
 91
18
 92
3
 72
0
 73
1
 93
150
 10
193.238
 20
407.173
 10
193.619
 20
407.039
 10
194.001
 20
406.562
 10
194.354
 20
405.866
 10
194.669
 20
404.749
 10
195.594
 20
405.198
 10
195.814
 20
405.131
 10
195.976
 20
404.912
 10
195.976
 20
404.434
 10
196.072
 20
404.148
 10
195.881
 20
403.194
 10
195.69
 20
402.812
 10
196.1
 20
402.65
 10
196.262
 20
402.431
 10
196.262
 20
401.858
 10
195.976
 20
401.0
 10
196.043
 20
400.78
 10
196.196
 20
400.646
 10
196.549
 20
401.763
 10
196.806
 20
402.269
 10
197.121
 20
402.526
 10
197.474
 20
402.364
 10
197.598
 20
403.194
 10
197.789
 20
403.767
 10
198.142
 20
404.368
 10
198.457
 20
404.434
 10
198.715
 20
404.31
 10
198.772
 20
404.177
 10
198.905
 20
404.177
 10
199.029
 20
405.007
 10
199.669
 20
406.181
 10
199.984
 20
406.343
 10
200.108
 20
406.276
 10
200.814
 20
405.417
 10
201.1
 20
405.894
 10
201.863
 20
406.658
 10
202.464
 20
407.011
 10
203.132
 20
407.201
 10
203.256
 20
407.135
 10
203.418
 20
406.915
 10
203.418
 20
405.866
 10
203.132
 20
404.816
 10
202.751
 20
404.053
 10
202.846
 20
403.957
 10
203.609
 20
403.862
 10
203.924
 20
403.7
 10
203.991
 20
403.289
 10
203.733
 20
402.784
 10
203.485
 20
402.555
 10
203.352
 20
402.307
 10
202.531
 20
401.696
 10
202.531
 20
401.543
 10
202.751
 20
401.286
 10
202.588
 20
400.78
 10
202.111
 20
400.303
 10
201.291
 20
399.788
 10
201.253
 20
399.692
 10
201.51
 20
399.473
 10
201.51
 20
399.187
 10
201.348
 20
398.872
 10
200.108
 20
397.879
 10
200.461
 20
397.851
 10
200.651
 20
397.946
 10
201.004
 20
397.689
 10
202.083
 20
398.328
 10
202.655
 20
398.423
 10
202.941
 20
398.137
 10
202.875
 20
397.402
 10
204.754
 20
397.469
 10
205.26
 20
397.212
 10
205.327
 20
396.801
 10
205.165
 20
396.486
 10
204.401
 20
395.723
 10
203.323
 20
395.275
 10
203.829
 20
394.731
 10
203.991
 20
394.416
 10
203.924
 20
394.006
 10
203.705
 20
393.843
 10
203.323
 20
393.748
 10
202.083
 20
393.748
 10
201.987
 20
393.653
 10
201.92
 20
393.242
 10
201.701
 20
393.08
 10
200.461
 20
393.08
 10
200.27
 20
393.176
 10
200.203
 20
393.147
 10
200.27
 20
392.985
 10
200.203
 20
392.574
 10
199.793
 20
392.412
 10
198.457
 20
392.508
 10
198.333
 20
392.059
 10
198.075
 20
391.935
 10
196.835
 20
391.935
 10
196.453
 20
392.031
 10
195.757
 20
392.384
 10
195.089
 20
393.147
 10
193.619
 20
392.574
 10
193.114
 20
390.981
 10
192.474
 20
389.521
 10
192.284
 20
389.235
 10
191.969
 20
389.073
 10
191.682
 20
389.073
 10
191.368
 20
389.235
 10
191.205
 20
389.55
 10
191.205
 20
389.741
 10
191.654
 20
390.571
 10
191.081
 20
390.151
 10
190.662
 20
389.712
 10
190.156
 20
389.454
 10
189.87
 20
389.454
 10
189.612
 20
389.578
 10
189.488
 20
389.836
 10
189.555
 20
390.342
 10
190.604
 20
391.334
 10
190.347
 20
391.363
 10
189.87
 20
391.172
 10
189.488
 20
391.172
 10
189.297
 20
391.076
 10
188.887
 20
391.334
 10
188.82
 20
391.935
 10
188.887
 20
392.059
 10
189.202
 20
392.221
 10
191.205
 20
392.794
 10
192.57
 20
393.433
 10
192.827
 20
394.13
 10
193.018
 20
395.084
 10
193.018
 20
395.656
 10
192.322
 20
396.009
 10
191.749
 20
396.582
 10
191.301
 20
397.374
 10
191.11
 20
398.042
 10
191.177
 20
398.738
 10
191.587
 20
398.9
 10
191.205
 20
399.95
 10
191.205
 20
400.427
 10
191.272
 20
400.551
 10
191.682
 20
400.713
 10
191.205
 20
401.954
 10
191.205
 20
402.431
 10
191.272
 20
402.555
 10
191.682
 20
402.717
 10
191.396
 20
403.48
 10
191.329
 20
404.177
 10
191.396
 20
404.434
 10
191.587
 20
404.625
 10
191.969
 20
404.625
 10
192.608
 20
404.368
 10
192.541
 20
405.579
 10
192.732
 20
406.343
 10
193.085
 20
407.039
 97
0
 92
2
 72
0
 73
1
 93
13
 10
203.008
 20
406.791
 10
201.959
 20
406.276
 10
201.291
 20
405.513
 10
200.938
 20
404.816
 10
200.938
 20
404.053
 10
201.033
 20
403.862
 10
200.938
 20
403.671
 10
200.966
 20
403.414
 10
201.92
 20
403.929
 10
202.493
 20
404.406
 10
203.037
 20
405.579
 10
202.941
 20
405.77
 10
203.037
 20
405.961
 97
0
 92
2
 72
0
 73
1
 93
15
 10
193.4
 20
406.724
 10
193.209
 20
406.438
 10
192.923
 20
405.579
 10
192.827
 20
404.721
 10
193.085
 20
403.929
 10
193.524
 20
403.604
 10
193.658
 20
403.356
 10
193.782
 20
403.289
 10
193.877
 20
403.385
 10
194.001
 20
403.929
 10
194.259
 20
404.244
 10
194.325
 20
404.787
 10
194.163
 20
404.816
 10
194.068
 20
405.579
 10
193.524
 20
406.658
 97
0
 92
2
 72
0
 73
1
 93
24
 10
199.984
 20
405.866
 10
199.859
 20
405.799
 10
199.411
 20
404.912
 10
199.22
 20
404.244
 10
199.22
 20
403.48
 10
199.821
 20
401.601
 10
200.461
 20
401.667
 10
200.651
 20
401.763
 10
201.701
 20
401.763
 10
202.779
 20
402.307
 10
203.256
 20
402.784
 10
203.638
 20
403.356
 10
203.638
 20
403.509
 10
203.514
 20
403.576
 10
202.083
 20
403.576
 10
201.1
 20
403.127
 10
200.814
 20
402.936
 10
200.585
 20
402.593
 10
200.432
 20
402.593
 10
200.394
 20
402.688
 10
200.651
 20
403.289
 10
200.651
 20
404.53
 10
200.394
 20
405.226
 10
200.108
 20
405.799
 97
0
 92
2
 72
0
 73
1
 93
26
 10
195.404
 20
404.816
 10
195.241
 20
404.692
 10
195.28
 20
404.558
 10
195.117
 20
404.625
 10
194.612
 20
404.272
 10
194.574
 20
404.024
 10
194.135
 20
403.509
 10
193.972
 20
403.194
 10
193.848
 20
402.269
 10
193.686
 20
402.431
 10
193.686
 20
402.622
 10
193.429
 20
403.127
 10
192.951
 20
403.7
 10
191.711
 20
404.31
 10
191.682
 20
403.671
 10
192.131
 20
402.593
 10
192.417
 20
402.307
 10
193.238
 20
401.887
 10
193.753
 20
401.353
 10
193.906
 20
401.353
 10
194.039
 20
401.601
 10
194.955
 20
402.402
 10
195.404
 20
403.003
 10
195.69
 20
404.053
 10
195.69
 20
404.721
 10
195.594
 20
404.816
 97
0
 92
2
 72
0
 73
1
 93
19
 10
198.361
 20
403.957
 10
197.884
 20
402.908
 10
197.789
 20
401.954
 10
198.361
 20
400.522
 10
198.457
 20
400.141
 10
198.39
 20
399.692
 10
199.316
 20
399.95
 10
200.651
 20
399.95
 10
201.634
 20
400.398
 10
202.207
 20
400.875
 10
202.369
 20
401.19
 10
202.273
 20
401.286
 10
201.606
 20
401.477
 10
200.651
 20
401.477
 10
199.669
 20
401.124
 10
199.249
 20
400.742
 10
199.316
 20
402.24
 10
199.22
 20
402.622
 10
198.867
 20
403.414
 97
0
 92
2
 72
0
 73
1
 93
18
 10
195.881
 20
402.431
 10
195.184
 20
402.173
 10
194.325
 20
401.41
 10
193.972
 20
400.809
 10
193.848
 20
400.36
 10
193.524
 20
401.124
 10
192.951
 20
401.696
 10
191.873
 20
402.24
 10
191.587
 20
402.335
 10
191.492
 20
402.24
 10
191.682
 20
401.572
 10
192.226
 20
400.589
 10
193.238
 20
399.979
 10
193.848
 20
399.311
 10
194.516
 20
399.979
 10
194.764
 20
400.112
 10
195.528
 20
400.971
 10
195.976
 20
402.24
 97
0
 92
2
 72
0
 73
1
 93
20
 10
197.188
 20
402.116
 10
197.026
 20
401.954
 10
196.644
 20
400.809
 10
196.644
 20
399.95
 10
197.121
 20
398.71
 10
197.216
 20
398.233
 10
197.15
 20
397.975
 10
197.789
 20
398.137
 10
199.506
 20
398.137
 10
200.298
 20
398.49
 10
201.062
 20
399.158
 10
201.128
 20
399.282
 10
200.938
 20
399.473
 10
199.602
 20
399.664
 10
198.524
 20
399.311
 10
197.818
 20
398.738
 10
197.789
 20
398.996
 10
197.98
 20
399.282
 10
197.98
 20
400.522
 10
197.722
 20
401.219
 97
0
 92
2
 72
0
 73
1
 93
67
 10
195.852
 20
400.494
 10
195.757
 20
400.456
 10
195.594
 20
400.141
 10
195.404
 20
399.568
 10
195.308
 20
398.233
 10
195.661
 20
397.345
 10
195.909
 20
397.116
 10
196.043
 20
396.868
 10
195.909
 20
396.582
 10
195.241
 20
395.723
 10
194.803
 20
395.303
 10
194.669
 20
395.055
 10
192.951
 20
393.242
 10
192.16
 20
392.794
 10
191.205
 20
392.412
 10
189.202
 20
391.84
 10
189.106
 20
391.744
 10
189.135
 20
391.487
 10
189.583
 20
391.458
 10
189.965
 20
391.554
 10
191.969
 20
392.221
 10
193.4
 20
392.889
 10
195.213
 20
393.557
 10
195.375
 20
393.529
 10
195.566
 20
393.147
 10
196.043
 20
392.67
 10
196.549
 20
392.412
 10
197.407
 20
392.221
 10
198.047
 20
392.345
 10
197.913
 20
392.727
 10
197.341
 20
393.3
 10
196.577
 20
393.777
 10
195.881
 20
394.034
 10
196.577
 20
394.578
 10
196.835
 20
395.084
 10
197.026
 20
395.656
 10
197.026
 20
395.847
 10
196.835
 20
396.038
 10
196.549
 20
396.038
 10
196.234
 20
395.876
 10
196.1
 20
395.628
 10
195.757
 20
395.303
 10
195.308
 20
394.511
 10
195.28
 20
393.967
 10
193.619
 20
393.3
 10
194.669
 20
394.387
 10
194.803
 20
394.635
 10
196.005
 20
396.009
 10
196.329
 20
396.544
 10
197.216
 20
396.324
 10
198.171
 20
396.324
 10
198.867
 20
396.582
 10
199.44
 20
396.963
 10
199.888
 20
397.469
 10
199.602
 20
397.66
 10
199.22
 20
397.755
 10
198.648
 20
397.755
 10
198.457
 20
397.851
 10
198.171
 20
397.755
 10
197.694
 20
397.755
 10
196.997
 20
397.402
 10
196.482
 20
396.925
 10
196.482
 20
397.154
 10
196.835
 20
398.042
 10
196.835
 20
398.519
 10
196.52
 20
399.54
 10
196.1
 20
400.265
 97
0
 92
2
 72
0
 73
1
 93
19
 10
191.654
 20
400.303
 10
191.52
 20
400.208
 10
191.587
 20
399.95
 10
191.778
 20
399.377
 10
192.131
 20
398.776
 10
193.142
 20
398.07
 10
193.658
 20
397.536
 10
193.81
 20
397.536
 10
194.135
 20
397.879
 10
194.86
 20
398.395
 10
195.089
 20
400.017
 10
194.135
 20
399.215
 10
193.877
 20
398.328
 10
193.782
 20
398.233
 10
193.686
 20
398.328
 10
193.686
 20
398.805
 10
193.429
 20
399.311
 10
192.951
 20
399.788
 10
192.255
 20
400.141
 97
0
 92
2
 72
0
 73
1
 93
27
 10
191.492
 20
398.519
 10
191.396
 20
398.423
 10
191.492
 20
397.946
 10
192.035
 20
396.868
 10
192.608
 20
396.391
 10
193.429
 20
396.067
 10
193.495
 20
395.943
 10
193.4
 20
395.752
 10
193.305
 20
394.416
 10
193.114
 20
393.843
 10
193.209
 20
393.748
 10
193.524
 20
394.006
 10
193.782
 20
394.607
 10
193.782
 20
395.275
 10
193.877
 20
395.465
 10
193.906
 20
396.009
 10
194.955
 20
396.582
 10
195.308
 20
397.088
 10
194.993
 20
397.918
 10
194.831
 20
397.946
 10
194.421
 20
397.689
 10
194.039
 20
397.307
 10
193.715
 20
396.544
 10
193.591
 20
396.706
 10
193.591
 20
396.992
 10
193.429
 20
397.307
 10
192.951
 20
397.784
 97
0
 92
2
 72
0
 73
1
 93
21
 10
202.531
 20
398.108
 10
201.577
 20
397.689
 10
201.004
 20
397.116
 10
200.27
 20
395.275
 10
201.157
 20
394.635
 10
201.386
 20
394.387
 10
201.701
 20
394.225
 10
201.987
 20
394.13
 10
203.323
 20
394.13
 10
203.581
 20
394.254
 10
203.542
 20
394.445
 10
203.352
 20
394.731
 10
202.779
 20
395.208
 10
201.892
 20
395.561
 10
201.415
 20
395.561
 10
201.224
 20
395.465
 10
201.128
 20
395.561
 10
201.539
 20
395.819
 10
202.111
 20
396.486
 10
202.464
 20
397.278
 10
202.56
 20
397.66
 97
0
 92
2
 72
0
 73
1
 93
19
 10
200.556
 20
397.565
 10
199.192
 20
396.257
 10
198.486
 20
394.731
 10
199.44
 20
394.063
 10
199.859
 20
393.624
 10
200.174
 20
393.462
 10
201.319
 20
393.366
 10
201.577
 20
393.49
 10
201.443
 20
393.777
 10
201.157
 20
394.158
 10
200.68
 20
394.54
 10
199.793
 20
394.988
 10
199.344
 20
394.826
 10
199.478
 20
395.112
 10
199.726
 20
395.246
 10
200.108
 20
395.628
 10
200.461
 20
396.324
 10
200.651
 20
396.992
 10
200.651
 20
397.469
 97
0
 92
2
 72
0
 73
1
 93
11
 10
203.609
 20
397.183
 10
203.132
 20
397.088
 10
202.626
 20
396.83
 10
202.016
 20
395.876
 10
202.655
 20
395.656
 10
203.132
 20
395.656
 10
204.21
 20
396.105
 10
204.878
 20
396.773
 10
204.945
 20
396.897
 10
204.878
 20
397.021
 10
204.277
 20
397.183
 97
0
 92
2
 72
0
 73
1
 93
6
 10
195.089
 20
396.2
 10
194.23
 20
395.685
 10
194.192
 20
395.208
 10
194.325
 20
395.208
 10
194.421
 20
395.399
 10
195.051
 20
396.009
 97
0
 92
2
 72
0
 73
1
 93
16
 10
198.648
 20
396.133
 10
198.171
 20
395.943
 10
197.436
 20
395.819
 10
197.121
 20
394.988
 10
196.673
 20
394.158
 10
197.531
 20
393.586
 10
197.856
 20
393.242
 10
198.457
 20
392.889
 10
198.743
 20
392.794
 10
199.793
 20
392.794
 10
199.888
 20
392.985
 10
199.726
 20
393.3
 10
199.249
 20
393.777
 10
197.789
 20
394.511
 10
198.295
 20
395.055
 10
198.743
 20
396.038
 97
0
 92
2
 72
0
 73
1
 93
10
 10
192.541
 20
392.317
 10
191.368
 20
391.582
 10
190.375
 20
390.571
 10
189.841
 20
390.151
 10
189.803
 20
389.865
 10
190.032
 20
389.769
 10
190.662
 20
390.189
 10
191.329
 20
390.857
 10
191.463
 20
391.105
 10
192.57
 20
392.193
 97
0
 92
2
 72
0
 73
1
 93
10
 10
193.114
 20
392.317
 10
192.99
 20
392.25
 10
192.513
 20
391.582
 10
191.587
 20
389.741
 10
191.654
 20
389.521
 10
191.778
 20
389.454
 10
191.997
 20
389.521
 10
192.446
 20
390.313
 10
192.923
 20
391.458
 10
193.18
 20
392.25
 97
0
 75
0
 76
1
 98
0
  0
LWPOLYLINE
  5
380
330
17
100
AcDbEntity
  8
CUT
100
AcDbPolyline
 90
43
 70
1
 10
215.253
 20
408.77
 10
218.741
 20
408.78
 10
219.898
 20
407.044
 10
220.639
 20
406.849
 10
221.112
 20
407.004
 10
221.76
 20
407.875
 10
223.491
 20
408.088
 10
224.795
 20
408.798
 10
227.936
 20
408.866
 10
228.675
 20
408.597
 10
228.841
 20
405.837
 10
229.367
 20
404.831
 10
229.387
 20
402.226
 10
229.204
 20
401.393
 10
228.194
 20
400.242
 10
228.194
 20
399.664
 10
228.51
 20
399.269
 10
230.248
 20
399.076
 10
230.628
 20
398.262
 10
230.579
 20
395.176
 10
229.384
 20
393.769
 10
228.979
 20
392.198
 10
227.636
 20
391.949
 10
226.927
 20
391.412
 10
225.817
 20
391.278
 10
225.136
 20
390.808
 10
224.06
 20
390.732
 10
223.131
 20
390.224
 10
218.897
 20
390.158
 10
217.814
 20
387.936
 10
217.229
 20
387.457
 10
213.889
 20
387.428
 10
211.536
 20
388.066
 10
211.324
 20
389.167
 10
210.716
 20
390.199
 10
210.716
 20
393.199
 10
211.194
 20
393.89
 10
213.725
 20
394.833
 10
212.986
 20
397.068
 10
213.293
 20
405.688
 10
213.537
 20
406.219
 10
214.326
 20
406.557
 10
214.764
 20
408.172
  0
HATCH
  5
381
330
17
100
AcDbEntity
  8
RASTER
 62
7
100
AcDbHatch
 10
0.0
 20
0.0
 30
0.0
210
0.0
220
0.0
230
1.0
  2
SOLID
 70
1
 71
0
 91
18
 92
3
 72
0
 73
1
 93
150
 10
216.874
 20
407.173
 10
217.256
 20
407.039
 10
217.637
 20
406.562
 10
217.99
 20
405.866
 10
218.305
 20
404.749
 10
219.231
 20
405.198
 10
219.45
 20
405.131
 10
219.612
 20
404.912
 10
219.612
 20
404.434
 10
219.708
 20
404.148
 10
219.517
 20
403.194
 10
219.326
 20
402.812
 10
219.736
 20
402.65
 10
219.899
 20
402.431
 10
219.899
 20
401.858
 10
219.612
 20
401.0
 10
219.679
 20
400.78
 10
219.832
 20
400.646
 10
220.185
 20
401.763
 10
220.442
 20
402.269
 10
220.757
 20
402.526
 10
221.11
 20
402.364
 10
221.234
 20
403.194
 10
221.425
 20
403.767
 10
221.778
 20
404.368
 10
222.093
 20
404.434
 10
222.351
 20
404.31
 10
222.408
 20
404.177
 10
222.542
 20
404.177
 10
222.666
 20
405.007
 10
223.305
 20
406.181
 10
223.62
 20
406.343
 10
223.744
 20
406.276
 10
224.45
 20
405.417
 10
224.736
 20
405.894
 10
225.499
 20
406.658
 10
226.101
 20
407.011
 10
226.768
 20
407.201
 10
226.892
 20
407.135
 10
227.055
 20
406.915
 10
227.055
 20
405.866
 10
226.768
 20
404.816
 10
226.387
 20
404.053
 10
226.482
 20
403.957
 10
227.246
 20
403.862
 10
227.56
 20
403.7
 10
227.627
 20
403.289
 10
227.37
 20
402.784
 10
227.121
 20
402.555
 10
226.988
 20
402.307
 10
226.167
 20
401.696
 10
226.167
 20
401.543
 10
226.387
 20
401.286
 10
226.225
 20
400.78
 10
225.748
 20
400.303
 10
224.927
 20
399.788
 10
224.889
 20
399.692
 10
225.146
 20
399.473
 10
225.146
 20
399.187
 10
224.984
 20
398.872
 10
223.744
 20
397.879
 10
224.097
 20
397.851
 10
224.288
 20
397.946
 10
224.641
 20
397.689
 10
225.719
 20
398.328
 10
226.291
 20
398.423
 10
226.578
 20
398.137
 10
226.511
 20
397.402
 10
228.39
 20
397.469
 10
228.896
 20
397.212
 10
228.963
 20
396.801
 10
228.801
 20
396.486
 10
228.037
 20
395.723
 10
226.959
 20
395.275
 10
227.465
 20
394.731
 10
227.627
 20
394.416
 10
227.56
 20
394.006
 10
227.341
 20
393.843
 10
226.959
 20
393.748
 10
225.719
 20
393.748
 10
225.623
 20
393.653
 10
225.557
 20
393.242
 10
225.337
 20
393.08
 10
224.097
 20
393.08
 10
223.906
 20
393.176
 10
223.839
 20
393.147
 10
223.906
 20
392.985
 10
223.839
 20
392.574
 10
223.429
 20
392.412
 10
222.093
 20
392.508
 10
221.969
 20
392.059
 10
221.711
 20
391.935
 10
220.471
 20
391.935
 10
220.089
 20
392.031
 10
219.393
 20
392.384
 10
218.725
 20
393.147
 10
217.256
 20
392.574
 10
216.75
 20
390.981
 10
216.111
 20
389.521
 10
215.92
 20
389.235
 10
215.605
 20
389.073
 10
215.319
 20
389.073
 10
215.004
 20
389.235
 10
214.842
 20
389.55
 10
214.842
 20
389.741
 10
215.29
 20
390.571
 10
214.718
 20
390.151
 10
214.298
 20
389.712
 10
213.792
 20
389.454
 10
213.506
 20
389.454
 10
213.248
 20
389.578
 10
213.124
 20
389.836
 10
213.191
 20
390.342
 10
214.241
 20
391.334
 10
213.983
 20
391.363
 10
213.506
 20
391.172
 10
213.124
 20
391.172
 10
212.933
 20
391.076
 10
212.523
 20
391.334
 10
212.456
 20
391.935
 10
212.523
 20
392.059
 10
212.838
 20
392.221
 10
214.842
 20
392.794
 10
216.206
 20
393.433
 10
216.464
 20
394.13
 10
216.655
 20
395.084
 10
216.655
 20
395.656
 10
215.958
 20
396.009
 10
215.386
 20
396.582
 10
214.937
 20
397.374
 10
214.746
 20
398.042
 10
214.813
 20
398.738
 10
215.223
 20
398.9
 10
214.842
 20
399.95
 10
214.842
 20
400.427
 10
214.908
 20
400.551
 10
215.319
 20
400.713
 10
214.842
 20
401.954
 10
214.842
 20
402.431
 10
214.908
 20
402.555
 10
215.319
 20
402.717
 10
215.032
 20
403.48
 10
214.966
 20
404.177
 10
215.032
 20
404.434
 10
215.223
 20
404.625
 10
215.605
 20
404.625
 10
216.244
 20
404.368
 10
216.177
 20
405.579
 10
216.368
 20
406.343
 10
216.721
 20
407.039
 97
0
 92
2
 72
0
 73
1
 93
13
 10
226.644
 20
406.791
 10
225.595
 20
406.276
 10
224.927
 20
405.513
 10
224.574
 20
404.816
 10
224.574
 20
404.053
 10
224.669
 20
403.862
 10
224.574
 20
403.671
 10
224.603
 20
403.414
 10
225.557
 20
403.929
 10
226.129
 20
404.406
 10
226.673
 20
405.579
 10
226.578
 20
405.77
 10
226.673
 20
405.961
 97
0
 92
2
 72
0
 73
1
 93
15
 10
217.036
 20
406.724
 10
216.845
 20
406.438
 10
216.559
 20
405.579
 10
216.464
 20
404.721
 10
216.721
 20
403.929
 10
217.16
 20
403.604
 10
217.294
 20
403.356
 10
217.418
 20
403.289
 10
217.513
 20
403.385
 10
217.637
 20
403.929
 10
217.895
 20
404.244
 10
217.962
 20
404.787
 10
217.8
 20
404.816
 10
217.704
 20
405.579
 10
217.16
 20
406.658
 97
0
 92
2
 72
0
 73
1
 93
24
 10
223.62
 20
405.866
 10
223.496
 20
405.799
 10
223.047
 20
404.912
 10
222.856
 20
404.244
 10
222.856
 20
403.48
 10
223.458
 20
401.601
 10
224.097
 20
401.667
 10
224.288
 20
401.763
 10
225.337
 20
401.763
 10
226.415
 20
402.307
 10
226.892
 20
402.784
 10
227.274
 20
403.356
 10
227.274
 20
403.509
 10
227.15
 20
403.576
 10
225.719
 20
403.576
 10
224.736
 20
403.127
 10
224.45
 20
402.936
 10
224.221
 20
402.593
 10
224.068
 20
402.593
 10
224.03
 20
402.688
 10
224.288
 20
403.289
 10
224.288
 20
404.53
 10
224.03
 20
405.226
 10
223.744
 20
405.799
 97
0
 92
2
 72
0
 73
1
 93
26
 10
219.04
 20
404.816
 10
218.878
 20
404.692
 10
218.916
 20
404.558
 10
218.754
 20
404.625
 10
218.248
 20
404.272
 10
218.21
 20
404.024
 10
217.771
 20
403.509
 10
217.609
 20
403.194
 10
217.485
 20
402.269
 10
217.322
 20
402.431
 10
217.322
 20
402.622
 10
217.065
 20
403.127
 10
216.588
 20
403.7
 10
215.347
 20
404.31
 10
215.319
 20
403.671
 10
215.767
 20
402.593
 10
216.053
 20
402.307
 10
216.874
 20
401.887
 10
217.389
 20
401.353
 10
217.542
 20
401.353
 10
217.675
 20
401.601
 10
218.591
 20
402.402
 10
219.04
 20
403.003
 10
219.326
 20
404.053
 10
219.326
 20
404.721
 10
219.231
 20
404.816
 97
0
 92
2
 72
0
 73
1
 93
19
 10
221.998
 20
403.957
 10
221.521
 20
402.908
 10
221.425
 20
401.954
 10
221.998
 20
400.522
 10
222.093
 20
400.141
 10
222.026
 20
399.692
 10
222.952
 20
399.95
 10
224.288
 20
399.95
 10
225.27
 20
400.398
 10
225.843
 20
400.875
 10
226.005
 20
401.19
 10
225.91
 20
401.286
 10
225.242
 20
401.477
 10
224.288
 20
401.477
 10
223.305
 20
401.124
 10
222.885
 20
400.742
 10
222.952
 20
402.24
 10
222.856
 20
402.622
 10
222.503
 20
403.414
 97
0
 92
2
 72
0
 73
1
 93
18
 10
219.517
 20
402.431
 10
218.82
 20
402.173
 10
217.962
 20
401.41
 10
217.609
 20
400.809
 10
217.485
 20
400.36
 10
217.16
 20
401.124
 10
216.588
 20
401.696
 10
215.51
 20
402.24
 10
215.223
 20
402.335
 10
215.128
 20
402.24
 10
215.319
 20
401.572
 10
215.863
 20
400.589
 10
216.874
 20
399.979
 10
217.485
 20
399.311
 10
218.153
 20
399.979
 10
218.401
 20
400.112
 10
219.164
 20
400.971
 10
219.612
 20
402.24
 97
0
 92
2
 72
0
 73
1
 93
20
 10
220.824
 20
402.116
 10
220.662
 20
401.954
 10
220.28
 20
400.809
 10
220.28
 20
399.95
 10
220.757
 20
398.71
 10
220.853
 20
398.233
 10
220.786
 20
397.975
 10
221.425
 20
398.137
 10
223.143
 20
398.137
 10
223.935
 20
398.49
 10
224.698
 20
399.158
 10
224.765
 20
399.282
 10
224.574
 20
399.473
 10
223.238
 20
399.664
 10
222.16
 20
399.311
 10
221.454
 20
398.738
 10
221.425
 20
398.996
 10
221.616
 20
399.282
 10
221.616
 20
400.522
 10
221.358
 20
401.219
 97
0
 92
2
 72
0
 73
1
 93
67
 10
219.488
 20
400.494
 10
219.393
 20
400.456
 10
219.231
 20
400.141
 10
219.04
 20
399.568
 10
218.944
 20
398.233
 10
219.298
 20
397.345
 10
219.546
 20
397.116
 10
219.679
 20
396.868
 10
219.546
 20
396.582
 10
218.878
 20
395.723
 10
218.439
 20
395.303
 10
218.305
 20
395.055
 10
216.588
 20
393.242
 10
215.796
 20
392.794
 10
214.842
 20
392.412
 10
212.838
 20
391.84
 10
212.743
 20
391.744
 10
212.771
 20
391.487
 10
213.22
 20
391.458
 10
213.601
 20
391.554
 10
215.605
 20
392.221
 10
217.036
 20
392.889
 10
218.849
 20
393.557
 10
219.011
 20
393.529
 10
219.202
 20
393.147
 10
219.679
 20
392.67
 10
220.185
 20
392.412
 10
221.044
 20
392.221
 10
221.683
 20
392.345
 10
221.549
 20
392.727
 10
220.977
 20
393.3
 10
220.213
 20
393.777
 10
219.517
 20
394.034
 10
220.213
 20
394.578
 10
220.471
 20
395.084
 10
220.662
 20
395.656
 10
220.662
 20
395.847
 10
220.471
 20
396.038
 10
220.185
 20
396.038
 10
219.87
 20
395.876
 10
219.736
 20
395.628
 10
219.393
 20
395.303
 10
218.944
 20
394.511
 10
218.916
 20
393.967
 10
217.256
 20
393.3
 10
218.305
 20
394.387
 10
218.439
 20
394.635
 10
219.641
 20
396.009
 10
219.965
 20
396.544
 10
220.853
 20
396.324
 10
221.807
 20
396.324
 10
222.503
 20
396.582
 10
223.076
 20
396.963
 10
223.524
 20
397.469
 10
223.238
 20
397.66
 10
222.856
 20
397.755
 10
222.284
 20
397.755
 10
222.093
 20
397.851
 10
221.807
 20
397.755
 10
221.33
 20
397.755
 10
220.633
 20
397.402
 10
220.118
 20
396.925
 10
220.118
 20
397.154
 10
220.471
 20
398.042
 10
220.471
 20
398.519
 10
220.156
 20
399.54
 10
219.736
 20
400.265
 97
0
 92
2
 72
0
 73
1
 93
19
 10
215.29
 20
400.303
 10
215.157
 20
400.208
 10
215.223
 20
399.95
 10
215.414
 20
399.377
 10
215.767
 20
398.776
 10
216.779
 20
398.07
 10
217.294
 20
397.536
 10
217.446
 20
397.536
 10
217.771
 20
397.879
 10
218.496
 20
398.395
 10
218.725
 20
400.017
 10
217.771
 20
399.215
 10
217.513
 20
398.328
 10
217.418
 20
398.233
 10
217.322
 20
398.328
 10
217.322
 20
398.805
 10
217.065
 20
399.311
 10
216.588
 20
399.788
 10
215.891
 20
400.141
 97
0
 92
2
 72
0
 73
1
 93
27
 10
215.128
 20
398.519
 10
215.032
 20
398.423
 10
215.128
 20
397.946
 10
215.672
 20
396.868
 10
216.244
 20
396.391
 10
217.065
 20
396.067
 10
217.132
 20
395.943
 10
217.036
 20
395.752
 10
216.941
 20
394.416
 10
216.75
 20
393.843
 10
216.845
 20
393.748
 10
217.16
 20
394.006
 10
217.418
 20
394.607
 10
217.418
 20
395.275
 10
217.513
 20
395.465
 10
217.542
 20
396.009
 10
218.591
 20
396.582
 10
218.944
 20
397.088
 10
218.63
 20
397.918
 10
218.467
 20
397.946
 10
218.057
 20
397.689
 10
217.675
 20
397.307
 10
217.351
 20
396.544
 10
217.227
 20
396.706
 10
217.227
 20
396.992
 10
217.065
 20
397.307
 10
216.588
 20
397.784
 97
0
 92
2
 72
0
 73
1
 93
21
 10
226.167
 20
398.108
 10
225.213
 20
397.689
 10
224.641
 20
397.116
 10
223.906
 20
395.275
 10
224.793
 20
394.635
 10
225.022
 20
394.387
 10
225.337
 20
394.225
 10
225.623
 20
394.13
 10
226.959
 20
394.13
 10
227.217
 20
394.254
 10
227.179
 20
394.445
 10
226.988
 20
394.731
 10
226.415
 20
395.208
 10
225.528
 20
395.561
 10
225.051
 20
395.561
 10
224.86
 20
395.465
 10
224.765
 20
395.561
 10
225.175
 20
395.819
 10
225.748
 20
396.486
 10
226.101
 20
397.278
 10
226.196
 20
397.66
 97
0
 92
2
 72
0
 73
1
 93
19
 10
224.192
 20
397.565
 10
222.828
 20
396.257
 10
222.122
 20
394.731
 10
223.076
 20
394.063
 10
223.496
 20
393.624
 10
223.811
 20
393.462
 10
224.956
 20
393.366
 10
225.213
 20
393.49
 10
225.08
 20
393.777
 10
224.793
 20
394.158
 10
224.316
 20
394.54
 10
223.429
 20
394.988
 10
222.98
 20
394.826
 10
223.114
 20
395.112
 10
223.362
 20
395.246
 10
223.744
 20
395.628
 10
224.097
 20
396.324
 10
224.288
 20
396.992
 10
224.288
 20
397.469
 97
0
 92
2
 72
0
 73
1
 93
11
 10
227.246
 20
397.183
 10
226.768
 20
397.088
 10
226.263
 20
396.83
 10
225.652
 20
395.876
 10
226.291
 20
395.656
 10
226.768
 20
395.656
 10
227.847
 20
396.105
 10
228.515
 20
396.773
 10
228.581
 20
396.897
 10
228.515
 20
397.021
 10
227.913
 20
397.183
 97
0
 92
2
 72
0
 73
1
 93
6
 10
218.725
 20
396.2
 10
217.866
 20
395.685
 10
217.828
 20
395.208
 10
217.962
 20
395.208
 10
218.057
 20
395.399
 10
218.687
 20
396.009
 97
0
 92
2
 72
0
 73
1
 93
16
 10
222.284
 20
396.133
 10
221.807
 20
395.943
 10
221.072
 20
395.819
 10
220.757
 20
394.988
 10
220.309
 20
394.158
 10
221.168
 20
393.586
 10
221.492
 20
393.242
 10
222.093
 20
392.889
 10
222.379
 20
392.794
 10
223.429
 20
392.794
 10
223.524
 20
392.985
 10
223.362
 20
393.3
 10
222.885
 20
393.777
 10
221.425
 20
394.511
 10
221.931
 20
395.055
 10
222.379
 20
396.038
 97
0
 92
2
 72
0
 73
1
 93
10
 10
216.177
 20
392.317
 10
215.004
 20
391.582
 10
214.012
 20
390.571
 10
213.477
 20
390.151
 10
213.439
 20
389.865
 10
213.668
 20
389.769
 10
214.298
 20
390.189
 10
214.966
 20
390.857
 10
215.099
 20
391.105
 10
216.206
 20
392.193
 97
0
 92
2
 72
0
 73
1
 93
10
 10
216.75
 20
392.317
 10
216.626
 20
392.25
 10
216.149
 20
391.582
 10
215.223
 20
389.741
 10
215.29
 20
389.521
 10
215.414
 20
389.454
 10
215.634
 20
389.521
 10
216.082
 20
390.313
 10
216.559
 20
391.458
 10
216.817
 20
392.25
 97
0
 75
0
 76
1
 98
0
  0
LWPOLYLINE
  5
382
330
17
100
AcDbEntity
  8
CUT
100
AcDbPolyline
 90
23
 70
1
 10
240.324
 20
408.856
 10
243.904
 20
408.866
 10
249.156
 20
406.68
 10
250.701
 20
405.746
 10
250.987
 20
403.143
 10
254.179
 20
403.072
 10
255.069
 20
402.53
 10
255.125
 20
395.652
 10
254.588
 20
393.043
 10
253.123
 20
390.521
 10
250.833
 20
388.639
 10
249.348
 20
388.07
 10
246.541
 20
387.655
 10
242.424
 20
387.665
 10
241.528
 20
388.362
 10
241.095
 20
390.185
 10
235.701
 20
392.561
 10
234.473
 20
393.364
 10
234.351
 20
397.305
 10
235.631
 20
400.413
 10
235.78
 20
402.398
 10
237.707
 20
404.16
 10
239.731
 20
408.243
  0
HATCH
  5
383
330
17
100
AcDbEntity
  8
RASTER
 62
7
100
AcDbHatch
 10
0.0
 20
0.0
 30
0.0
210
0.0
220
0.0
230
1.0
  2
SOLID
 70
1
 71
0
 91
15
 92
3
 72
0
 73
1
 93
99
 10
241.878
 20
407.314
 10
242.216
 20
407.342
 10
243.128
 20
406.977
 10
248.054
 20
404.879
 10
248.994
 20
404.359
 10
249.24
 20
403.784
 10
247.534
 20
399.889
 10
248.237
 20
400.226
 10
249.787
 20
400.682
 10
250.973
 20
400.774
 10
251.703
 20
400.591
 10
251.913
 20
400.746
 10
252.132
 20
401.257
 10
252.342
 20
401.412
 10
252.889
 20
401.412
 10
253.372
 20
401.166
 10
253.527
 20
400.865
 10
253.527
 20
400.318
 10
253.436
 20
400.044
 10
253.19
 20
399.56
 10
253.007
 20
399.378
 10
253.436
 20
398.493
 10
253.527
 20
398.037
 10
253.527
 20
397.034
 10
253.436
 20
396.851
 10
253.345
 20
395.939
 10
252.798
 20
394.115
 10
252.369
 20
393.266
 10
251.457
 20
391.989
 10
250.453
 20
390.986
 10
249.632
 20
390.438
 10
248.601
 20
389.918
 10
247.689
 20
389.645
 10
246.777
 20
389.553
 10
246.595
 20
389.462
 10
246.047
 20
389.462
 10
245.135
 20
389.28
 10
243.858
 20
389.28
 10
243.375
 20
389.526
 10
243.037
 20
390.101
 10
243.037
 20
391.56
 10
242.973
 20
391.679
 10
240.392
 20
392.746
 10
237.774
 20
393.959
 10
237.929
 20
394.023
 10
238.202
 20
393.932
 10
242.672
 20
392.016
 10
243.01
 20
392.044
 10
243.128
 20
392.29
 10
243.219
 20
392.564
 10
243.128
 20
392.929
 10
243.128
 20
393.658
 10
243.311
 20
394.297
 10
243.311
 20
394.662
 10
243.676
 20
395.756
 10
244.132
 20
396.577
 10
244.132
 20
396.76
 10
244.068
 20
396.878
 10
243.676
 20
397.034
 10
242.763
 20
397.034
 10
242.581
 20
396.942
 10
242.216
 20
396.942
 10
241.577
 20
396.669
 10
241.368
 20
396.733
 10
240.756
 20
398.128
 10
240.547
 20
398.922
 10
240.328
 20
399.25
 10
240.027
 20
399.405
 10
239.206
 20
399.588
 10
238.75
 20
399.588
 10
238.385
 20
399.861
 10
237.992
 20
399.798
 10
237.409
 20
398.648
 10
237.08
 20
398.156
 10
236.743
 20
397.307
 10
236.378
 20
396.669
 10
236.195
 20
396.213
 10
236.195
 20
395.939
 10
236.013
 20
395.574
 10
236.013
 20
395.3
 10
236.168
 20
394.999
 10
236.442
 20
394.726
 10
237.719
 20
394.051
 10
237.381
 20
394.115
 10
236.351
 20
394.634
 10
236.077
 20
394.908
 10
235.922
 20
395.209
 10
235.922
 20
395.756
 10
236.195
 20
396.577
 10
237.929
 20
400.044
 10
237.354
 20
400.29
 10
237.29
 20
400.774
 10
237.682
 20
401.294
 10
237.865
 20
401.385
 10
238.449
 20
401.987
 10
238.959
 20
402.297
 10
239.178
 20
402.261
 10
241.459
 20
406.913
 10
241.641
 20
407.186
 97
0
 92
2
 72
0
 73
1
 93
12
 10
242.034
 20
406.703
 10
241.878
 20
406.584
 10
240.848
 20
404.331
 10
241.121
 20
404.149
 10
241.486
 20
404.149
 10
242.763
 20
403.51
 10
243.219
 20
403.419
 10
243.429
 20
403.574
 10
244.287
 20
405.362
 10
244.56
 20
405.672
 10
244.405
 20
405.882
 10
242.581
 20
406.612
 97
0
 92
2
 72
0
 73
1
 93
12
 10
242.243
 20
406.037
 10
242.699
 20
406.001
 10
242.973
 20
405.818
 10
243.064
 20
405.544
 10
243.192
 20
405.453
 10
242.946
 20
405.517
 10
242.426
 20
405.034
 10
242.034
 20
404.97
 10
241.851
 20
404.787
 10
241.76
 20
404.879
 10
241.942
 20
405.243
 10
241.851
 20
405.426
 97
0
 92
2
 72
0
 73
1
 93
17
 10
245.5
 20
405.335
 10
245.226
 20
405.061
 10
245.226
 20
404.879
 10
244.314
 20
402.872
 10
244.405
 20
402.78
 10
244.679
 20
402.78
 10
245.591
 20
402.507
 10
246.412
 20
402.051
 10
246.777
 20
401.959
 10
247.051
 20
402.233
 10
247.324
 20
403.054
 10
247.297
 20
403.446
 10
247.479
 20
403.446
 10
247.534
 20
403.939
 10
247.808
 20
404.03
 10
247.963
 20
404.331
 10
246.686
 20
404.97
 97
0
 92
2
 72
0
 73
1
 93
21
 10
240.392
 20
403.328
 10
240.118
 20
403.054
 10
239.571
 20
401.777
 10
239.571
 20
401.503
 10
239.689
 20
401.348
 10
239.817
 20
401.385
 10
240.574
 20
401.047
 10
240.82
 20
401.075
 10
240.939
 20
401.321
 10
241.03
 20
401.23
 10
241.094
 20
400.837
 10
241.276
 20
400.655
 10
241.486
 20
400.591
 10
241.733
 20
400.801
 10
241.787
 20
401.202
 10
242.061
 20
401.385
 10
242.152
 20
401.658
 10
242.554
 20
401.804
 10
242.918
 20
402.206
 10
242.791
 20
402.352
 10
242.307
 20
402.598
 97
0
 92
2
 72
0
 73
1
 93
25
 10
238.996
 20
401.932
 10
238.722
 20
401.804
 10
237.81
 20
400.892
 10
237.682
 20
400.619
 10
238.54
 20
400.29
 10
238.722
 20
399.925
 10
238.932
 20
399.77
 10
239.662
 20
399.77
 10
240.118
 20
399.679
 10
240.601
 20
399.433
 10
240.848
 20
398.949
 10
241.121
 20
397.763
 10
241.459
 20
397.097
 10
241.851
 20
397.034
 10
242.581
 20
397.216
 10
243.767
 20
397.216
 10
244.223
 20
397.034
 10
244.433
 20
397.189
 10
244.834
 20
397.791
 10
244.588
 20
397.946
 10
242.49
 20
397.855
 10
242.189
 20
398.01
 10
241.058
 20
400.162
 10
239.543
 20
401.02
 10
239.27
 20
401.294
 97
0
 92
2
 72
0
 73
1
 93
34
 10
243.949
 20
401.686
 10
243.739
 20
401.531
 10
243.584
 20
401.23
 10
242.791
 20
399.341
 10
243.311
 20
399.04
 10
245.135
 20
398.311
 10
245.318
 20
398.584
 10
245.318
 20
398.858
 10
245.5
 20
399.314
 10
245.436
 20
399.706
 10
245.135
 20
399.953
 10
245.199
 20
400.199
 10
244.889
 20
400.199
 10
244.77
 20
399.953
 10
244.588
 20
400.226
 10
244.469
 20
399.889
 10
244.04
 20
399.861
 10
243.858
 20
399.953
 10
243.739
 20
399.706
 10
243.584
 20
399.679
 10
243.402
 20
399.861
 10
243.612
 20
400.564
 10
244.132
 20
401.139
 10
244.679
 20
400.956
 10
244.953
 20
400.774
 10
245.199
 20
400.746
 10
245.254
 20
400.436
 10
245.5
 20
400.5
 10
245.682
 20
400.318
 10
246.166
 20
400.381
 10
246.321
 20
400.682
 10
245.865
 20
400.956
 10
245.591
 20
400.956
 10
245.318
 20
401.139
 97
0
 92
2
 72
0
 73
1
 93
8
 10
252.615
 20
400.956
 10
252.497
 20
400.892
 10
252.25
 20
400.318
 10
252.588
 20
400.016
 10
252.798
 20
399.953
 10
252.98
 20
400.226
 10
253.071
 20
400.591
 10
252.916
 20
400.801
 97
0
 92
2
 72
0
 73
1
 93
45
 10
250.152
 20
400.318
 10
249.97
 20
400.226
 10
249.514
 20
400.226
 10
248.601
 20
399.953
 10
246.476
 20
398.703
 10
245.473
 20
397.791
 10
244.56
 20
396.514
 10
243.767
 20
394.844
 10
243.767
 20
394.571
 10
243.584
 20
394.115
 10
243.584
 20
393.75
 10
243.402
 20
393.111
 10
243.493
 20
390.466
 10
243.739
 20
389.891
 10
244.25
 20
389.763
 10
245.409
 20
389.827
 10
246.139
 20
390.01
 10
247.051
 20
390.01
 10
247.416
 20
390.192
 10
247.689
 20
390.192
 10
247.963
 20
390.374
 10
248.145
 20
390.374
 10
248.629
 20
390.712
 10
248.72
 20
390.894
 10
248.994
 20
390.986
 10
249.121
 20
391.223
 10
249.723
 20
391.533
 10
250.216
 20
391.953
 10
250.399
 20
391.989
 10
250.243
 20
391.743
 10
250.362
 20
391.715
 10
251.183
 20
392.536
 10
251.639
 20
393.175
 10
251.885
 20
394.023
 10
252.46
 20
394.817
 10
252.615
 20
395.209
 10
252.706
 20
395.848
 10
253.071
 20
397.034
 10
253.071
 20
398.128
 10
252.825
 20
398.885
 10
252.551
 20
399.433
 10
252.278
 20
399.706
 10
251.913
 20
399.98
 10
251.064
 20
400.318
 10
250.307
 20
400.254
 97
0
 92
2
 72
0
 73
1
 93
10
 10
248.994
 20
399.104
 10
249.213
 20
399.068
 10
247.625
 20
398.01
 10
247.534
 20
397.827
 10
246.531
 20
396.878
 10
246.503
 20
397.034
 10
246.841
 20
397.517
 10
247.388
 20
397.882
 10
248.027
 20
398.52
 10
248.939
 20
398.977
 97
0
 92
2
 72
0
 73
1
 93
5
 10
250.636
 20
397.097
 10
250.7
 20
397.034
 10
250.453
 20
396.641
 10
250.18
 20
396.422
 10
250.216
 20
396.605
 97
0
 92
2
 72
0
 73
1
 93
10
 10
252.369
 20
397.097
 10
252.524
 20
397.034
 10
252.342
 20
396.577
 10
252.342
 20
396.213
 10
251.913
 20
395.182
 10
251.037
 20
393.959
 10
250.544
 20
393.503
 10
250.581
 20
393.777
 10
251.092
 20
394.452
 10
251.548
 20
395.273
 97
0
 92
2
 72
0
 73
1
 93
5
 10
245.254
 20
395.182
 10
244.433
 20
393.412
 10
244.405
 20
393.567
 10
244.588
 20
394.115
 10
244.925
 20
394.78
 97
0
 92
2
 72
0
 73
1
 93
15
 10
247.717
 20
393.631
 10
247.78
 20
393.567
 10
247.717
 20
393.449
 10
247.443
 20
393.084
 10
246.932
 20
392.682
 10
246.804
 20
392.445
 10
246.567
 20
392.317
 10
245.983
 20
391.715
 10
245.345
 20
391.405
 10
245.473
 20
391.679
 10
245.746
 20
391.953
 10
245.983
 20
392.08
 10
246.567
 20
392.682
 10
246.804
 20
392.81
 10
247.388
 20
393.412
 97
0
 92
2
 72
0
 73
1
 93
11
 10
249.815
 20
392.81
 10
249.879
 20
392.746
 10
249.815
 20
392.628
 10
249.541
 20
392.263
 10
248.538
 20
391.351
 10
246.959
 20
390.557
 10
246.047
 20
390.283
 10
245.892
 20
390.311
 10
245.892
 20
390.438
 10
246.294
 20
390.675
 10
247.899
 20
391.442
 97
0
 75
0
 76
1
 98
0
  0
LWPOLYLINE
  5
384
330
17
100
AcDbEntity
  8
CUT
100
AcDbPolyline
 90
23
 70
1
 10
264.821
 20
408.856
 10
268.401
 20
408.866
 10
273.654
 20
406.68
 10
275.198
 20
405.746
 10
275.485
 20
403.143
 10
278.676
 20
403.072
 10
279.566
 20
402.53
 10
279.622
 20
395.652
 10
279.085
 20
393.043
 10
277.62
 20
390.521
 10
275.331
 20
388.639
 10
273.845
 20
388.07
 10
271.038
 20
387.655
 10
266.921
 20
387.665
 10
266.025
 20
388.362
 10
265.592
 20
390.185
 10
260.198
 20
392.561
 10
258.97
 20
393.364
 10
258.849
 20
397.305
 10
260.129
 20
400.413
 10
260.277
 20
402.398
 10
262.205
 20
404.16
 10
264.228
 20
408.243
  0
HATCH
  5
385
330
17
100
AcDbEntity
  8
RASTER
 62
7
100
AcDbHatch
 10
0.0
 20
0.0
 30
0.0
210
0.0
220
0.0
230
1.0
  2
SOLID
 70
1
 71
0
 91
15
 92
3
 72
0
 73
1
 93
99
 10
266.376
 20
407.314
 10
266.713
 20
407.342
 10
267.626
 20
406.977
 10
272.551
 20
404.879
 10
273.491
 20
404.359
 10
273.737
 20
403.784
 10
272.032
 20
399.889
 10
272.734
 20
400.226
 10
274.285
 20
400.682
 10
275.471
 20
400.774
 10
276.2
 20
400.591
 10
276.41
 20
400.746
 10
276.629
 20
401.257
 10
276.839
 20
401.412
 10
277.386
 20
401.412
 10
277.87
 20
401.166
 10
278.025
 20
400.865
 10
278.025
 20
400.318
 10
277.933
 20
400.044
 10
277.687
 20
399.56
 10
277.505
 20
399.378
 10
277.933
 20
398.493
 10
278.025
 20
398.037
 10
278.025
 20
397.034
 10
277.933
 20
396.851
 10
277.842
 20
395.939
 10
277.295
 20
394.115
 10
276.866
 20
393.266
 10
275.954
 20
391.989
 10
274.951
 20
390.986
 10
274.13
 20
390.438
 10
273.099
 20
389.918
 10
272.187
 20
389.645
 10
271.274
 20
389.553
 10
271.092
 20
389.462
 10
270.545
 20
389.462
 10
269.632
 20
389.28
 10
268.355
 20
389.28
 10
267.872
 20
389.526
 10
267.534
 20
390.101
 10
267.534
 20
391.56
 10
267.47
 20
391.679
 10
264.889
 20
392.746
 10
262.271
 20
393.959
 10
262.426
 20
394.023
 10
262.7
 20
393.932
 10
267.169
 20
392.016
 10
267.507
 20
392.044
 10
267.626
 20
392.29
 10
267.717
 20
392.564
 10
267.626
 20
392.929
 10
267.626
 20
393.658
 10
267.808
 20
394.297
 10
267.808
 20
394.662
 10
268.173
 20
395.756
 10
268.629
 20
396.577
 10
268.629
 20
396.76
 10
268.565
 20
396.878
 10
268.173
 20
397.034
 10
267.261
 20
397.034
 10
267.078
 20
396.942
 10
266.713
 20
396.942
 10
266.075
 20
396.669
 10
265.865
 20
396.733
 10
265.254
 20
398.128
 10
265.044
 20
398.922
 10
264.825
 20
399.25
 10
264.524
 20
399.405
 10
263.703
 20
399.588
 10
263.247
 20
399.588
 10
262.882
 20
399.861
 10
262.49
 20
399.798
 10
261.906
 20
398.648
 10
261.578
 20
398.156
 10
261.24
 20
397.307
 10
260.875
 20
396.669
 10
260.693
 20
396.213
 10
260.693
 20
395.939
 10
260.51
 20
395.574
 10
260.51
 20
395.3
 10
260.665
 20
394.999
 10
260.939
 20
394.726
 10
262.216
 20
394.051
 10
261.879
 20
394.115
 10
260.848
 20
394.634
 10
260.574
 20
394.908
 10
260.419
 20
395.209
 10
260.419
 20
395.756
 10
260.693
 20
396.577
 10
262.426
 20
400.044
 10
261.851
 20
400.29
 10
261.787
 20
400.774
 10
262.18
 20
401.294
 10
262.362
 20
401.385
 10
262.946
 20
401.987
 10
263.457
 20
402.297
 10
263.676
 20
402.261
 10
265.956
 20
406.913
 10
266.139
 20
407.186
 97
0
 92
2
 72
0
 73
1
 93
12
 10
266.531
 20
406.703
 10
266.376
 20
406.584
 10
265.345
 20
404.331
 10
265.619
 20
404.149
 10
265.984
 20
404.149
 10
267.261
 20
403.51
 10
267.717
 20
403.419
 10
267.927
 20
403.574
 10
268.784
 20
405.362
 10
269.058
 20
405.672
 10
268.903
 20
405.882
 10
267.078
 20
406.612
 97
0
 92
2
 72
0
 73
1
 93
12
 10
266.741
 20
406.037
 10
267.197
 20
406.001
 10
267.47
 20
405.818
 10
267.562
 20
405.544
 10
267.689
 20
405.453
 10
267.443
 20
405.517
 10
266.923
 20
405.034
 10
266.531
 20
404.97
 10
266.348
 20
404.787
 10
266.257
 20
404.879
 10
266.44
 20
405.243
 10
266.348
 20
405.426
 97
0
 92
2
 72
0
 73
1
 93
17
 10
269.997
 20
405.335
 10
269.724
 20
405.061
 10
269.724
 20
404.879
 10
268.811
 20
402.872
 10
268.903
 20
402.78
 10
269.176
 20
402.78
 10
270.089
 20
402.507
 10
270.909
 20
402.051
 10
271.274
 20
401.959
 10
271.548
 20
402.233
 10
271.822
 20
403.054
 10
271.794
 20
403.446
 10
271.977
 20
403.446
 10
272.032
 20
403.939
 10
272.305
 20
404.03
 10
272.46
 20
404.331
 10
271.183
 20
404.97
 97
0
 92
2
 72
0
 73
1
 93
21
 10
264.889
 20
403.328
 10
264.615
 20
403.054
 10
264.068
 20
401.777
 10
264.068
 20
401.503
 10
264.187
 20
401.348
 10
264.314
 20
401.385
 10
265.071
 20
401.047
 10
265.318
 20
401.075
 10
265.436
 20
401.321
 10
265.527
 20
401.23
 10
265.591
 20
400.837
 10
265.774
 20
400.655
 10
265.984
 20
400.591
 10
266.23
 20
400.801
 10
266.285
 20
401.202
 10
266.558
 20
401.385
 10
266.649
 20
401.658
 10
267.051
 20
401.804
 10
267.416
 20
402.206
 10
267.288
 20
402.352
 10
266.805
 20
402.598
 97
0
 92
2
 72
0
 73
1
 93
25
 10
263.493
 20
401.932
 10
263.22
 20
401.804
 10
262.307
 20
400.892
 10
262.18
 20
400.619
 10
263.037
 20
400.29
 10
263.22
 20
399.925
 10
263.429
 20
399.77
 10
264.159
 20
399.77
 10
264.615
 20
399.679
 10
265.099
 20
399.433
 10
265.345
 20
398.949
 10
265.619
 20
397.763
 10
265.956
 20
397.097
 10
266.348
 20
397.034
 10
267.078
 20
397.216
 10
268.264
 20
397.216
 10
268.72
 20
397.034
 10
268.93
 20
397.189
 10
269.331
 20
397.791
 10
269.085
 20
397.946
 10
266.987
 20
397.855
 10
266.686
 20
398.01
 10
265.555
 20
400.162
 10
264.041
 20
401.02
 10
263.767
 20
401.294
 97
0
 92
2
 72
0
 73
1
 93
34
 10
268.447
 20
401.686
 10
268.237
 20
401.531
 10
268.082
 20
401.23
 10
267.288
 20
399.341
 10
267.808
 20
399.04
 10
269.632
 20
398.311
 10
269.815
 20
398.584
 10
269.815
 20
398.858
 10
269.997
 20
399.314
 10
269.933
 20
399.706
 10
269.632
 20
399.953
 10
269.696
 20
400.199
 10
269.386
 20
400.199
 10
269.268
 20
399.953
 10
269.085
 20
400.226
 10
268.966
 20
399.889
 10
268.538
 20
399.861
 10
268.355
 20
399.953
 10
268.237
 20
399.706
 10
268.082
 20
399.679
 10
267.899
 20
399.861
 10
268.109
 20
400.564
 10
268.629
 20
401.139
 10
269.176
 20
400.956
 10
269.45
 20
400.774
 10
269.696
 20
400.746
 10
269.751
 20
400.436
 10
269.997
 20
400.5
 10
270.18
 20
400.318
 10
270.663
 20
400.381
 10
270.818
 20
400.682
 10
270.362
 20
400.956
 10
270.089
 20
400.956
 10
269.815
 20
401.139
 97
0
 92
2
 72
0
 73
1
 93
8
 10
277.113
 20
400.956
 10
276.994
 20
400.892
 10
276.748
 20
400.318
 10
277.085
 20
400.016
 10
277.295
 20
399.953
 10
277.477
 20
400.226
 10
277.569
 20
400.591
 10
277.414
 20
400.801
 97
0
 92
2
 72
0
 73
1
 93
45
 10
274.65
 20
400.318
 10
274.467
 20
400.226
 10
274.011
 20
400.226
 10
273.099
 20
399.953
 10
270.973
 20
398.703
 10
269.97
 20
397.791
 10
269.058
 20
396.514
 10
268.264
 20
394.844
 10
268.264
 20
394.571
 10
268.082
 20
394.115
 10
268.082
 20
393.75
 10
267.899
 20
393.111
 10
267.99
 20
390.466
 10
268.237
 20
389.891
 10
268.748
 20
389.763
 10
269.906
 20
389.827
 10
270.636
 20
390.01
 10
271.548
 20
390.01
 10
271.913
 20
390.192
 10
272.187
 20
390.192
 10
272.46
 20
390.374
 10
272.643
 20
390.374
 10
273.126
 20
390.712
 10
273.217
 20
390.894
 10
273.491
 20
390.986
 10
273.619
 20
391.223
 10
274.221
 20
391.533
 10
274.713
 20
391.953
 10
274.896
 20
391.989
 10
274.741
 20
391.743
 10
274.859
 20
391.715
 10
275.68
 20
392.536
 10
276.136
 20
393.175
 10
276.383
 20
394.023
 10
276.957
 20
394.817
 10
277.113
 20
395.209
 10
277.204
 20
395.848
 10
277.569
 20
397.034
 10
277.569
 20
398.128
 10
277.322
 20
398.885
 10
277.049
 20
399.433
 10
276.775
 20
399.706
 10
276.41
 20
399.98
 10
275.562
 20
400.318
 10
274.805
 20
400.254
 97
0
 92
2
 72
0
 73
1
 93
10
 10
273.491
 20
399.104
 10
273.71
 20
399.068
 10
272.123
 20
398.01
 10
272.032
 20
397.827
 10
271.028
 20
396.878
 10
271.001
 20
397.034
 10
271.338
 20
397.517
 10
271.886
 20
397.882
 10
272.524
 20
398.52
 10
273.436
 20
398.977
 97
0
 92
2
 72
0
 73
1
 93
5
 10
275.133
 20
397.097
 10
275.197
 20
397.034
 10
274.951
 20
396.641
 10
274.677
 20
396.422
 10
274.713
 20
396.605
 97
0
 92
2
 72
0
 73
1
 93
10
 10
276.866
 20
397.097
 10
277.021
 20
397.034
 10
276.839
 20
396.577
 10
276.839
 20
396.213
 10
276.41
 20
395.182
 10
275.534
 20
393.959
 10
275.042
 20
393.503
 10
275.078
 20
393.777
 10
275.589
 20
394.452
 10
276.045
 20
395.273
 97
0
 92
2
 72
0
 73
1
 93
5
 10
269.751
 20
395.182
 10
268.93
 20
393.412
 10
268.903
 20
393.567
 10
269.085
 20
394.115
 10
269.423
 20
394.78
 97
0
 92
2
 72
0
 73
1
 93
15
 10
272.214
 20
393.631
 10
272.278
 20
393.567
 10
272.214
 20
393.449
 10
271.94
 20
393.084
 10
271.429
 20
392.682
 10
271.302
 20
392.445
 10
271.065
 20
392.317
 10
270.481
 20
391.715
 10
269.842
 20
391.405
 10
269.97
 20
391.679
 10
270.244
 20
391.953
 10
270.481
 20
392.08
 10
271.065
 20
392.682
 10
271.302
 20
392.81
 10
271.886
 20
393.412
 97
0
 92
2
 72
0
 73
1
 93
11
 10
274.312
 20
392.81
 10
274.376
 20
392.746
 10
274.312
 20
392.628
 10
274.038
 20
392.263
 10
273.035
 20
391.351
 10
271.457
 20
390.557
 10
270.545
 20
390.283
 10
270.39
 20
390.311
 10
270.39
 20
390.438
 10
270.791
 20
390.675
 10
272.396
 20
391.442
 97
0
 75
0
 76
1
 98
0
  0
LWPOLYLINE
  5
386
330
17
100
AcDbEntity
  8
CUT
100
AcDbPolyline
 90
23
 70
1
 10
289.319
 20
408.856
 10
292.898
 20
408.866
 10
298.151
 20
406.68
 10
299.696
 20
405.746
 10
299.982
 20
403.143
 10
303.173
 20
403.072
 10
304.064
 20
402.53
 10
304.119
 20
395.652
 10
303.583
 20
393.043
 10
302.118
 20
390.521
 10
299.828
 20
388.639
 10
298.343
 20
388.07
 10
295.535
 20
387.655
 10
291.419
 20
387.665
 10
290.522
 20
388.362
 10
290.089
 20
390.185
 10
284.696
 20
392.561
 10
283.468
 20
393.364
 10
283.346
 20
397.305
 10
284.626
 20
400.413
 10
284.774
 20
402.398
 10
286.702
 20
404.16
 10
288.725
 20
408.243
  0
HATCH
  5
387
330
17
100
AcDbEntity
  8
RASTER
 62
7
100
AcDbHatch
 10
0.0
 20
0.0
 30
0.0
210
0.0
220
0.0
230
1.0
  2
SOLID
 70
1
 71
0
 91
15
 92
3
 72
0
 73
1
 93
99
 10
290.873
 20
407.314
 10
291.211
 20
407.342
 10
292.123
 20
406.977
 10
297.049
 20
404.879
 10
297.988
 20
404.359
 10
298.235
 20
403.784
 10
296.529
 20
399.889
 10
297.231
 20
400.226
 10
298.782
 20
400.682
 10
299.968
 20
400.774
 10
300.698
 20
400.591
 10
300.907
 20
400.746
 10
301.126
 20
401.257
 10
301.336
 20
401.412
 10
301.883
 20
401.412
 10
302.367
 20
401.166
 10
302.522
 20
400.865
 10
302.522
 20
400.318
 10
302.431
 20
400.044
 10
302.185
 20
399.56
 10
302.002
 20
399.378
 10
302.431
 20
398.493
 10
302.522
 20
398.037
 10
302.522
 20
397.034
 10
302.431
 20
396.851
 10
302.34
 20
395.939
 10
301.792
 20
394.115
 10
301.364
 20
393.266
 10
300.451
 20
391.989
 10
299.448
 20
390.986
 10
298.627
 20
390.438
 10
297.596
 20
389.918
 10
296.684
 20
389.645
 10
295.772
 20
389.553
 10
295.589
 20
389.462
 10
295.042
 20
389.462
 10
294.13
 20
389.28
 10
292.853
 20
389.28
 10
292.369
 20
389.526
 10
292.032
 20
390.101
 10
292.032
 20
391.56
 10
291.968
 20
391.679
 10
289.386
 20
392.746
 10
286.768
 20
393.959
 10
286.923
 20
394.023
 10
287.197
 20
393.932
 10
291.667
 20
392.016
 10
292.004
 20
392.044
 10
292.123
 20
392.29
 10
292.214
 20
392.564
 10
292.123
 20
392.929
 10
292.123
 20
393.658
 10
292.305
 20
394.297
 10
292.305
 20
394.662
 10
292.67
 20
395.756
 10
293.126
 20
396.577
 10
293.126
 20
396.76
 10
293.062
 20
396.878
 10
292.67
 20
397.034
 10
291.758
 20
397.034
 10
291.576
 20
396.942
 10
291.211
 20
396.942
 10
290.572
 20
396.669
 10
290.362
 20
396.733
 10
289.751
 20
398.128
 10
289.541
 20
398.922
 10
289.322
 20
399.25
 10
289.021
 20
399.405
 10
288.2
 20
399.588
 10
287.744
 20
399.588
 10
287.379
 20
399.861
 10
286.987
 20
399.798
 10
286.403
 20
398.648
 10
286.075
 20
398.156
 10
285.737
 20
397.307
 10
285.373
 20
396.669
 10
285.19
 20
396.213
 10
285.19
 20
395.939
 10
285.008
 20
395.574
 10
285.008
 20
395.3
 10
285.163
 20
394.999
 10
285.436
 20
394.726
 10
286.713
 20
394.051
 10
286.376
 20
394.115
 10
285.345
 20
394.634
 10
285.071
 20
394.908
 10
284.916
 20
395.209
 10
284.916
 20
395.756
 10
285.19
 20
396.577
 10
286.923
 20
400.044
 10
286.349
 20
400.29
 10
286.285
 20
400.774
 10
286.677
 20
401.294
 10
286.859
 20
401.385
 10
287.443
 20
401.987
 10
287.954
 20
402.297
 10
288.173
 20
402.261
 10
290.454
 20
406.913
 10
290.636
 20
407.186
 97
0
 92
2
 72
0
 73
1
 93
12
 10
291.028
 20
406.703
 10
290.873
 20
406.584
 10
289.842
 20
404.331
 10
290.116
 20
404.149
 10
290.481
 20
404.149
 10
291.758
 20
403.51
 10
292.214
 20
403.419
 10
292.424
 20
403.574
 10
293.281
 20
405.362
 10
293.555
 20
405.672
 10
293.4
 20
405.882
 10
291.576
 20
406.612
 97
0
 92
2
 72
0
 73
1
 93
12
 10
291.238
 20
406.037
 10
291.694
 20
406.001
 10
291.968
 20
405.818
 10
292.059
 20
405.544
 10
292.187
 20
405.453
 10
291.94
 20
405.517
 10
291.42
 20
405.034
 10
291.028
 20
404.97
 10
290.846
 20
404.787
 10
290.755
 20
404.879
 10
290.937
 20
405.243
 10
290.846
 20
405.426
 97
0
 92
2
 72
0
 73
1
 93
17
 10
294.495
 20
405.335
 10
294.221
 20
405.061
 10
294.221
 20
404.879
 10
293.309
 20
402.872
 10
293.4
 20
402.78
 10
293.674
 20
402.78
 10
294.586
 20
402.507
 10
295.407
 20
402.051
 10
295.772
 20
401.959
 10
296.045
 20
402.233
 10
296.319
 20
403.054
 10
296.292
 20
403.446
 10
296.474
 20
403.446
 10
296.529
 20
403.939
 10
296.802
 20
404.03
 10
296.958
 20
404.331
 10
295.68
 20
404.97
 97
0
 92
2
 72
0
 73
1
 93
21
 10
289.386
 20
403.328
 10
289.113
 20
403.054
 10
288.565
 20
401.777
 10
288.565
 20
401.503
 10
288.684
 20
401.348
 10
288.812
 20
401.385
 10
289.569
 20
401.047
 10
289.815
 20
401.075
 10
289.934
 20
401.321
 10
290.025
 20
401.23
 10
290.089
 20
400.837
 10
290.271
 20
400.655
 10
290.481
 20
400.591
 10
290.727
 20
400.801
 10
290.782
 20
401.202
 10
291.056
 20
401.385
 10
291.147
 20
401.658
 10
291.548
 20
401.804
 10
291.913
 20
402.206
 10
291.785
 20
402.352
 10
291.302
 20
402.598
 97
0
 92
2
 72
0
 73
1
 93
25
 10
287.991
 20
401.932
 10
287.717
 20
401.804
 10
286.805
 20
400.892
 10
286.677
 20
400.619
 10
287.534
 20
400.29
 10
287.717
 20
399.925
 10
287.927
 20
399.77
 10
288.656
 20
399.77
 10
289.113
 20
399.679
 10
289.596
 20
399.433
 10
289.842
 20
398.949
 10
290.116
 20
397.763
 10
290.454
 20
397.097
 10
290.846
 20
397.034
 10
291.576
 20
397.216
 10
292.761
 20
397.216
 10
293.218
 20
397.034
 10
293.427
 20
397.189
 10
293.829
 20
397.791
 10
293.582
 20
397.946
 10
291.484
 20
397.855
 10
291.183
 20
398.01
 10
290.052
 20
400.162
 10
288.538
 20
401.02
 10
288.264
 20
401.294
 97
0
 92
2
 72
0
 73
1
 93
34
 10
292.944
 20
401.686
 10
292.734
 20
401.531
 10
292.579
 20
401.23
 10
291.785
 20
399.341
 10
292.305
 20
399.04
 10
294.13
 20
398.311
 10
294.312
 20
398.584
 10
294.312
 20
398.858
 10
294.495
 20
399.314
 10
294.431
 20
399.706
 10
294.13
 20
399.953
 10
294.194
 20
400.199
 10
293.883
 20
400.199
 10
293.765
 20
399.953
 10
293.582
 20
400.226
 10
293.464
 20
399.889
 10
293.035
 20
399.861
 10
292.853
 20
399.953
 10
292.734
 20
399.706
 10
292.579
 20
399.679
 10
292.397
 20
399.861
 10
292.606
 20
400.564
 10
293.126
 20
401.139
 10
293.674
 20
400.956
 10
293.947
 20
400.774
 10
294.194
 20
400.746
 10
294.248
 20
400.436
 10
294.495
 20
400.5
 10
294.677
 20
400.318
 10
295.161
 20
400.381
 10
295.316
 20
400.682
 10
294.859
 20
400.956
 10
294.586
 20
400.956
 10
294.312
 20
401.139
 97
0
 92
2
 72
0
 73
1
 93
8
 10
301.61
 20
400.956
 10
301.491
 20
400.892
 10
301.245
 20
400.318
 10
301.582
 20
400.016
 10
301.792
 20
399.953
 10
301.975
 20
400.226
 10
302.066
 20
400.591
 10
301.911
 20
400.801
 97
0
 92
2
 72
0
 73
1
 93
45
 10
299.147
 20
400.318
 10
298.964
 20
400.226
 10
298.508
 20
400.226
 10
297.596
 20
399.953
 10
295.471
 20
398.703
 10
294.467
 20
397.791
 10
293.555
 20
396.514
 10
292.761
 20
394.844
 10
292.761
 20
394.571
 10
292.579
 20
394.115
 10
292.579
 20
393.75
 10
292.397
 20
393.111
 10
292.488
 20
390.466
 10
292.734
 20
389.891
 10
293.245
 20
389.763
 10
294.403
 20
389.827
 10
295.133
 20
390.01
 10
296.045
 20
390.01
 10
296.41
 20
390.192
 10
296.684
 20
390.192
 10
296.958
 20
390.374
 10
297.14
 20
390.374
 10
297.623
 20
390.712
 10
297.715
 20
390.894
 10
297.988
 20
390.986
 10
298.116
 20
391.223
 10
298.718
 20
391.533
 10
299.211
 20
391.953
 10
299.393
 20
391.989
 10
299.238
 20
391.743
 10
299.357
 20
391.715
 10
300.178
 20
392.536
 10
300.634
 20
393.175
 10
300.88
 20
394.023
 10
301.455
 20
394.817
 10
301.61
 20
395.209
 10
301.701
 20
395.848
 10
302.066
 20
397.034
 10
302.066
 20
398.128
 10
301.82
 20
398.885
 10
301.546
 20
399.433
 10
301.272
 20
399.706
 10
300.907
 20
399.98
 10
300.059
 20
400.318
 10
299.302
 20
400.254
 97
0
 92
2
 72
0
 73
1
 93
10
 10
297.988
 20
399.104
 10
298.207
 20
399.068
 10
296.62
 20
398.01
 10
296.529
 20
397.827
 10
295.525
 20
396.878
 10
295.498
 20
397.034
 10
295.836
 20
397.517
 10
296.383
 20
397.882
 10
297.021
 20
398.52
 10
297.934
 20
398.977
 97
0
 92
2
 72
0
 73
1
 93
5
 10
299.63
 20
397.097
 10
299.694
 20
397.034
 10
299.448
 20
396.641
 10
299.174
 20
396.422
 10
299.211
 20
396.605
 97
0
 92
2
 72
0
 73
1
 93
10
 10
301.364
 20
397.097
 10
301.519
 20
397.034
 10
301.336
 20
396.577
 10
301.336
 20
396.213
 10
300.907
 20
395.182
 10
300.032
 20
393.959
 10
299.539
 20
393.503
 10
299.576
 20
393.777
 10
300.086
 20
394.452
 10
300.543
 20
395.273
 97
0
 92
2
 72
0
 73
1
 93
5
 10
294.248
 20
395.182
 10
293.427
 20
393.412
 10
293.4
 20
393.567
 10
293.582
 20
394.115
 10
293.92
 20
394.78
 97
0
 92
2
 72
0
 73
1
 93
15
 10
296.711
 20
393.631
 10
296.775
 20
393.567
 10
296.711
 20
393.449
 10
296.438
 20
393.084
 10
295.927
 20
392.682
 10
295.799
 20
392.445
 10
295.562
 20
392.317
 10
294.978
 20
391.715
 10
294.34
 20
391.405
 10
294.467
 20
391.679
 10
294.741
 20
391.953
 10
294.978
 20
392.08
 10
295.562
 20
392.682
 10
295.799
 20
392.81
 10
296.383
 20
393.412
 97
0
 92
2
 72
0
 73
1
 93
11
 10
298.809
 20
392.81
 10
298.873
 20
392.746
 10
298.809
 20
392.628
 10
298.536
 20
392.263
 10
297.532
 20
391.351
 10
295.954
 20
390.557
 10
295.042
 20
390.283
 10
294.887
 20
390.311
 10
294.887
 20
390.438
 10
295.288
 20
390.675
 10
296.894
 20
391.442
 97
0
 75
0
 76
1
 98
0
  0
LWPOLYLINE
  5
388
330
17
100
AcDbEntity
  8
CUT
100
AcDbPolyline
 90
23
 70
1
 10
313.816
 20
408.856
 10
317.395
 20
408.866
 10
322.648
 20
406.68
 10
324.193
 20
405.746
 10
324.479
 20
403.143
 10
327.671
 20
403.072
 10
328.561
 20
402.53
 10
328.617
 20
395.652
 10
328.08
 20
393.043
 10
326.615
 20
390.521
 10
324.325
 20
388.639
 10
322.84
 20
388.07
 10
320.033
 20
387.655
 10
315.916
 20
387.665
 10
315.02
 20
388.362
 10
314.587
 20
390.185
 10
309.193
 20
392.561
 10
307.965
 20
393.364
 10
307.843
 20
397.305
 10
309.123
 20
400.413
 10
309.272
 20
402.398
 10
311.199
 20
404.16
 10
313.223
 20
408.243
  0
HATCH
  5
389
330
17
100
AcDbEntity
  8
RASTER
 62
7
100
AcDbHatch
 10
0.0
 20
0.0
 30
0.0
210
0.0
220
0.0
230
1.0
  2
SOLID
 70
1
 71
0
 91
15
 92
3
 72
0
 73
1
 93
99
 10
315.37
 20
407.314
 10
315.708
 20
407.342
 10
316.62
 20
406.977
 10
321.546
 20
404.879
 10
322.486
 20
404.359
 10
322.732
 20
403.784
 10
321.026
 20
399.889
 10
321.729
 20
400.226
 10
323.279
 20
400.682
 10
324.465
 20
400.774
 10
325.195
 20
400.591
 10
325.405
 20
400.746
 10
325.624
 20
401.257
 10
325.833
 20
401.412
 10
326.381
 20
401.412
 10
326.864
 20
401.166
 10
327.019
 20
400.865
 10
327.019
 20
400.318
 10
326.928
 20
400.044
 10
326.682
 20
399.56
 10
326.499
 20
399.378
 10
326.928
 20
398.493
 10
327.019
 20
398.037
 10
327.019
 20
397.034
 10
326.928
 20
396.851
 10
326.837
 20
395.939
 10
326.29
 20
394.115
 10
325.861
 20
393.266
 10
324.949
 20
391.989
 10
323.945
 20
390.986
 10
323.124
 20
390.438
 10
322.093
 20
389.918
 10
321.181
 20
389.645
 10
320.269
 20
389.553
 10
320.087
 20
389.462
 10
319.539
 20
389.462
 10
318.627
 20
389.28
 10
317.35
 20
389.28
 10
316.866
 20
389.526
 10
316.529
 20
390.101
 10
316.529
 20
391.56
 10
316.465
 20
391.679
 10
313.884
 20
392.746
 10
311.266
 20
393.959
 10
311.421
 20
394.023
 10
311.694
 20
393.932
 10
316.164
 20
392.016
 10
316.502
 20
392.044
 10
316.62
 20
392.29
 10
316.711
 20
392.564
 10
316.62
 20
392.929
 10
316.62
 20
393.658
 10
316.803
 20
394.297
 10
316.803
 20
394.662
 10
317.168
 20
395.756
 10
317.624
 20
396.577
 10
317.624
 20
396.76
 10
317.56
 20
396.878
 10
317.168
 20
397.034
 10
316.255
 20
397.034
 10
316.073
 20
396.942
 10
315.708
 20
396.942
 10
315.069
 20
396.669
 10
314.86
 20
396.733
 10
314.248
 20
398.128
 10
314.039
 20
398.922
 10
313.82
 20
399.25
 10
313.519
 20
399.405
 10
312.698
 20
399.588
 10
312.242
 20
399.588
 10
311.877
 20
399.861
 10
311.484
 20
399.798
 10
310.901
 20
398.648
 10
310.572
 20
398.156
 10
310.235
 20
397.307
 10
309.87
 20
396.669
 10
309.687
 20
396.213
 10
309.687
 20
395.939
 10
309.505
 20
395.574
 10
309.505
 20
395.3
 10
309.66
 20
394.999
 10
309.934
 20
394.726
 10
311.211
 20
394.051
 10
310.873
 20
394.115
 10
309.842
 20
394.634
 10
309.569
 20
394.908
 10
309.414
 20
395.209
 10
309.414
 20
395.756
 10
309.687
 20
396.577
 10
311.421
 20
400.044
 10
310.846
 20
400.29
 10
310.782
 20
400.774
 10
311.174
 20
401.294
 10
311.357
 20
401.385
 10
311.941
 20
401.987
 10
312.451
 20
402.297
 10
312.67
 20
402.261
 10
314.951
 20
406.913
 10
315.133
 20
407.186
 97
0
 92
2
 72
0
 73
1
 93
12
 10
315.526
 20
406.703
 10
315.37
 20
406.584
 10
314.34
 20
404.331
 10
314.613
 20
404.149
 10
314.978
 20
404.149
 10
316.255
 20
403.51
 10
316.711
 20
403.419
 10
316.921
 20
403.574
 10
317.779
 20
405.362
 10
318.052
 20
405.672
 10
317.897
 20
405.882
 10
316.073
 20
406.612
 97
0
 92
2
 72
0
 73
1
 93
12
 10
315.735
 20
406.037
 10
316.191
 20
406.001
 10
316.465
 20
405.818
 10
316.556
 20
405.544
 10
316.684
 20
405.453
 10
316.438
 20
405.517
 10
315.918
 20
405.034
 10
315.526
 20
404.97
 10
315.343
 20
404.787
 10
315.252
 20
404.879
 10
315.434
 20
405.243
 10
315.343
 20
405.426
 97
0
 92
2
 72
0
 73
1
 93
17
 10
318.992
 20
405.335
 10
318.718
 20
405.061
 10
318.718
 20
404.879
 10
317.806
 20
402.872
 10
317.897
 20
402.78
 10
318.171
 20
402.78
 10
319.083
 20
402.507
 10
319.904
 20
402.051
 10
320.269
 20
401.959
 10
320.543
 20
402.233
 10
320.816
 20
403.054
 10
320.789
 20
403.446
 10
320.971
 20
403.446
 10
321.026
 20
403.939
 10
321.3
 20
404.03
 10
321.455
 20
404.331
 10
320.178
 20
404.97
 97
0
 92
2
 72
0
 73
1
 93
21
 10
313.884
 20
403.328
 10
313.61
 20
403.054
 10
313.063
 20
401.777
 10
313.063
 20
401.503
 10
313.181
 20
401.348
 10
313.309
 20
401.385
 10
314.066
 20
401.047
 10
314.312
 20
401.075
 10
314.431
 20
401.321
 10
314.522
 20
401.23
 10
314.586
 20
400.837
 10
314.768
 20
400.655
 10
314.978
 20
400.591
 10
315.225
 20
400.801
 10
315.279
 20
401.202
 10
315.553
 20
401.385
 10
315.644
 20
401.658
 10
316.045
 20
401.804
 10
316.41
 20
402.206
 10
316.283
 20
402.352
 10
315.799
 20
402.598
 97
0
 92
2
 72
0
 73
1
 93
25
 10
312.488
 20
401.932
 10
312.214
 20
401.804
 10
311.302
 20
400.892
 10
311.174
 20
400.619
 10
312.032
 20
400.29
 10
312.214
 20
399.925
 10
312.424
 20
399.77
 10
313.154
 20
399.77
 10
313.61
 20
399.679
 10
314.093
 20
399.433
 10
314.34
 20
398.949
 10
314.613
 20
397.763
 10
314.951
 20
397.097
 10
315.343
 20
397.034
 10
316.073
 20
397.216
 10
317.259
 20
397.216
 10
317.715
 20
397.034
 10
317.925
 20
397.189
 10
318.326
 20
397.791
 10
318.08
 20
397.946
 10
315.982
 20
397.855
 10
315.681
 20
398.01
 10
314.549
 20
400.162
 10
313.035
 20
401.02
 10
312.762
 20
401.294
 97
0
 92
2
 72
0
 73
1
 93
34
 10
317.441
 20
401.686
 10
317.231
 20
401.531
 10
317.076
 20
401.23
 10
316.283
 20
399.341
 10
316.803
 20
399.04
 10
318.627
 20
398.311
 10
318.809
 20
398.584
 10
318.809
 20
398.858
 10
318.992
 20
399.314
 10
318.928
 20
399.706
 10
318.627
 20
399.953
 10
318.691
 20
400.199
 10
318.381
 20
400.199
 10
318.262
 20
399.953
 10
318.08
 20
400.226
 10
317.961
 20
399.889
 10
317.532
 20
399.861
 10
317.35
 20
399.953
 10
317.231
 20
399.706
 10
317.076
 20
399.679
 10
316.894
 20
399.861
 10
317.104
 20
400.564
 10
317.624
 20
401.139
 10
318.171
 20
400.956
 10
318.445
 20
400.774
 10
318.691
 20
400.746
 10
318.746
 20
400.436
 10
318.992
 20
400.5
 10
319.174
 20
400.318
 10
319.658
 20
400.381
 10
319.813
 20
400.682
 10
319.357
 20
400.956
 10
319.083
 20
400.956
 10
318.809
 20
401.139
 97
0
 92
2
 72
0
 73
1
 93
8
 10
326.107
 20
400.956
 10
325.989
 20
400.892
 10
325.742
 20
400.318
 10
326.08
 20
400.016
 10
326.29
 20
399.953
 10
326.472
 20
400.226
 10
326.563
 20
400.591
 10
326.408
 20
400.801
 97
0
 92
2
 72
0
 73
1
 93
45
 10
323.644
 20
400.318
 10
323.462
 20
400.226
 10
323.006
 20
400.226
 10
322.093
 20
399.953
 10
319.968
 20
398.703
 10
318.965
 20
397.791
 10
318.052
 20
396.514
 10
317.259
 20
394.844
 10
317.259
 20
394.571
 10
317.076
 20
394.115
 10
317.076
 20
393.75
 10
316.894
 20
393.111
 10
316.985
 20
390.466
 10
317.231
 20
389.891
 10
317.742
 20
389.763
 10
318.901
 20
389.827
 10
319.63
 20
390.01
 10
320.543
 20
390.01
 10
320.908
 20
390.192
 10
321.181
 20
390.192
 10
321.455
 20
390.374
 10
321.637
 20
390.374
 10
322.121
 20
390.712
 10
322.212
 20
390.894
 10
322.486
 20
390.986
 10
322.613
 20
391.223
 10
323.215
 20
391.533
 10
323.708
 20
391.953
 10
323.89
 20
391.989
 10
323.735
 20
391.743
 10
323.854
 20
391.715
 10
324.675
 20
392.536
 10
325.131
 20
393.175
 10
325.377
 20
394.023
 10
325.952
 20
394.817
 10
326.107
 20
395.209
 10
326.198
 20
395.848
 10
326.563
 20
397.034
 10
326.563
 20
398.128
 10
326.317
 20
398.885
 10
326.043
 20
399.433
 10
325.77
 20
399.706
 10
325.405
 20
399.98
 10
324.556
 20
400.318
 10
323.799
 20
400.254
 97
0
 92
2
 72
0
 73
1
 93
10
 10
322.486
 20
399.104
 10
322.705
 20
399.068
 10
321.117
 20
398.01
 10
321.026
 20
397.827
 10
320.023
 20
396.878
 10
319.995
 20
397.034
 10
320.333
 20
397.517
 10
320.88
 20
397.882
 10
321.519
 20
398.52
 10
322.431
 20
398.977
 97
0
 92
2
 72
0
 73
1
 93
5
 10
324.128
 20
397.097
 10
324.192
 20
397.034
 10
323.945
 20
396.641
 10
323.672
 20
396.422
 10
323.708
 20
396.605
 97
0
 92
2
 72
0
 73
1
 93
10
 10
325.861
 20
397.097
 10
326.016
 20
397.034
 10
325.833
 20
396.577
 10
325.833
 20
396.213
 10
325.405
 20
395.182
 10
324.529
 20
393.959
 10
324.036
 20
393.503
 10
324.073
 20
393.777
 10
324.584
 20
394.452
 10
325.04
 20
395.273
 97
0
 92
2
 72
0
 73
1
 93
5
 10
318.746
 20
395.182
 10
317.925
 20
393.412
 10
317.897
 20
393.567
 10
318.08
 20
394.115
 10
318.417
 20
394.78
 97
0
 92
2
 72
0
 73
1
 93
15
 10
321.209
 20
393.631
 10
321.272
 20
393.567
 10
321.209
 20
393.449
 10
320.935
 20
393.084
 10
320.424
 20
392.682
 10
320.296
 20
392.445
 10
320.059
 20
392.317
 10
319.475
 20
391.715
 10
318.837
 20
391.405
 10
318.965
 20
391.679
 10
319.238
 20
391.953
 10
319.475
 20
392.08
 10
320.059
 20
392.682
 10
320.296
 20
392.81
 10
320.88
 20
393.412
 97
0
 92
2
 72
0
 73
1
 93
11
 10
323.307
 20
392.81
 10
323.371
 20
392.746
 10
323.307
 20
392.628
 10
323.033
 20
392.263
 10
322.03
 20
391.351
 10
320.451
 20
390.557
 10
319.539
 20
390.283
 10
319.384
 20
390.311
 10
319.384
 20
390.438
 10
319.786
 20
390.675
 10
321.391
 20
391.442
 97
0
 75
0
 76
1
 98
0
  0
LWPOLYLINE
  5
38A
330
17
100
AcDbEntity
  8
CUT
100
AcDbPolyline
 90
29
 70
1
 10
339.207
 20
408.866
 10
343.122
 20
408.778
 10
344.959
 20
406.866
 10
346.841
 20
407.747
 10
350.697
 20
407.659
 10
352.745
 20
406.128
 10
353.172
 20
404.033
 10
353.896
 20
402.825
 10
353.964
 20
399.196
 10
353.595
 20
398.068
 10
351.113
 20
395.088
 10
350.222
 20
392.977
 10
348.296
 20
391.903
 10
345.57
 20
388.889
 10
344.601
 20
388.344
 10
340.801
 20
388.267
 10
339.084
 20
388.61
 10
338.015
 20
389.339
 10
337.195
 20
390.569
 10
334.931
 20
390.748
 10
333.708
 20
391.314
 10
332.833
 20
392.229
 10
332.341
 20
393.244
 10
332.409
 20
398.249
 10
333.139
 20
399.242
 10
336.716
 20
401.567
 10
336.369
 20
403.127
 10
336.496
 20
406.892
 10
336.998
 20
407.541
  0
HATCH
  5
38B
330
17
100
AcDbEntity
  8
RASTER
 62
7
100
AcDbHatch
 10
0.0
 20
0.0
 30
0.0
210
0.0
220
0.0
230
1.0
  2
SOLID
 70
1
 71
0
 91
15
 92
3
 72
0
 73
1
 93
62
 10
340.65
 20
407.13
 10
341.292
 20
407.159
 10
341.99
 20
406.805
 10
344.287
 20
403.551
 10
347.291
 20
405.561
 10
348.181
 20
406.011
 10
348.946
 20
406.011
 10
349.454
 20
405.752
 10
349.645
 20
405.561
 10
349.97
 20
404.929
 10
350.573
 20
404.862
 10
350.985
 20
404.604
 10
351.339
 20
403.906
 10
351.339
 20
403.044
 10
351.176
 20
402.633
 10
350.985
 20
402.403
 10
351.654
 20
402.116
 10
351.941
 20
401.829
 10
352.295
 20
400.939
 10
352.2
 20
400.269
 10
351.75
 20
399.475
 10
349.205
 20
396.471
 10
349.138
 20
395.772
 10
348.946
 20
395.198
 10
348.688
 20
394.787
 10
348.018
 20
394.213
 10
346.717
 20
393.696
 10
346.296
 20
393.16
 10
345.76
 20
392.643
 10
345.626
 20
392.395
 10
344.899
 20
391.686
 10
344.765
 20
391.438
 10
343.712
 20
390.385
 10
343.014
 20
390.031
 10
341.674
 20
390.031
 10
340.717
 20
390.318
 10
339.923
 20
390.768
 10
339.541
 20
391.151
 10
339.186
 20
391.753
 10
339.091
 20
392.04
 10
339.062
 20
393.16
 10
338.038
 20
392.519
 10
337.368
 20
392.328
 10
336.603
 20
392.423
 10
335.522
 20
392.873
 10
335.235
 20
393.064
 10
334.469
 20
393.925
 10
334.019
 20
394.911
 10
334.019
 20
395.389
 10
333.924
 20
395.581
 10
334.115
 20
396.633
 10
334.565
 20
397.428
 10
340.115
 20
400.968
 10
339.024
 20
402.69
 10
338.488
 20
403.398
 10
338.134
 20
404.097
 10
338.038
 20
404.767
 10
338.354
 20
405.599
 10
338.584
 20
405.848
 10
339.091
 20
406.106
 10
339.636
 20
406.135
 10
340.019
 20
406.805
 97
0
 92
2
 72
0
 73
1
 93
17
 10
340.813
 20
406.68
 10
340.306
 20
406.422
 10
340.143
 20
406.106
 10
340.21
 20
405.695
 10
341.033
 20
404.604
 10
342.411
 20
402.537
 10
343.808
 20
400.681
 10
344.612
 20
399.38
 10
345.435
 20
398.289
 10
346.143
 20
397.179
 10
346.239
 20
397.141
 10
346.621
 20
397.715
 10
347.224
 20
397.973
 10
347.769
 20
398.002
 10
345.282
 20
401.293
 10
341.799
 20
406.326
 10
341.292
 20
406.68
 97
0
 92
2
 72
0
 73
1
 93
25
 10
339.091
 20
405.628
 10
338.775
 20
405.465
 10
338.517
 20
404.958
 10
338.517
 20
404.384
 10
338.679
 20
404.068
 10
342.086
 20
399.054
 10
343.846
 20
396.184
 10
344.229
 20
396.853
 10
344.516
 20
397.141
 10
345.473
 20
397.523
 10
345.435
 20
397.619
 10
343.368
 20
400.336
 10
340.497
 20
404.451
 10
340.363
 20
404.413
 10
340.363
 20
404.547
 10
340.172
 20
404.317
 10
340.306
 20
404.642
 10
340.115
 20
404.508
 10
340.019
 20
404.547
 10
339.445
 20
405.216
 10
339.378
 20
405.341
 10
339.474
 20
405.436
 10
339.885
 20
405.178
 10
339.885
 20
405.274
 10
339.282
 20
405.628
 97
0
 92
2
 72
0
 73
1
 93
17
 10
348.564
 20
405.628
 10
348.181
 20
405.532
 10
347.387
 20
405.082
 10
344.708
 20
403.264
 10
344.641
 20
403.044
 10
344.899
 20
402.633
 10
345.186
 20
402.403
 10
345.951
 20
402.977
 10
347.578
 20
403.934
 10
347.703
 20
404.001
 10
347.865
 20
403.934
 10
347.961
 20
404.068
 10
348.085
 20
403.714
 10
349.262
 20
404.451
 10
349.492
 20
404.7
 10
349.358
 20
405.082
 10
349.166
 20
405.37
 97
0
 92
2
 72
0
 73
1
 93
26
 10
350.19
 20
404.384
 10
349.3
 20
403.934
 10
345.817
 20
401.58
 10
345.856
 20
401.293
 10
346.813
 20
400.049
 10
346.966
 20
400.049
 10
348.114
 20
400.911
 10
348.181
 20
401.035
 10
348.114
 20
401.102
 10
347.731
 20
400.777
 10
347.865
 20
401.102
 10
347.636
 20
400.968
 10
347.674
 20
401.198
 10
347.253
 20
401.159
 10
347.387
 20
401.446
 10
347.769
 20
401.733
 10
349.071
 20
402.537
 10
349.166
 20
402.499
 10
349.233
 20
402.279
 10
349.588
 20
402.346
 10
349.521
 20
402.087
 10
349.588
 20
402.021
 10
350.736
 20
402.786
 10
350.86
 20
403.044
 10
350.86
 20
403.81
 10
350.602
 20
404.317
 97
0
 92
2
 72
0
 73
1
 93
29
 10
350.764
 20
401.896
 10
347.798
 20
398.834
 10
348.152
 20
398.231
 10
349.042
 20
397.112
 10
349.358
 20
397.37
 10
349.492
 20
397.619
 10
349.932
 20
398.04
 10
350.066
 20
398.289
 10
351.052
 20
399.408
 10
350.985
 20
399.475
 10
350.889
 20
399.284
 10
350.257
 20
398.672
 10
350.028
 20
398.672
 10
350.257
 20
398.997
 10
349.932
 20
398.863
 10
349.97
 20
399.093
 10
349.741
 20
399.054
 10
349.932
 20
399.38
 10
350.697
 20
400.145
 10
350.793
 20
399.915
 10
350.889
 20
400.049
 10
350.985
 20
399.915
 10
351.31
 20
399.954
 10
351.147
 20
399.695
 10
351.272
 20
399.667
 10
351.721
 20
400.365
 10
351.817
 20
400.844
 10
351.559
 20
401.542
 10
351.147
 20
401.896
 97
0
 92
2
 72
0
 73
1
 93
11
 10
339.761
 20
400.174
 10
337.34
 20
398.672
 10
336.192
 20
397.906
 10
336.153
 20
397.81
 10
336.823
 20
397.523
 10
337.34
 20
396.987
 10
337.493
 20
396.987
 10
340.363
 20
399.093
 10
340.43
 20
399.313
 10
340.172
 20
399.82
 10
339.981
 20
400.107
 97
0
 92
2
 72
0
 73
1
 93
7
 10
347.32
 20
399.6
 10
347.224
 20
399.504
 10
347.291
 20
399.38
 10
347.511
 20
399.217
 10
347.865
 20
399.533
 10
347.54
 20
399.341
 10
347.348
 20
399.437
 97
0
 92
2
 72
0
 73
1
 93
12
 10
341.167
 20
398.231
 10
340.88
 20
398.097
 10
338.038
 20
396.059
 10
338.641
 20
395.705
 10
339.024
 20
395.227
 10
339.186
 20
394.815
 10
339.215
 20
394.079
 10
340.746
 20
395.265
 10
341.741
 20
396.184
 10
341.77
 20
396.92
 10
341.674
 20
397.399
 10
341.416
 20
398.002
 97
0
 92
2
 72
0
 73
1
 93
47
 10
347.224
 20
397.59
 10
346.908
 20
397.428
 10
346.621
 20
397.141
 10
346.554
 20
396.538
 10
346.813
 20
396.222
 10
347.224
 20
396.155
 10
347.253
 20
396.279
 10
346.937
 20
396.633
 10
347.004
 20
396.949
 10
347.415
 20
397.208
 10
348.018
 20
396.949
 10
348.277
 20
396.442
 10
348.277
 20
395.964
 10
348.114
 20
395.552
 10
347.827
 20
395.169
 10
347.128
 20
394.72
 10
346.459
 20
394.528
 10
345.789
 20
394.624
 10
345.186
 20
394.882
 10
344.899
 20
395.169
 10
344.641
 20
395.772
 10
344.803
 20
396.279
 10
345.119
 20
396.538
 10
345.626
 20
396.471
 10
345.693
 20
396.059
 10
345.502
 20
395.772
 10
345.597
 20
395.677
 10
345.817
 20
395.744
 10
346.076
 20
396.059
 10
346.009
 20
396.758
 10
345.722
 20
397.045
 10
345.31
 20
397.112
 10
344.612
 20
396.758
 10
344.258
 20
396.155
 10
344.258
 20
395.485
 10
344.516
 20
394.978
 10
344.803
 20
394.691
 10
345.789
 20
394.241
 10
346.746
 20
394.241
 10
347.128
 20
394.337
 10
348.018
 20
394.787
 10
348.305
 20
395.074
 10
348.659
 20
395.772
 10
348.659
 20
396.538
 10
348.401
 20
397.045
 10
348.018
 20
397.428
 10
347.703
 20
397.59
 97
0
 92
2
 72
0
 73
1
 93
52
 10
335.837
 20
397.495
 10
335.33
 20
397.332
 10
334.756
 20
396.949
 10
334.402
 20
396.059
 10
334.402
 20
395.294
 10
334.498
 20
394.911
 10
334.948
 20
394.021
 10
335.617
 20
393.351
 10
336.316
 20
392.997
 10
336.986
 20
392.806
 10
337.847
 20
392.902
 10
338.45
 20
393.256
 10
338.804
 20
393.954
 10
338.804
 20
394.815
 10
338.641
 20
395.227
 10
338.258
 20
395.61
 10
337.464
 20
395.677
 10
337.148
 20
395.418
 10
336.986
 20
395.102
 10
336.986
 20
394.624
 10
337.11
 20
394.366
 10
337.244
 20
394.366
 10
337.435
 20
394.94
 10
337.751
 20
395.102
 10
338.163
 20
394.844
 10
338.297
 20
394.404
 10
338.067
 20
393.734
 10
337.876
 20
393.543
 10
337.273
 20
393.284
 10
336.794
 20
393.284
 10
336.0
 20
393.638
 10
335.33
 20
394.213
 10
334.976
 20
394.815
 10
334.785
 20
395.389
 10
334.785
 20
395.772
 10
335.043
 20
396.471
 10
335.33
 20
396.758
 10
335.646
 20
396.92
 10
336.125
 20
396.92
 10
336.44
 20
396.758
 10
336.603
 20
396.442
 10
336.603
 20
396.059
 10
336.479
 20
395.801
 10
336.058
 20
395.648
 10
336.096
 20
395.456
 10
336.22
 20
395.389
 10
336.603
 20
395.389
 10
336.957
 20
395.61
 10
337.273
 20
396.251
 10
337.206
 20
396.566
 10
336.823
 20
397.141
 10
336.316
 20
397.399
 97
0
 92
2
 72
0
 73
1
 93
14
 10
340.842
 20
396.509
 10
340.976
 20
396.509
 10
340.938
 20
396.375
 10
341.129
 20
396.184
 10
341.225
 20
396.318
 10
341.359
 20
396.318
 10
341.167
 20
395.897
 10
341.004
 20
395.964
 10
340.784
 20
395.801
 10
340.555
 20
395.801
 10
340.593
 20
396.031
 10
340.402
 20
395.897
 10
340.172
 20
395.897
 10
340.402
 20
396.184
 97
0
 92
2
 72
0
 73
1
 93
13
 10
342.411
 20
396.031
 10
341.741
 20
395.514
 10
341.129
 20
394.882
 10
340.88
 20
394.748
 10
340.555
 20
394.366
 10
341.004
 20
394.241
 10
341.55
 20
393.887
 10
341.646
 20
394.079
 10
342.602
 20
395.035
 10
342.89
 20
395.074
 10
342.985
 20
394.94
 10
342.918
 20
395.389
 10
342.756
 20
395.705
 97
0
 92
2
 72
0
 73
1
 93
9
 10
343.464
 20
394.787
 10
342.564
 20
393.887
 10
343.521
 20
393.504
 10
343.999
 20
392.93
 10
344.162
 20
392.423
 10
344.325
 20
392.261
 10
344.449
 20
393.38
 10
344.258
 20
393.954
 10
343.999
 20
394.366
 97
0
 92
2
 72
0
 73
1
 93
51
 10
340.239
 20
393.954
 10
339.732
 20
393.6
 10
339.474
 20
393.093
 10
339.474
 20
392.328
 10
339.732
 20
391.725
 10
340.402
 20
391.055
 10
341.387
 20
390.605
 10
342.373
 20
390.443
 10
342.918
 20
390.51
 10
343.425
 20
390.768
 10
343.617
 20
390.959
 10
343.875
 20
391.466
 10
343.875
 20
392.423
 10
343.617
 20
392.93
 10
343.33
 20
393.217
 10
342.823
 20
393.476
 10
342.344
 20
393.476
 10
341.894
 20
393.256
 10
341.674
 20
392.806
 10
341.674
 20
392.519
 10
341.933
 20
392.107
 10
342.22
 20
391.973
 10
342.315
 20
392.107
 10
342.057
 20
392.423
 10
342.124
 20
392.739
 10
342.344
 20
392.902
 10
342.851
 20
392.835
 10
343.043
 20
392.643
 10
343.301
 20
392.04
 10
343.301
 20
391.753
 10
342.985
 20
391.208
 10
342.248
 20
390.892
 10
341.579
 20
390.892
 10
340.88
 20
391.151
 10
340.306
 20
391.533
 10
340.115
 20
391.725
 10
339.856
 20
392.232
 10
339.789
 20
392.586
 10
339.923
 20
393.122
 10
340.43
 20
393.476
 10
340.938
 20
393.313
 10
341.1
 20
393.093
 10
341.1
 20
392.806
 10
340.746
 20
392.452
 10
341.004
 20
392.328
 10
341.129
 20
392.395
 10
341.292
 20
392.71
 10
341.292
 20
392.997
 10
341.454
 20
393.447
 10
341.32
 20
393.696
 10
341.004
 20
393.954
 97
0
 75
0
 76
1
 98
0
  0
LWPOLYLINE
  5
38C
330
17
100
AcDbEntity
  8
CUT
100
AcDbPolyline
 90
29
 70
1
 10
364.555
 20
408.866
 10
368.469
 20
408.778
 10
370.306
 20
406.866
 10
372.188
 20
407.747
 10
376.044
 20
407.659
 10
378.093
 20
406.128
 10
378.519
 20
404.033
 10
379.244
 20
402.825
 10
379.312
 20
399.196
 10
378.942
 20
398.068
 10
376.46
 20
395.088
 10
375.57
 20
392.977
 10
373.644
 20
391.903
 10
370.917
 20
388.889
 10
369.949
 20
388.344
 10
366.148
 20
388.267
 10
364.432
 20
388.61
 10
363.363
 20
389.339
 10
362.543
 20
390.569
 10
360.279
 20
390.748
 10
359.056
 20
391.314
 10
358.181
 20
392.229
 10
357.688
 20
393.244
 10
357.756
 20
398.249
 10
358.486
 20
399.242
 10
362.063
 20
401.567
 10
361.717
 20
403.127
 10
361.843
 20
406.892
 10
362.346
 20
407.541
  0
HATCH
  5
38D
330
17
100
AcDbEntity
  8
RASTER
 62
7
100
AcDbHatch
 10
0.0
 20
0.0
 30
0.0
210
0.0
220
0.0
230
1.0
  2
SOLID
 70
1
 71
0
 91
15
 92
3
 72
0
 73
1
 93
62
 10
365.998
 20
407.13
 10
366.639
 20
407.159
 10
367.338
 20
406.805
 10
369.634
 20
403.551
 10
372.639
 20
405.561
 10
373.528
 20
406.011
 10
374.294
 20
406.011
 10
374.801
 20
405.752
 10
374.992
 20
405.561
 10
375.318
 20
404.929
 10
375.921
 20
404.862
 10
376.332
 20
404.604
 10
376.686
 20
403.906
 10
376.686
 20
403.044
 10
376.523
 20
402.633
 10
376.332
 20
402.403
 10
377.002
 20
402.116
 10
377.289
 20
401.829
 10
377.643
 20
400.939
 10
377.547
 20
400.269
 10
377.098
 20
399.475
 10
374.552
 20
396.471
 10
374.485
 20
395.772
 10
374.294
 20
395.198
 10
374.036
 20
394.787
 10
373.366
 20
394.213
 10
372.064
 20
393.696
 10
371.643
 20
393.16
 10
371.108
 20
392.643
 10
370.974
 20
392.395
 10
370.246
 20
391.686
 10
370.112
 20
391.438
 10
369.06
 20
390.385
 10
368.361
 20
390.031
 10
367.022
 20
390.031
 10
366.065
 20
390.318
 10
365.271
 20
390.768
 10
364.888
 20
391.151
 10
364.534
 20
391.753
 10
364.438
 20
392.04
 10
364.41
 20
393.16
 10
363.386
 20
392.519
 10
362.716
 20
392.328
 10
361.95
 20
392.423
 10
360.869
 20
392.873
 10
360.582
 20
393.064
 10
359.817
 20
393.925
 10
359.367
 20
394.911
 10
359.367
 20
395.389
 10
359.271
 20
395.581
 10
359.463
 20
396.633
 10
359.912
 20
397.428
 10
365.462
 20
400.968
 10
364.371
 20
402.69
 10
363.835
 20
403.398
 10
363.481
 20
404.097
 10
363.386
 20
404.767
 10
363.702
 20
405.599
 10
363.931
 20
405.848
 10
364.438
 20
406.106
 10
364.984
 20
406.135
 10
365.366
 20
406.805
 97
0
 92
2
 72
0
 73
1
 93
17
 10
366.161
 20
406.68
 10
365.654
 20
406.422
 10
365.491
 20
406.106
 10
365.558
 20
405.695
 10
366.381
 20
404.604
 10
367.759
 20
402.537
 10
369.156
 20
400.681
 10
369.959
 20
399.38
 10
370.782
 20
398.289
 10
371.49
 20
397.179
 10
371.586
 20
397.141
 10
371.969
 20
397.715
 10
372.572
 20
397.973
 10
373.117
 20
398.002
 10
370.629
 20
401.293
 10
367.146
 20
406.326
 10
366.639
 20
406.68
 97
0
 92
2
 72
0
 73
1
 93
25
 10
364.438
 20
405.628
 10
364.123
 20
405.465
 10
363.864
 20
404.958
 10
363.864
 20
404.384
 10
364.027
 20
404.068
 10
367.433
 20
399.054
 10
369.194
 20
396.184
 10
369.577
 20
396.853
 10
369.864
 20
397.141
 10
370.821
 20
397.523
 10
370.782
 20
397.619
 10
368.715
 20
400.336
 10
365.845
 20
404.451
 10
365.711
 20
404.413
 10
365.711
 20
404.547
 10
365.52
 20
404.317
 10
365.654
 20
404.642
 10
365.462
 20
404.508
 10
365.366
 20
404.547
 10
364.792
 20
405.216
 10
364.725
 20
405.341
 10
364.821
 20
405.436
 10
365.232
 20
405.178
 10
365.232
 20
405.274
 10
364.63
 20
405.628
 97
0
 92
2
 72
0
 73
1
 93
17
 10
373.911
 20
405.628
 10
373.528
 20
405.532
 10
372.734
 20
405.082
 10
370.055
 20
403.264
 10
369.988
 20
403.044
 10
370.246
 20
402.633
 10
370.533
 20
402.403
 10
371.299
 20
402.977
 10
372.926
 20
403.934
 10
373.05
 20
404.001
 10
373.213
 20
403.934
 10
373.308
 20
404.068
 10
373.433
 20
403.714
 10
374.61
 20
404.451
 10
374.839
 20
404.7
 10
374.705
 20
405.082
 10
374.514
 20
405.37
 97
0
 92
2
 72
0
 73
1
 93
26
 10
375.538
 20
404.384
 10
374.648
 20
403.934
 10
371.165
 20
401.58
 10
371.203
 20
401.293
 10
372.16
 20
400.049
 10
372.313
 20
400.049
 10
373.461
 20
400.911
 10
373.528
 20
401.035
 10
373.461
 20
401.102
 10
373.079
 20
400.777
 10
373.213
 20
401.102
 10
372.983
 20
400.968
 10
373.021
 20
401.198
 10
372.6
 20
401.159
 10
372.734
 20
401.446
 10
373.117
 20
401.733
 10
374.418
 20
402.537
 10
374.514
 20
402.499
 10
374.581
 20
402.279
 10
374.935
 20
402.346
 10
374.868
 20
402.087
 10
374.935
 20
402.021
 10
376.083
 20
402.786
 10
376.208
 20
403.044
 10
376.208
 20
403.81
 10
375.949
 20
404.317
 97
0
 92
2
 72
0
 73
1
 93
29
 10
376.112
 20
401.896
 10
373.146
 20
398.834
 10
373.5
 20
398.231
 10
374.39
 20
397.112
 10
374.705
 20
397.37
 10
374.839
 20
397.619
 10
375.279
 20
398.04
 10
375.413
 20
398.289
 10
376.399
 20
399.408
 10
376.332
 20
399.475
 10
376.236
 20
399.284
 10
375.605
 20
398.672
 10
375.375
 20
398.672
 10
375.605
 20
398.997
 10
375.279
 20
398.863
 10
375.318
 20
399.093
 10
375.088
 20
399.054
 10
375.279
 20
399.38
 10
376.045
 20
400.145
 10
376.141
 20
399.915
 10
376.236
 20
400.049
 10
376.332
 20
399.915
 10
376.657
 20
399.954
 10
376.495
 20
399.695
 10
376.619
 20
399.667
 10
377.069
 20
400.365
 10
377.165
 20
400.844
 10
376.906
 20
401.542
 10
376.495
 20
401.896
 97
0
 92
2
 72
0
 73
1
 93
11
 10
365.108
 20
400.174
 10
362.687
 20
398.672
 10
361.539
 20
397.906
 10
361.501
 20
397.81
 10
362.171
 20
397.523
 10
362.687
 20
396.987
 10
362.84
 20
396.987
 10
365.711
 20
399.093
 10
365.778
 20
399.313
 10
365.52
 20
399.82
 10
365.328
 20
400.107
 97
0
 92
2
 72
0
 73
1
 93
7
 10
372.667
 20
399.6
 10
372.572
 20
399.504
 10
372.639
 20
399.38
 10
372.859
 20
399.217
 10
373.213
 20
399.533
 10
372.887
 20
399.341
 10
372.696
 20
399.437
 97
0
 92
2
 72
0
 73
1
 93
12
 10
366.515
 20
398.231
 10
366.228
 20
398.097
 10
363.386
 20
396.059
 10
363.989
 20
395.705
 10
364.371
 20
395.227
 10
364.534
 20
394.815
 10
364.563
 20
394.079
 10
366.094
 20
395.265
 10
367.089
 20
396.184
 10
367.117
 20
396.92
 10
367.022
 20
397.399
 10
366.763
 20
398.002
 97
0
 92
2
 72
0
 73
1
 93
47
 10
372.572
 20
397.59
 10
372.256
 20
397.428
 10
371.969
 20
397.141
 10
371.902
 20
396.538
 10
372.16
 20
396.222
 10
372.572
 20
396.155
 10
372.6
 20
396.279
 10
372.285
 20
396.633
 10
372.352
 20
396.949
 10
372.763
 20
397.208
 10
373.366
 20
396.949
 10
373.624
 20
396.442
 10
373.624
 20
395.964
 10
373.461
 20
395.552
 10
373.174
 20
395.169
 10
372.476
 20
394.72
 10
371.806
 20
394.528
 10
371.136
 20
394.624
 10
370.533
 20
394.882
 10
370.246
 20
395.169
 10
369.988
 20
395.772
 10
370.151
 20
396.279
 10
370.466
 20
396.538
 10
370.974
 20
396.471
 10
371.041
 20
396.059
 10
370.849
 20
395.772
 10
370.945
 20
395.677
 10
371.165
 20
395.744
 10
371.423
 20
396.059
 10
371.356
 20
396.758
 10
371.069
 20
397.045
 10
370.658
 20
397.112
 10
369.959
 20
396.758
 10
369.605
 20
396.155
 10
369.605
 20
395.485
 10
369.864
 20
394.978
 10
370.151
 20
394.691
 10
371.136
 20
394.241
 10
372.093
 20
394.241
 10
372.476
 20
394.337
 10
373.366
 20
394.787
 10
373.653
 20
395.074
 10
374.007
 20
395.772
 10
374.007
 20
396.538
 10
373.749
 20
397.045
 10
373.366
 20
397.428
 10
373.05
 20
397.59
 97
0
 92
2
 72
0
 73
1
 93
52
 10
361.185
 20
397.495
 10
360.678
 20
397.332
 10
360.104
 20
396.949
 10
359.75
 20
396.059
 10
359.75
 20
395.294
 10
359.845
 20
394.911
 10
360.295
 20
394.021
 10
360.965
 20
393.351
 10
361.663
 20
392.997
 10
362.333
 20
392.806
 10
363.194
 20
392.902
 10
363.797
 20
393.256
 10
364.151
 20
393.954
 10
364.151
 20
394.815
 10
363.989
 20
395.227
 10
363.606
 20
395.61
 10
362.812
 20
395.677
 10
362.496
 20
395.418
 10
362.333
 20
395.102
 10
362.333
 20
394.624
 10
362.458
 20
394.366
 10
362.592
 20
394.366
 10
362.783
 20
394.94
 10
363.099
 20
395.102
 10
363.51
 20
394.844
 10
363.644
 20
394.404
 10
363.414
 20
393.734
 10
363.223
 20
393.543
 10
362.62
 20
393.284
 10
362.142
 20
393.284
 10
361.348
 20
393.638
 10
360.678
 20
394.213
 10
360.324
 20
394.815
 10
360.132
 20
395.389
 10
360.132
 20
395.772
 10
360.391
 20
396.471
 10
360.678
 20
396.758
 10
360.994
 20
396.92
 10
361.472
 20
396.92
 10
361.788
 20
396.758
 10
361.95
 20
396.442
 10
361.95
 20
396.059
 10
361.826
 20
395.801
 10
361.405
 20
395.648
 10
361.443
 20
395.456
 10
361.568
 20
395.389
 10
361.95
 20
395.389
 10
362.304
 20
395.61
 10
362.62
 20
396.251
 10
362.553
 20
396.566
 10
362.171
 20
397.141
 10
361.663
 20
397.399
 97
0
 92
2
 72
0
 73
1
 93
14
 10
366.189
 20
396.509
 10
366.323
 20
396.509
 10
366.285
 20
396.375
 10
366.476
 20
396.184
 10
366.572
 20
396.318
 10
366.706
 20
396.318
 10
366.515
 20
395.897
 10
366.352
 20
395.964
 10
366.132
 20
395.801
 10
365.902
 20
395.801
 10
365.941
 20
396.031
 10
365.749
 20
395.897
 10
365.52
 20
395.897
 10
365.749
 20
396.184
 97
0
 92
2
 72
0
 73
1
 93
13
 10
367.759
 20
396.031
 10
367.089
 20
395.514
 10
366.476
 20
394.882
 10
366.228
 20
394.748
 10
365.902
 20
394.366
 10
366.352
 20
394.241
 10
366.897
 20
393.887
 10
366.993
 20
394.079
 10
367.95
 20
395.035
 10
368.237
 20
395.074
 10
368.333
 20
394.94
 10
368.266
 20
395.389
 10
368.103
 20
395.705
 97
0
 92
2
 72
0
 73
1
 93
9
 10
368.811
 20
394.787
 10
367.912
 20
393.887
 10
368.869
 20
393.504
 10
369.347
 20
392.93
 10
369.51
 20
392.423
 10
369.672
 20
392.261
 10
369.797
 20
393.38
 10
369.605
 20
393.954
 10
369.347
 20
394.366
 97
0
 92
2
 72
0
 73
1
 93
51
 10
365.587
 20
393.954
 10
365.079
 20
393.6
 10
364.821
 20
393.093
 10
364.821
 20
392.328
 10
365.079
 20
391.725
 10
365.749
 20
391.055
 10
366.735
 20
390.605
 10
367.72
 20
390.443
 10
368.266
 20
390.51
 10
368.773
 20
390.768
 10
368.964
 20
390.959
 10
369.223
 20
391.466
 10
369.223
 20
392.423
 10
368.964
 20
392.93
 10
368.677
 20
393.217
 10
368.17
 20
393.476
 10
367.692
 20
393.476
 10
367.242
 20
393.256
 10
367.022
 20
392.806
 10
367.022
 20
392.519
 10
367.28
 20
392.107
 10
367.567
 20
391.973
 10
367.663
 20
392.107
 10
367.405
 20
392.423
 10
367.472
 20
392.739
 10
367.692
 20
392.902
 10
368.199
 20
392.835
 10
368.39
 20
392.643
 10
368.648
 20
392.04
 10
368.648
 20
391.753
 10
368.333
 20
391.208
 10
367.596
 20
390.892
 10
366.926
 20
390.892
 10
366.228
 20
391.151
 10
365.654
 20
391.533
 10
365.462
 20
391.725
 10
365.204
 20
392.232
 10
365.137
 20
392.586
 10
365.271
 20
393.122
 10
365.778
 20
393.476
 10
366.285
 20
393.313
 10
366.448
 20
393.093
 10
366.448
 20
392.806
 10
366.094
 20
392.452
 10
366.352
 20
392.328
 10
366.476
 20
392.395
 10
366.639
 20
392.71
 10
366.639
 20
392.997
 10
366.802
 20
393.447
 10
366.668
 20
393.696
 10
366.352
 20
393.954
 97
0
 75
0
 76
1
 98
0
  0
LWPOLYLINE
  5
38E
330
17
100
AcDbEntity
  8
CUT
100
AcDbPolyline
 90
29
 70
1
 10
389.902
 20
408.866
 10
393.817
 20
408.778
 10
395.654
 20
406.866
 10
397.536
 20
407.747
 10
401.392
 20
407.659
 10
403.44
 20
406.128
 10
403.867
 20
404.033
 10
404.591
 20
402.825
 10
404.659
 20
399.196
 10
404.29
 20
398.068
 10
401.808
 20
395.088
 10
400.917
 20
392.977
 10
398.991
 20
391.903
 10
396.265
 20
388.889
 10
395.296
 20
388.344
 10
391.496
 20
388.267
 10
389.779
 20
388.61
 10
388.71
 20
389.339
 10
387.89
 20
390.569
 10
385.626
 20
390.748
 10
384.403
 20
391.314
 10
383.528
 20
392.229
 10
383.036
 20
393.244
 10
383.104
 20
398.249
 10
383.834
 20
399.242
 10
387.411
 20
401.567
 10
387.064
 20
403.127
 10
387.191
 20
406.892
 10
387.693
 20
407.541
  0
HATCH
  5
38F
330
17
100
AcDbEntity
  8
RASTER
 62
7
100
AcDbHatch
 10
0.0
 20
0.0
 30
0.0
210
0.0
220
0.0
230
1.0
  2
SOLID
 70
1
 71
0
 91
15
 92
3
 72
0
 73
1
 93
62
 10
391.345
 20
407.13
 10
391.987
 20
407.159
 10
392.685
 20
406.805
 10
394.982
 20
403.551
 10
397.986
 20
405.561
 10
398.876
 20
406.011
 10
399.641
 20
406.011
 10
400.149
 20
405.752
 10
400.34
 20
405.561
 10
400.665
 20
404.929
 10
401.268
 20
404.862
 10
401.68
 20
404.604
 10
402.034
 20
403.906
 10
402.034
 20
403.044
 10
401.871
 20
402.633
 10
401.68
 20
402.403
 10
402.349
 20
402.116
 10
402.636
 20
401.829
 10
402.99
 20
400.939
 10
402.895
 20
400.269
 10
402.445
 20
399.475
 10
399.9
 20
396.471
 10
399.833
 20
395.772
 10
399.641
 20
395.198
 10
399.383
 20
394.787
 10
398.713
 20
394.213
 10
397.412
 20
393.696
 10
396.991
 20
393.16
 10
396.455
 20
392.643
 10
396.321
 20
392.395
 10
395.594
 20
391.686
 10
395.46
 20
391.438
 10
394.407
 20
390.385
 10
393.709
 20
390.031
 10
392.369
 20
390.031
 10
391.412
 20
390.318
 10
390.618
 20
390.768
 10
390.236
 20
391.151
 10
389.881
 20
391.753
 10
389.786
 20
392.04
 10
389.757
 20
393.16
 10
388.733
 20
392.519
 10
388.063
 20
392.328
 10
387.298
 20
392.423
 10
386.217
 20
392.873
 10
385.93
 20
393.064
 10
385.164
 20
393.925
 10
384.714
 20
394.911
 10
384.714
 20
395.389
 10
384.619
 20
395.581
 10
384.81
 20
396.633
 10
385.26
 20
397.428
 10
390.81
 20
400.968
 10
389.719
 20
402.69
 10
389.183
 20
403.398
 10
388.829
 20
404.097
 10
388.733
 20
404.767
 10
389.049
 20
405.599
 10
389.279
 20
405.848
 10
389.786
 20
406.106
 10
390.331
 20
406.135
 10
390.714
 20
406.805
 97
0
 92
2
 72
0
 73
1
 93
17
 10
391.508
 20
406.68
 10
391.001
 20
406.422
 10
390.838
 20
406.106
 10
390.905
 20
405.695
 10
391.728
 20
404.604
 10
393.106
 20
402.537
 10
394.503
 20
400.681
 10
395.307
 20
399.38
 10
396.13
 20
398.289
 10
396.838
 20
397.179
 10
396.934
 20
397.141
 10
397.316
 20
397.715
 10
397.919
 20
397.973
 10
398.465
 20
398.002
 10
395.977
 20
401.293
 10
392.494
 20
406.326
 10
391.987
 20
406.68
 97
0
 92
2
 72
0
 73
1
 93
25
 10
389.786
 20
405.628
 10
389.47
 20
405.465
 10
389.212
 20
404.958
 10
389.212
 20
404.384
 10
389.374
 20
404.068
 10
392.781
 20
399.054
 10
394.541
 20
396.184
 10
394.924
 20
396.853
 10
395.211
 20
397.141
 10
396.168
 20
397.523
 10
396.13
 20
397.619
 10
394.063
 20
400.336
 10
391.192
 20
404.451
 10
391.058
 20
404.413
 10
391.058
 20
404.547
 10
390.867
 20
404.317
 10
391.001
 20
404.642
 10
390.81
 20
404.508
 10
390.714
 20
404.547
 10
390.14
 20
405.216
 10
390.073
 20
405.341
 10
390.169
 20
405.436
 10
390.58
 20
405.178
 10
390.58
 20
405.274
 10
389.977
 20
405.628
 97
0
 92
2
 72
0
 73
1
 93
17
 10
399.259
 20
405.628
 10
398.876
 20
405.532
 10
398.082
 20
405.082
 10
395.403
 20
403.264
 10
395.336
 20
403.044
 10
395.594
 20
402.633
 10
395.881
 20
402.403
 10
396.646
 20
402.977
 10
398.273
 20
403.934
 10
398.398
 20
404.001
 10
398.56
 20
403.934
 10
398.656
 20
404.068
 10
398.78
 20
403.714
 10
399.957
 20
404.451
 10
400.187
 20
404.7
 10
400.053
 20
405.082
 10
399.862
 20
405.37
 97
0
 92
2
 72
0
 73
1
 93
26
 10
400.885
 20
404.384
 10
399.995
 20
403.934
 10
396.513
 20
401.58
 10
396.551
 20
401.293
 10
397.508
 20
400.049
 10
397.661
 20
400.049
 10
398.809
 20
400.911
 10
398.876
 20
401.035
 10
398.809
 20
401.102
 10
398.426
 20
400.777
 10
398.56
 20
401.102
 10
398.331
 20
400.968
 10
398.369
 20
401.198
 10
397.948
 20
401.159
 10
398.082
 20
401.446
 10
398.465
 20
401.733
 10
399.766
 20
402.537
 10
399.862
 20
402.499
 10
399.928
 20
402.279
 10
400.283
 20
402.346
 10
400.216
 20
402.087
 10
400.283
 20
402.021
 10
401.431
 20
402.786
 10
401.555
 20
403.044
 10
401.555
 20
403.81
 10
401.297
 20
404.317
 97
0
 92
2
 72
0
 73
1
 93
29
 10
401.459
 20
401.896
 10
398.493
 20
398.834
 10
398.847
 20
398.231
 10
399.737
 20
397.112
 10
400.053
 20
397.37
 10
400.187
 20
397.619
 10
400.627
 20
398.04
 10
400.761
 20
398.289
 10
401.747
 20
399.408
 10
401.68
 20
399.475
 10
401.584
 20
399.284
 10
400.952
 20
398.672
 10
400.723
 20
398.672
 10
400.952
 20
398.997
 10
400.627
 20
398.863
 10
400.665
 20
399.093
 10
400.436
 20
399.054
 10
400.627
 20
399.38
 10
401.392
 20
400.145
 10
401.488
 20
399.915
 10
401.584
 20
400.049
 10
401.68
 20
399.915
 10
402.005
 20
399.954
 10
401.842
 20
399.695
 10
401.967
 20
399.667
 10
402.416
 20
400.365
 10
402.512
 20
400.844
 10
402.254
 20
401.542
 10
401.842
 20
401.896
 97
0
 92
2
 72
0
 73
1
 93
11
 10
390.456
 20
400.174
 10
388.035
 20
398.672
 10
386.887
 20
397.906
 10
386.848
 20
397.81
 10
387.518
 20
397.523
 10
388.035
 20
396.987
 10
388.188
 20
396.987
 10
391.058
 20
399.093
 10
391.125
 20
399.313
 10
390.867
 20
399.82
 10
390.676
 20
400.107
 97
0
 92
2
 72
0
 73
1
 93
7
 10
398.015
 20
399.6
 10
397.919
 20
399.504
 10
397.986
 20
399.38
 10
398.206
 20
399.217
 10
398.56
 20
399.533
 10
398.235
 20
399.341
 10
398.043
 20
399.437
 97
0
 92
2
 72
0
 73
1
 93
12
 10
391.862
 20
398.231
 10
391.575
 20
398.097
 10
388.733
 20
396.059
 10
389.336
 20
395.705
 10
389.719
 20
395.227
 10
389.881
 20
394.815
 10
389.91
 20
394.079
 10
391.441
 20
395.265
 10
392.436
 20
396.184
 10
392.465
 20
396.92
 10
392.369
 20
397.399
 10
392.111
 20
398.002
 97
0
 92
2
 72
0
 73
1
 93
47
 10
397.919
 20
397.59
 10
397.603
 20
397.428
 10
397.316
 20
397.141
 10
397.249
 20
396.538
 10
397.508
 20
396.222
 10
397.919
 20
396.155
 10
397.948
 20
396.279
 10
397.632
 20
396.633
 10
397.699
 20
396.949
 10
398.11
 20
397.208
 10
398.713
 20
396.949
 10
398.972
 20
396.442
 10
398.972
 20
395.964
 10
398.809
 20
395.552
 10
398.522
 20
395.169
 10
397.823
 20
394.72
 10
397.154
 20
394.528
 10
396.484
 20
394.624
 10
395.881
 20
394.882
 10
395.594
 20
395.169
 10
395.336
 20
395.772
 10
395.498
 20
396.279
 10
395.814
 20
396.538
 10
396.321
 20
396.471
 10
396.388
 20
396.059
 10
396.197
 20
395.772
 10
396.292
 20
395.677
 10
396.513
 20
395.744
 10
396.771
 20
396.059
 10
396.704
 20
396.758
 10
396.417
 20
397.045
 10
396.005
 20
397.112
 10
395.307
 20
396.758
 10
394.953
 20
396.155
 10
394.953
 20
395.485
 10
395.211
 20
394.978
 10
395.498
 20
394.691
 10
396.484
 20
394.241
 10
397.441
 20
394.241
 10
397.823
 20
394.337
 10
398.713
 20
394.787
 10
399.0
 20
395.074
 10
399.354
 20
395.772
 10
399.354
 20
396.538
 10
399.096
 20
397.045
 10
398.713
 20
397.428
 10
398.398
 20
397.59
 97
0
 92
2
 72
0
 73
1
 93
52
 10
386.532
 20
397.495
 10
386.025
 20
397.332
 10
385.451
 20
396.949
 10
385.097
 20
396.059
 10
385.097
 20
395.294
 10
385.193
 20
394.911
 10
385.643
 20
394.021
 10
386.312
 20
393.351
 10
387.011
 20
392.997
 10
387.681
 20
392.806
 10
388.542
 20
392.902
 10
389.145
 20
393.256
 10
389.499
 20
393.954
 10
389.499
 20
394.815
 10
389.336
 20
395.227
 10
388.953
 20
395.61
 10
388.159
 20
395.677
 10
387.843
 20
395.418
 10
387.681
 20
395.102
 10
387.681
 20
394.624
 10
387.805
 20
394.366
 10
387.939
 20
394.366
 10
388.13
 20
394.94
 10
388.446
 20
395.102
 10
388.858
 20
394.844
 10
388.992
 20
394.404
 10
388.762
 20
393.734
 10
388.571
 20
393.543
 10
387.968
 20
393.284
 10
387.489
 20
393.284
 10
386.695
 20
393.638
 10
386.025
 20
394.213
 10
385.671
 20
394.815
 10
385.48
 20
395.389
 10
385.48
 20
395.772
 10
385.738
 20
396.471
 10
386.025
 20
396.758
 10
386.341
 20
396.92
 10
386.82
 20
396.92
 10
387.135
 20
396.758
 10
387.298
 20
396.442
 10
387.298
 20
396.059
 10
387.174
 20
395.801
 10
386.753
 20
395.648
 10
386.791
 20
395.456
 10
386.915
 20
395.389
 10
387.298
 20
395.389
 10
387.652
 20
395.61
 10
387.968
 20
396.251
 10
387.901
 20
396.566
 10
387.518
 20
397.141
 10
387.011
 20
397.399
 97
0
 92
2
 72
0
 73
1
 93
14
 10
391.537
 20
396.509
 10
391.671
 20
396.509
 10
391.633
 20
396.375
 10
391.824
 20
396.184
 10
391.92
 20
396.318
 10
392.054
 20
396.318
 10
391.862
 20
395.897
 10
391.7
 20
395.964
 10
391.479
 20
395.801
 10
391.25
 20
395.801
 10
391.288
 20
396.031
 10
391.097
 20
395.897
 10
390.867
 20
395.897
 10
391.097
 20
396.184
 97
0
 92
2
 72
0
 73
1
 93
13
 10
393.106
 20
396.031
 10
392.436
 20
395.514
 10
391.824
 20
394.882
 10
391.575
 20
394.748
 10
391.25
 20
394.366
 10
391.7
 20
394.241
 10
392.245
 20
393.887
 10
392.341
 20
394.079
 10
393.297
 20
395.035
 10
393.585
 20
395.074
 10
393.68
 20
394.94
 10
393.613
 20
395.389
 10
393.451
 20
395.705
 97
0
 92
2
 72
0
 73
1
 93
9
 10
394.159
 20
394.787
 10
393.259
 20
393.887
 10
394.216
 20
393.504
 10
394.694
 20
392.93
 10
394.857
 20
392.423
 10
395.02
 20
392.261
 10
395.144
 20
393.38
 10
394.953
 20
393.954
 10
394.694
 20
394.366
 97
0
 92
2
 72
0
 73
1
 93
51
 10
390.934
 20
393.954
 10
390.427
 20
393.6
 10
390.169
 20
393.093
 10
390.169
 20
392.328
 10
390.427
 20
391.725
 10
391.097
 20
391.055
 10
392.082
 20
390.605
 10
393.068
 20
390.443
 10
393.613
 20
390.51
 10
394.12
 20
390.768
 10
394.312
 20
390.959
 10
394.57
 20
391.466
 10
394.57
 20
392.423
 10
394.312
 20
392.93
 10
394.025
 20
393.217
 10
393.518
 20
393.476
 10
393.039
 20
393.476
 10
392.589
 20
393.256
 10
392.369
 20
392.806
 10
392.369
 20
392.519
 10
392.628
 20
392.107
 10
392.915
 20
391.973
 10
393.01
 20
392.107
 10
392.752
 20
392.423
 10
392.819
 20
392.739
 10
393.039
 20
392.902
 10
393.546
 20
392.835
 10
393.738
 20
392.643
 10
393.996
 20
392.04
 10
393.996
 20
391.753
 10
393.68
 20
391.208
 10
392.943
 20
390.892
 10
392.274
 20
390.892
 10
391.575
 20
391.151
 10
391.001
 20
391.533
 10
390.81
 20
391.725
 10
390.551
 20
392.232
 10
390.484
 20
392.586
 10
390.618
 20
393.122
 10
391.125
 20
393.476
 10
391.633
 20
393.313
 10
391.795
 20
393.093
 10
391.795
 20
392.806
 10
391.441
 20
392.452
 10
391.7
 20
392.328
 10
391.824
 20
392.395
 10
391.987
 20
392.71
 10
391.987
 20
392.997
 10
392.149
 20
393.447
 10
392.015
 20
393.696
 10
391.7
 20
393.954
 97
0
 75
0
 76
1
 98
0
  0
LWPOLYLINE
  5
390
330
17
100
AcDbEntity
  8
CUT
100
AcDbPolyline
 90
29
 70
1
 10
11.728
 20
382.973
 10
15.643
 20
382.885
 10
17.48
 20
380.972
 10
19.362
 20
381.853
 10
23.218
 20
381.765
 10
25.266
 20
380.234
 10
25.693
 20
378.139
 10
26.417
 20
376.932
 10
26.485
 20
373.303
 10
26.116
 20
372.174
 10
23.634
 20
369.194
 10
22.743
 20
367.083
 10
20.818
 20
366.009
 10
18.091
 20
362.995
 10
17.122
 20
362.451
 10
13.322
 20
362.373
 10
11.605
 20
362.716
 10
10.536
 20
363.446
 10
9.716
 20
364.676
 10
7.452
 20
364.854
 10
6.229
 20
365.421
 10
5.355
 20
366.335
 10
4.862
 20
367.351
 10
4.93
 20
372.355
 10
5.66
 20
373.348
 10
9.237
 20
375.674
 10
8.89
 20
377.234
 10
9.017
 20
380.999
 10
9.519
 20
381.647
  0
HATCH
  5
391
330
17
100
AcDbEntity
  8
RASTER
 62
7
100
AcDbHatch
 10
0.0
 20
0.0
 30
0.0
210
0.0
220
0.0
230
1.0
  2
SOLID
 70
1
 71
0
 91
15
 92
3
 72
0
 73
1
 93
62
 10
13.172
 20
381.237
 10
13.813
 20
381.265
 10
14.511
 20
380.911
 10
16.808
 20
377.658
 10
19.812
 20
379.667
 10
20.702
 20
380.117
 10
21.468
 20
380.117
 10
21.975
 20
379.859
 10
22.166
 20
379.667
 10
22.491
 20
379.036
 10
23.094
 20
378.969
 10
23.506
 20
378.71
 10
23.86
 20
378.012
 10
23.86
 20
377.151
 10
23.697
 20
376.739
 10
23.506
 20
376.51
 10
24.175
 20
376.223
 10
24.462
 20
375.936
 10
24.817
 20
375.046
 10
24.721
 20
374.376
 10
24.271
 20
373.582
 10
21.726
 20
370.577
 10
21.659
 20
369.879
 10
21.468
 20
369.305
 10
21.209
 20
368.893
 10
20.539
 20
368.319
 10
19.238
 20
367.802
 10
18.817
 20
367.266
 10
18.281
 20
366.75
 10
18.147
 20
366.501
 10
17.42
 20
365.793
 10
17.286
 20
365.544
 10
16.234
 20
364.492
 10
15.535
 20
364.138
 10
14.195
 20
364.138
 10
13.239
 20
364.425
 10
12.444
 20
364.874
 10
12.062
 20
365.257
 10
11.708
 20
365.86
 10
11.612
 20
366.147
 10
11.583
 20
367.266
 10
10.559
 20
366.625
 10
9.89
 20
366.434
 10
9.124
 20
366.53
 10
8.043
 20
366.979
 10
7.756
 20
367.171
 10
6.99
 20
368.032
 10
6.541
 20
369.018
 10
6.541
 20
369.496
 10
6.445
 20
369.687
 10
6.636
 20
370.74
 10
7.086
 20
371.534
 10
12.636
 20
375.074
 10
11.545
 20
376.797
 10
11.009
 20
377.505
 10
10.655
 20
378.203
 10
10.559
 20
378.873
 10
10.875
 20
379.706
 10
11.105
 20
379.954
 10
11.612
 20
380.213
 10
12.157
 20
380.241
 10
12.54
 20
380.911
 97
0
 92
2
 72
0
 73
1
 93
17
 10
13.334
 20
380.787
 10
12.827
 20
380.529
 10
12.664
 20
380.213
 10
12.731
 20
379.801
 10
13.554
 20
378.71
 10
14.932
 20
376.644
 10
16.329
 20
374.787
 10
17.133
 20
373.486
 10
17.956
 20
372.395
 10
18.664
 20
371.285
 10
18.76
 20
371.247
 10
19.142
 20
371.821
 10
19.745
 20
372.079
 10
20.291
 20
372.108
 10
17.803
 20
375.4
 10
14.32
 20
380.433
 10
13.813
 20
380.787
 97
0
 92
2
 72
0
 73
1
 93
25
 10
11.612
 20
379.734
 10
11.296
 20
379.572
 10
11.038
 20
379.065
 10
11.038
 20
378.49
 10
11.2
 20
378.175
 10
14.607
 20
373.161
 10
16.367
 20
370.29
 10
16.75
 20
370.96
 10
17.037
 20
371.247
 10
17.994
 20
371.63
 10
17.956
 20
371.725
 10
15.889
 20
374.443
 10
13.018
 20
378.557
 10
12.885
 20
378.519
 10
12.885
 20
378.653
 10
12.693
 20
378.423
 10
12.827
 20
378.749
 10
12.636
 20
378.615
 10
12.54
 20
378.653
 10
11.966
 20
379.323
 10
11.899
 20
379.447
 10
11.995
 20
379.543
 10
12.406
 20
379.285
 10
12.406
 20
379.38
 10
11.803
 20
379.734
 97
0
 92
2
 72
0
 73
1
 93
17
 10
21.085
 20
379.734
 10
20.702
 20
379.639
 10
19.908
 20
379.189
 10
17.229
 20
377.371
 10
17.162
 20
377.151
 10
17.42
 20
376.739
 10
17.707
 20
376.51
 10
18.473
 20
377.084
 10
20.099
 20
378.041
 10
20.224
 20
378.108
 10
20.386
 20
378.041
 10
20.482
 20
378.175
 10
20.606
 20
377.821
 10
21.783
 20
378.557
 10
22.013
 20
378.806
 10
21.879
 20
379.189
 10
21.688
 20
379.476
 97
0
 92
2
 72
0
 73
1
 93
26
 10
22.711
 20
378.49
 10
21.822
 20
378.041
 10
18.339
 20
375.687
 10
18.377
 20
375.4
 10
19.334
 20
374.156
 10
19.487
 20
374.156
 10
20.635
 20
375.017
 10
20.702
 20
375.141
 10
20.635
 20
375.208
 10
20.252
 20
374.883
 10
20.386
 20
375.208
 10
20.157
 20
375.074
 10
20.195
 20
375.304
 10
19.774
 20
375.266
 10
19.908
 20
375.553
 10
20.291
 20
375.84
 10
21.592
 20
376.644
 10
21.688
 20
376.605
 10
21.755
 20
376.385
 10
22.109
 20
376.452
 10
22.042
 20
376.194
 10
22.109
 20
376.127
 10
23.257
 20
376.892
 10
23.381
 20
377.151
 10
23.381
 20
377.916
 10
23.123
 20
378.423
 97
0
 92
2
 72
0
 73
1
 93
29
 10
23.286
 20
376.003
 10
20.319
 20
372.941
 10
20.673
 20
372.338
 10
21.563
 20
371.218
 10
21.879
 20
371.477
 10
22.013
 20
371.725
 10
22.453
 20
372.146
 10
22.587
 20
372.395
 10
23.573
 20
373.515
 10
23.506
 20
373.582
 10
23.41
 20
373.39
 10
22.778
 20
372.778
 10
22.549
 20
372.778
 10
22.778
 20
373.103
 10
22.453
 20
372.969
 10
22.491
 20
373.199
 10
22.262
 20
373.161
 10
22.453
 20
373.486
 10
23.219
 20
374.252
 10
23.314
 20
374.022
 10
23.41
 20
374.156
 10
23.506
 20
374.022
 10
23.831
 20
374.06
 10
23.668
 20
373.802
 10
23.793
 20
373.773
 10
24.242
 20
374.472
 10
24.338
 20
374.95
 10
24.08
 20
375.649
 10
23.668
 20
376.003
 97
0
 92
2
 72
0
 73
1
 93
11
 10
12.282
 20
374.28
 10
9.861
 20
372.778
 10
8.713
 20
372.012
 10
8.674
 20
371.917
 10
9.344
 20
371.63
 10
9.861
 20
371.094
 10
10.014
 20
371.094
 10
12.885
 20
373.199
 10
12.951
 20
373.419
 10
12.693
 20
373.926
 10
12.502
 20
374.213
 97
0
 92
2
 72
0
 73
1
 93
7
 10
19.841
 20
373.706
 10
19.745
 20
373.61
 10
19.812
 20
373.486
 10
20.032
 20
373.323
 10
20.386
 20
373.639
 10
20.061
 20
373.448
 10
19.87
 20
373.543
 97
0
 92
2
 72
0
 73
1
 93
12
 10
13.688
 20
372.338
 10
13.401
 20
372.204
 10
10.559
 20
370.166
 10
11.162
 20
369.812
 10
11.545
 20
369.333
 10
11.708
 20
368.922
 10
11.736
 20
368.185
 10
13.267
 20
369.372
 10
14.262
 20
370.29
 10
14.291
 20
371.027
 10
14.195
 20
371.505
 10
13.937
 20
372.108
 97
0
 92
2
 72
0
 73
1
 93
47
 10
19.745
 20
371.697
 10
19.429
 20
371.534
 10
19.142
 20
371.247
 10
19.075
 20
370.644
 10
19.334
 20
370.328
 10
19.745
 20
370.261
 10
19.774
 20
370.386
 10
19.458
 20
370.74
 10
19.525
 20
371.056
 10
19.937
 20
371.314
 10
20.539
 20
371.056
 10
20.798
 20
370.548
 10
20.798
 20
370.07
 10
20.635
 20
369.659
 10
20.348
 20
369.276
 10
19.65
 20
368.826
 10
18.98
 20
368.635
 10
18.31
 20
368.73
 10
17.707
 20
368.989
 10
17.42
 20
369.276
 10
17.162
 20
369.879
 10
17.324
 20
370.386
 10
17.64
 20
370.644
 10
18.147
 20
370.577
 10
18.214
 20
370.166
 10
18.023
 20
369.879
 10
18.119
 20
369.783
 10
18.339
 20
369.85
 10
18.597
 20
370.166
 10
18.53
 20
370.864
 10
18.243
 20
371.151
 10
17.831
 20
371.218
 10
17.133
 20
370.864
 10
16.779
 20
370.261
 10
16.779
 20
369.592
 10
17.037
 20
369.085
 10
17.324
 20
368.797
 10
18.31
 20
368.348
 10
19.267
 20
368.348
 10
19.65
 20
368.443
 10
20.539
 20
368.893
 10
20.826
 20
369.18
 10
21.18
 20
369.879
 10
21.18
 20
370.644
 10
20.922
 20
371.151
 10
20.539
 20
371.534
 10
20.224
 20
371.697
 97
0
 92
2
 72
0
 73
1
 93
52
 10
8.359
 20
371.601
 10
7.851
 20
371.438
 10
7.277
 20
371.056
 10
6.923
 20
370.166
 10
6.923
 20
369.4
 10
7.019
 20
369.018
 10
7.469
 20
368.128
 10
8.138
 20
367.458
 10
8.837
 20
367.104
 10
9.507
 20
366.912
 10
10.368
 20
367.008
 10
10.971
 20
367.362
 10
11.325
 20
368.061
 10
11.325
 20
368.922
 10
11.162
 20
369.333
 10
10.779
 20
369.716
 10
9.985
 20
369.783
 10
9.669
 20
369.525
 10
9.507
 20
369.209
 10
9.507
 20
368.73
 10
9.631
 20
368.472
 10
9.765
 20
368.472
 10
9.957
 20
369.046
 10
10.272
 20
369.209
 10
10.684
 20
368.951
 10
10.818
 20
368.51
 10
10.588
 20
367.841
 10
10.397
 20
367.649
 10
9.794
 20
367.391
 10
9.315
 20
367.391
 10
8.521
 20
367.745
 10
7.851
 20
368.319
 10
7.497
 20
368.922
 10
7.306
 20
369.496
 10
7.306
 20
369.879
 10
7.564
 20
370.577
 10
7.851
 20
370.864
 10
8.167
 20
371.027
 10
8.646
 20
371.027
 10
8.961
 20
370.864
 10
9.124
 20
370.548
 10
9.124
 20
370.166
 10
9.0
 20
369.907
 10
8.579
 20
369.754
 10
8.617
 20
369.563
 10
8.741
 20
369.496
 10
9.124
 20
369.496
 10
9.478
 20
369.716
 10
9.794
 20
370.357
 10
9.727
 20
370.673
 10
9.344
 20
371.247
 10
8.837
 20
371.505
 97
0
 92
2
 72
0
 73
1
 93
14
 10
13.363
 20
370.615
 10
13.497
 20
370.615
 10
13.459
 20
370.482
 10
13.65
 20
370.29
 10
13.746
 20
370.424
 10
13.88
 20
370.424
 10
13.688
 20
370.003
 10
13.526
 20
370.07
 10
13.306
 20
369.907
 10
13.076
 20
369.907
 10
13.114
 20
370.137
 10
12.923
 20
370.003
 10
12.693
 20
370.003
 10
12.923
 20
370.29
 97
0
 92
2
 72
0
 73
1
 93
13
 10
14.932
 20
370.137
 10
14.262
 20
369.62
 10
13.65
 20
368.989
 10
13.401
 20
368.855
 10
13.076
 20
368.472
 10
13.526
 20
368.348
 10
14.071
 20
367.994
 10
14.167
 20
368.185
 10
15.124
 20
369.142
 10
15.411
 20
369.18
 10
15.506
 20
369.046
 10
15.439
 20
369.496
 10
15.277
 20
369.812
 97
0
 92
2
 72
0
 73
1
 93
9
 10
15.985
 20
368.893
 10
15.085
 20
367.994
 10
16.042
 20
367.611
 10
16.521
 20
367.037
 10
16.683
 20
366.53
 10
16.846
 20
366.367
 10
16.97
 20
367.487
 10
16.779
 20
368.061
 10
16.521
 20
368.472
 97
0
 92
2
 72
0
 73
1
 93
51
 10
12.76
 20
368.061
 10
12.253
 20
367.707
 10
11.995
 20
367.199
 10
11.995
 20
366.434
 10
12.253
 20
365.831
 10
12.923
 20
365.161
 10
13.908
 20
364.712
 10
14.894
 20
364.549
 10
15.439
 20
364.616
 10
15.946
 20
364.874
 10
16.138
 20
365.066
 10
16.396
 20
365.573
 10
16.396
 20
366.53
 10
16.138
 20
367.037
 10
15.851
 20
367.324
 10
15.344
 20
367.582
 10
14.865
 20
367.582
 10
14.415
 20
367.362
 10
14.195
 20
366.912
 10
14.195
 20
366.625
 10
14.454
 20
366.214
 10
14.741
 20
366.08
 10
14.837
 20
366.214
 10
14.578
 20
366.53
 10
14.645
 20
366.845
 10
14.865
 20
367.008
 10
15.372
 20
366.941
 10
15.564
 20
366.75
 10
15.822
 20
366.147
 10
15.822
 20
365.86
 10
15.506
 20
365.314
 10
14.77
 20
364.999
 10
14.1
 20
364.999
 10
13.401
 20
365.257
 10
12.827
 20
365.64
 10
12.636
 20
365.831
 10
12.377
 20
366.338
 10
12.31
 20
366.692
 10
12.444
 20
367.228
 10
12.951
 20
367.582
 10
13.459
 20
367.42
 10
13.621
 20
367.199
 10
13.621
 20
366.912
 10
13.267
 20
366.558
 10
13.526
 20
366.434
 10
13.65
 20
366.501
 10
13.813
 20
366.817
 10
13.813
 20
367.104
 10
13.975
 20
367.554
 10
13.841
 20
367.802
 10
13.526
 20
368.061
 97
0
 75
0
 76
1
 98
0
  0
LWPOLYLINE
  5
392
330
17
100
AcDbEntity
  8
CUT
100
AcDbPolyline
 90
18
 70
1
 10
35.257
 20
382.919
 10
39.398
 20
382.972
 10
44.443
 20
381.326
 10
45.079
 20
380.288
 10
45.672
 20
377.303
 10
48.805
 20
376.932
 10
51.732
 20
373.984
 10
52.116
 20
372.831
 10
52.031
 20
369.197
 10
49.998
 20
364.597
 10
45.91
 20
364.083
 10
41.288
 20
364.136
 10
38.557
 20
366.868
 10
36.312
 20
367.209
 10
31.539
 20
369.254
 10
30.21
 20
374.732
 10
30.231
 20
378.858
 10
30.983
 20
379.875
  0
HATCH
  5
393
330
17
100
AcDbEntity
  8
RASTER
 62
7
100
AcDbHatch
 10
0.0
 20
0.0
 30
0.0
210
0.0
220
0.0
230
1.0
  2
SOLID
 70
1
 71
0
 91
14
 92
3
 72
0
 73
1
 93
39
 10
37.24
 20
381.263
 10
37.418
 20
381.295
 10
38.884
 20
380.876
 10
42.341
 20
379.724
 10
42.896
 20
379.441
 10
43.284
 20
378.676
 10
43.776
 20
375.397
 10
46.636
 20
375.324
 10
47.086
 20
375.146
 10
47.924
 20
374.413
 10
48.28
 20
373.931
 10
49.81
 20
372.423
 10
50.124
 20
372.004
 10
50.302
 20
371.658
 10
50.302
 20
371.029
 10
48.238
 20
366.284
 10
47.474
 20
366.106
 10
44.96
 20
366.002
 10
44.75
 20
365.897
 10
42.865
 20
365.897
 10
42.1
 20
366.599
 10
41.954
 20
366.871
 10
41.472
 20
367.332
 10
41.325
 20
367.604
 10
39.963
 20
369.175
 10
39.796
 20
369.175
 10
39.649
 20
369.008
 10
39.094
 20
368.725
 10
38.465
 20
368.83
 10
34.066
 20
370.506
 10
33.511
 20
370.789
 10
33.301
 20
370.998
 10
33.019
 20
371.763
 10
32.39
 20
374.905
 10
32.076
 20
375.953
 10
31.971
 20
377.105
 10
32.254
 20
377.66
 10
32.568
 20
377.974
 10
36.339
 20
380.802
 97
0
 92
2
 72
0
 73
1
 93
115
 10
37.208
 20
380.666
 10
32.882
 20
377.451
 10
32.6
 20
377.0
 10
32.6
 20
376.791
 10
32.841
 20
375.67
 10
33.092
 20
375.816
 10
33.333
 20
375.429
 10
33.228
 20
375.324
 10
32.945
 20
375.397
 10
32.914
 20
375.115
 10
33.197
 20
374.036
 10
33.406
 20
374.036
 10
33.647
 20
373.858
 10
33.511
 20
373.68
 10
33.301
 20
373.826
 10
33.228
 20
373.753
 10
33.825
 20
371.417
 10
34.066
 20
371.239
 10
35.354
 20
370.747
 10
35.354
 20
370.851
 10
35.145
 20
370.956
 10
35.292
 20
371.166
 10
35.25
 20
371.312
 10
35.742
 20
371.134
 10
35.773
 20
371.27
 10
35.564
 20
371.27
 10
35.742
 20
371.448
 10
35.92
 20
371.417
 10
35.983
 20
371.166
 10
36.13
 20
371.312
 10
36.192
 20
371.166
 10
36.37
 20
371.239
 10
36.685
 20
371.029
 10
36.863
 20
371.103
 10
37.03
 20
370.956
 10
37.177
 20
370.998
 10
36.999
 20
370.611
 10
37.072
 20
370.474
 10
37.177
 20
370.432
 10
37.387
 20
370.579
 10
37.449
 20
370.432
 10
37.627
 20
370.506
 10
37.868
 20
370.328
 10
37.868
 20
370.474
 10
38.015
 20
370.474
 10
38.12
 20
370.013
 10
37.764
 20
370.055
 10
37.91
 20
369.951
 10
37.764
 20
369.804
 10
38.884
 20
369.458
 10
39.063
 20
369.804
 10
38.989
 20
370.715
 10
38.884
 20
370.925
 10
38.884
 20
371.344
 10
38.989
 20
371.553
 10
38.78
 20
371.658
 10
38.675
 20
372.601
 10
38.748
 20
372.674
 10
38.853
 20
372.423
 10
39.199
 20
372.81
 10
39.335
 20
372.632
 10
39.482
 20
372.632
 10
39.482
 20
372.779
 10
39.335
 20
372.884
 10
39.618
 20
373.229
 10
39.44
 20
373.303
 10
39.167
 20
373.156
 10
39.167
 20
372.946
 10
38.989
 20
373.02
 10
38.958
 20
372.842
 10
38.78
 20
372.81
 10
38.748
 20
372.988
 10
38.57
 20
373.02
 10
38.602
 20
373.407
 10
38.884
 20
373.648
 10
39.167
 20
373.575
 10
39.199
 20
373.753
 10
39.094
 20
373.962
 10
39.23
 20
374.141
 10
39.44
 20
374.141
 10
39.482
 20
374.245
 10
39.335
 20
374.203
 10
39.303
 20
374.381
 10
39.513
 20
374.696
 10
39.754
 20
374.518
 10
39.932
 20
374.172
 10
40.068
 20
374.455
 10
40.278
 20
374.559
 10
40.529
 20
374.455
 10
40.634
 20
374.203
 10
40.456
 20
374.067
 10
40.843
 20
373.68
 10
41.367
 20
374.937
 10
41.681
 20
375.251
 10
42.027
 20
375.429
 10
43.043
 20
375.46
 10
42.97
 20
376.476
 10
42.896
 20
376.613
 10
42.655
 20
376.686
 10
42.865
 20
376.895
 10
42.865
 20
377.105
 10
42.792
 20
377.178
 10
42.582
 20
377.032
 10
42.163
 20
377.241
 10
42.341
 20
377.524
 10
42.163
 20
377.911
 10
42.373
 20
377.87
 10
42.624
 20
377.597
 10
42.729
 20
377.241
 10
42.76
 20
377.943
 10
42.655
 20
378.152
 10
42.655
 20
378.571
 10
42.477
 20
378.917
 10
42.027
 20
379.2
 10
37.837
 20
380.562
 97
0
 92
2
 72
0
 73
1
 93
8
 10
41.954
 20
378.016
 10
42.027
 20
377.629
 10
41.891
 20
377.346
 10
41.817
 20
377.419
 10
41.891
 20
377.597
 10
41.713
 20
377.733
 10
41.43
 20
377.555
 10
41.576
 20
377.765
 97
0
 92
2
 72
0
 73
1
 93
10
 10
39.544
 20
375.188
 10
40.11
 20
374.978
 10
40.141
 20
374.8
 10
39.9
 20
374.518
 10
39.827
 20
374.591
 10
40.005
 20
374.874
 10
39.827
 20
374.905
 10
39.796
 20
374.727
 10
39.649
 20
374.727
 10
39.722
 20
375.01
 97
0
 92
2
 72
0
 73
1
 93
7
 10
33.259
 20
374.978
 10
33.438
 20
375.01
 10
33.542
 20
374.905
 10
33.542
 20
374.591
 10
33.438
 20
374.486
 10
33.197
 20
374.559
 10
33.123
 20
374.696
 97
0
 92
2
 72
0
 73
1
 93
129
 10
42.236
 20
374.905
 10
41.954
 20
374.769
 10
41.713
 20
374.277
 10
41.713
 20
374.067
 10
41.294
 20
373.02
 10
41.398
 20
372.705
 10
41.325
 20
372.632
 10
41.22
 20
372.779
 10
41.084
 20
372.496
 10
40.351
 20
370.401
 10
40.351
 20
369.773
 10
40.529
 20
369.427
 10
41.849
 20
368.023
 10
42.938
 20
366.599
 10
43.043
 20
366.557
 10
43.252
 20
366.808
 10
43.211
 20
366.557
 10
43.493
 20
366.525
 10
43.567
 20
366.557
 10
43.493
 20
366.84
 10
43.284
 20
367.049
 10
43.734
 20
367.96
 10
43.912
 20
367.887
 10
44.017
 20
367.992
 10
43.808
 20
368.201
 10
44.195
 20
368.442
 10
44.017
 20
368.62
 10
44.049
 20
368.798
 10
44.331
 20
368.725
 10
44.436
 20
368.83
 10
44.153
 20
369.008
 10
45.138
 20
371.166
 10
45.379
 20
371.344
 10
45.903
 20
371.344
 10
46.29
 20
370.474
 10
46.531
 20
370.506
 10
46.919
 20
370.328
 10
46.667
 20
370.537
 10
46.667
 20
370.789
 10
46.919
 20
370.747
 10
46.919
 20
370.893
 10
46.636
 20
371.029
 10
46.322
 20
370.715
 10
46.248
 20
370.998
 10
46.353
 20
371.208
 10
46.741
 20
371.239
 10
46.919
 20
371.061
 10
47.16
 20
371.239
 10
47.233
 20
371.166
 10
47.086
 20
370.998
 10
47.128
 20
370.893
 10
47.338
 20
370.893
 10
47.442
 20
370.684
 10
47.652
 20
370.579
 10
47.369
 20
370.296
 10
47.442
 20
370.16
 10
47.757
 20
370.055
 10
47.683
 20
369.877
 10
47.861
 20
369.49
 10
47.683
 20
369.354
 10
47.788
 20
369.144
 10
47.715
 20
369.008
 10
47.4
 20
368.756
 10
47.442
 20
369.113
 10
47.233
 20
369.071
 10
47.191
 20
368.798
 10
47.023
 20
368.547
 10
46.877
 20
368.547
 10
47.055
 20
368.935
 10
46.981
 20
369.008
 10
46.772
 20
368.861
 10
46.709
 20
369.008
 10
46.531
 20
369.039
 10
46.531
 20
369.354
 10
46.741
 20
369.877
 10
46.562
 20
369.951
 10
46.248
 20
369.175
 10
46.426
 20
368.935
 10
46.395
 20
368.694
 10
46.604
 20
368.589
 10
46.667
 20
368.337
 10
46.919
 20
368.17
 10
46.709
 20
367.709
 10
46.636
 20
367.782
 10
46.814
 20
368.17
 10
46.562
 20
368.023
 10
46.531
 20
368.201
 10
46.395
 20
368.128
 10
46.395
 20
367.918
 10
46.248
 20
367.96
 10
46.185
 20
367.814
 10
46.112
 20
367.887
 10
46.353
 20
368.379
 10
46.5
 20
368.442
 10
46.426
 20
368.516
 10
46.143
 20
368.379
 10
46.039
 20
368.065
 10
45.903
 20
367.992
 10
45.693
 20
368.097
 10
45.515
 20
367.856
 10
45.588
 20
367.782
 10
45.976
 20
367.856
 10
45.724
 20
367.29
 10
46.081
 20
367.185
 10
45.871
 20
366.976
 10
45.724
 20
367.185
 10
45.557
 20
367.185
 10
45.41
 20
366.913
 10
45.452
 20
366.766
 10
45.201
 20
366.871
 10
45.065
 20
367.154
 10
44.928
 20
367.081
 10
44.886
 20
366.808
 10
44.572
 20
366.662
 10
45.903
 20
366.63
 10
46.112
 20
366.735
 10
47.369
 20
366.735
 10
47.819
 20
366.913
 10
48.416
 20
368.097
 10
49.673
 20
371.134
 10
49.747
 20
371.417
 10
49.391
 20
372.004
 10
47.861
 20
373.512
 10
47.715
 20
373.784
 10
47.191
 20
374.308
 10
46.636
 20
374.696
 10
46.217
 20
374.8
 10
43.598
 20
374.8
 10
43.389
 20
374.905
 97
0
 92
2
 72
0
 73
1
 93
5
 10
47.4
 20
371.208
 10
47.683
 20
371.239
 10
47.788
 20
371.134
 10
47.715
 20
370.998
 10
47.474
 20
370.925
 97
0
 92
2
 72
0
 73
1
 93
5
 10
39.691
 20
370.579
 10
39.23
 20
370.37
 10
39.23
 20
370.223
 10
39.513
 20
370.296
 10
39.691
 20
370.223
 97
0
 92
2
 72
0
 73
1
 93
17
 10
45.347
 20
370.579
 10
45.169
 20
370.401
 10
45.243
 20
370.223
 10
45.096
 20
369.909
 10
45.305
 20
369.951
 10
45.452
 20
370.328
 10
45.557
 20
370.37
 10
45.557
 20
369.741
 10
45.766
 20
369.741
 10
46.29
 20
369.49
 10
46.248
 20
369.699
 10
45.829
 20
369.804
 10
45.693
 20
370.087
 10
45.871
 20
370.328
 10
45.829
 20
370.432
 10
45.662
 20
370.579
 10
45.41
 20
370.432
 97
0
 92
2
 72
0
 73
1
 93
6
 10
46.081
 20
370.474
 10
46.007
 20
370.401
 10
46.185
 20
370.055
 10
46.353
 20
370.055
 10
46.395
 20
370.265
 10
46.143
 20
370.328
 97
0
 92
2
 72
0
 73
1
 93
4
 10
39.586
 20
370.16
 10
39.23
 20
369.951
 10
39.408
 20
369.668
 10
39.618
 20
369.877
 97
0
 92
2
 72
0
 73
1
 93
9
 10
47.338
 20
370.055
 10
47.233
 20
369.699
 10
47.055
 20
369.563
 10
47.086
 20
369.49
 10
47.369
 20
369.563
 10
47.547
 20
369.385
 10
47.652
 20
369.636
 10
47.474
 20
369.773
 10
47.547
 20
369.951
 97
0
 92
2
 72
0
 73
1
 93
5
 10
44.824
 20
369.427
 10
44.782
 20
369.175
 10
44.928
 20
369.217
 10
45.243
 20
369.071
 10
45.243
 20
369.217
 97
0
 92
2
 72
0
 73
1
 93
6
 10
45.169
 20
367.887
 10
45.033
 20
367.814
 10
45.033
 20
367.646
 10
45.452
 20
367.395
 10
45.452
 20
367.646
 10
45.305
 20
367.604
 97
0
 75
0
 76
1
 98
0
  0
LWPOLYLINE
  5
394
330
17
100
AcDbEntity
  8
CUT
100
AcDbPolyline
 90
18
 70
1
 10
60.888
 20
382.919
 10
65.028
 20
382.972
 10
70.073
 20
381.326
 10
70.71
 20
380.288
 10
71.303
 20
377.303
 10
74.435
 20
376.932
 10
77.362
 20
373.984
 10
77.746
 20
372.831
 10
77.661
 20
369.197
 10
75.629
 20
364.597
 10
71.541
 20
364.083
 10
66.919
 20
364.136
 10
64.188
 20
366.868
 10
61.942
 20
367.209
 10
57.17
 20
369.254
 10
55.84
 20
374.732
 10
55.862
 20
378.858
 10
56.614
 20
379.875
  0
HATCH
  5
395
330
17
100
AcDbEntity
  8
RASTER
 62
7
100
AcDbHatch
 10
0.0
 20
0.0
 30
0.0
210
0.0
220
0.0
230
1.0
  2
SOLID
 70
1
 71
0
 91
14
 92
3
 72
0
 73
1
 93
39
 10
62.87
 20
381.263
 10
63.048
 20
381.295
 10
64.515
 20
380.876
 10
67.972
 20
379.724
 10
68.527
 20
379.441
 10
68.914
 20
378.676
 10
69.407
 20
375.397
 10
72.266
 20
375.324
 10
72.717
 20
375.146
 10
73.555
 20
374.413
 10
73.911
 20
373.931
 10
75.44
 20
372.423
 10
75.754
 20
372.004
 10
75.932
 20
371.658
 10
75.932
 20
371.029
 10
73.869
 20
366.284
 10
73.104
 20
366.106
 10
70.59
 20
366.002
 10
70.381
 20
365.897
 10
68.495
 20
365.897
 10
67.731
 20
366.599
 10
67.584
 20
366.871
 10
67.102
 20
367.332
 10
66.955
 20
367.604
 10
65.594
 20
369.175
 10
65.426
 20
369.175
 10
65.279
 20
369.008
 10
64.724
 20
368.725
 10
64.096
 20
368.83
 10
59.696
 20
370.506
 10
59.141
 20
370.789
 10
58.932
 20
370.998
 10
58.649
 20
371.763
 10
58.02
 20
374.905
 10
57.706
 20
375.953
 10
57.601
 20
377.105
 10
57.884
 20
377.66
 10
58.199
 20
377.974
 10
61.969
 20
380.802
 97
0
 92
2
 72
0
 73
1
 93
115
 10
62.839
 20
380.666
 10
58.513
 20
377.451
 10
58.23
 20
377.0
 10
58.23
 20
376.791
 10
58.471
 20
375.67
 10
58.722
 20
375.816
 10
58.963
 20
375.429
 10
58.858
 20
375.324
 10
58.576
 20
375.397
 10
58.544
 20
375.115
 10
58.827
 20
374.036
 10
59.037
 20
374.036
 10
59.277
 20
373.858
 10
59.141
 20
373.68
 10
58.932
 20
373.826
 10
58.858
 20
373.753
 10
59.456
 20
371.417
 10
59.696
 20
371.239
 10
60.985
 20
370.747
 10
60.985
 20
370.851
 10
60.775
 20
370.956
 10
60.922
 20
371.166
 10
60.88
 20
371.312
 10
61.372
 20
371.134
 10
61.404
 20
371.27
 10
61.194
 20
371.27
 10
61.372
 20
371.448
 10
61.55
 20
371.417
 10
61.613
 20
371.166
 10
61.76
 20
371.312
 10
61.823
 20
371.166
 10
62.001
 20
371.239
 10
62.315
 20
371.029
 10
62.493
 20
371.103
 10
62.661
 20
370.956
 10
62.807
 20
370.998
 10
62.629
 20
370.611
 10
62.703
 20
370.474
 10
62.807
 20
370.432
 10
63.017
 20
370.579
 10
63.08
 20
370.432
 10
63.258
 20
370.506
 10
63.499
 20
370.328
 10
63.499
 20
370.474
 10
63.645
 20
370.474
 10
63.75
 20
370.013
 10
63.394
 20
370.055
 10
63.541
 20
369.951
 10
63.394
 20
369.804
 10
64.515
 20
369.458
 10
64.693
 20
369.804
 10
64.62
 20
370.715
 10
64.515
 20
370.925
 10
64.515
 20
371.344
 10
64.62
 20
371.553
 10
64.41
 20
371.658
 10
64.305
 20
372.601
 10
64.379
 20
372.674
 10
64.483
 20
372.423
 10
64.829
 20
372.81
 10
64.965
 20
372.632
 10
65.112
 20
372.632
 10
65.112
 20
372.779
 10
64.965
 20
372.884
 10
65.248
 20
373.229
 10
65.07
 20
373.303
 10
64.798
 20
373.156
 10
64.798
 20
372.946
 10
64.62
 20
373.02
 10
64.588
 20
372.842
 10
64.41
 20
372.81
 10
64.379
 20
372.988
 10
64.201
 20
373.02
 10
64.232
 20
373.407
 10
64.515
 20
373.648
 10
64.798
 20
373.575
 10
64.829
 20
373.753
 10
64.724
 20
373.962
 10
64.861
 20
374.141
 10
65.07
 20
374.141
 10
65.112
 20
374.245
 10
64.965
 20
374.203
 10
64.934
 20
374.381
 10
65.143
 20
374.696
 10
65.384
 20
374.518
 10
65.562
 20
374.172
 10
65.698
 20
374.455
 10
65.908
 20
374.559
 10
66.159
 20
374.455
 10
66.264
 20
374.203
 10
66.086
 20
374.067
 10
66.474
 20
373.68
 10
66.997
 20
374.937
 10
67.312
 20
375.251
 10
67.657
 20
375.429
 10
68.673
 20
375.46
 10
68.6
 20
376.476
 10
68.527
 20
376.613
 10
68.286
 20
376.686
 10
68.495
 20
376.895
 10
68.495
 20
377.105
 10
68.422
 20
377.178
 10
68.212
 20
377.032
 10
67.793
 20
377.241
 10
67.972
 20
377.524
 10
67.793
 20
377.911
 10
68.003
 20
377.87
 10
68.254
 20
377.597
 10
68.359
 20
377.241
 10
68.39
 20
377.943
 10
68.286
 20
378.152
 10
68.286
 20
378.571
 10
68.108
 20
378.917
 10
67.657
 20
379.2
 10
63.467
 20
380.562
 97
0
 92
2
 72
0
 73
1
 93
8
 10
67.584
 20
378.016
 10
67.657
 20
377.629
 10
67.521
 20
377.346
 10
67.448
 20
377.419
 10
67.521
 20
377.597
 10
67.343
 20
377.733
 10
67.06
 20
377.555
 10
67.207
 20
377.765
 97
0
 92
2
 72
0
 73
1
 93
10
 10
65.175
 20
375.188
 10
65.74
 20
374.978
 10
65.772
 20
374.8
 10
65.531
 20
374.518
 10
65.458
 20
374.591
 10
65.636
 20
374.874
 10
65.458
 20
374.905
 10
65.426
 20
374.727
 10
65.279
 20
374.727
 10
65.353
 20
375.01
 97
0
 92
2
 72
0
 73
1
 93
7
 10
58.89
 20
374.978
 10
59.068
 20
375.01
 10
59.173
 20
374.905
 10
59.173
 20
374.591
 10
59.068
 20
374.486
 10
58.827
 20
374.559
 10
58.754
 20
374.696
 97
0
 92
2
 72
0
 73
1
 93
129
 10
67.867
 20
374.905
 10
67.584
 20
374.769
 10
67.343
 20
374.277
 10
67.343
 20
374.067
 10
66.924
 20
373.02
 10
67.029
 20
372.705
 10
66.955
 20
372.632
 10
66.851
 20
372.779
 10
66.715
 20
372.496
 10
65.981
 20
370.401
 10
65.981
 20
369.773
 10
66.159
 20
369.427
 10
67.479
 20
368.023
 10
68.569
 20
366.599
 10
68.673
 20
366.557
 10
68.883
 20
366.808
 10
68.841
 20
366.557
 10
69.124
 20
366.525
 10
69.197
 20
366.557
 10
69.124
 20
366.84
 10
68.914
 20
367.049
 10
69.365
 20
367.96
 10
69.543
 20
367.887
 10
69.647
 20
367.992
 10
69.438
 20
368.201
 10
69.826
 20
368.442
 10
69.647
 20
368.62
 10
69.679
 20
368.798
 10
69.962
 20
368.725
 10
70.066
 20
368.83
 10
69.784
 20
369.008
 10
70.768
 20
371.166
 10
71.009
 20
371.344
 10
71.533
 20
371.344
 10
71.92
 20
370.474
 10
72.161
 20
370.506
 10
72.549
 20
370.328
 10
72.298
 20
370.537
 10
72.298
 20
370.789
 10
72.549
 20
370.747
 10
72.549
 20
370.893
 10
72.266
 20
371.029
 10
71.952
 20
370.715
 10
71.879
 20
370.998
 10
71.983
 20
371.208
 10
72.371
 20
371.239
 10
72.549
 20
371.061
 10
72.79
 20
371.239
 10
72.863
 20
371.166
 10
72.717
 20
370.998
 10
72.758
 20
370.893
 10
72.968
 20
370.893
 10
73.073
 20
370.684
 10
73.282
 20
370.579
 10
72.999
 20
370.296
 10
73.073
 20
370.16
 10
73.387
 20
370.055
 10
73.314
 20
369.877
 10
73.492
 20
369.49
 10
73.314
 20
369.354
 10
73.418
 20
369.144
 10
73.345
 20
369.008
 10
73.031
 20
368.756
 10
73.073
 20
369.113
 10
72.863
 20
369.071
 10
72.821
 20
368.798
 10
72.654
 20
368.547
 10
72.507
 20
368.547
 10
72.685
 20
368.935
 10
72.612
 20
369.008
 10
72.402
 20
368.861
 10
72.339
 20
369.008
 10
72.161
 20
369.039
 10
72.161
 20
369.354
 10
72.371
 20
369.877
 10
72.193
 20
369.951
 10
71.879
 20
369.175
 10
72.057
 20
368.935
 10
72.025
 20
368.694
 10
72.235
 20
368.589
 10
72.298
 20
368.337
 10
72.549
 20
368.17
 10
72.339
 20
367.709
 10
72.266
 20
367.782
 10
72.444
 20
368.17
 10
72.193
 20
368.023
 10
72.161
 20
368.201
 10
72.025
 20
368.128
 10
72.025
 20
367.918
 10
71.879
 20
367.96
 10
71.816
 20
367.814
 10
71.742
 20
367.887
 10
71.983
 20
368.379
 10
72.13
 20
368.442
 10
72.057
 20
368.516
 10
71.774
 20
368.379
 10
71.669
 20
368.065
 10
71.533
 20
367.992
 10
71.323
 20
368.097
 10
71.145
 20
367.856
 10
71.219
 20
367.782
 10
71.606
 20
367.856
 10
71.355
 20
367.29
 10
71.711
 20
367.185
 10
71.502
 20
366.976
 10
71.355
 20
367.185
 10
71.187
 20
367.185
 10
71.041
 20
366.913
 10
71.083
 20
366.766
 10
70.831
 20
366.871
 10
70.695
 20
367.154
 10
70.559
 20
367.081
 10
70.517
 20
366.808
 10
70.203
 20
366.662
 10
71.533
 20
366.63
 10
71.742
 20
366.735
 10
72.999
 20
366.735
 10
73.45
 20
366.913
 10
74.047
 20
368.097
 10
75.304
 20
371.134
 10
75.377
 20
371.417
 10
75.021
 20
372.004
 10
73.492
 20
373.512
 10
73.345
 20
373.784
 10
72.821
 20
374.308
 10
72.266
 20
374.696
 10
71.847
 20
374.8
 10
69.228
 20
374.8
 10
69.019
 20
374.905
 97
0
 92
2
 72
0
 73
1
 93
5
 10
73.031
 20
371.208
 10
73.314
 20
371.239
 10
73.418
 20
371.134
 10
73.345
 20
370.998
 10
73.104
 20
370.925
 97
0
 92
2
 72
0
 73
1
 93
5
 10
65.321
 20
370.579
 10
64.861
 20
370.37
 10
64.861
 20
370.223
 10
65.143
 20
370.296
 10
65.321
 20
370.223
 97
0
 92
2
 72
0
 73
1
 93
17
 10
70.978
 20
370.579
 10
70.8
 20
370.401
 10
70.873
 20
370.223
 10
70.726
 20
369.909
 10
70.936
 20
369.951
 10
71.083
 20
370.328
 10
71.187
 20
370.37
 10
71.187
 20
369.741
 10
71.397
 20
369.741
 10
71.92
 20
369.49
 10
71.879
 20
369.699
 10
71.46
 20
369.804
 10
71.323
 20
370.087
 10
71.502
 20
370.328
 10
71.46
 20
370.432
 10
71.292
 20
370.579
 10
71.041
 20
370.432
 97
0
 92
2
 72
0
 73
1
 93
6
 10
71.711
 20
370.474
 10
71.638
 20
370.401
 10
71.816
 20
370.055
 10
71.983
 20
370.055
 10
72.025
 20
370.265
 10
71.774
 20
370.328
 97
0
 92
2
 72
0
 73
1
 93
4
 10
65.217
 20
370.16
 10
64.861
 20
369.951
 10
65.039
 20
369.668
 10
65.248
 20
369.877
 97
0
 92
2
 72
0
 73
1
 93
9
 10
72.968
 20
370.055
 10
72.863
 20
369.699
 10
72.685
 20
369.563
 10
72.717
 20
369.49
 10
72.999
 20
369.563
 10
73.177
 20
369.385
 10
73.282
 20
369.636
 10
73.104
 20
369.773
 10
73.177
 20
369.951
 97
0
 92
2
 72
0
 73
1
 93
5
 10
70.454
 20
369.427
 10
70.412
 20
369.175
 10
70.559
 20
369.217
 10
70.873
 20
369.071
 10
70.873
 20
369.217
 97
0
 92
2
 72
0
 73
1
 93
6
 10
70.8
 20
367.887
 10
70.664
 20
367.814
 10
70.664
 20
367.646
 10
71.083
 20
367.395
 10
71.083
 20
367.646
 10
70.936
 20
367.604
 97
0
 75
0
 76
1
 98
0
  0
LWPOLYLINE
  5
396
330
17
100
AcDbEntity
  8
CUT
100
AcDbPolyline
 90
18
 70
1
 10
86.518
 20
382.919
 10
90.659
 20
382.972
 10
95.704
 20
381.326
 10
96.34
 20
380.288
 10
96.933
 20
377.303
 10
100.066
 20
376.932
 10
102.992
 20
373.984
 10
103.377
 20
372.831
 10
103.292
 20
369.197
 10
101.259
 20
364.597
 10
97.171
 20
364.083
 10
92.549
 20
364.136
 10
89.818
 20
366.868
 10
87.572
 20
367.209
 10
82.8
 20
369.254
 10
81.471
 20
374.732
 10
81.492
 20
378.858
 10
82.244
 20
379.875
  0
HATCH
  5
397
330
17
100
AcDbEntity
  8
RASTER
 62
7
100
AcDbHatch
 10
0.0
 20
0.0
 30
0.0
210
0.0
220
0.0
230
1.0
  2
SOLID
 70
1
 71
0
 91
14
 92
3
 72
0
 73
1
 93
39
 10
88.501
 20
381.263
 10
88.679
 20
381.295
 10
90.145
 20
380.876
 10
93.602
 20
379.724
 10
94.157
 20
379.441
 10
94.545
 20
378.676
 10
95.037
 20
375.397
 10
97.897
 20
375.324
 10
98.347
 20
375.146
 10
99.185
 20
374.413
 10
99.541
 20
373.931
 10
101.07
 20
372.423
 10
101.385
 20
372.004
 10
101.563
 20
371.658
 10
101.563
 20
371.029
 10
99.499
 20
366.284
 10
98.735
 20
366.106
 10
96.221
 20
366.002
 10
96.011
 20
365.897
 10
94.126
 20
365.897
 10
93.361
 20
366.599
 10
93.214
 20
366.871
 10
92.732
 20
367.332
 10
92.586
 20
367.604
 10
91.224
 20
369.175
 10
91.057
 20
369.175
 10
90.91
 20
369.008
 10
90.355
 20
368.725
 10
89.726
 20
368.83
 10
85.327
 20
370.506
 10
84.772
 20
370.789
 10
84.562
 20
370.998
 10
84.279
 20
371.763
 10
83.651
 20
374.905
 10
83.337
 20
375.953
 10
83.232
 20
377.105
 10
83.515
 20
377.66
 10
83.829
 20
377.974
 10
87.6
 20
380.802
 97
0
 92
2
 72
0
 73
1
 93
115
 10
88.469
 20
380.666
 10
84.143
 20
377.451
 10
83.86
 20
377.0
 10
83.86
 20
376.791
 10
84.101
 20
375.67
 10
84.353
 20
375.816
 10
84.594
 20
375.429
 10
84.489
 20
375.324
 10
84.206
 20
375.397
 10
84.175
 20
375.115
 10
84.457
 20
374.036
 10
84.667
 20
374.036
 10
84.908
 20
373.858
 10
84.772
 20
373.68
 10
84.562
 20
373.826
 10
84.489
 20
373.753
 10
85.086
 20
371.417
 10
85.327
 20
371.239
 10
86.615
 20
370.747
 10
86.615
 20
370.851
 10
86.406
 20
370.956
 10
86.552
 20
371.166
 10
86.51
 20
371.312
 10
87.003
 20
371.134
 10
87.034
 20
371.27
 10
86.825
 20
371.27
 10
87.003
 20
371.448
 10
87.181
 20
371.417
 10
87.244
 20
371.166
 10
87.39
 20
371.312
 10
87.453
 20
371.166
 10
87.631
 20
371.239
 10
87.946
 20
371.029
 10
88.124
 20
371.103
 10
88.291
 20
370.956
 10
88.438
 20
370.998
 10
88.26
 20
370.611
 10
88.333
 20
370.474
 10
88.438
 20
370.432
 10
88.647
 20
370.579
 10
88.71
 20
370.432
 10
88.888
 20
370.506
 10
89.129
 20
370.328
 10
89.129
 20
370.474
 10
89.276
 20
370.474
 10
89.381
 20
370.013
 10
89.024
 20
370.055
 10
89.171
 20
369.951
 10
89.024
 20
369.804
 10
90.145
 20
369.458
 10
90.323
 20
369.804
 10
90.25
 20
370.715
 10
90.145
 20
370.925
 10
90.145
 20
371.344
 10
90.25
 20
371.553
 10
90.04
 20
371.658
 10
89.936
 20
372.601
 10
90.009
 20
372.674
 10
90.114
 20
372.423
 10
90.459
 20
372.81
 10
90.596
 20
372.632
 10
90.742
 20
372.632
 10
90.742
 20
372.779
 10
90.596
 20
372.884
 10
90.878
 20
373.229
 10
90.7
 20
373.303
 10
90.428
 20
373.156
 10
90.428
 20
372.946
 10
90.25
 20
373.02
 10
90.219
 20
372.842
 10
90.04
 20
372.81
 10
90.009
 20
372.988
 10
89.831
 20
373.02
 10
89.862
 20
373.407
 10
90.145
 20
373.648
 10
90.428
 20
373.575
 10
90.459
 20
373.753
 10
90.355
 20
373.962
 10
90.491
 20
374.141
 10
90.7
 20
374.141
 10
90.742
 20
374.245
 10
90.596
 20
374.203
 10
90.564
 20
374.381
 10
90.774
 20
374.696
 10
91.015
 20
374.518
 10
91.193
 20
374.172
 10
91.329
 20
374.455
 10
91.538
 20
374.559
 10
91.79
 20
374.455
 10
91.895
 20
374.203
 10
91.716
 20
374.067
 10
92.104
 20
373.68
 10
92.628
 20
374.937
 10
92.942
 20
375.251
 10
93.288
 20
375.429
 10
94.304
 20
375.46
 10
94.23
 20
376.476
 10
94.157
 20
376.613
 10
93.916
 20
376.686
 10
94.126
 20
376.895
 10
94.126
 20
377.105
 10
94.052
 20
377.178
 10
93.843
 20
377.032
 10
93.424
 20
377.241
 10
93.602
 20
377.524
 10
93.424
 20
377.911
 10
93.633
 20
377.87
 10
93.885
 20
377.597
 10
93.989
 20
377.241
 10
94.021
 20
377.943
 10
93.916
 20
378.152
 10
93.916
 20
378.571
 10
93.738
 20
378.917
 10
93.288
 20
379.2
 10
89.098
 20
380.562
 97
0
 92
2
 72
0
 73
1
 93
8
 10
93.214
 20
378.016
 10
93.288
 20
377.629
 10
93.151
 20
377.346
 10
93.078
 20
377.419
 10
93.151
 20
377.597
 10
92.973
 20
377.733
 10
92.691
 20
377.555
 10
92.837
 20
377.765
 97
0
 92
2
 72
0
 73
1
 93
10
 10
90.805
 20
375.188
 10
91.371
 20
374.978
 10
91.402
 20
374.8
 10
91.161
 20
374.518
 10
91.088
 20
374.591
 10
91.266
 20
374.874
 10
91.088
 20
374.905
 10
91.057
 20
374.727
 10
90.91
 20
374.727
 10
90.983
 20
375.01
 97
0
 92
2
 72
0
 73
1
 93
7
 10
84.52
 20
374.978
 10
84.698
 20
375.01
 10
84.803
 20
374.905
 10
84.803
 20
374.591
 10
84.698
 20
374.486
 10
84.457
 20
374.559
 10
84.384
 20
374.696
 97
0
 92
2
 72
0
 73
1
 93
129
 10
93.497
 20
374.905
 10
93.214
 20
374.769
 10
92.973
 20
374.277
 10
92.973
 20
374.067
 10
92.554
 20
373.02
 10
92.659
 20
372.705
 10
92.586
 20
372.632
 10
92.481
 20
372.779
 10
92.345
 20
372.496
 10
91.612
 20
370.401
 10
91.612
 20
369.773
 10
91.79
 20
369.427
 10
93.11
 20
368.023
 10
94.199
 20
366.599
 10
94.304
 20
366.557
 10
94.513
 20
366.808
 10
94.471
 20
366.557
 10
94.754
 20
366.525
 10
94.827
 20
366.557
 10
94.754
 20
366.84
 10
94.545
 20
367.049
 10
94.995
 20
367.96
 10
95.173
 20
367.887
 10
95.278
 20
367.992
 10
95.068
 20
368.201
 10
95.456
 20
368.442
 10
95.278
 20
368.62
 10
95.309
 20
368.798
 10
95.592
 20
368.725
 10
95.697
 20
368.83
 10
95.414
 20
369.008
 10
96.399
 20
371.166
 10
96.64
 20
371.344
 10
97.163
 20
371.344
 10
97.551
 20
370.474
 10
97.792
 20
370.506
 10
98.179
 20
370.328
 10
97.928
 20
370.537
 10
97.928
 20
370.789
 10
98.179
 20
370.747
 10
98.179
 20
370.893
 10
97.897
 20
371.029
 10
97.582
 20
370.715
 10
97.509
 20
370.998
 10
97.614
 20
371.208
 10
98.001
 20
371.239
 10
98.179
 20
371.061
 10
98.42
 20
371.239
 10
98.494
 20
371.166
 10
98.347
 20
370.998
 10
98.389
 20
370.893
 10
98.598
 20
370.893
 10
98.703
 20
370.684
 10
98.913
 20
370.579
 10
98.63
 20
370.296
 10
98.703
 20
370.16
 10
99.017
 20
370.055
 10
98.944
 20
369.877
 10
99.122
 20
369.49
 10
98.944
 20
369.354
 10
99.049
 20
369.144
 10
98.975
 20
369.008
 10
98.661
 20
368.756
 10
98.703
 20
369.113
 10
98.494
 20
369.071
 10
98.452
 20
368.798
 10
98.284
 20
368.547
 10
98.137
 20
368.547
 10
98.316
 20
368.935
 10
98.242
 20
369.008
 10
98.033
 20
368.861
 10
97.97
 20
369.008
 10
97.792
 20
369.039
 10
97.792
 20
369.354
 10
98.001
 20
369.877
 10
97.823
 20
369.951
 10
97.509
 20
369.175
 10
97.687
 20
368.935
 10
97.656
 20
368.694
 10
97.865
 20
368.589
 10
97.928
 20
368.337
 10
98.179
 20
368.17
 10
97.97
 20
367.709
 10
97.897
 20
367.782
 10
98.075
 20
368.17
 10
97.823
 20
368.023
 10
97.792
 20
368.201
 10
97.656
 20
368.128
 10
97.656
 20
367.918
 10
97.509
 20
367.96
 10
97.446
 20
367.814
 10
97.373
 20
367.887
 10
97.614
 20
368.379
 10
97.76
 20
368.442
 10
97.687
 20
368.516
 10
97.404
 20
368.379
 10
97.299
 20
368.065
 10
97.163
 20
367.992
 10
96.954
 20
368.097
 10
96.776
 20
367.856
 10
96.849
 20
367.782
 10
97.237
 20
367.856
 10
96.985
 20
367.29
 10
97.341
 20
367.185
 10
97.132
 20
366.976
 10
96.985
 20
367.185
 10
96.818
 20
367.185
 10
96.671
 20
366.913
 10
96.713
 20
366.766
 10
96.462
 20
366.871
 10
96.325
 20
367.154
 10
96.189
 20
367.081
 10
96.147
 20
366.808
 10
95.833
 20
366.662
 10
97.163
 20
366.63
 10
97.373
 20
366.735
 10
98.63
 20
366.735
 10
99.08
 20
366.913
 10
99.677
 20
368.097
 10
100.934
 20
371.134
 10
101.008
 20
371.417
 10
100.651
 20
372.004
 10
99.122
 20
373.512
 10
98.975
 20
373.784
 10
98.452
 20
374.308
 10
97.897
 20
374.696
 10
97.478
 20
374.8
 10
94.859
 20
374.8
 10
94.649
 20
374.905
 97
0
 92
2
 72
0
 73
1
 93
5
 10
98.661
 20
371.208
 10
98.944
 20
371.239
 10
99.049
 20
371.134
 10
98.975
 20
370.998
 10
98.735
 20
370.925
 97
0
 92
2
 72
0
 73
1
 93
5
 10
90.952
 20
370.579
 10
90.491
 20
370.37
 10
90.491
 20
370.223
 10
90.774
 20
370.296
 10
90.952
 20
370.223
 97
0
 92
2
 72
0
 73
1
 93
17
 10
96.608
 20
370.579
 10
96.43
 20
370.401
 10
96.503
 20
370.223
 10
96.357
 20
369.909
 10
96.566
 20
369.951
 10
96.713
 20
370.328
 10
96.818
 20
370.37
 10
96.818
 20
369.741
 10
97.027
 20
369.741
 10
97.551
 20
369.49
 10
97.509
 20
369.699
 10
97.09
 20
369.804
 10
96.954
 20
370.087
 10
97.132
 20
370.328
 10
97.09
 20
370.432
 10
96.922
 20
370.579
 10
96.671
 20
370.432
 97
0
 92
2
 72
0
 73
1
 93
6
 10
97.341
 20
370.474
 10
97.268
 20
370.401
 10
97.446
 20
370.055
 10
97.614
 20
370.055
 10
97.656
 20
370.265
 10
97.404
 20
370.328
 97
0
 92
2
 72
0
 73
1
 93
4
 10
90.847
 20
370.16
 10
90.491
 20
369.951
 10
90.669
 20
369.668
 10
90.878
 20
369.877
 97
0
 92
2
 72
0
 73
1
 93
9
 10
98.598
 20
370.055
 10
98.494
 20
369.699
 10
98.316
 20
369.563
 10
98.347
 20
369.49
 10
98.63
 20
369.563
 10
98.808
 20
369.385
 10
98.913
 20
369.636
 10
98.735
 20
369.773
 10
98.808
 20
369.951
 97
0
 92
2
 72
0
 73
1
 93
5
 10
96.084
 20
369.427
 10
96.043
 20
369.175
 10
96.189
 20
369.217
 10
96.503
 20
369.071
 10
96.503
 20
369.217
 97
0
 92
2
 72
0
 73
1
 93
6
 10
96.43
 20
367.887
 10
96.294
 20
367.814
 10
96.294
 20
367.646
 10
96.713
 20
367.395
 10
96.713
 20
367.646
 10
96.566
 20
367.604
 97
0
 75
0
 76
1
 98
0
  0
LWPOLYLINE
  5
398
330
17
100
AcDbEntity
  8
CUT
100
AcDbPolyline
 90
18
 70
1
 10
112.149
 20
382.919
 10
116.289
 20
382.972
 10
121.334
 20
381.326
 10
121.971
 20
380.288
 10
122.563
 20
377.303
 10
125.696
 20
376.932
 10
128.623
 20
373.984
 10
129.007
 20
372.831
 10
128.922
 20
369.197
 10
126.889
 20
364.597
 10
122.802
 20
364.083
 10
118.18
 20
364.136
 10
115.448
 20
366.868
 10
113.203
 20
367.209
 10
108.431
 20
369.254
 10
107.101
 20
374.732
 10
107.122
 20
378.858
 10
107.874
 20
379.875
  0
HATCH
  5
399
330
17
100
AcDbEntity
  8
RASTER
 62
7
100
AcDbHatch
 10
0.0
 20
0.0
 30
0.0
210
0.0
220
0.0
230
1.0
  2
SOLID
 70
1
 71
0
 91
14
 92
3
 72
0
 73
1
 93
39
 10
114.131
 20
381.263
 10
114.309
 20
381.295
 10
115.776
 20
380.876
 10
119.232
 20
379.724
 10
119.787
 20
379.441
 10
120.175
 20
378.676
 10
120.667
 20
375.397
 10
123.527
 20
375.324
 10
123.977
 20
375.146
 10
124.815
 20
374.413
 10
125.171
 20
373.931
 10
126.701
 20
372.423
 10
127.015
 20
372.004
 10
127.193
 20
371.658
 10
127.193
 20
371.029
 10
125.13
 20
366.284
 10
124.365
 20
366.106
 10
121.851
 20
366.002
 10
121.641
 20
365.897
 10
119.756
 20
365.897
 10
118.991
 20
366.599
 10
118.845
 20
366.871
 10
118.363
 20
367.332
 10
118.216
 20
367.604
 10
116.855
 20
369.175
 10
116.687
 20
369.175
 10
116.54
 20
369.008
 10
115.985
 20
368.725
 10
115.357
 20
368.83
 10
110.957
 20
370.506
 10
110.402
 20
370.789
 10
110.193
 20
370.998
 10
109.91
 20
371.763
 10
109.281
 20
374.905
 10
108.967
 20
375.953
 10
108.862
 20
377.105
 10
109.145
 20
377.66
 10
109.459
 20
377.974
 10
113.23
 20
380.802
 97
0
 92
2
 72
0
 73
1
 93
115
 10
114.1
 20
380.666
 10
109.774
 20
377.451
 10
109.491
 20
377.0
 10
109.491
 20
376.791
 10
109.732
 20
375.67
 10
109.983
 20
375.816
 10
110.224
 20
375.429
 10
110.119
 20
375.324
 10
109.836
 20
375.397
 10
109.805
 20
375.115
 10
110.088
 20
374.036
 10
110.297
 20
374.036
 10
110.538
 20
373.858
 10
110.402
 20
373.68
 10
110.193
 20
373.826
 10
110.119
 20
373.753
 10
110.716
 20
371.417
 10
110.957
 20
371.239
 10
112.246
 20
370.747
 10
112.246
 20
370.851
 10
112.036
 20
370.956
 10
112.183
 20
371.166
 10
112.141
 20
371.312
 10
112.633
 20
371.134
 10
112.665
 20
371.27
 10
112.455
 20
371.27
 10
112.633
 20
371.448
 10
112.811
 20
371.417
 10
112.874
 20
371.166
 10
113.021
 20
371.312
 10
113.084
 20
371.166
 10
113.262
 20
371.239
 10
113.576
 20
371.029
 10
113.754
 20
371.103
 10
113.922
 20
370.956
 10
114.068
 20
370.998
 10
113.89
 20
370.611
 10
113.963
 20
370.474
 10
114.068
 20
370.432
 10
114.278
 20
370.579
 10
114.341
 20
370.432
 10
114.519
 20
370.506
 10
114.76
 20
370.328
 10
114.76
 20
370.474
 10
114.906
 20
370.474
 10
115.011
 20
370.013
 10
114.655
 20
370.055
 10
114.801
 20
369.951
 10
114.655
 20
369.804
 10
115.776
 20
369.458
 10
115.954
 20
369.804
 10
115.88
 20
370.715
 10
115.776
 20
370.925
 10
115.776
 20
371.344
 10
115.88
 20
371.553
 10
115.671
 20
371.658
 10
115.566
 20
372.601
 10
115.639
 20
372.674
 10
115.744
 20
372.423
 10
116.09
 20
372.81
 10
116.226
 20
372.632
 10
116.373
 20
372.632
 10
116.373
 20
372.779
 10
116.226
 20
372.884
 10
116.509
 20
373.229
 10
116.331
 20
373.303
 10
116.058
 20
373.156
 10
116.058
 20
372.946
 10
115.88
 20
373.02
 10
115.849
 20
372.842
 10
115.671
 20
372.81
 10
115.639
 20
372.988
 10
115.461
 20
373.02
 10
115.493
 20
373.407
 10
115.776
 20
373.648
 10
116.058
 20
373.575
 10
116.09
 20
373.753
 10
115.985
 20
373.962
 10
116.121
 20
374.141
 10
116.331
 20
374.141
 10
116.373
 20
374.245
 10
116.226
 20
374.203
 10
116.195
 20
374.381
 10
116.404
 20
374.696
 10
116.645
 20
374.518
 10
116.823
 20
374.172
 10
116.959
 20
374.455
 10
117.169
 20
374.559
 10
117.42
 20
374.455
 10
117.525
 20
374.203
 10
117.347
 20
374.067
 10
117.734
 20
373.68
 10
118.258
 20
374.937
 10
118.572
 20
375.251
 10
118.918
 20
375.429
 10
119.934
 20
375.46
 10
119.861
 20
376.476
 10
119.787
 20
376.613
 10
119.547
 20
376.686
 10
119.756
 20
376.895
 10
119.756
 20
377.105
 10
119.683
 20
377.178
 10
119.473
 20
377.032
 10
119.054
 20
377.241
 10
119.232
 20
377.524
 10
119.054
 20
377.911
 10
119.264
 20
377.87
 10
119.515
 20
377.597
 10
119.62
 20
377.241
 10
119.651
 20
377.943
 10
119.547
 20
378.152
 10
119.547
 20
378.571
 10
119.368
 20
378.917
 10
118.918
 20
379.2
 10
114.728
 20
380.562
 97
0
 92
2
 72
0
 73
1
 93
8
 10
118.845
 20
378.016
 10
118.918
 20
377.629
 10
118.782
 20
377.346
 10
118.709
 20
377.419
 10
118.782
 20
377.597
 10
118.604
 20
377.733
 10
118.321
 20
377.555
 10
118.468
 20
377.765
 97
0
 92
2
 72
0
 73
1
 93
10
 10
116.436
 20
375.188
 10
117.001
 20
374.978
 10
117.033
 20
374.8
 10
116.792
 20
374.518
 10
116.718
 20
374.591
 10
116.896
 20
374.874
 10
116.718
 20
374.905
 10
116.687
 20
374.727
 10
116.54
 20
374.727
 10
116.614
 20
375.01
 97
0
 92
2
 72
0
 73
1
 93
7
 10
110.151
 20
374.978
 10
110.329
 20
375.01
 10
110.433
 20
374.905
 10
110.433
 20
374.591
 10
110.329
 20
374.486
 10
110.088
 20
374.559
 10
110.014
 20
374.696
 97
0
 92
2
 72
0
 73
1
 93
129
 10
119.128
 20
374.905
 10
118.845
 20
374.769
 10
118.604
 20
374.277
 10
118.604
 20
374.067
 10
118.185
 20
373.02
 10
118.29
 20
372.705
 10
118.216
 20
372.632
 10
118.111
 20
372.779
 10
117.975
 20
372.496
 10
117.242
 20
370.401
 10
117.242
 20
369.773
 10
117.42
 20
369.427
 10
118.74
 20
368.023
 10
119.829
 20
366.599
 10
119.934
 20
366.557
 10
120.144
 20
366.808
 10
120.102
 20
366.557
 10
120.385
 20
366.525
 10
120.458
 20
366.557
 10
120.385
 20
366.84
 10
120.175
 20
367.049
 10
120.625
 20
367.96
 10
120.804
 20
367.887
 10
120.908
 20
367.992
 10
120.699
 20
368.201
 10
121.086
 20
368.442
 10
120.908
 20
368.62
 10
120.94
 20
368.798
 10
121.222
 20
368.725
 10
121.327
 20
368.83
 10
121.044
 20
369.008
 10
122.029
 20
371.166
 10
122.27
 20
371.344
 10
122.794
 20
371.344
 10
123.181
 20
370.474
 10
123.422
 20
370.506
 10
123.81
 20
370.328
 10
123.558
 20
370.537
 10
123.558
 20
370.789
 10
123.81
 20
370.747
 10
123.81
 20
370.893
 10
123.527
 20
371.029
 10
123.213
 20
370.715
 10
123.139
 20
370.998
 10
123.244
 20
371.208
 10
123.632
 20
371.239
 10
123.81
 20
371.061
 10
124.051
 20
371.239
 10
124.124
 20
371.166
 10
123.977
 20
370.998
 10
124.019
 20
370.893
 10
124.229
 20
370.893
 10
124.334
 20
370.684
 10
124.543
 20
370.579
 10
124.26
 20
370.296
 10
124.334
 20
370.16
 10
124.648
 20
370.055
 10
124.574
 20
369.877
 10
124.752
 20
369.49
 10
124.574
 20
369.354
 10
124.679
 20
369.144
 10
124.606
 20
369.008
 10
124.292
 20
368.756
 10
124.334
 20
369.113
 10
124.124
 20
369.071
 10
124.082
 20
368.798
 10
123.915
 20
368.547
 10
123.768
 20
368.547
 10
123.946
 20
368.935
 10
123.873
 20
369.008
 10
123.663
 20
368.861
 10
123.6
 20
369.008
 10
123.422
 20
369.039
 10
123.422
 20
369.354
 10
123.632
 20
369.877
 10
123.454
 20
369.951
 10
123.139
 20
369.175
 10
123.317
 20
368.935
 10
123.286
 20
368.694
 10
123.496
 20
368.589
 10
123.558
 20
368.337
 10
123.81
 20
368.17
 10
123.6
 20
367.709
 10
123.527
 20
367.782
 10
123.705
 20
368.17
 10
123.454
 20
368.023
 10
123.422
 20
368.201
 10
123.286
 20
368.128
 10
123.286
 20
367.918
 10
123.139
 20
367.96
 10
123.077
 20
367.814
 10
123.003
 20
367.887
 10
123.244
 20
368.379
 10
123.391
 20
368.442
 10
123.317
 20
368.516
 10
123.035
 20
368.379
 10
122.93
 20
368.065
 10
122.794
 20
367.992
 10
122.584
 20
368.097
 10
122.406
 20
367.856
 10
122.479
 20
367.782
 10
122.867
 20
367.856
 10
122.616
 20
367.29
 10
122.972
 20
367.185
 10
122.762
 20
366.976
 10
122.616
 20
367.185
 10
122.448
 20
367.185
 10
122.301
 20
366.913
 10
122.343
 20
366.766
 10
122.092
 20
366.871
 10
121.956
 20
367.154
 10
121.82
 20
367.081
 10
121.778
 20
366.808
 10
121.463
 20
366.662
 10
122.794
 20
366.63
 10
123.003
 20
366.735
 10
124.26
 20
366.735
 10
124.711
 20
366.913
 10
125.308
 20
368.097
 10
126.565
 20
371.134
 10
126.638
 20
371.417
 10
126.282
 20
372.004
 10
124.752
 20
373.512
 10
124.606
 20
373.784
 10
124.082
 20
374.308
 10
123.527
 20
374.696
 10
123.108
 20
374.8
 10
120.489
 20
374.8
 10
120.28
 20
374.905
 97
0
 92
2
 72
0
 73
1
 93
5
 10
124.292
 20
371.208
 10
124.574
 20
371.239
 10
124.679
 20
371.134
 10
124.606
 20
370.998
 10
124.365
 20
370.925
 97
0
 92
2
 72
0
 73
1
 93
5
 10
116.582
 20
370.579
 10
116.121
 20
370.37
 10
116.121
 20
370.223
 10
116.404
 20
370.296
 10
116.582
 20
370.223
 97
0
 92
2
 72
0
 73
1
 93
17
 10
122.239
 20
370.579
 10
122.06
 20
370.401
 10
122.134
 20
370.223
 10
121.987
 20
369.909
 10
122.197
 20
369.951
 10
122.343
 20
370.328
 10
122.448
 20
370.37
 10
122.448
 20
369.741
 10
122.658
 20
369.741
 10
123.181
 20
369.49
 10
123.139
 20
369.699
 10
122.72
 20
369.804
 10
122.584
 20
370.087
 10
122.762
 20
370.328
 10
122.72
 20
370.432
 10
122.553
 20
370.579
 10
122.301
 20
370.432
 97
0
 92
2
 72
0
 73
1
 93
6
 10
122.972
 20
370.474
 10
122.898
 20
370.401
 10
123.077
 20
370.055
 10
123.244
 20
370.055
 10
123.286
 20
370.265
 10
123.035
 20
370.328
 97
0
 92
2
 72
0
 73
1
 93
4
 10
116.477
 20
370.16
 10
116.121
 20
369.951
 10
116.299
 20
369.668
 10
116.509
 20
369.877
 97
0
 92
2
 72
0
 73
1
 93
9
 10
124.229
 20
370.055
 10
124.124
 20
369.699
 10
123.946
 20
369.563
 10
123.977
 20
369.49
 10
124.26
 20
369.563
 10
124.438
 20
369.385
 10
124.543
 20
369.636
 10
124.365
 20
369.773
 10
124.438
 20
369.951
 97
0
 92
2
 72
0
 73
1
 93
5
 10
121.715
 20
369.427
 10
121.673
 20
369.175
 10
121.82
 20
369.217
 10
122.134
 20
369.071
 10
122.134
 20
369.217
 97
0
 92
2
 72
0
 73
1
 93
6
 10
122.06
 20
367.887
 10
121.924
 20
367.814
 10
121.924
 20
367.646
 10
122.343
 20
367.395
 10
122.343
 20
367.646
 10
122.197
 20
367.604
 97
0
 75
0
 76
1
 98
0
  0
LWPOLYLINE
  5
39A
330
17
100
AcDbEntity
  8
CUT
100
AcDbPolyline
 90
39
 70
1
 10
147.24
 20
382.973
 10
150.268
 20
382.879
 10
150.914
 20
382.165
 10
151.119
 20
380.392
 10
153.126
 20
380.177
 10
153.733
 20
379.416
 10
153.607
 20
376.337
 10
153.094
 20
375.95
 10
151.772
 20
375.755
 10
151.454
 20
373.263
 10
150.595
 20
372.073
 10
149.248
 20
370.978
 10
149.188
 20
367.594
 10
148.927
 20
366.386
 10
148.241
 20
366.105
 10
145.417
 20
366.144
 10
142.631
 20
367.13
 10
141.091
 20
366.579
 10
139.34
 20
366.352
 10
139.003
 20
365.517
 10
138.639
 20
365.306
 10
135.601
 20
365.425
 10
135.289
 20
365.939
 10
135.13
 20
367.295
 10
133.317
 20
367.62
 10
132.887
 20
368.068
 10
132.731
 20
368.812
 10
132.77
 20
373.707
 10
133.302
 20
374.239
 10
135.23
 20
374.383
 10
135.086
 20
375.199
 10
135.228
 20
377.896
 10
136.951
 20
378.67
 10
139.828
 20
378.923
 10
140.717
 20
380.849
 10
142.392
 20
382.477
 10
145.269
 20
382.525
 10
146.366
 20
381.448
 10
146.507
 20
382.572
  0
HATCH
  5
39B
330
17
100
AcDbEntity
  8
RASTER
 62
7
100
AcDbHatch
 10
0.0
 20
0.0
 30
0.0
210
0.0
220
0.0
230
1.0
  2
SOLID
 70
1
 71
0
 91
7
 92
3
 72
0
 73
1
 93
137
 10
148.39
 20
381.566
 10
148.823
 20
381.589
 10
149.073
 20
381.46
 10
149.377
 20
381.232
 10
149.582
 20
380.829
 10
149.582
 20
380.145
 10
149.506
 20
379.841
 10
149.073
 20
378.907
 10
148.542
 20
378.041
 10
150.114
 20
378.702
 10
151.102
 20
378.93
 10
151.709
 20
378.854
 10
152.112
 20
378.649
 10
152.264
 20
378.497
 10
152.393
 20
378.17
 10
152.218
 20
377.585
 10
151.96
 20
377.312
 10
151.861
 20
377.258
 10
151.459
 20
377.312
 10
151.406
 20
377.79
 10
151.254
 20
377.866
 10
150.243
 20
377.357
 10
148.769
 20
376.324
 10
148.845
 20
376.218
 10
148.975
 20
376.271
 10
149.202
 20
376.195
 10
149.909
 20
375.838
 10
150.289
 20
375.534
 10
150.342
 20
375.207
 10
150.19
 20
374.827
 10
149.909
 20
374.273
 10
149.529
 20
373.741
 10
148.769
 20
372.981
 10
148.063
 20
372.548
 10
147.455
 20
372.32
 10
146.847
 20
372.244
 10
146.771
 20
372.168
 10
147.098
 20
371.811
 10
147.455
 20
371.105
 10
147.759
 20
369.889
 10
147.759
 20
368.446
 10
147.478
 20
367.588
 10
147.227
 20
367.458
 10
146.62
 20
367.534
 10
145.024
 20
367.99
 10
144.318
 20
368.347
 10
143.406
 20
369.183
 10
143.125
 20
369.661
 10
142.92
 20
370.246
 10
142.236
 20
369.183
 10
141.476
 20
368.651
 10
140.618
 20
368.218
 10
139.099
 20
367.838
 10
138.643
 20
367.838
 10
138.286
 20
368.195
 10
137.936
 20
367.861
 10
137.731
 20
367.534
 10
137.807
 20
367.23
 10
137.754
 20
366.904
 10
137.351
 20
366.623
 10
136.949
 20
366.752
 10
136.668
 20
367.154
 10
136.668
 20
367.686
 10
136.819
 20
368.142
 10
137.328
 20
369.001
 10
137.982
 20
369.715
 10
138.164
 20
370.019
 10
138.012
 20
369.988
 10
137.146
 20
369.411
 10
136.44
 20
369.054
 10
135.68
 20
368.826
 10
134.996
 20
368.826
 10
134.518
 20
369.031
 10
134.214
 20
369.411
 10
134.085
 20
369.813
 10
134.214
 20
370.292
 10
134.335
 20
370.474
 10
134.54
 20
370.573
 10
134.768
 20
370.649
 10
135.019
 20
370.52
 10
135.277
 20
370.019
 10
135.376
 20
369.965
 10
136.31
 20
370.55
 10
137.328
 20
371.356
 10
136.895
 20
371.257
 10
136.516
 20
371.257
 10
136.364
 20
371.181
 10
135.224
 20
371.181
 10
134.366
 20
371.538
 10
134.085
 20
372.017
 10
134.085
 20
372.396
 10
134.214
 20
372.647
 10
134.442
 20
372.875
 10
134.692
 20
372.928
 10
134.943
 20
372.799
 10
135.125
 20
372.374
 10
135.224
 20
372.32
 10
135.604
 20
372.32
 10
136.744
 20
372.624
 10
138.111
 20
373.156
 10
138.491
 20
373.384
 10
138.088
 20
373.665
 10
137.48
 20
374.273
 10
137.101
 20
374.805
 10
136.819
 20
375.283
 10
136.516
 20
376.043
 10
136.569
 20
376.522
 10
136.949
 20
376.825
 10
137.427
 20
377.031
 10
138.111
 20
377.258
 10
138.871
 20
377.41
 10
139.934
 20
377.41
 10
140.694
 20
377.182
 10
141.431
 20
376.825
 10
141.378
 20
377.866
 10
141.606
 20
378.626
 10
141.963
 20
379.332
 10
142.266
 20
379.788
 10
143.102
 20
380.7
 10
143.885
 20
381.209
 10
144.211
 20
381.08
 10
144.515
 20
380.776
 10
145.275
 20
379.712
 10
145.784
 20
378.55
 10
145.86
 20
378.246
 10
145.86
 20
377.638
 10
145.936
 20
377.562
 10
147.706
 20
379.287
 10
148.314
 20
380.122
 10
148.519
 20
380.525
 10
148.496
 20
380.654
 10
148.367
 20
380.677
 10
148.215
 20
380.601
 10
147.888
 20
380.654
 10
147.759
 20
380.829
 10
147.759
 20
381.057
 10
147.964
 20
381.384
 97
0
 92
2
 72
0
 73
1
 93
43
 10
143.885
 20
380.829
 10
143.634
 20
380.7
 10
142.798
 20
379.864
 10
142.342
 20
379.256
 10
141.909
 20
378.398
 10
141.682
 20
377.258
 10
141.757
 20
377.106
 10
141.757
 20
376.651
 10
142.039
 20
375.944
 10
142.593
 20
375.815
 10
142.897
 20
375.663
 10
143.277
 20
375.815
 10
143.733
 20
375.815
 10
143.983
 20
375.61
 10
144.166
 20
375.26
 10
144.416
 20
375.131
 10
144.644
 20
375.131
 10
144.971
 20
374.926
 10
145.199
 20
374.622
 10
145.404
 20
374.144
 10
145.328
 20
373.688
 10
145.024
 20
373.156
 10
145.708
 20
372.776
 10
146.164
 20
372.624
 10
146.923
 20
372.624
 10
148.162
 20
373.057
 10
148.618
 20
373.361
 10
149.453
 20
374.273
 10
149.962
 20
375.207
 10
149.909
 20
375.382
 10
149.301
 20
375.762
 10
148.139
 20
376.271
 10
147.531
 20
376.423
 10
146.695
 20
376.423
 10
146.164
 20
376.271
 10
145.457
 20
375.914
 10
144.667
 20
375.23
 10
145.404
 20
376.727
 10
145.533
 20
377.585
 10
145.48
 20
378.246
 10
145.176
 20
379.158
 10
144.819
 20
379.788
 10
144.439
 20
380.32
 97
0
 92
2
 72
0
 73
1
 93
26
 10
139.099
 20
377.106
 10
138.947
 20
377.031
 10
138.263
 20
376.955
 10
137.579
 20
376.727
 10
136.873
 20
376.37
 10
136.819
 20
376.195
 10
136.895
 20
375.967
 10
137.328
 20
375.108
 10
137.632
 20
374.653
 10
138.316
 20
373.969
 10
138.62
 20
373.741
 10
139.326
 20
373.384
 10
139.858
 20
373.232
 10
140.998
 20
373.232
 10
141.097
 20
373.285
 10
141.302
 20
373.764
 10
141.302
 20
373.992
 10
141.15
 20
374.448
 10
141.226
 20
374.903
 10
141.431
 20
375.382
 10
141.78
 20
375.716
 10
141.833
 20
375.815
 10
141.78
 20
375.914
 10
141.324
 20
376.446
 10
140.39
 20
376.955
 10
139.782
 20
377.106
 97
0
 92
2
 72
0
 73
1
 93
31
 10
142.289
 20
375.815
 10
141.811
 20
375.61
 10
141.659
 20
375.458
 10
141.378
 20
374.827
 10
141.378
 20
374.372
 10
141.682
 20
373.84
 10
141.302
 20
373.308
 10
141.302
 20
372.624
 10
141.507
 20
372.222
 10
141.833
 20
372.017
 10
142.061
 20
372.017
 10
142.517
 20
372.32
 10
142.874
 20
371.918
 10
143.125
 20
371.789
 10
143.429
 20
371.789
 10
143.755
 20
371.918
 10
144.059
 20
372.146
 10
144.264
 20
372.548
 10
144.287
 20
373.209
 10
144.644
 20
373.232
 10
144.925
 20
373.407
 10
145.176
 20
373.84
 10
145.176
 20
374.22
 10
144.895
 20
374.698
 10
144.416
 20
374.979
 10
144.059
 20
375.002
 10
144.037
 20
375.207
 10
143.831
 20
375.534
 10
143.353
 20
375.587
 10
142.996
 20
375.306
 10
142.616
 20
375.686
 97
0
 92
2
 72
0
 73
1
 93
17
 10
142.692
 20
374.349
 10
142.897
 20
374.372
 10
142.973
 20
374.296
 10
142.669
 20
373.84
 10
142.669
 20
373.46
 10
142.821
 20
373.308
 10
143.224
 20
373.437
 10
143.634
 20
373.863
 10
143.809
 20
373.916
 10
143.885
 20
373.84
 10
143.755
 20
373.589
 10
143.528
 20
373.361
 10
142.973
 20
373.004
 10
142.745
 20
373.004
 10
142.54
 20
373.103
 10
142.441
 20
373.308
 10
142.441
 20
373.916
 97
0
 92
2
 72
0
 73
1
 93
23
 10
140.846
 20
373.004
 10
139.835
 20
372.495
 10
139.152
 20
371.811
 10
138.719
 20
371.029
 10
138.491
 20
370.117
 10
138.491
 20
368.978
 10
138.567
 20
368.598
 10
138.795
 20
368.218
 10
139.099
 20
368.218
 10
140.086
 20
368.446
 10
140.922
 20
368.75
 10
141.552
 20
369.107
 10
142.084
 20
369.563
 10
142.745
 20
370.649
 10
142.897
 20
371.105
 10
142.92
 20
371.508
 10
142.646
 20
371.69
 10
142.441
 20
371.941
 10
142.137
 20
371.789
 10
141.757
 20
371.789
 10
141.507
 20
371.918
 10
141.15
 20
372.32
 10
141.051
 20
372.981
 97
0
 92
2
 72
0
 73
1
 93
23
 10
144.72
 20
372.928
 10
144.622
 20
372.875
 10
144.492
 20
372.396
 10
144.211
 20
371.918
 10
143.581
 20
371.561
 10
143.254
 20
371.508
 10
143.201
 20
371.409
 10
143.148
 20
371.158
 10
143.201
 20
370.649
 10
143.429
 20
369.965
 10
143.786
 20
369.335
 10
144.242
 20
368.879
 10
144.697
 20
368.575
 10
146.012
 20
368.066
 10
147.151
 20
367.838
 10
147.303
 20
367.99
 10
147.455
 20
368.598
 10
147.455
 20
369.737
 10
147.227
 20
370.725
 10
146.718
 20
371.659
 10
146.262
 20
372.115
 10
145.731
 20
372.495
 10
144.872
 20
372.928
 97
0
 75
0
 76
1
 98
0
  0
LWPOLYLINE
  5
39C
330
17
100
AcDbEntity
  8
CUT
100
AcDbPolyline
 90
39
 70
1
 10
171.964
 20
382.973
 10
174.992
 20
382.879
 10
175.639
 20
382.165
 10
175.844
 20
380.392
 10
177.85
 20
380.177
 10
178.457
 20
379.416
 10
178.331
 20
376.337
 10
177.818
 20
375.95
 10
176.496
 20
375.755
 10
176.178
 20
373.263
 10
175.319
 20
372.073
 10
173.972
 20
370.978
 10
173.912
 20
367.594
 10
173.651
 20
366.386
 10
172.965
 20
366.105
 10
170.142
 20
366.144
 10
167.356
 20
367.13
 10
165.815
 20
366.579
 10
164.065
 20
366.352
 10
163.728
 20
365.517
 10
163.364
 20
365.306
 10
160.325
 20
365.425
 10
160.013
 20
365.939
 10
159.854
 20
367.295
 10
158.042
 20
367.62
 10
157.611
 20
368.068
 10
157.456
 20
368.812
 10
157.494
 20
373.707
 10
158.026
 20
374.239
 10
159.954
 20
374.383
 10
159.81
 20
375.199
 10
159.952
 20
377.896
 10
161.676
 20
378.67
 10
164.552
 20
378.923
 10
165.441
 20
380.849
 10
167.116
 20
382.477
 10
169.994
 20
382.525
 10
171.09
 20
381.448
 10
171.231
 20
382.572
  0
HATCH
  5
39D
330
17
100
AcDbEntity
  8
RASTER
 62
7
100
AcDbHatch
 10
0.0
 20
0.0
 30
0.0
210
0.0
220
0.0
230
1.0
  2
SOLID
 70
1
 71
0
 91
7
 92
3
 72
0
 73
1
 93
137
 10
173.114
 20
381.566
 10
173.547
 20
381.589
 10
173.798
 20
381.46
 10
174.102
 20
381.232
 10
174.307
 20
380.829
 10
174.307
 20
380.145
 10
174.231
 20
379.841
 10
173.798
 20
378.907
 10
173.266
 20
378.041
 10
174.839
 20
378.702
 10
175.826
 20
378.93
 10
176.434
 20
378.854
 10
176.837
 20
378.649
 10
176.988
 20
378.497
 10
177.118
 20
378.17
 10
176.943
 20
377.585
 10
176.685
 20
377.312
 10
176.586
 20
377.258
 10
176.183
 20
377.312
 10
176.13
 20
377.79
 10
175.978
 20
377.866
 10
174.968
 20
377.357
 10
173.494
 20
376.324
 10
173.57
 20
376.218
 10
173.699
 20
376.271
 10
173.927
 20
376.195
 10
174.633
 20
375.838
 10
175.013
 20
375.534
 10
175.066
 20
375.207
 10
174.914
 20
374.827
 10
174.633
 20
374.273
 10
174.254
 20
373.741
 10
173.494
 20
372.981
 10
172.787
 20
372.548
 10
172.18
 20
372.32
 10
171.572
 20
372.244
 10
171.496
 20
372.168
 10
171.823
 20
371.811
 10
172.18
 20
371.105
 10
172.483
 20
369.889
 10
172.483
 20
368.446
 10
172.202
 20
367.588
 10
171.952
 20
367.458
 10
171.344
 20
367.534
 10
169.749
 20
367.99
 10
169.042
 20
368.347
 10
168.13
 20
369.183
 10
167.849
 20
369.661
 10
167.644
 20
370.246
 10
166.961
 20
369.183
 10
166.201
 20
368.651
 10
165.342
 20
368.218
 10
163.823
 20
367.838
 10
163.367
 20
367.838
 10
163.01
 20
368.195
 10
162.661
 20
367.861
 10
162.456
 20
367.534
 10
162.531
 20
367.23
 10
162.478
 20
366.904
 10
162.076
 20
366.623
 10
161.673
 20
366.752
 10
161.392
 20
367.154
 10
161.392
 20
367.686
 10
161.544
 20
368.142
 10
162.053
 20
369.001
 10
162.706
 20
369.715
 10
162.889
 20
370.019
 10
162.737
 20
369.988
 10
161.871
 20
369.411
 10
161.164
 20
369.054
 10
160.404
 20
368.826
 10
159.721
 20
368.826
 10
159.242
 20
369.031
 10
158.938
 20
369.411
 10
158.809
 20
369.813
 10
158.938
 20
370.292
 10
159.06
 20
370.474
 10
159.265
 20
370.573
 10
159.493
 20
370.649
 10
159.743
 20
370.52
 10
160.002
 20
370.019
 10
160.1
 20
369.965
 10
161.035
 20
370.55
 10
162.053
 20
371.356
 10
161.62
 20
371.257
 10
161.24
 20
371.257
 10
161.088
 20
371.181
 10
159.949
 20
371.181
 10
159.09
 20
371.538
 10
158.809
 20
372.017
 10
158.809
 20
372.396
 10
158.938
 20
372.647
 10
159.166
 20
372.875
 10
159.417
 20
372.928
 10
159.667
 20
372.799
 10
159.85
 20
372.374
 10
159.949
 20
372.32
 10
160.328
 20
372.32
 10
161.468
 20
372.624
 10
162.835
 20
373.156
 10
163.215
 20
373.384
 10
162.813
 20
373.665
 10
162.205
 20
374.273
 10
161.825
 20
374.805
 10
161.544
 20
375.283
 10
161.24
 20
376.043
 10
161.293
 20
376.522
 10
161.673
 20
376.825
 10
162.152
 20
377.031
 10
162.835
 20
377.258
 10
163.595
 20
377.41
 10
164.659
 20
377.41
 10
165.418
 20
377.182
 10
166.155
 20
376.825
 10
166.102
 20
377.866
 10
166.33
 20
378.626
 10
166.687
 20
379.332
 10
166.991
 20
379.788
 10
167.827
 20
380.7
 10
168.609
 20
381.209
 10
168.936
 20
381.08
 10
169.24
 20
380.776
 10
169.999
 20
379.712
 10
170.508
 20
378.55
 10
170.584
 20
378.246
 10
170.584
 20
377.638
 10
170.66
 20
377.562
 10
172.43
 20
379.287
 10
173.038
 20
380.122
 10
173.243
 20
380.525
 10
173.22
 20
380.654
 10
173.091
 20
380.677
 10
172.939
 20
380.601
 10
172.613
 20
380.654
 10
172.483
 20
380.829
 10
172.483
 20
381.057
 10
172.689
 20
381.384
 97
0
 92
2
 72
0
 73
1
 93
43
 10
168.609
 20
380.829
 10
168.358
 20
380.7
 10
167.523
 20
379.864
 10
167.067
 20
379.256
 10
166.634
 20
378.398
 10
166.406
 20
377.258
 10
166.482
 20
377.106
 10
166.482
 20
376.651
 10
166.763
 20
375.944
 10
167.318
 20
375.815
 10
167.621
 20
375.663
 10
168.001
 20
375.815
 10
168.457
 20
375.815
 10
168.708
 20
375.61
 10
168.89
 20
375.26
 10
169.141
 20
375.131
 10
169.369
 20
375.131
 10
169.695
 20
374.926
 10
169.923
 20
374.622
 10
170.128
 20
374.144
 10
170.052
 20
373.688
 10
169.749
 20
373.156
 10
170.432
 20
372.776
 10
170.888
 20
372.624
 10
171.648
 20
372.624
 10
172.886
 20
373.057
 10
173.342
 20
373.361
 10
174.178
 20
374.273
 10
174.687
 20
375.207
 10
174.633
 20
375.382
 10
174.026
 20
375.762
 10
172.863
 20
376.271
 10
172.256
 20
376.423
 10
171.42
 20
376.423
 10
170.888
 20
376.271
 10
170.182
 20
375.914
 10
169.392
 20
375.23
 10
170.128
 20
376.727
 10
170.258
 20
377.585
 10
170.204
 20
378.246
 10
169.901
 20
379.158
 10
169.543
 20
379.788
 10
169.164
 20
380.32
 97
0
 92
2
 72
0
 73
1
 93
26
 10
163.823
 20
377.106
 10
163.671
 20
377.031
 10
162.987
 20
376.955
 10
162.304
 20
376.727
 10
161.597
 20
376.37
 10
161.544
 20
376.195
 10
161.62
 20
375.967
 10
162.053
 20
375.108
 10
162.357
 20
374.653
 10
163.04
 20
373.969
 10
163.344
 20
373.741
 10
164.051
 20
373.384
 10
164.583
 20
373.232
 10
165.722
 20
373.232
 10
165.821
 20
373.285
 10
166.026
 20
373.764
 10
166.026
 20
373.992
 10
165.874
 20
374.448
 10
165.95
 20
374.903
 10
166.155
 20
375.382
 10
166.505
 20
375.716
 10
166.558
 20
375.815
 10
166.505
 20
375.914
 10
166.049
 20
376.446
 10
165.114
 20
376.955
 10
164.507
 20
377.106
 97
0
 92
2
 72
0
 73
1
 93
31
 10
167.014
 20
375.815
 10
166.535
 20
375.61
 10
166.383
 20
375.458
 10
166.102
 20
374.827
 10
166.102
 20
374.372
 10
166.406
 20
373.84
 10
166.026
 20
373.308
 10
166.026
 20
372.624
 10
166.231
 20
372.222
 10
166.558
 20
372.017
 10
166.786
 20
372.017
 10
167.242
 20
372.32
 10
167.599
 20
371.918
 10
167.849
 20
371.789
 10
168.153
 20
371.789
 10
168.48
 20
371.918
 10
168.784
 20
372.146
 10
168.989
 20
372.548
 10
169.012
 20
373.209
 10
169.369
 20
373.232
 10
169.65
 20
373.407
 10
169.901
 20
373.84
 10
169.901
 20
374.22
 10
169.619
 20
374.698
 10
169.141
 20
374.979
 10
168.784
 20
375.002
 10
168.761
 20
375.207
 10
168.556
 20
375.534
 10
168.077
 20
375.587
 10
167.72
 20
375.306
 10
167.34
 20
375.686
 97
0
 92
2
 72
0
 73
1
 93
17
 10
167.416
 20
374.349
 10
167.621
 20
374.372
 10
167.697
 20
374.296
 10
167.394
 20
373.84
 10
167.394
 20
373.46
 10
167.545
 20
373.308
 10
167.948
 20
373.437
 10
168.358
 20
373.863
 10
168.533
 20
373.916
 10
168.609
 20
373.84
 10
168.48
 20
373.589
 10
168.252
 20
373.361
 10
167.697
 20
373.004
 10
167.47
 20
373.004
 10
167.264
 20
373.103
 10
167.166
 20
373.308
 10
167.166
 20
373.916
 97
0
 92
2
 72
0
 73
1
 93
23
 10
165.57
 20
373.004
 10
164.56
 20
372.495
 10
163.876
 20
371.811
 10
163.443
 20
371.029
 10
163.215
 20
370.117
 10
163.215
 20
368.978
 10
163.291
 20
368.598
 10
163.519
 20
368.218
 10
163.823
 20
368.218
 10
164.811
 20
368.446
 10
165.646
 20
368.75
 10
166.277
 20
369.107
 10
166.809
 20
369.563
 10
167.47
 20
370.649
 10
167.621
 20
371.105
 10
167.644
 20
371.508
 10
167.371
 20
371.69
 10
167.166
 20
371.941
 10
166.862
 20
371.789
 10
166.482
 20
371.789
 10
166.231
 20
371.918
 10
165.874
 20
372.32
 10
165.775
 20
372.981
 97
0
 92
2
 72
0
 73
1
 93
23
 10
169.445
 20
372.928
 10
169.346
 20
372.875
 10
169.217
 20
372.396
 10
168.936
 20
371.918
 10
168.305
 20
371.561
 10
167.978
 20
371.508
 10
167.925
 20
371.409
 10
167.872
 20
371.158
 10
167.925
 20
370.649
 10
168.153
 20
369.965
 10
168.51
 20
369.335
 10
168.966
 20
368.879
 10
169.422
 20
368.575
 10
170.736
 20
368.066
 10
171.876
 20
367.838
 10
172.028
 20
367.99
 10
172.18
 20
368.598
 10
172.18
 20
369.737
 10
171.952
 20
370.725
 10
171.443
 20
371.659
 10
170.987
 20
372.115
 10
170.455
 20
372.495
 10
169.597
 20
372.928
 97
0
 75
0
 76
1
 98
0
  0
LWPOLYLINE
  5
39E
330
17
100
AcDbEntity
  8
CUT
100
AcDbPolyline
 90
39
 70
1
 10
196.689
 20
382.973
 10
199.717
 20
382.879
 10
200.363
 20
382.165
 10
200.568
 20
380.392
 10
202.575
 20
380.177
 10
203.182
 20
379.416
 10
203.055
 20
376.337
 10
202.543
 20
375.95
 10
201.221
 20
375.755
 10
200.903
 20
373.263
 10
200.044
 20
372.073
 10
198.696
 20
370.978
 10
198.637
 20
367.594
 10
198.375
 20
366.386
 10
197.69
 20
366.105
 10
194.866
 20
366.144
 10
192.08
 20
367.13
 10
190.54
 20
366.579
 10
188.789
 20
366.352
 10
188.452
 20
365.517
 10
188.088
 20
365.306
 10
185.05
 20
365.425
 10
184.737
 20
365.939
 10
184.579
 20
367.295
 10
182.766
 20
367.62
 10
182.336
 20
368.068
 10
182.18
 20
368.812
 10
182.219
 20
373.707
 10
182.751
 20
374.239
 10
184.678
 20
374.383
 10
184.535
 20
375.199
 10
184.677
 20
377.896
 10
186.4
 20
378.67
 10
189.276
 20
378.923
 10
190.165
 20
380.849
 10
191.841
 20
382.477
 10
194.718
 20
382.525
 10
195.815
 20
381.448
 10
195.956
 20
382.572
  0
HATCH
  5
39F
330
17
100
AcDbEntity
  8
RASTER
 62
7
100
AcDbHatch
 10
0.0
 20
0.0
 30
0.0
210
0.0
220
0.0
230
1.0
  2
SOLID
 70
1
 71
0
 91
7
 92
3
 72
0
 73
1
 93
137
 10
197.838
 20
381.566
 10
198.271
 20
381.589
 10
198.522
 20
381.46
 10
198.826
 20
381.232
 10
199.031
 20
380.829
 10
199.031
 20
380.145
 10
198.955
 20
379.841
 10
198.522
 20
378.907
 10
197.99
 20
378.041
 10
199.563
 20
378.702
 10
200.551
 20
378.93
 10
201.158
 20
378.854
 10
201.561
 20
378.649
 10
201.713
 20
378.497
 10
201.842
 20
378.17
 10
201.667
 20
377.585
 10
201.409
 20
377.312
 10
201.31
 20
377.258
 10
200.908
 20
377.312
 10
200.854
 20
377.79
 10
200.702
 20
377.866
 10
199.692
 20
377.357
 10
198.218
 20
376.324
 10
198.294
 20
376.218
 10
198.423
 20
376.271
 10
198.651
 20
376.195
 10
199.358
 20
375.838
 10
199.738
 20
375.534
 10
199.791
 20
375.207
 10
199.639
 20
374.827
 10
199.358
 20
374.273
 10
198.978
 20
373.741
 10
198.218
 20
372.981
 10
197.512
 20
372.548
 10
196.904
 20
372.32
 10
196.296
 20
372.244
 10
196.22
 20
372.168
 10
196.547
 20
371.811
 10
196.904
 20
371.105
 10
197.208
 20
369.889
 10
197.208
 20
368.446
 10
196.927
 20
367.588
 10
196.676
 20
367.458
 10
196.068
 20
367.534
 10
194.473
 20
367.99
 10
193.766
 20
368.347
 10
192.855
 20
369.183
 10
192.574
 20
369.661
 10
192.369
 20
370.246
 10
191.685
 20
369.183
 10
190.925
 20
368.651
 10
190.067
 20
368.218
 10
188.547
 20
367.838
 10
188.092
 20
367.838
 10
187.735
 20
368.195
 10
187.385
 20
367.861
 10
187.18
 20
367.534
 10
187.256
 20
367.23
 10
187.203
 20
366.904
 10
186.8
 20
366.623
 10
186.397
 20
366.752
 10
186.116
 20
367.154
 10
186.116
 20
367.686
 10
186.268
 20
368.142
 10
186.777
 20
369.001
 10
187.431
 20
369.715
 10
187.613
 20
370.019
 10
187.461
 20
369.988
 10
186.595
 20
369.411
 10
185.888
 20
369.054
 10
185.129
 20
368.826
 10
184.445
 20
368.826
 10
183.966
 20
369.031
 10
183.663
 20
369.411
 10
183.533
 20
369.813
 10
183.663
 20
370.292
 10
183.784
 20
370.474
 10
183.989
 20
370.573
 10
184.217
 20
370.649
 10
184.468
 20
370.52
 10
184.726
 20
370.019
 10
184.825
 20
369.965
 10
185.759
 20
370.55
 10
186.777
 20
371.356
 10
186.344
 20
371.257
 10
185.964
 20
371.257
 10
185.812
 20
371.181
 10
184.673
 20
371.181
 10
183.815
 20
371.538
 10
183.533
 20
372.017
 10
183.533
 20
372.396
 10
183.663
 20
372.647
 10
183.89
 20
372.875
 10
184.141
 20
372.928
 10
184.392
 20
372.799
 10
184.574
 20
372.374
 10
184.673
 20
372.32
 10
185.053
 20
372.32
 10
186.192
 20
372.624
 10
187.56
 20
373.156
 10
187.94
 20
373.384
 10
187.537
 20
373.665
 10
186.929
 20
374.273
 10
186.549
 20
374.805
 10
186.268
 20
375.283
 10
185.964
 20
376.043
 10
186.018
 20
376.522
 10
186.397
 20
376.825
 10
186.876
 20
377.031
 10
187.56
 20
377.258
 10
188.319
 20
377.41
 10
189.383
 20
377.41
 10
190.143
 20
377.182
 10
190.88
 20
376.825
 10
190.826
 20
377.866
 10
191.054
 20
378.626
 10
191.411
 20
379.332
 10
191.715
 20
379.788
 10
192.551
 20
380.7
 10
193.333
 20
381.209
 10
193.66
 20
381.08
 10
193.964
 20
380.776
 10
194.724
 20
379.712
 10
195.233
 20
378.55
 10
195.309
 20
378.246
 10
195.309
 20
377.638
 10
195.385
 20
377.562
 10
197.155
 20
379.287
 10
197.762
 20
380.122
 10
197.968
 20
380.525
 10
197.945
 20
380.654
 10
197.816
 20
380.677
 10
197.664
 20
380.601
 10
197.337
 20
380.654
 10
197.208
 20
380.829
 10
197.208
 20
381.057
 10
197.413
 20
381.384
 97
0
 92
2
 72
0
 73
1
 93
43
 10
193.333
 20
380.829
 10
193.083
 20
380.7
 10
192.247
 20
379.864
 10
191.791
 20
379.256
 10
191.358
 20
378.398
 10
191.13
 20
377.258
 10
191.206
 20
377.106
 10
191.206
 20
376.651
 10
191.487
 20
375.944
 10
192.042
 20
375.815
 10
192.346
 20
375.663
 10
192.726
 20
375.815
 10
193.182
 20
375.815
 10
193.432
 20
375.61
 10
193.615
 20
375.26
 10
193.865
 20
375.131
 10
194.093
 20
375.131
 10
194.42
 20
374.926
 10
194.648
 20
374.622
 10
194.853
 20
374.144
 10
194.777
 20
373.688
 10
194.473
 20
373.156
 10
195.157
 20
372.776
 10
195.613
 20
372.624
 10
196.372
 20
372.624
 10
197.611
 20
373.057
 10
198.066
 20
373.361
 10
198.902
 20
374.273
 10
199.411
 20
375.207
 10
199.358
 20
375.382
 10
198.75
 20
375.762
 10
197.588
 20
376.271
 10
196.98
 20
376.423
 10
196.144
 20
376.423
 10
195.613
 20
376.271
 10
194.906
 20
375.914
 10
194.116
 20
375.23
 10
194.853
 20
376.727
 10
194.982
 20
377.585
 10
194.929
 20
378.246
 10
194.625
 20
379.158
 10
194.268
 20
379.788
 10
193.888
 20
380.32
 97
0
 92
2
 72
0
 73
1
 93
26
 10
188.547
 20
377.106
 10
188.395
 20
377.031
 10
187.712
 20
376.955
 10
187.028
 20
376.727
 10
186.321
 20
376.37
 10
186.268
 20
376.195
 10
186.344
 20
375.967
 10
186.777
 20
375.108
 10
187.081
 20
374.653
 10
187.765
 20
373.969
 10
188.069
 20
373.741
 10
188.775
 20
373.384
 10
189.307
 20
373.232
 10
190.447
 20
373.232
 10
190.545
 20
373.285
 10
190.751
 20
373.764
 10
190.751
 20
373.992
 10
190.599
 20
374.448
 10
190.675
 20
374.903
 10
190.88
 20
375.382
 10
191.229
 20
375.716
 10
191.282
 20
375.815
 10
191.229
 20
375.914
 10
190.773
 20
376.446
 10
189.839
 20
376.955
 10
189.231
 20
377.106
 97
0
 92
2
 72
0
 73
1
 93
31
 10
191.738
 20
375.815
 10
191.259
 20
375.61
 10
191.108
 20
375.458
 10
190.826
 20
374.827
 10
190.826
 20
374.372
 10
191.13
 20
373.84
 10
190.751
 20
373.308
 10
190.751
 20
372.624
 10
190.956
 20
372.222
 10
191.282
 20
372.017
 10
191.51
 20
372.017
 10
191.966
 20
372.32
 10
192.323
 20
371.918
 10
192.574
 20
371.789
 10
192.878
 20
371.789
 10
193.204
 20
371.918
 10
193.508
 20
372.146
 10
193.713
 20
372.548
 10
193.736
 20
373.209
 10
194.093
 20
373.232
 10
194.374
 20
373.407
 10
194.625
 20
373.84
 10
194.625
 20
374.22
 10
194.344
 20
374.698
 10
193.865
 20
374.979
 10
193.508
 20
375.002
 10
193.485
 20
375.207
 10
193.28
 20
375.534
 10
192.802
 20
375.587
 10
192.445
 20
375.306
 10
192.065
 20
375.686
 97
0
 92
2
 72
0
 73
1
 93
17
 10
192.141
 20
374.349
 10
192.346
 20
374.372
 10
192.422
 20
374.296
 10
192.118
 20
373.84
 10
192.118
 20
373.46
 10
192.27
 20
373.308
 10
192.673
 20
373.437
 10
193.083
 20
373.863
 10
193.257
 20
373.916
 10
193.333
 20
373.84
 10
193.204
 20
373.589
 10
192.976
 20
373.361
 10
192.422
 20
373.004
 10
192.194
 20
373.004
 10
191.989
 20
373.103
 10
191.89
 20
373.308
 10
191.89
 20
373.916
 97
0
 92
2
 72
0
 73
1
 93
23
 10
190.295
 20
373.004
 10
189.284
 20
372.495
 10
188.601
 20
371.811
 10
188.168
 20
371.029
 10
187.94
 20
370.117
 10
187.94
 20
368.978
 10
188.016
 20
368.598
 10
188.244
 20
368.218
 10
188.547
 20
368.218
 10
189.535
 20
368.446
 10
190.371
 20
368.75
 10
191.001
 20
369.107
 10
191.533
 20
369.563
 10
192.194
 20
370.649
 10
192.346
 20
371.105
 10
192.369
 20
371.508
 10
192.095
 20
371.69
 10
191.89
 20
371.941
 10
191.586
 20
371.789
 10
191.206
 20
371.789
 10
190.956
 20
371.918
 10
190.599
 20
372.32
 10
190.5
 20
372.981
 97
0
 92
2
 72
0
 73
1
 93
23
 10
194.169
 20
372.928
 10
194.07
 20
372.875
 10
193.941
 20
372.396
 10
193.66
 20
371.918
 10
193.03
 20
371.561
 10
192.703
 20
371.508
 10
192.65
 20
371.409
 10
192.597
 20
371.158
 10
192.65
 20
370.649
 10
192.878
 20
369.965
 10
193.235
 20
369.335
 10
193.691
 20
368.879
 10
194.146
 20
368.575
 10
195.461
 20
368.066
 10
196.6
 20
367.838
 10
196.752
 20
367.99
 10
196.904
 20
368.598
 10
196.904
 20
369.737
 10
196.676
 20
370.725
 10
196.167
 20
371.659
 10
195.711
 20
372.115
 10
195.18
 20
372.495
 10
194.321
 20
372.928
 97
0
 75
0
 76
1
 98
0
  0
LWPOLYLINE
  5
3A0
330
17
100
AcDbEntity
  8
CUT
100
AcDbPolyline
 90
39
 70
1
 10
221.413
 20
382.973
 10
224.441
 20
382.879
 10
225.087
 20
382.165
 10
225.293
 20
380.392
 10
227.299
 20
380.177
 10
227.906
 20
379.416
 10
227.78
 20
376.337
 10
227.267
 20
375.95
 10
225.945
 20
375.755
 10
225.627
 20
373.263
 10
224.768
 20
372.073
 10
223.421
 20
370.978
 10
223.361
 20
367.594
 10
223.1
 20
366.386
 10
222.414
 20
366.105
 10
219.591
 20
366.144
 10
216.805
 20
367.13
 10
215.264
 20
366.579
 10
213.514
 20
366.352
 10
213.177
 20
365.517
 10
212.812
 20
365.306
 10
209.774
 20
365.425
 10
209.462
 20
365.939
 10
209.303
 20
367.295
 10
207.491
 20
367.62
 10
207.06
 20
368.068
 10
206.905
 20
368.812
 10
206.943
 20
373.707
 10
207.475
 20
374.239
 10
209.403
 20
374.383
 10
209.259
 20
375.199
 10
209.401
 20
377.896
 10
211.125
 20
378.67
 10
214.001
 20
378.923
 10
214.89
 20
380.849
 10
216.565
 20
382.477
 10
219.443
 20
382.525
 10
220.539
 20
381.448
 10
220.68
 20
382.572
  0
HATCH
  5
3A1
330
17
100
AcDbEntity
  8
RASTER
 62
7
100
AcDbHatch
 10
0.0
 20
0.0
 30
0.0
210
0.0
220
0.0
230
1.0
  2
SOLID
 70
1
 71
0
 91
7
 92
3
 72
0
 73
1
 93
137
 10
222.563
 20
381.566
 10
222.996
 20
381.589
 10
223.247
 20
381.46
 10
223.55
 20
381.232
 10
223.756
 20
380.829
 10
223.756
 20
380.145
 10
223.68
 20
379.841
 10
223.247
 20
378.907
 10
222.715
 20
378.041
 10
224.287
 20
378.702
 10
225.275
 20
378.93
 10
225.883
 20
378.854
 10
226.285
 20
378.649
 10
226.437
 20
378.497
 10
226.566
 20
378.17
 10
226.392
 20
377.585
 10
226.133
 20
377.312
 10
226.035
 20
377.258
 10
225.632
 20
377.312
 10
225.579
 20
377.79
 10
225.427
 20
377.866
 10
224.417
 20
377.357
 10
222.943
 20
376.324
 10
223.019
 20
376.218
 10
223.148
 20
376.271
 10
223.376
 20
376.195
 10
224.082
 20
375.838
 10
224.462
 20
375.534
 10
224.515
 20
375.207
 10
224.363
 20
374.827
 10
224.082
 20
374.273
 10
223.702
 20
373.741
 10
222.943
 20
372.981
 10
222.236
 20
372.548
 10
221.628
 20
372.32
 10
221.021
 20
372.244
 10
220.945
 20
372.168
 10
221.271
 20
371.811
 10
221.628
 20
371.105
 10
221.932
 20
369.889
 10
221.932
 20
368.446
 10
221.651
 20
367.588
 10
221.401
 20
367.458
 10
220.793
 20
367.534
 10
219.197
 20
367.99
 10
218.491
 20
368.347
 10
217.579
 20
369.183
 10
217.298
 20
369.661
 10
217.093
 20
370.246
 10
216.409
 20
369.183
 10
215.65
 20
368.651
 10
214.791
 20
368.218
 10
213.272
 20
367.838
 10
212.816
 20
367.838
 10
212.459
 20
368.195
 10
212.109
 20
367.861
 10
211.904
 20
367.534
 10
211.98
 20
367.23
 10
211.927
 20
366.904
 10
211.525
 20
366.623
 10
211.122
 20
366.752
 10
210.841
 20
367.154
 10
210.841
 20
367.686
 10
210.993
 20
368.142
 10
211.502
 20
369.001
 10
212.155
 20
369.715
 10
212.337
 20
370.019
 10
212.185
 20
369.988
 10
211.319
 20
369.411
 10
210.613
 20
369.054
 10
209.853
 20
368.826
 10
209.169
 20
368.826
 10
208.691
 20
369.031
 10
208.387
 20
369.411
 10
208.258
 20
369.813
 10
208.387
 20
370.292
 10
208.509
 20
370.474
 10
208.714
 20
370.573
 10
208.942
 20
370.649
 10
209.192
 20
370.52
 10
209.451
 20
370.019
 10
209.549
 20
369.965
 10
210.484
 20
370.55
 10
211.502
 20
371.356
 10
211.069
 20
371.257
 10
210.689
 20
371.257
 10
210.537
 20
371.181
 10
209.397
 20
371.181
 10
208.539
 20
371.538
 10
208.258
 20
372.017
 10
208.258
 20
372.396
 10
208.387
 20
372.647
 10
208.615
 20
372.875
 10
208.866
 20
372.928
 10
209.116
 20
372.799
 10
209.299
 20
372.374
 10
209.397
 20
372.32
 10
209.777
 20
372.32
 10
210.917
 20
372.624
 10
212.284
 20
373.156
 10
212.664
 20
373.384
 10
212.261
 20
373.665
 10
211.654
 20
374.273
 10
211.274
 20
374.805
 10
210.993
 20
375.283
 10
210.689
 20
376.043
 10
210.742
 20
376.522
 10
211.122
 20
376.825
 10
211.6
 20
377.031
 10
212.284
 20
377.258
 10
213.044
 20
377.41
 10
214.107
 20
377.41
 10
214.867
 20
377.182
 10
215.604
 20
376.825
 10
215.551
 20
377.866
 10
215.779
 20
378.626
 10
216.136
 20
379.332
 10
216.44
 20
379.788
 10
217.275
 20
380.7
 10
218.058
 20
381.209
 10
218.385
 20
381.08
 10
218.688
 20
380.776
 10
219.448
 20
379.712
 10
219.957
 20
378.55
 10
220.033
 20
378.246
 10
220.033
 20
377.638
 10
220.109
 20
377.562
 10
221.879
 20
379.287
 10
222.487
 20
380.122
 10
222.692
 20
380.525
 10
222.669
 20
380.654
 10
222.54
 20
380.677
 10
222.388
 20
380.601
 10
222.061
 20
380.654
 10
221.932
 20
380.829
 10
221.932
 20
381.057
 10
222.137
 20
381.384
 97
0
 92
2
 72
0
 73
1
 93
43
 10
218.058
 20
380.829
 10
217.807
 20
380.7
 10
216.972
 20
379.864
 10
216.516
 20
379.256
 10
216.083
 20
378.398
 10
215.855
 20
377.258
 10
215.931
 20
377.106
 10
215.931
 20
376.651
 10
216.212
 20
375.944
 10
216.766
 20
375.815
 10
217.07
 20
375.663
 10
217.45
 20
375.815
 10
217.906
 20
375.815
 10
218.157
 20
375.61
 10
218.339
 20
375.26
 10
218.59
 20
375.131
 10
218.818
 20
375.131
 10
219.144
 20
374.926
 10
219.372
 20
374.622
 10
219.577
 20
374.144
 10
219.501
 20
373.688
 10
219.197
 20
373.156
 10
219.881
 20
372.776
 10
220.337
 20
372.624
 10
221.097
 20
372.624
 10
222.335
 20
373.057
 10
222.791
 20
373.361
 10
223.626
 20
374.273
 10
224.135
 20
375.207
 10
224.082
 20
375.382
 10
223.474
 20
375.762
 10
222.312
 20
376.271
 10
221.704
 20
376.423
 10
220.869
 20
376.423
 10
220.337
 20
376.271
 10
219.63
 20
375.914
 10
218.84
 20
375.23
 10
219.577
 20
376.727
 10
219.706
 20
377.585
 10
219.653
 20
378.246
 10
219.349
 20
379.158
 10
218.992
 20
379.788
 10
218.612
 20
380.32
 97
0
 92
2
 72
0
 73
1
 93
26
 10
213.272
 20
377.106
 10
213.12
 20
377.031
 10
212.436
 20
376.955
 10
211.752
 20
376.727
 10
211.046
 20
376.37
 10
210.993
 20
376.195
 10
211.069
 20
375.967
 10
211.502
 20
375.108
 10
211.806
 20
374.653
 10
212.489
 20
373.969
 10
212.793
 20
373.741
 10
213.5
 20
373.384
 10
214.032
 20
373.232
 10
215.171
 20
373.232
 10
215.27
 20
373.285
 10
215.475
 20
373.764
 10
215.475
 20
373.992
 10
215.323
 20
374.448
 10
215.399
 20
374.903
 10
215.604
 20
375.382
 10
215.954
 20
375.716
 10
216.007
 20
375.815
 10
215.954
 20
375.914
 10
215.498
 20
376.446
 10
214.563
 20
376.955
 10
213.956
 20
377.106
 97
0
 92
2
 72
0
 73
1
 93
31
 10
216.463
 20
375.815
 10
215.984
 20
375.61
 10
215.832
 20
375.458
 10
215.551
 20
374.827
 10
215.551
 20
374.372
 10
215.855
 20
373.84
 10
215.475
 20
373.308
 10
215.475
 20
372.624
 10
215.68
 20
372.222
 10
216.007
 20
372.017
 10
216.235
 20
372.017
 10
216.69
 20
372.32
 10
217.047
 20
371.918
 10
217.298
 20
371.789
 10
217.602
 20
371.789
 10
217.929
 20
371.918
 10
218.233
 20
372.146
 10
218.438
 20
372.548
 10
218.461
 20
373.209
 10
218.818
 20
373.232
 10
219.099
 20
373.407
 10
219.349
 20
373.84
 10
219.349
 20
374.22
 10
219.068
 20
374.698
 10
218.59
 20
374.979
 10
218.233
 20
375.002
 10
218.21
 20
375.207
 10
218.005
 20
375.534
 10
217.526
 20
375.587
 10
217.169
 20
375.306
 10
216.789
 20
375.686
 97
0
 92
2
 72
0
 73
1
 93
17
 10
216.865
 20
374.349
 10
217.07
 20
374.372
 10
217.146
 20
374.296
 10
216.842
 20
373.84
 10
216.842
 20
373.46
 10
216.994
 20
373.308
 10
217.397
 20
373.437
 10
217.807
 20
373.863
 10
217.982
 20
373.916
 10
218.058
 20
373.84
 10
217.929
 20
373.589
 10
217.701
 20
373.361
 10
217.146
 20
373.004
 10
216.918
 20
373.004
 10
216.713
 20
373.103
 10
216.614
 20
373.308
 10
216.614
 20
373.916
 97
0
 92
2
 72
0
 73
1
 93
23
 10
215.019
 20
373.004
 10
214.009
 20
372.495
 10
213.325
 20
371.811
 10
212.892
 20
371.029
 10
212.664
 20
370.117
 10
212.664
 20
368.978
 10
212.74
 20
368.598
 10
212.968
 20
368.218
 10
213.272
 20
368.218
 10
214.259
 20
368.446
 10
215.095
 20
368.75
 10
215.726
 20
369.107
 10
216.257
 20
369.563
 10
216.918
 20
370.649
 10
217.07
 20
371.105
 10
217.093
 20
371.508
 10
216.82
 20
371.69
 10
216.614
 20
371.941
 10
216.311
 20
371.789
 10
215.931
 20
371.789
 10
215.68
 20
371.918
 10
215.323
 20
372.32
 10
215.224
 20
372.981
 97
0
 92
2
 72
0
 73
1
 93
23
 10
218.894
 20
372.928
 10
218.795
 20
372.875
 10
218.666
 20
372.396
 10
218.385
 20
371.918
 10
217.754
 20
371.561
 10
217.427
 20
371.508
 10
217.374
 20
371.409
 10
217.321
 20
371.158
 10
217.374
 20
370.649
 10
217.602
 20
369.965
 10
217.959
 20
369.335
 10
218.415
 20
368.879
 10
218.871
 20
368.575
 10
220.185
 20
368.066
 10
221.325
 20
367.838
 10
221.476
 20
367.99
 10
221.628
 20
368.598
 10
221.628
 20
369.737
 10
221.401
 20
370.725
 10
220.892
 20
371.659
 10
220.436
 20
372.115
 10
219.904
 20
372.495
 10
219.045
 20
372.928
 97
0
 75
0
 76
1
 98
0
  0
LWPOLYLINE
  5
3A2
330
17
100
AcDbEntity
  8
CUT
100
AcDbPolyline
 90
38
 70
1
 10
233.423
 20
382.972
 10
243.724
 20
382.972
 10
244.754
 20
382.936
 10
245.732
 20
382.829
 10
246.658
 20
382.651
 10
247.536
 20
382.403
 10
248.368
 20
382.087
 10
249.158
 20
381.704
 10
249.908
 20
381.254
 10
250.622
 20
380.74
 10
251.301
 20
380.162
 10
251.951
 20
379.522
 10
252.573
 20
378.821
 10
253.237
 20
377.978
 10
252.573
 20
377.135
 10
251.951
 20
376.434
 10
251.301
 20
375.793
 10
250.622
 20
375.215
 10
249.908
 20
374.701
 10
249.158
 20
374.251
 10
248.368
 20
373.868
 10
247.536
 20
373.552
 10
246.658
 20
373.305
 10
245.732
 20
373.127
 10
244.754
 20
373.019
 10
243.724
 20
372.983
 10
233.423
 20
372.983
 10
232.85
 20
373.197
 10
232.394
 20
373.77
 10
232.056
 20
374.597
 10
231.818
 20
375.615
 10
231.676
 20
376.764
 10
231.629
 20
377.978
 10
231.676
 20
379.192
 10
231.818
 20
380.34
 10
232.056
 20
381.359
 10
232.394
 20
382.185
 10
232.85
 20
382.759
  0
HATCH
  5
3A3
330
17
100
AcDbEntity
  8
RASTER
 62
7
100
AcDbHatch
 10
0.0
 20
0.0
 30
0.0
210
0.0
220
0.0
230
1.0
  2
SOLID
 70
1
 71
0
 91
1
 92
3
 72
0
 73
1
 93
4
 10
233.635
 20
380.985
 10
249.046
 20
380.985
 10
249.046
 20
380.574
 10
233.635
 20
380.574
 97
0
 75
0
 76
1
 98
0
  0
HATCH
  5
3A4
330
17
100
AcDbEntity
  8
RASTER
 62
7
100
AcDbHatch
 10
0.0
 20
0.0
 30
0.0
210
0.0
220
0.0
230
1.0
  2
SOLID
 70
1
 71
0
 91
1
 92
3
 72
0
 73
1
 93
4
 10
233.635
 20
378.183
 10
249.046
 20
378.183
 10
249.046
 20
377.772
 10
233.635
 20
377.772
 97
0
 75
0
 76
1
 98
0
  0
HATCH
  5
3A5
330
17
100
AcDbEntity
  8
RASTER
 62
7
100
AcDbHatch
 10
0.0
 20
0.0
 30
0.0
210
0.0
220
0.0
230
1.0
  2
SOLID
 70
1
 71
0
 91
1
 92
3
 72
0
 73
1
 93
4
 10
233.635
 20
375.381
 10
249.046
 20
375.381
 10
249.046
 20
374.97
 10
233.635
 20
374.97
 97
0
 75
0
 76
1
 98
0
  0
HATCH
  5
3A6
330
17
100
AcDbEntity
  8
RASTER
 62
7
100
AcDbHatch
 10
0.0
 20
0.0
 30
0.0
210
0.0
220
0.0
230
1.0
  2
SOLID
 70
1
 71
0
 91
1
 92
3
 72
0
 73
1
 93
4
 10
232.14
 20
378.258
 10
233.635
 20
378.258
 10
233.635
 20
377.698
 10
232.14
 20
377.698
 97
0
 75
0
 76
1
 98
0
  0
LWPOLYLINE
  5
3A7
330
17
100
AcDbEntity
  8
CUT
100
AcDbPolyline
 90
4
 70
1
 10
236.213
 20
381.34
 10
239.088
 20
381.34
 10
239.088
 20
374.615
 10
236.213
 20
374.615
  0
LWPOLYLINE
  5
3A8
330
17
100
AcDbEntity
  8
CUT
100
AcDbPolyline
 90
4
 70
1
 10
243.685
 20
381.34
 10
246.56
 20
381.34
 10
246.56
 20
374.615
 10
243.685
 20
374.615
  0
LWPOLYLINE
  5
3A9
330
17
100
AcDbEntity
  8
CUT
100
AcDbPolyline
 90
38
 70
1
 10
258.718
 20
382.972
 10
269.02
 20
382.972
 10
270.049
 20
382.936
 10
271.027
 20
382.829
 10
271.953
 20
382.651
 10
272.831
 20
382.403
 10
273.663
 20
382.087
 10
274.453
 20
381.704
 10
275.203
 20
381.254
 10
275.917
 20
380.74
 10
276.597
 20
380.162
 10
277.246
 20
379.522
 10
277.869
 20
378.821
 10
278.532
 20
377.978
 10
277.869
 20
377.135
 10
277.246
 20
376.434
 10
276.597
 20
375.793
 10
275.917
 20
375.215
 10
275.203
 20
374.701
 10
274.453
 20
374.251
 10
273.663
 20
373.868
 10
272.831
 20
373.552
 10
271.953
 20
373.305
 10
271.027
 20
373.127
 10
270.049
 20
373.019
 10
269.02
 20
372.983
 10
258.718
 20
372.983
 10
258.146
 20
373.197
 10
257.689
 20
373.77
 10
257.351
 20
374.597
 10
257.113
 20
375.615
 10
256.971
 20
376.764
 10
256.924
 20
377.978
 10
256.971
 20
379.192
 10
257.113
 20
380.34
 10
257.351
 20
381.359
 10
257.689
 20
382.185
 10
258.146
 20
382.759
  0
HATCH
  5
3AA
330
17
100
AcDbEntity
  8
RASTER
 62
7
100
AcDbHatch
 10
0.0
 20
0.0
 30
0.0
210
0.0
220
0.0
230
1.0
  2
SOLID
 70
1
 71
0
 91
1
 92
3
 72
0
 73
1
 93
4
 10
258.93
 20
380.985
 10
274.341
 20
380.985
 10
274.341
 20
380.574
 10
258.93
 20
380.574
 97
0
 75
0
 76
1
 98
0
  0
HATCH
  5
3AB
330
17
100
AcDbEntity
  8
RASTER
 62
7
100
AcDbHatch
 10
0.0
 20
0.0
 30
0.0
210
0.0
220
0.0
230
1.0
  2
SOLID
 70
1
 71
0
 91
1
 92
3
 72
0
 73
1
 93
4
 10
258.93
 20
378.183
 10
274.341
 20
378.183
 10
274.341
 20
377.772
 10
258.93
 20
377.772
 97
0
 75
0
 76
1
 98
0
  0
HATCH
  5
3AC
330
17
100
AcDbEntity
  8
RASTER
 62
7
100
AcDbHatch
 10
0.0
 20
0.0
 30
0.0
210
0.0
220
0.0
230
1.0
  2
SOLID
 70
1
 71
0
 91
1
 92
3
 72
0
 73
1
 93
4
 10
258.93
 20
375.381
 10
274.341
 20
375.381
 10
274.341
 20
374.97
 10
258.93
 20
374.97
 97
0
 75
0
 76
1
 98
0
  0
HATCH
  5
3AD
330
17
100
AcDbEntity
  8
RASTER
 62
7
100
AcDbHatch
 10
0.0
 20
0.0
 30
0.0
210
0.0
220
0.0
230
1.0
  2
SOLID
 70
1
 71
0
 91
1
 92
3
 72
0
 73
1
 93
4
 10
257.436
 20
378.258
 10
258.93
 20
378.258
 10
258.93
 20
377.698
 10
257.436
 20
377.698
 97
0
 75
0
 76
1
 98
0
  0
LWPOLYLINE
  5
3AE
330
17
100
AcDbEntity
  8
CUT
100
AcDbPolyline
 90
4
 70
1
 10
261.509
 20
381.34
 10
264.384
 20
381.34
 10
264.384
 20
374.615
 10
261.509
 20
374.615
  0
LWPOLYLINE
  5
3AF
330
17
100
AcDbEntity
  8
CUT
100
AcDbPolyline
 90
4
 70
1
 10
268.981
 20
381.34
 10
271.856
 20
381.34
 10
271.856
 20
374.615
 10
268.981
 20
374.615
  0
LWPOLYLINE
  5
3B0
330
17
100
AcDbEntity
  8
CUT
100
AcDbPolyline
 90
38
 70
1
 10
284.014
 20
382.972
 10
294.315
 20
382.972
 10
295.344
 20
382.936
 10
296.322
 20
382.829
 10
297.248
 20
382.651
 10
298.126
 20
382.403
 10
298.959
 20
382.087
 10
299.748
 20
381.704
 10
300.498
 20
381.254
 10
301.212
 20
380.74
 10
301.892
 20
380.162
 10
302.541
 20
379.522
 10
303.164
 20
378.821
 10
303.827
 20
377.978
 10
303.164
 20
377.135
 10
302.541
 20
376.434
 10
301.892
 20
375.793
 10
301.212
 20
375.215
 10
300.498
 20
374.701
 10
299.748
 20
374.251
 10
298.959
 20
373.868
 10
298.126
 20
373.552
 10
297.248
 20
373.305
 10
296.322
 20
373.127
 10
295.344
 20
373.019
 10
294.315
 20
372.983
 10
284.014
 20
372.983
 10
283.441
 20
373.197
 10
282.985
 20
373.77
 10
282.646
 20
374.597
 10
282.408
 20
375.615
 10
282.267
 20
376.764
 10
282.22
 20
377.978
 10
282.267
 20
379.192
 10
282.408
 20
380.34
 10
282.646
 20
381.359
 10
282.985
 20
382.185
 10
283.441
 20
382.759
  0
HATCH
  5
3B1
330
17
100
AcDbEntity
  8
RASTER
 62
7
100
AcDbHatch
 10
0.0
 20
0.0
 30
0.0
210
0.0
220
0.0
230
1.0
  2
SOLID
 70
1
 71
0
 91
1
 92
3
 72
0
 73
1
 93
4
 10
284.225
 20
380.985
 10
299.636
 20
380.985
 10
299.636
 20
380.574
 10
284.225
 20
380.574
 97
0
 75
0
 76
1
 98
0
  0
HATCH
  5
3B2
330
17
100
AcDbEntity
  8
RASTER
 62
7
100
AcDbHatch
 10
0.0
 20
0.0
 30
0.0
210
0.0
220
0.0
230
1.0
  2
SOLID
 70
1
 71
0
 91
1
 92
3
 72
0
 73
1
 93
4
 10
284.225
 20
378.183
 10
299.636
 20
378.183
 10
299.636
 20
377.772
 10
284.225
 20
377.772
 97
0
 75
0
 76
1
 98
0
  0
HATCH
  5
3B3
330
17
100
AcDbEntity
  8
RASTER
 62
7
100
AcDbHatch
 10
0.0
 20
0.0
 30
0.0
210
0.0
220
0.0
230
1.0
  2
SOLID
 70
1
 71
0
 91
1
 92
3
 72
0
 73
1
 93
4
 10
284.225
 20
375.381
 10
299.636
 20
375.381
 10
299.636
 20
374.97
 10
284.225
 20
374.97
 97
0
 75
0
 76
1
 98
0
  0
HATCH
  5
3B4
330
17
100
AcDbEntity
  8
RASTER
 62
7
100
AcDbHatch
 10
0.0
 20
0.0
 30
0.0
210
0.0
220
0.0
230
1.0
  2
SOLID
 70
1
 71
0
 91
1
 92
3
 72
0
 73
1
 93
4
 10
282.731
 20
378.258
 10
284.225
 20
378.258
 10
284.225
 20
377.698
 10
282.731
 20
377.698
 97
0
 75
0
 76
1
 98
0
  0
LWPOLYLINE
  5
3B5
330
17
100
AcDbEntity
  8
CUT
100
AcDbPolyline
 90
4
 70
1
 10
286.804
 20
381.34
 10
289.679
 20
381.34
 10
289.679
 20
374.615
 10
286.804
 20
374.615
  0
LWPOLYLINE
  5
3B6
330
17
100
AcDbEntity
  8
CUT
100
AcDbPolyline
 90
4
 70
1
 10
294.276
 20
381.34
 10
297.151
 20
381.34
 10
297.151
 20
374.615
 10
294.276
 20
374.615
  0
LWPOLYLINE
  5
3B7
330
17
100
AcDbEntity
  8
CUT
100
AcDbPolyline
 90
38
 70
1
 10
309.309
 20
382.972
 10
319.61
 20
382.972
 10
320.64
 20
382.936
 10
321.617
 20
382.829
 10
322.543
 20
382.651
 10
323.421
 20
382.403
 10
324.254
 20
382.087
 10
325.044
 20
381.704
 10
325.794
 20
381.254
 10
326.507
 20
380.74
 10
327.187
 20
380.162
 10
327.837
 20
379.522
 10
328.459
 20
378.821
 10
329.123
 20
377.978
 10
328.459
 20
377.135
 10
327.837
 20
376.434
 10
327.187
 20
375.793
 10
326.507
 20
375.215
 10
325.794
 20
374.701
 10
325.044
 20
374.251
 10
324.254
 20
373.868
 10
323.421
 20
373.552
 10
322.543
 20
373.305
 10
321.617
 20
373.127
 10
320.64
 20
373.019
 10
319.61
 20
372.983
 10
309.309
 20
372.983
 10
308.736
 20
373.197
 10
308.28
 20
373.77
 10
307.941
 20
374.597
 10
307.704
 20
375.615
 10
307.562
 20
376.764
 10
307.515
 20
377.978
 10
307.562
 20
379.192
 10
307.704
 20
380.34
 10
307.941
 20
381.359
 10
308.28
 20
382.185
 10
308.736
 20
382.759
  0
HATCH
  5
3B8
330
17
100
AcDbEntity
  8
RASTER
 62
7
100
AcDbHatch
 10
0.0
 20
0.0
 30
0.0
210
0.0
220
0.0
230
1.0
  2
SOLID
 70
1
 71
0
 91
1
 92
3
 72
0
 73
1
 93
4
 10
309.52
 20
380.985
 10
324.931
 20
380.985
 10
324.931
 20
380.574
 10
309.52
 20
380.574
 97
0
 75
0
 76
1
 98
0
  0
HATCH
  5
3B9
330
17
100
AcDbEntity
  8
RASTER
 62
7
100
AcDbHatch
 10
0.0
 20
0.0
 30
0.0
210
0.0
220
0.0
230
1.0
  2
SOLID
 70
1
 71
0
 91
1
 92
3
 72
0
 73
1
 93
4
 10
309.52
 20
378.183
 10
324.931
 20
378.183
 10
324.931
 20
377.772
 10
309.52
 20
377.772
 97
0
 75
0
 76
1
 98
0
  0
HATCH
  5
3BA
330
17
100
AcDbEntity
  8
RASTER
 62
7
100
AcDbHatch
 10
0.0
 20
0.0
 30
0.0
210
0.0
220
0.0
230
1.0
  2
SOLID
 70
1
 71
0
 91
1
 92
3
 72
0
 73
1
 93
4
 10
309.52
 20
375.381
 10
324.931
 20
375.381
 10
324.931
 20
374.97
 10
309.52
 20
374.97
 97
0
 75
0
 76
1
 98
0
  0
HATCH
  5
3BB
330
17
100
AcDbEntity
  8
RASTER
 62
7
100
AcDbHatch
 10
0.0
 20
0.0
 30
0.0
210
0.0
220
0.0
230
1.0
  2
SOLID
 70
1
 71
0
 91
1
 92
3
 72
0
 73
1
 93
4
 10
308.026
 20
378.258
 10
309.52
 20
378.258
 10
309.52
 20
377.698
 10
308.026
 20
377.698
 97
0
 75
0
 76
1
 98
0
  0
LWPOLYLINE
  5
3BC
330
17
100
AcDbEntity
  8
CUT
100
AcDbPolyline
 90
4
 70
1
 10
312.099
 20
381.34
 10
314.974
 20
381.34
 10
314.974
 20
374.615
 10
312.099
 20
374.615
  0
LWPOLYLINE
  5
3BD
330
17
100
AcDbEntity
  8
CUT
100
AcDbPolyline
 90
4
 70
1
 10
319.571
 20
381.34
 10
322.446
 20
381.34
 10
322.446
 20
374.615
 10
319.571
 20
374.615
  0
ENDSEC
  0
SECTION
  2
OBJECTS
  0
DICTIONARY
  5
A
330
0
100
AcDbDictionary
281
1
  3
ACAD_COLOR
350
B
  3
ACAD_GROUP
350
C
  3
ACAD_LAYOUT
350
D
  3
ACAD_MATERIAL
350
E
  3
ACAD_MLEADERSTYLE
350
F
  3
ACAD_MLINESTYLE
350
10
  3
ACAD_PLOTSETTINGS
350
11
  3
ACAD_PLOTSTYLENAME
350
12
  3
ACAD_SCALELIST
350
14
  3
ACAD_TABLESTYLE
350
15
  3
ACAD_VISUALSTYLE
350
16
  3
EZDXF_META
350
2D
  0
DICTIONARY
  5
B
330
A
100
AcDbDictionary
281
1
  0
DICTIONARY
  5
C
330
A
100
AcDbDictionary
281
1
  0
DICTIONARY
  5
D
330
A
100
AcDbDictionary
281
1
  3
Model
350
1A
  3
Layout1
350
1E
  0
DICTIONARY
  5
E
330
A
100
AcDbDictionary
281
1
  3
ByBlock
350
1F
  3
ByLayer
350
20
  3
Global
350
21
  0
DICTIONARY
  5
F
330
A
100
AcDbDictionary
281
1
  3
Standard
350
2C
  0
DICTIONARY
  5
10
330
A
100
AcDbDictionary
281
1
  3
Standard
350
22
  0
DICTIONARY
  5
11
330
A
100
AcDbDictionary
281
1
  0
ACDBDICTIONARYWDFLT
  5
12
330
A
100
AcDbDictionary
281
1
  3
Normal
350
13
100
AcDbDictionaryWithDefault
340
13
  0
ACDBPLACEHOLDER
  5
13
330
12
  0
DICTIONARY
  5
14
330
A
100
AcDbDictionary
281
1
  0
DICTIONARY
  5
15
330
A
100
AcDbDictionary
281
1
  0
DICTIONARY
  5
16
330
A
100
AcDbDictionary
281
1
  0
LAYOUT
  5
1A
330
D
100
AcDbPlotSettings
  1

  4
A3
  6

 40
7.5
 41
20.0
 42
7.5
 43
20.0
 44
420.0
 45
297.0
 46
0.0
 47
0.0
 48
0.0
 49
0.0
140
0.0
141
0.0
142
1.0
143
1.0
 70
1024
 72
1
 73
0
 74
5
  7

 75
16
 76
0
 77
2
 78
300
147
1.0
148
0.0
149
0.0
100
AcDbLayout
  1
Model
 70
1
 71
0
 10
0.0
 20
0.0
 11
420.0
 21
297.0
 12
0.0
 22
0.0
 32
0.0
 14
1e+20
 24
1e+20
 34
1e+20
 15
-1e+20
 25
-1e+20
 35
-1e+20
146
0.0
 13
0.0
 23
0.0
 33
0.0
 16
1.0
 26
0.0
 36
0.0
 17
0.0
 27
1.0
 37
0.0
 76
1
330
17
  0
LAYOUT
  5
1E
330
D
100
AcDbPlotSettings
  1

  4
A3
  6

 40
7.5
 41
20.0
 42
7.5
 43
20.0
 44
420.0
 45
297.0
 46
0.0
 47
0.0
 48
0.0
 49
0.0
140
0.0
141
0.0
142
1.0
143
1.0
 70
0
 72
1
 73
0
 74
5
  7

 75
16
 76
0
 77
2
 78
300
147
1.0
148
0.0
149
0.0
100
AcDbLayout
  1
Layout1
 70
1
 71
1
 10
0.0
 20
0.0
 11
420.0
 21
297.0
 12
0.0
 22
0.0
 32
0.0
 14
1e+20
 24
1e+20
 34
1e+20
 15
-1e+20
 25
-1e+20
 35
-1e+20
146
0.0
 13
0.0
 23
0.0
 33
0.0
 16
1.0
 26
0.0
 36
0.0
 17
0.0
 27
1.0
 37
0.0
 76
1
330
1B
  0
MATERIAL
  5
1F
102
{ACAD_REACTORS
330
E
102
}
330
E
100
AcDbMaterial
  1
ByBlock
  2

 70
0
 40
1.0
 71
1
 41
1.0
 91
-1023410177
 42
1.0
 72
1
  3

 73
1
 74
1
 75
1
 44
0.5
 73
0
 45
1.0
 46
1.0
 77
1
  4

 78
1
 79
1
170
1
 48
1.0
171
1
  6

172
1
173
1
174
1
140
1.0
141
1.0
175
1
  7

176
1
177
1
178
1
143
1.0
179
1
  8

270
1
271
1
272
1
145
1.0
146
1.0
273
1
  9

274
1
275
1
276
1
 42
1.0
 72
1
  3

 73
1
 74
1
 75
1
 94
63
  0
MATERIAL
  5
20
102
{ACAD_REACTORS
330
E
102
}
330
E
100
AcDbMaterial
  1
ByLayer
  2

 70
0
 40
1.0
 71
1
 41
1.0
 91
-1023410177
 42
1.0
 72
1
  3

 73
1
 74
1
 75
1
 44
0.5
 73
0
 45
1.0
 46
1.0
 77
1
  4

 78
1
 79
1
170
1
 48
1.0
171
1
  6

172
1
173
1
174
1
140
1.0
141
1.0
175
1
  7

176
1
177
1
178
1
143
1.0
179
1
  8

270
1
271
1
272
1
145
1.0
146
1.0
273
1
  9

274
1
275
1
276
1
 42
1.0
 72
1
  3

 73
1
 74
1
 75
1
 94
63
  0
MATERIAL
  5
21
102
{ACAD_REACTORS
330
E
102
}
330
E
100
AcDbMaterial
  1
Global
  2

 70
0
 40
1.0
 71
1
 41
1.0
 91
-1023410177
 42
1.0
 72
1
  3

 73
1
 74
1
 75
1
 44
0.5
 73
0
 45
1.0
 46
1.0
 77
1
  4

 78
1
 79
1
170
1
 48
1.0
171
1
  6

172
1
173
1
174
1
140
1.0
141
1.0
175
1
  7

176
1
177
1
178
1
143
1.0
179
1
  8

270
1
271
1
272
1
145
1.0
146
1.0
273
1
  9

274
1
275
1
276
1
 42
1.0
 72
1
  3

 73
1
 74
1
 75
1
 94
63
  0
MLINESTYLE
  5
22
102
{ACAD_REACTORS
330
10
102
}
330
10
100
AcDbMlineStyle
  2
Standard
 70
0
  3

 62
256
 51
90.0
 52
90.0
 71
2
 49
0.5
 62
256
  6
BYLAYER
 49
-0.5
 62
256
  6
BYLAYER
  0
MLEADERSTYLE
  5
2C
102
{ACAD_REACTORS
330
F
102
}
330
F
100
AcDbMLeaderStyle
179
2
170
2
171
1
172
0
 90
2
 40
0.0
 41
0.0
173
1
 91
-1056964608
 92
-2
290
1
 42
2.0
291
1
 43
8.0
  3
Standard
 44
4.0
300

342
29
174
1
175
1
176
0
178
1
 93
-1056964608
 45
4.0
292
0
297
0
 46
4.0
 94
-1056964608
 47
1.0
 49
1.0
140
1.0
294
1
141
0.0
177
0
142
1.0
295
0
296
0
143
3.75
271
0
272
9
273
9
  0
DICTIONARY
  5
2D
330
A
100
AcDbDictionary
280
1
281
1
  3
CREATED_BY_EZDXF
350
2E
  3
WRITTEN_BY_EZDXF
350
3C0
  0
DICTIONARYVAR
  5
2E
330
2D
100
DictionaryVariables
280
0
  1
1.4.2 @ 2026-09-11T01:04:13.577969+00:00
  0
DICTIONARYVAR
  5
3C0
330
2D
100
DictionaryVariables
280
0
  1
1.4.2 @ 2026-09-11T01:04:13.694485+00:00
  0
ENDSEC
  0
EOF
