  0
SECTION
  2
HEADER
  9
$ACADVER
  1
AC1015
  9
$ACADMAINTVER
 70
6
  9
$DWGCODEPAGE
  3
ANSI_1252
  9
$INSBASE
 10
0.0
 20
0.0
 30
0.0
  9
$EXTMIN
 10
1e+20
 20
1e+20
 30
1e+20
  9
$EXTMAX
 10
-1e+20
 20
-1e+20
 30
-1e+20
  9
$LIMMIN
 10
0.0
 20
0.0
  9
$LIMMAX
 10
420.0
 20
297.0
  9
$ORTHOMODE
 70
0
  9
$REGENMODE
 70
1
  9
$FILLMODE
 70
1
  9
$QTEXTMODE
 70
0
  9
$MIRRTEXT
 70
1
  9
$LTSCALE
 40
1.0
  9
$ATTMODE
 70
1
  9
$TEXTSIZE
 40
2.5
  9
$TRACEWID
 40
1.0
  9
$TEXTSTYLE
  7
Standard
  9
$CLAYER
  8
0
  9
$CELTYPE
  6
ByLayer
  9
$CECOLOR
 62
256
  9
$CELTSCALE
 40
1.0
  9
$DISPSILH
 70
0
  9
$DIMSCALE
 40
1.0
  9
$DIMASZ
 40
2.5
  9
$DIMEXO
 40
0.625
  9
$DIMDLI
 40
3.75
  9
$DIMRND
 40
0.0
  9
$DIMDLE
 40
0.0
  9
$DIMEXE
 40
1.25
  9
$DIMTP
 40
0.0
  9
$DIMTM
 40
0.0
  9
$DIMTXT
 40
2.5
  9
$DIMCEN
 40
2.5
  9
$DIMTSZ
 40
0.0
  9
$DIMTOL
 70
0
  9
$DIMLIM
 70
0
  9
$DIMTIH
 70
0
  9
$DIMTOH
 70
0
  9
$DIMSE1
 70
0
  9
$DIMSE2
 70
0
  9
$DIMTAD
 70
1
  9
$DIMZIN
 70
8
  9
$DIMBLK
  1

  9
$DIMASO
 70
1
  9
$DIMSHO
 70
1
  9
$DIMPOST
  1

  9
$DIMAPOST
  1

  9
$DIMALT
 70
0
  9
$DIMALTD
 70
3
  9
$DIMALTF
 40
0.03937007874
  9
$DIMLFAC
 40
1.0
  9
$DIMTOFL
 70
1
  9
$DIMTVP
 40
0.0
  9
$DIMTIX
 70
0
  9
$DIMSOXD
 70
0
  9
$DIMSAH
 70
0
  9
$DIMBLK1
  1

  9
$DIMBLK2
  1

  9
$DIMSTYLE
  2
ISO-25
  9
$DIMCLRD
 70
0
  9
$DIMCLRE
 70
0
  9
$DIMCLRT
 70
0
  9
$DIMTFAC
 40
1.0
  9
$DIMGAP
 40
0.625
  9
$DIMJUST
 70
0
  9
$DIMSD1
 70
0
  9
$DIMSD2
 70
0
  9
$DIMTOLJ
 70
0
  9
$DIMTZIN
 70
8
  9
$DIMALTZ
 70
0
  9
$DIMALTTZ
 70
0
  9
$DIMUPT
 70
0
  9
$DIMDEC
 70
2
  9
$DIMTDEC
 70
2
  9
$DIMALTU
 70
2
  9
$DIMALTTD
 70
3
  9
$DIMTXSTY
  7
Standard
  9
$DIMAUNIT
 70
0
  9
$DIMADEC
 70
0
  9
$DIMALTRND
 40
0.0
  9
$DIMAZIN
 70
0
  9
$DIMDSEP
 70
44
  9
$DIMATFIT
 70
3
  9
$DIMFRAC
 70
0
  9
$DIMLDRBLK
  1

  9
$DIMLUNIT
 70
2
  9
$DIMLWD
 70
-2
  9
$DIMLWE
 70
-2
  9
$DIMTMOVE
 70
0
  9
$LUNITS
 70
2
  9
$LUPREC
 70
4
  9
$SKETCHINC
 40
1.0
  9
$FILLETRAD
 40
10.0
  9
$AUNITS
 70
0
  9
$AUPREC
 70
2
  9
$MENU
  1
.
  9
$ELEVATION
 40
0.0
  9
$PELEVATION
 40
0.0
  9
$THICKNESS
 40
0.0
  9
$LIMCHECK
 70
0
  9
$CHAMFERA
 40
0.0
  9
$CHAMFERB
 40
0.0
  9
$CHAMFERC
 40
0.0
  9
$CHAMFERD
 40
0.0
  9
$SKPOLY
 70
0
  9
$TDCREATE
 40
2461296.401851852
  9
$TDUCREATE
 40
2458532.153996898
  9
$TDUPDATE
 40
2461296.401851852
  9
$TDUUPDATE
 40
2458532.1544311
  9
$TDINDWG
 40
0.0
  9
$TDUSRTIMER
 40
0.0
  9
$USRTIMER
 70
1
  9
$ANGBASE
 50
0.0
  9
$ANGDIR
 70
0
  9
$PDMODE
 70
0
  9
$PDSIZE
 40
0.0
  9
$PLINEWID
 40
0.0
  9
$SPLFRAME
 70
0
  9
$SPLINETYPE
 70
6
  9
$SPLINESEGS
 70
8
  9
$HANDSEED
  5
9F
  9
$SURFTAB1
 70
6
  9
$SURFTAB2
 70
6
  9
$SURFTYPE
 70
6
  9
$SURFU
 70
6
  9
$SURFV
 70
6
  9
$UCSBASE
  2

  9
$UCSNAME
  2

  9
$UCSORG
 10
0.0
 20
0.0
 30
0.0
  9
$UCSXDIR
 10
1.0
 20
0.0
 30
0.0
  9
$UCSYDIR
 10
0.0
 20
1.0
 30
0.0
  9
$UCSORTHOREF
  2

  9
$UCSORTHOVIEW
 70
0
  9
$UCSORGTOP
 10
0.0
 20
0.0
 30
0.0
  9
$UCSORGBOTTOM
 10
0.0
 20
0.0
 30
0.0
  9
$UCSORGLEFT
 10
0.0
 20
0.0
 30
0.0
  9
$UCSORGRIGHT
 10
0.0
 20
0.0
 30
0.0
  9
$UCSORGFRONT
 10
0.0
 20
0.0
 30
0.0
  9
$UCSORGBACK
 10
0.0
 20
0.0
 30
0.0
  9
$PUCSBASE
  2

  9
$PUCSNAME
  2

  9
$PUCSORG
 10
0.0
 20
0.0
 30
0.0
  9
$PUCSXDIR
 10
1.0
 20
0.0
 30
0.0
  9
$PUCSYDIR
 10
0.0
 20
1.0
 30
0.0
  9
$PUCSORTHOREF
  2

  9
$PUCSORTHOVIEW
 70
0
  9
$PUCSORGTOP
 10
0.0
 20
0.0
 30
0.0
  9
$PUCSORGBOTTOM
 10
0.0
 20
0.0
 30
0.0
  9
$PUCSORGLEFT
 10
0.0
 20
0.0
 30
0.0
  9
$PUCSORGRIGHT
 10
0.0
 20
0.0
 30
0.0
  9
$PUCSORGFRONT
 10
0.0
 20
0.0
 30
0.0
  9
$PUCSORGBACK
 10
0.0
 20
0.0
 30
0.0
  9
$USERI1
 70
0
  9
$USERI2
 70
0
  9
$USERI3
 70
0
  9
$USERI4
 70
0
  9
$USERI5
 70
0
  9
$USERR1
 40
0.0
  9
$USERR2
 40
0.0
  9
$USERR3
 40
0.0
  9
$USERR4
 40
0.0
  9
$USERR5
 40
0.0
  9
$WORLDVIEW
 70
1
  9
$SHADEDGE
 70
3
  9
$SHADEDIF
 70
70
  9
$TILEMODE
 70
1
  9
$MAXACTVP
 70
64
  9
$PINSBASE
 10
0.0
 20
0.0
 30
0.0
  9
$PLIMCHECK
 70
0
  9
$PEXTMIN
 10
1e+20
 20
1e+20
 30
1e+20
  9
$PEXTMAX
 10
-1e+20
 20
-1e+20
 30
-1e+20
  9
$PLIMMIN
 10
0.0
 20
0.0
  9
$PLIMMAX
 10
420.0
 20
297.0
  9
$UNITMODE
 70
0
  9
$VISRETAIN
 70
1
  9
$PLINEGEN
 70
0
  9
$PSLTSCALE
 70
1
  9
$TREEDEPTH
 70
3020
  9
$CMLSTYLE
  2
Standard
  9
$CMLJUST
 70
0
  9
$CMLSCALE
 40
20.0
  9
$PROXYGRAPHICS
 70
1
  9
$MEASUREMENT
 70
1
  9
$CELWEIGHT
370
-1
  9
$ENDCAPS
280
0
  9
$JOINSTYLE
280
0
  9
$LWDISPLAY
290
0
  9
$INSUNITS
 70
4
  9
$HYPERLINKBASE
  1

  9
$STYLESHEET
  1

  9
$XEDIT
290
1
  9
$CEPSNTYPE
380
0
  9
$PSTYLEMODE
290
1
  9
$FINGERPRINTGUID
  2
{40A7CDF3-2C2F-4ACA-B8D6-374A5BBAEA16}
  9
$VERSIONGUID
  2
{3613F35B-4A53-4C4F-8500-0880C01E23B5}
  9
$EXTNAMES
290
1
  9
$PSVPSCALE
 40
0.0
  9
$OLESTARTUP
290
0
  0
ENDSEC
  0
SECTION
  2
CLASSES
  0
CLASS
  1
ACDBDICTIONARYWDFLT
  2
AcDbDictionaryWithDefault
  3
ObjectDBX Classes
 90
0
280
0
281
0
  0
CLASS
  1
SUN
  2
AcDbSun
  3
SCENEOE
 90
1153
280
0
281
0
  0
CLASS
  1
VISUALSTYLE
  2
AcDbVisualStyle
  3
ObjectDBX Classes
 90
4095
280
0
281
0
  0
CLASS
  1
MATERIAL
  2
AcDbMaterial
  3
ObjectDBX Classes
 90
1153
280
0
281
0
  0
CLASS
  1
SCALE
  2
AcDbScale
  3
ObjectDBX Classes
 90
1153
280
0
281
0
  0
CLASS
  1
TABLESTYLE
  2
AcDbTableStyle
  3
ObjectDBX Classes
 90
4095
280
0
281
0
  0
CLASS
  1
MLEADERSTYLE
  2
AcDbMLeaderStyle
  3
ACDB_MLEADERSTYLE_CLASS
 90
4095
280
0
281
0
  0
CLASS
  1
DICTIONARYVAR
  2
AcDbDictionaryVar
  3
ObjectDBX Classes
 90
0
280
0
281
0
  0
CLASS
  1
CELLSTYLEMAP
  2
AcDbCellStyleMap
  3
ObjectDBX Classes
 90
1152
280
0
281
0
  0
CLASS
  1
MENTALRAYRENDERSETTINGS
  2
AcDbMentalRayRenderSettings
  3
SCENEOE
 90
1024
280
0
281
0
  0
CLASS
  1
ACDBDETAILVIEWSTYLE
  2
AcDbDetailViewStyle
  3
ObjectDBX Classes
 90
1025
280
0
281
0
  0
CLASS
  1
ACDBSECTIONVIEWSTYLE
  2
AcDbSectionViewStyle
  3
ObjectDBX Classes
 90
1025
280
0
281
0
  0
CLASS
  1
RASTERVARIABLES
  2
AcDbRasterVariables
  3
ISM
 90
0
280
0
281
0
  0
CLASS
  1
ACDBPLACEHOLDER
  2
AcDbPlaceHolder
  3
ObjectDBX Classes
 90
0
280
0
281
0
  0
CLASS
  1
LAYOUT
  2
AcDbLayout
  3
ObjectDBX Classes
 90
0
280
0
281
0
  0
ENDSEC
  0
SECTION
  2
TABLES
  0
TABLE
  2
VPORT
  5
8
330
0
100
AcDbSymbolTable
 70
1
  0
VPORT
  5
23
330
8
100
AcDbSymbolTableRecord
100
AcDbViewportTableRecord
  2
*Active
 70
0
 10
0.0
 20
0.0
 11
1.0
 21
1.0
 12
0.0
 22
0.0
 13
0.0
 23
0.0
 14
0.5
 24
0.5
 15
0.5
 25
0.5
 16
0.0
 26
0.0
 36
1.0
 17
0.0
 27
0.0
 37
0.0
 40
1000.0
 41
1.34
 42
50.0
 43
0.0
 44
0.0
 50
0.0
 51
0.0
 71
0
 72
1000
 73
1
 74
3
 75
0
 76
0
 77
0
 78
0
281
0
 65
0
146
0.0
  0
ENDTAB
  0
TABLE
  2
LTYPE
  5
2
330
0
100
AcDbSymbolTable
 70
3
  0
LTYPE
  5
24
330
2
100
AcDbSymbolTableRecord
100
AcDbLinetypeTableRecord
  2
ByBlock
 70
0
  3

 72
65
 73
0
 40
0.0
  0
LTYPE
  5
25
330
2
100
AcDbSymbolTableRecord
100
AcDbLinetypeTableRecord
  2
ByLayer
 70
0
  3

 72
65
 73
0
 40
0.0
  0
LTYPE
  5
26
330
2
100
AcDbSymbolTableRecord
100
AcDbLinetypeTableRecord
  2
Continuous
 70
0
  3

 72
65
 73
0
 40
0.0
  0
ENDTAB
  0
TABLE
  2
LAYER
  5
1
330
0
100
AcDbSymbolTable
 70
4
  0
LAYER
  5
27
330
1
100
AcDbSymbolTableRecord
100
AcDbLayerTableRecord
  2
0
 70
0
 62
7
  6
Continuous
370
-3
390
13
  0
LAYER
  5
28
330
1
100
AcDbSymbolTableRecord
100
AcDbLayerTableRecord
  2
Defpoints
 70
0
 62
7
  6
Continuous
290
0
370
-3
390
13
  0
LAYER
  5
2F
330
1
100
AcDbSymbolTableRecord
100
AcDbLayerTableRecord
  2
CUT
 70
0
 62
1
  6
Continuous
370
-3
390
13
  0
LAYER
  5
30
330
1
100
AcDbSymbolTableRecord
100
AcDbLayerTableRecord
  2
RASTER
 70
0
 62
7
  6
Continuous
370
-3
390
13
  0
ENDTAB
  0
TABLE
  2
STYLE
  5
5
330
0
100
AcDbSymbolTable
 70
1
  0
STYLE
  5
29
330
5
100
AcDbSymbolTableRecord
100
AcDbTextStyleTableRecord
  2
Standard
 70
0
 40
0.0
 41
1.0
 50
0.0
 71
0
 42
2.5
  3
txt
  4

  0
ENDTAB
  0
TABLE
  2
VIEW
  5
7
330
0
100
AcDbSymbolTable
 70
0
  0
ENDTAB
  0
TABLE
  2
UCS
  5
6
330
0
100
AcDbSymbolTable
 70
0
  0
ENDTAB
  0
TABLE
  2
APPID
  5
3
330
0
100
AcDbSymbolTable
 70
3
  0
APPID
  5
2A
330
3
100
AcDbSymbolTableRecord
100
AcDbRegAppTableRecord
  2
ACAD
 70
0
  0
APPID
  5
9C
330
3
100
AcDbSymbolTableRecord
100
AcDbRegAppTableRecord
  2
HATCHBACKGROUNDCOLOR
 70
0
  0
APPID
  5
9D
330
3
100
AcDbSymbolTableRecord
100
AcDbRegAppTableRecord
  2
EZDXF
 70
0
  0
ENDTAB
  0
TABLE
  2
DIMSTYLE
  5
4
330
0
100
AcDbSymbolTable
 70
1
100
AcDbDimStyleTable
  0
DIMSTYLE
105
2B
330
4
100
AcDbSymbolTableRecord
100
AcDbDimStyleTableRecord
  2
Standard
 70
0
  3

  4

 40
1.0
 41
2.5
 42
0.625
 43
3.75
 44
1.25
 45
0.0
 46
0.0
 47
0.0
 48
0.0
140
2.5
141
2.5
142
0.0
143
0.03937007874
144
1.0
145
0.0
146
1.0
147
0.625
148
0.0
 71
0
 72
0
 73
0
 74
0
 75
0
 76
0
 77
1
 78
8
 79
3
170
0
171
3
172
1
173
0
174
0
175
0
176
0
177
0
178
0
179
2
271
2
272
2
273
2
274
3
275
0
276
0
277
2
278
44
279
0
280
0
281
0
282
0
283
0
284
8
285
0
286
0
288
0
289
3
371
-2
372
-2
  0
ENDTAB
  0
TABLE
  2
BLOCK_RECORD
  5
9
330
0
100
AcDbSymbolTable
 70
2
  0
BLOCK_RECORD
  5
17
330
9
100
AcDbSymbolTableRecord
100
AcDbBlockTableRecord
  2
*Model_Space
340
1A
  0
BLOCK_RECORD
  5
1B
330
9
100
AcDbSymbolTableRecord
100
AcDbBlockTableRecord
  2
*Paper_Space
340
1E
  0
ENDTAB
  0
ENDSEC
  0
SECTION
  2
BLOCKS
  0
BLOCK
  5
18
330
17
100
AcDbEntity
  8
0
100
AcDbBlockBegin
  2
*Model_Space
 70
0
 10
0.0
 20
0.0
 30
0.0
  3
*Model_Space
  1

  0
ENDBLK
  5
19
330
17
100
AcDbEntity
  8
0
100
AcDbBlockEnd
  0
BLOCK
  5
1C
330
1B
100
AcDbEntity
  8
0
100
AcDbBlockBegin
  2
*Paper_Space
 70
0
 10
0.0
 20
0.0
 30
0.0
  3
*Paper_Space
  1

  0
ENDBLK
  5
1D
330
1B
100
AcDbEntity
  8
0
100
AcDbBlockEnd
  0
ENDSEC
  0
SECTION
  2
ENTITIES
  0
CIRCLE
  5
31
330
17
100
AcDbEntity
  8
CUT
100
AcDbCircle
 10
64.7
 20
171.1
 30
0.0
 40
60.74
  0
CIRCLE
  5
32
330
17
100
AcDbEntity
  8
CUT
100
AcDbCircle
 10
64.7
 20
171.1
 30
0.0
 40
1.61
  0
HATCH
  5
33
330
17
100
AcDbEntity
  8
RASTER
 62
7
100
AcDbHatch
 10
0.0
 20
0.0
 30
0.0
210
0.0
220
0.0
230
1.0
  2
SOLID
 70
1
 71
0
 91
2
 92
3
 72
0
 73
1
 93
48
 10
99.9
 20
171.1
 10
99.599
 20
166.505
 10
98.701
 20
161.99
 10
97.221
 20
157.63
 10
95.184
 20
153.5
 10
92.626
 20
149.672
 10
89.59
 20
146.21
 10
86.128
 20
143.174
 10
82.3
 20
140.616
 10
78.17
 20
138.579
 10
73.81
 20
137.099
 10
69.295
 20
136.201
 10
64.7
 20
135.9
 10
60.105
 20
136.201
 10
55.59
 20
137.099
 10
51.23
 20
138.579
 10
47.1
 20
140.616
 10
43.272
 20
143.174
 10
39.81
 20
146.21
 10
36.774
 20
149.672
 10
34.216
 20
153.5
 10
32.179
 20
157.63
 10
30.699
 20
161.99
 10
29.801
 20
166.505
 10
29.5
 20
171.1
 10
29.801
 20
175.695
 10
30.699
 20
180.21
 10
32.179
 20
184.57
 10
34.216
 20
188.7
 10
36.774
 20
192.528
 10
39.81
 20
195.99
 10
43.272
 20
199.026
 10
47.1
 20
201.584
 10
51.23
 20
203.621
 10
55.59
 20
205.101
 10
60.105
 20
205.999
 10
64.7
 20
206.3
 10
69.295
 20
205.999
 10
73.81
 20
205.101
 10
78.17
 20
203.621
 10
82.3
 20
201.584
 10
86.128
 20
199.026
 10
89.59
 20
195.99
 10
92.626
 20
192.528
 10
95.184
 20
188.7
 10
97.221
 20
184.57
 10
98.701
 20
180.21
 10
99.599
 20
175.695
 97
0
 92
2
 72
0
 73
1
 93
48
 10
99.4
 20
171.1
 10
99.103
 20
166.571
 10
98.218
 20
162.119
 10
96.759
 20
157.821
 10
94.751
 20
153.75
 10
92.229
 20
149.976
 10
89.237
 20
146.563
 10
85.824
 20
143.571
 10
82.05
 20
141.049
 10
77.979
 20
139.041
 10
73.681
 20
137.582
 10
69.229
 20
136.697
 10
64.7
 20
136.4
 10
60.171
 20
136.697
 10
55.719
 20
137.582
 10
51.421
 20
139.041
 10
47.35
 20
141.049
 10
43.576
 20
143.571
 10
40.163
 20
146.563
 10
37.171
 20
149.976
 10
34.649
 20
153.75
 10
32.641
 20
157.821
 10
31.182
 20
162.119
 10
30.297
 20
166.571
 10
30.0
 20
171.1
 10
30.297
 20
175.629
 10
31.182
 20
180.081
 10
32.641
 20
184.379
 10
34.649
 20
188.45
 10
37.171
 20
192.224
 10
40.163
 20
195.637
 10
43.576
 20
198.629
 10
47.35
 20
201.151
 10
51.421
 20
203.159
 10
55.719
 20
204.618
 10
60.171
 20
205.503
 10
64.7
 20
205.8
 10
69.229
 20
205.503
 10
73.681
 20
204.618
 10
77.979
 20
203.159
 10
82.05
 20
201.151
 10
85.824
 20
198.629
 10
89.237
 20
195.637
 10
92.229
 20
192.224
 10
94.751
 20
188.45
 10
96.759
 20
184.379
 10
98.218
 20
180.081
 10
99.103
 20
175.629
 97
0
 75
0
 76
1
 98
0
  0
HATCH
  5
34
330
17
100
AcDbEntity
  8
RASTER
 62
7
100
AcDbHatch
 10
0.0
 20
0.0
 30
0.0
210
0.0
220
0.0
230
1.0
  2
SOLID
 70
1
 71
0
 91
1
 92
3
 72
0
 73
1
 93
12
 10
62.516
 20
227.506
 10
63.685
 20
227.506
 10
65.988
 20
223.796
 10
66.002
 20
223.796
 10
66.002
 20
227.506
 10
66.884
 20
227.506
 10
66.884
 20
222.55
 10
65.764
 20
222.55
 10
63.412
 20
226.379
 10
63.398
 20
226.379
 10
63.398
 20
222.55
 10
62.516
 20
222.55
 97
0
 75
0
 76
1
 98
0
  0
HATCH
  5
35
330
17
100
AcDbEntity
  8
RASTER
 62
7
100
AcDbHatch
 10
0.0
 20
0.0
 30
0.0
210
0.0
220
0.0
230
1.0
  2
SOLID
 70
1
 71
0
 91
1
 92
3
 72
0
 73
1
 93
12
 10
117.011
 20
173.606
 10
120.294
 20
173.606
 10
120.294
 20
172.836
 10
117.893
 20
172.836
 10
117.893
 20
171.576
 10
120.168
 20
171.576
 10
120.168
 20
170.834
 10
117.893
 20
170.834
 10
117.893
 20
169.434
 10
120.42
 20
169.434
 10
120.42
 20
168.65
 10
117.011
 20
168.65
 97
0
 75
0
 76
1
 98
0
  0
HATCH
  5
36
330
17
100
AcDbEntity
  8
RASTER
 62
7
100
AcDbHatch
 10
0.0
 20
0.0
 30
0.0
210
0.0
220
0.0
230
1.0
  2
SOLID
 70
1
 71
0
 91
1
 92
3
 72
0
 73
1
 93
322
 10
65.764
 20
118.67
 10
65.727
 20
118.715
 10
65.687
 20
118.757
 10
65.643
 20
118.798
 10
65.595
 20
118.837
 10
65.544
 20
118.874
 10
65.489
 20
118.91
 10
65.431
 20
118.943
 10
65.369
 20
118.975
 10
65.305
 20
119.003
 10
65.241
 20
119.028
 10
65.176
 20
119.049
 10
65.112
 20
119.066
 10
65.048
 20
119.08
 10
64.983
 20
119.089
 10
64.919
 20
119.095
 10
64.854
 20
119.097
 10
64.816
 20
119.096
 10
64.777
 20
119.095
 10
64.739
 20
119.092
 10
64.7
 20
119.087
 10
64.662
 20
119.082
 10
64.623
 20
119.075
 10
64.585
 20
119.068
 10
64.546
 20
119.059
 10
64.508
 20
119.048
 10
64.471
 20
119.037
 10
64.434
 20
119.024
 10
64.399
 20
119.01
 10
64.364
 20
118.994
 10
64.331
 20
118.977
 10
64.298
 20
118.959
 10
64.266
 20
118.94
 10
64.235
 20
118.919
 10
64.206
 20
118.896
 10
64.178
 20
118.872
 10
64.151
 20
118.847
 10
64.126
 20
118.82
 10
64.103
 20
118.791
 10
64.08
 20
118.761
 10
64.06
 20
118.73
 10
64.041
 20
118.696
 10
64.024
 20
118.661
 10
64.01
 20
118.625
 10
63.999
 20
118.587
 10
63.99
 20
118.547
 10
63.984
 20
118.506
 10
63.98
 20
118.463
 10
63.979
 20
118.418
 10
63.98
 20
118.377
 10
63.983
 20
118.337
 10
63.989
 20
118.299
 10
63.997
 20
118.262
 10
64.006
 20
118.227
 10
64.018
 20
118.194
 10
64.033
 20
118.162
 10
64.049
 20
118.131
 10
64.067
 20
118.102
 10
64.087
 20
118.074
 10
64.109
 20
118.047
 10
64.132
 20
118.021
 10
64.157
 20
117.996
 10
64.184
 20
117.972
 10
64.212
 20
117.95
 10
64.242
 20
117.928
 10
64.273
 20
117.907
 10
64.306
 20
117.887
 10
64.341
 20
117.868
 10
64.377
 20
117.849
 10
64.415
 20
117.831
 10
64.455
 20
117.814
 10
64.496
 20
117.797
 10
64.539
 20
117.781
 10
64.583
 20
117.765
 10
64.629
 20
117.75
 10
64.675
 20
117.734
 10
64.723
 20
117.718
 10
64.771
 20
117.702
 10
64.821
 20
117.687
 10
64.872
 20
117.671
 10
64.924
 20
117.655
 10
64.984
 20
117.635
 10
65.044
 20
117.615
 10
65.105
 20
117.594
 10
65.166
 20
117.573
 10
65.228
 20
117.551
 10
65.291
 20
117.528
 10
65.354
 20
117.504
 10
65.418
 20
117.48
 10
65.481
 20
117.455
 10
65.543
 20
117.427
 10
65.603
 20
117.398
 10
65.663
 20
117.366
 10
65.72
 20
117.333
 10
65.777
 20
117.298
 10
65.832
 20
117.26
 10
65.887
 20
117.221
 10
65.939
 20
117.179
 10
65.988
 20
117.135
 10
66.036
 20
117.088
 10
66.081
 20
117.039
 10
66.123
 20
116.987
 10
66.163
 20
116.932
 10
66.201
 20
116.875
 10
66.237
 20
116.815
 10
66.268
 20
116.752
 10
66.296
 20
116.685
 10
66.32
 20
116.615
 10
66.339
 20
116.54
 10
66.354
 20
116.462
 10
66.364
 20
116.381
 10
66.371
 20
116.295
 10
66.373
 20
116.206
 10
66.371
 20
116.108
 10
66.364
 20
116.013
 10
66.352
 20
115.921
 10
66.336
 20
115.832
 10
66.316
 20
115.747
 10
66.29
 20
115.665
 10
66.26
 20
115.585
 10
66.226
 20
115.51
 10
66.188
 20
115.437
 10
66.146
 20
115.367
 10
66.102
 20
115.301
 10
66.055
 20
115.237
 10
66.004
 20
115.177
 10
65.95
 20
115.12
 10
65.894
 20
115.067
 10
65.834
 20
115.016
 10
65.771
 20
114.969
 10
65.706
 20
114.924
 10
65.638
 20
114.883
 10
65.568
 20
114.845
 10
65.495
 20
114.809
 10
65.419
 20
114.777
 10
65.341
 20
114.748
 10
65.26
 20
114.722
 10
65.177
 20
114.699
 10
65.093
 20
114.679
 10
65.008
 20
114.662
 10
64.922
 20
114.649
 10
64.835
 20
114.638
 10
64.747
 20
114.63
 10
64.657
 20
114.626
 10
64.567
 20
114.624
 10
64.447
 20
114.627
 10
64.327
 20
114.635
 10
64.208
 20
114.649
 10
64.089
 20
114.669
 10
63.971
 20
114.694
 10
63.854
 20
114.724
 10
63.738
 20
114.761
 10
63.622
 20
114.803
 10
63.509
 20
114.85
 10
63.402
 20
114.902
 10
63.299
 20
114.96
 10
63.202
 20
115.024
 10
63.11
 20
115.093
 10
63.024
 20
115.167
 10
62.942
 20
115.246
 10
62.866
 20
115.331
 10
63.496
 20
115.919
 10
63.543
 20
115.858
 10
63.595
 20
115.8
 10
63.65
 20
115.745
 10
63.709
 20
115.693
 10
63.771
 20
115.645
 10
63.838
 20
115.6
 10
63.908
 20
115.558
 10
63.983
 20
115.52
 10
64.058
 20
115.486
 10
64.134
 20
115.456
 10
64.209
 20
115.43
 10
64.284
 20
115.41
 10
64.359
 20
115.394
 10
64.433
 20
115.382
 10
64.507
 20
115.375
 10
64.581
 20
115.373
 10
64.62
 20
115.374
 10
64.658
 20
115.375
 10
64.697
 20
115.378
 10
64.737
 20
115.383
 10
64.776
 20
115.388
 10
64.816
 20
115.395
 10
64.856
 20
115.402
 10
64.896
 20
115.411
 10
64.936
 20
115.422
 10
64.975
 20
115.434
 10
65.012
 20
115.448
 10
65.049
 20
115.463
 10
65.085
 20
115.48
 10
65.12
 20
115.499
 10
65.154
 20
115.519
 10
65.187
 20
115.541
 10
65.218
 20
115.564
 10
65.248
 20
115.589
 10
65.277
 20
115.616
 10
65.304
 20
115.643
 10
65.329
 20
115.673
 10
65.353
 20
115.703
 10
65.376
 20
115.735
 10
65.397
 20
115.769
 10
65.415
 20
115.804
 10
65.432
 20
115.841
 10
65.446
 20
115.88
 10
65.457
 20
115.922
 10
65.466
 20
115.965
 10
65.472
 20
116.011
 10
65.476
 20
116.058
 10
65.477
 20
116.108
 10
65.476
 20
116.156
 10
65.471
 20
116.202
 10
65.464
 20
116.246
 10
65.454
 20
116.287
 10
65.441
 20
116.327
 10
65.426
 20
116.365
 10
65.407
 20
116.4
 10
65.386
 20
116.434
 10
65.362
 20
116.465
 10
65.337
 20
116.496
 10
65.309
 20
116.526
 10
65.279
 20
116.554
 10
65.248
 20
116.582
 10
65.214
 20
116.608
 10
65.179
 20
116.633
 10
65.141
 20
116.658
 10
65.102
 20
116.681
 10
65.061
 20
116.703
 10
65.018
 20
116.725
 10
64.973
 20
116.746
 10
64.927
 20
116.766
 10
64.879
 20
116.785
 10
64.829
 20
116.804
 10
64.777
 20
116.822
 10
64.724
 20
116.84
 10
64.671
 20
116.857
 10
64.617
 20
116.875
 10
64.562
 20
116.894
 10
64.506
 20
116.912
 10
64.45
 20
116.931
 10
64.393
 20
116.95
 10
64.336
 20
116.969
 10
64.28
 20
116.987
 10
64.224
 20
117.006
 10
64.168
 20
117.025
 10
64.112
 20
117.046
 10
64.056
 20
117.067
 10
64.0
 20
117.09
 10
63.944
 20
117.113
 10
63.888
 20
117.137
 10
63.833
 20
117.162
 10
63.779
 20
117.19
 10
63.726
 20
117.219
 10
63.675
 20
117.251
 10
63.626
 20
117.284
 10
63.578
 20
117.319
 10
63.531
 20
117.357
 10
63.486
 20
117.396
 10
63.442
 20
117.437
 10
63.4
 20
117.481
 10
63.361
 20
117.527
 10
63.324
 20
117.575
 10
63.288
 20
117.626
 10
63.255
 20
117.679
 10
63.224
 20
117.734
 10
63.195
 20
117.792
 10
63.169
 20
117.852
 10
63.146
 20
117.916
 10
63.127
 20
117.984
 10
63.111
 20
118.055
 10
63.099
 20
118.13
 10
63.09
 20
118.208
 10
63.085
 20
118.29
 10
63.083
 20
118.376
 10
63.085
 20
118.469
 10
63.093
 20
118.558
 10
63.105
 20
118.645
 10
63.122
 20
118.728
 10
63.145
 20
118.807
 10
63.172
 20
118.884
 10
63.204
 20
118.957
 10
63.241
 20
119.027
 10
63.281
 20
119.094
 10
63.325
 20
119.158
 10
63.372
 20
119.218
 10
63.423
 20
119.276
 10
63.476
 20
119.331
 10
63.532
 20
119.383
 10
63.591
 20
119.432
 10
63.654
 20
119.479
 10
63.718
 20
119.522
 10
63.786
 20
119.562
 10
63.855
 20
119.6
 10
63.927
 20
119.634
 10
64.0
 20
119.666
 10
64.076
 20
119.695
 10
64.154
 20
119.721
 10
64.235
 20
119.745
 10
64.316
 20
119.765
 10
64.398
 20
119.783
 10
64.48
 20
119.798
 10
64.563
 20
119.81
 10
64.645
 20
119.82
 10
64.729
 20
119.827
 10
64.812
 20
119.831
 10
64.896
 20
119.832
 10
64.991
 20
119.83
 10
65.086
 20
119.824
 10
65.181
 20
119.813
 10
65.277
 20
119.799
 10
65.373
 20
119.78
 10
65.469
 20
119.757
 10
65.566
 20
119.73
 10
65.663
 20
119.699
 10
65.758
 20
119.664
 10
65.85
 20
119.624
 10
65.94
 20
119.581
 10
66.026
 20
119.533
 10
66.108
 20
119.481
 10
66.188
 20
119.425
 10
66.265
 20
119.364
 10
66.338
 20
119.3
 97
0
 75
0
 76
1
 98
0
  0
HATCH
  5
37
330
17
100
AcDbEntity
  8
RASTER
 62
7
100
AcDbHatch
 10
0.0
 20
0.0
 30
0.0
210
0.0
220
0.0
230
1.0
  2
SOLID
 70
1
 71
0
 91
1
 92
3
 72
0
 73
1
 93
16
 10
7.328
 20
173.606
 10
8.294
 20
173.606
 10
9.253
 20
169.966
 10
9.267
 20
169.966
 10
10.359
 20
173.606
 10
11.269
 20
173.606
 10
12.34
 20
169.966
 10
12.354
 20
169.966
 10
13.334
 20
173.606
 10
14.272
 20
173.606
 10
12.823
 20
168.65
 10
11.969
 20
168.65
 10
10.807
 20
172.367
 10
10.793
 20
172.367
 10
9.631
 20
168.65
 10
8.777
 20
168.65
 97
0
 75
0
 76
1
 98
0
  0
HATCH
  5
38
330
17
100
AcDbEntity
  8
RASTER
 62
7
100
AcDbHatch
 10
0.0
 20
0.0
 30
0.0
210
0.0
220
0.0
230
1.0
  2
SOLID
 70
1
 71
0
 91
1
 92
3
 72
0
 73
1
 93
48
 10
121.713
 20
156.011
 10
121.707
 20
155.919
 10
121.69
 20
155.83
 10
121.66
 20
155.743
 10
121.62
 20
155.661
 10
121.569
 20
155.585
 10
121.508
 20
155.516
 10
121.44
 20
155.456
 10
121.363
 20
155.405
 10
121.281
 20
155.364
 10
121.195
 20
155.335
 10
121.105
 20
155.317
 10
121.013
 20
155.311
 10
120.922
 20
155.317
 10
120.832
 20
155.335
 10
120.746
 20
155.364
 10
120.663
 20
155.405
 10
120.587
 20
155.456
 10
120.519
 20
155.516
 10
120.458
 20
155.585
 10
120.407
 20
155.661
 10
120.367
 20
155.743
 10
120.337
 20
155.83
 10
120.319
 20
155.919
 10
120.313
 20
156.011
 10
120.319
 20
156.102
 10
120.337
 20
156.192
 10
120.367
 20
156.279
 10
120.407
 20
156.361
 10
120.458
 20
156.437
 10
120.519
 20
156.506
 10
120.587
 20
156.566
 10
120.663
 20
156.617
 10
120.746
 20
156.658
 10
120.832
 20
156.687
 10
120.922
 20
156.705
 10
121.013
 20
156.711
 10
121.105
 20
156.705
 10
121.195
 20
156.687
 10
121.281
 20
156.658
 10
121.363
 20
156.617
 10
121.44
 20
156.566
 10
121.508
 20
156.506
 10
121.569
 20
156.437
 10
121.62
 20
156.361
 10
121.66
 20
156.279
 10
121.69
 20
156.192
 10
121.707
 20
156.102
 97
0
 75
0
 76
1
 98
0
  0
HATCH
  5
39
330
17
100
AcDbEntity
  8
RASTER
 62
7
100
AcDbHatch
 10
0.0
 20
0.0
 30
0.0
210
0.0
220
0.0
230
1.0
  2
SOLID
 70
1
 71
0
 91
1
 92
3
 72
0
 73
1
 93
48
 10
115.889
 20
141.95
 10
115.883
 20
141.859
 10
115.865
 20
141.769
 10
115.836
 20
141.682
 10
115.795
 20
141.6
 10
115.745
 20
141.524
 10
115.684
 20
141.455
 10
115.615
 20
141.395
 10
115.539
 20
141.344
 10
115.457
 20
141.303
 10
115.37
 20
141.274
 10
115.281
 20
141.256
 10
115.189
 20
141.25
 10
115.098
 20
141.256
 10
115.008
 20
141.274
 10
114.921
 20
141.303
 10
114.839
 20
141.344
 10
114.763
 20
141.395
 10
114.694
 20
141.455
 10
114.634
 20
141.524
 10
114.583
 20
141.6
 10
114.543
 20
141.682
 10
114.513
 20
141.769
 10
114.495
 20
141.859
 10
114.489
 20
141.95
 10
114.495
 20
142.041
 10
114.513
 20
142.131
 10
114.543
 20
142.218
 10
114.583
 20
142.3
 10
114.634
 20
142.376
 10
114.694
 20
142.445
 10
114.763
 20
142.505
 10
114.839
 20
142.556
 10
114.921
 20
142.597
 10
115.008
 20
142.626
 10
115.098
 20
142.644
 10
115.189
 20
142.65
 10
115.281
 20
142.644
 10
115.37
 20
142.626
 10
115.457
 20
142.597
 10
115.539
 20
142.556
 10
115.615
 20
142.505
 10
115.684
 20
142.445
 10
115.745
 20
142.376
 10
115.795
 20
142.3
 10
115.836
 20
142.218
 10
115.865
 20
142.131
 10
115.883
 20
142.041
 97
0
 75
0
 76
1
 98
0
  0
HATCH
  5
3A
330
17
100
AcDbEntity
  8
RASTER
 62
7
100
AcDbHatch
 10
0.0
 20
0.0
 30
0.0
210
0.0
220
0.0
230
1.0
  2
SOLID
 70
1
 71
0
 91
1
 92
3
 72
0
 73
1
 93
48
 10
107.024
 20
129.876
 10
107.015
 20
129.732
 10
106.987
 20
129.591
 10
106.941
 20
129.455
 10
106.877
 20
129.326
 10
106.797
 20
129.206
 10
106.702
 20
129.098
 10
106.594
 20
129.003
 10
106.474
 20
128.923
 10
106.345
 20
128.859
 10
106.209
 20
128.813
 10
106.068
 20
128.785
 10
105.924
 20
128.776
 10
105.781
 20
128.785
 10
105.64
 20
128.813
 10
105.503
 20
128.859
 10
105.374
 20
128.923
 10
105.255
 20
129.003
 10
105.147
 20
129.098
 10
105.052
 20
129.206
 10
104.972
 20
129.326
 10
104.908
 20
129.455
 10
104.862
 20
129.591
 10
104.834
 20
129.732
 10
104.824
 20
129.876
 10
104.834
 20
130.019
 10
104.862
 20
130.16
 10
104.908
 20
130.297
 10
104.972
 20
130.426
 10
105.052
 20
130.545
 10
105.147
 20
130.653
 10
105.255
 20
130.748
 10
105.374
 20
130.828
 10
105.503
 20
130.892
 10
105.64
 20
130.938
 10
105.781
 20
130.966
 10
105.924
 20
130.976
 10
106.068
 20
130.966
 10
106.209
 20
130.938
 10
106.345
 20
130.892
 10
106.474
 20
130.828
 10
106.594
 20
130.748
 10
106.702
 20
130.653
 10
106.797
 20
130.545
 10
106.877
 20
130.426
 10
106.941
 20
130.297
 10
106.987
 20
130.16
 10
107.015
 20
130.019
 97
0
 75
0
 76
1
 98
0
  0
HATCH
  5
3B
330
17
100
AcDbEntity
  8
RASTER
 62
7
100
AcDbHatch
 10
0.0
 20
0.0
 30
0.0
210
0.0
220
0.0
230
1.0
  2
SOLID
 70
1
 71
0
 91
1
 92
3
 72
0
 73
1
 93
48
 10
94.55
 20
120.611
 10
94.544
 20
120.519
 10
94.526
 20
120.43
 10
94.497
 20
120.343
 10
94.456
 20
120.261
 10
94.405
 20
120.185
 10
94.345
 20
120.116
 10
94.276
 20
120.055
 10
94.2
 20
120.005
 10
94.118
 20
119.964
 10
94.031
 20
119.935
 10
93.941
 20
119.917
 10
93.85
 20
119.911
 10
93.759
 20
119.917
 10
93.669
 20
119.935
 10
93.582
 20
119.964
 10
93.5
 20
120.005
 10
93.424
 20
120.055
 10
93.355
 20
120.116
 10
93.295
 20
120.185
 10
93.244
 20
120.261
 10
93.203
 20
120.343
 10
93.174
 20
120.43
 10
93.156
 20
120.519
 10
93.15
 20
120.611
 10
93.156
 20
120.702
 10
93.174
 20
120.792
 10
93.203
 20
120.879
 10
93.244
 20
120.961
 10
93.295
 20
121.037
 10
93.355
 20
121.106
 10
93.424
 20
121.166
 10
93.5
 20
121.217
 10
93.582
 20
121.257
 10
93.669
 20
121.287
 10
93.759
 20
121.305
 10
93.85
 20
121.311
 10
93.941
 20
121.305
 10
94.031
 20
121.287
 10
94.118
 20
121.257
 10
94.2
 20
121.217
 10
94.276
 20
121.166
 10
94.345
 20
121.106
 10
94.405
 20
121.037
 10
94.456
 20
120.961
 10
94.497
 20
120.879
 10
94.526
 20
120.792
 10
94.544
 20
120.702
 97
0
 75
0
 76
1
 98
0
  0
HATCH
  5
3C
330
17
100
AcDbEntity
  8
RASTER
 62
7
100
AcDbHatch
 10
0.0
 20
0.0
 30
0.0
210
0.0
220
0.0
230
1.0
  2
SOLID
 70
1
 71
0
 91
1
 92
3
 72
0
 73
1
 93
48
 10
80.489
 20
114.787
 10
80.483
 20
114.695
 10
80.465
 20
114.605
 10
80.436
 20
114.519
 10
80.395
 20
114.437
 10
80.344
 20
114.36
 10
80.284
 20
114.292
 10
80.215
 20
114.231
 10
80.139
 20
114.18
 10
80.057
 20
114.14
 10
79.97
 20
114.11
 10
79.881
 20
114.093
 10
79.789
 20
114.087
 10
79.698
 20
114.093
 10
79.608
 20
114.11
 10
79.521
 20
114.14
 10
79.439
 20
114.18
 10
79.363
 20
114.231
 10
79.294
 20
114.292
 10
79.234
 20
114.36
 10
79.183
 20
114.437
 10
79.142
 20
114.519
 10
79.113
 20
114.605
 10
79.095
 20
114.695
 10
79.089
 20
114.787
 10
79.095
 20
114.878
 10
79.113
 20
114.968
 10
79.142
 20
115.054
 10
79.183
 20
115.137
 10
79.234
 20
115.213
 10
79.294
 20
115.281
 10
79.363
 20
115.342
 10
79.439
 20
115.393
 10
79.521
 20
115.433
 10
79.608
 20
115.463
 10
79.698
 20
115.481
 10
79.789
 20
115.487
 10
79.881
 20
115.481
 10
79.97
 20
115.463
 10
80.057
 20
115.433
 10
80.139
 20
115.393
 10
80.215
 20
115.342
 10
80.284
 20
115.281
 10
80.344
 20
115.213
 10
80.395
 20
115.137
 10
80.436
 20
115.054
 10
80.465
 20
114.968
 10
80.483
 20
114.878
 97
0
 75
0
 76
1
 98
0
  0
HATCH
  5
3D
330
17
100
AcDbEntity
  8
RASTER
 62
7
100
AcDbHatch
 10
0.0
 20
0.0
 30
0.0
210
0.0
220
0.0
230
1.0
  2
SOLID
 70
1
 71
0
 91
1
 92
3
 72
0
 73
1
 93
48
 10
50.311
 20
114.787
 10
50.305
 20
114.695
 10
50.287
 20
114.605
 10
50.258
 20
114.519
 10
50.217
 20
114.437
 10
50.166
 20
114.36
 10
50.106
 20
114.292
 10
50.037
 20
114.231
 10
49.961
 20
114.18
 10
49.879
 20
114.14
 10
49.792
 20
114.11
 10
49.702
 20
114.093
 10
49.611
 20
114.087
 10
49.519
 20
114.093
 10
49.43
 20
114.11
 10
49.343
 20
114.14
 10
49.261
 20
114.18
 10
49.185
 20
114.231
 10
49.116
 20
114.292
 10
49.056
 20
114.36
 10
49.005
 20
114.437
 10
48.964
 20
114.519
 10
48.935
 20
114.605
 10
48.917
 20
114.695
 10
48.911
 20
114.787
 10
48.917
 20
114.878
 10
48.935
 20
114.968
 10
48.964
 20
115.054
 10
49.005
 20
115.137
 10
49.056
 20
115.213
 10
49.116
 20
115.281
 10
49.185
 20
115.342
 10
49.261
 20
115.393
 10
49.343
 20
115.433
 10
49.43
 20
115.463
 10
49.519
 20
115.481
 10
49.611
 20
115.487
 10
49.702
 20
115.481
 10
49.792
 20
115.463
 10
49.879
 20
115.433
 10
49.961
 20
115.393
 10
50.037
 20
115.342
 10
50.106
 20
115.281
 10
50.166
 20
115.213
 10
50.217
 20
115.137
 10
50.258
 20
115.054
 10
50.287
 20
114.968
 10
50.305
 20
114.878
 97
0
 75
0
 76
1
 98
0
  0
HATCH
  5
3E
330
17
100
AcDbEntity
  8
RASTER
 62
7
100
AcDbHatch
 10
0.0
 20
0.0
 30
0.0
210
0.0
220
0.0
230
1.0
  2
SOLID
 70
1
 71
0
 91
1
 92
3
 72
0
 73
1
 93
48
 10
36.25
 20
120.611
 10
36.244
 20
120.519
 10
36.226
 20
120.43
 10
36.197
 20
120.343
 10
36.156
 20
120.261
 10
36.105
 20
120.185
 10
36.045
 20
120.116
 10
35.976
 20
120.055
 10
35.9
 20
120.005
 10
35.818
 20
119.964
 10
35.731
 20
119.935
 10
35.641
 20
119.917
 10
35.55
 20
119.911
 10
35.459
 20
119.917
 10
35.369
 20
119.935
 10
35.282
 20
119.964
 10
35.2
 20
120.005
 10
35.124
 20
120.055
 10
35.055
 20
120.116
 10
34.995
 20
120.185
 10
34.944
 20
120.261
 10
34.903
 20
120.343
 10
34.874
 20
120.43
 10
34.856
 20
120.519
 10
34.85
 20
120.611
 10
34.856
 20
120.702
 10
34.874
 20
120.792
 10
34.903
 20
120.879
 10
34.944
 20
120.961
 10
34.995
 20
121.037
 10
35.055
 20
121.106
 10
35.124
 20
121.166
 10
35.2
 20
121.217
 10
35.282
 20
121.257
 10
35.369
 20
121.287
 10
35.459
 20
121.305
 10
35.55
 20
121.311
 10
35.641
 20
121.305
 10
35.731
 20
121.287
 10
35.818
 20
121.257
 10
35.9
 20
121.217
 10
35.976
 20
121.166
 10
36.045
 20
121.106
 10
36.105
 20
121.037
 10
36.156
 20
120.961
 10
36.197
 20
120.879
 10
36.226
 20
120.792
 10
36.244
 20
120.702
 97
0
 75
0
 76
1
 98
0
  0
HATCH
  5
3F
330
17
100
AcDbEntity
  8
RASTER
 62
7
100
AcDbHatch
 10
0.0
 20
0.0
 30
0.0
210
0.0
220
0.0
230
1.0
  2
SOLID
 70
1
 71
0
 91
1
 92
3
 72
0
 73
1
 93
48
 10
24.576
 20
129.876
 10
24.566
 20
129.732
 10
24.538
 20
129.591
 10
24.492
 20
129.455
 10
24.428
 20
129.326
 10
24.348
 20
129.206
 10
24.253
 20
129.098
 10
24.145
 20
129.003
 10
24.026
 20
128.923
 10
23.897
 20
128.859
 10
23.76
 20
128.813
 10
23.619
 20
128.785
 10
23.476
 20
128.776
 10
23.332
 20
128.785
 10
23.191
 20
128.813
 10
23.055
 20
128.859
 10
22.926
 20
128.923
 10
22.806
 20
129.003
 10
22.698
 20
129.098
 10
22.603
 20
129.206
 10
22.523
 20
129.326
 10
22.459
 20
129.455
 10
22.413
 20
129.591
 10
22.385
 20
129.732
 10
22.376
 20
129.876
 10
22.385
 20
130.019
 10
22.413
 20
130.16
 10
22.459
 20
130.297
 10
22.523
 20
130.426
 10
22.603
 20
130.545
 10
22.698
 20
130.653
 10
22.806
 20
130.748
 10
22.926
 20
130.828
 10
23.055
 20
130.892
 10
23.191
 20
130.938
 10
23.332
 20
130.966
 10
23.476
 20
130.976
 10
23.619
 20
130.966
 10
23.76
 20
130.938
 10
23.897
 20
130.892
 10
24.026
 20
130.828
 10
24.145
 20
130.748
 10
24.253
 20
130.653
 10
24.348
 20
130.545
 10
24.428
 20
130.426
 10
24.492
 20
130.297
 10
24.538
 20
130.16
 10
24.566
 20
130.019
 97
0
 75
0
 76
1
 98
0
  0
HATCH
  5
40
330
17
100
AcDbEntity
  8
RASTER
 62
7
100
AcDbHatch
 10
0.0
 20
0.0
 30
0.0
210
0.0
220
0.0
230
1.0
  2
SOLID
 70
1
 71
0
 91
1
 92
3
 72
0
 73
1
 93
48
 10
14.911
 20
141.95
 10
14.905
 20
141.859
 10
14.887
 20
141.769
 10
14.857
 20
141.682
 10
14.817
 20
141.6
 10
14.766
 20
141.524
 10
14.706
 20
141.455
 10
14.637
 20
141.395
 10
14.561
 20
141.344
 10
14.479
 20
141.303
 10
14.392
 20
141.274
 10
14.302
 20
141.256
 10
14.211
 20
141.25
 10
14.119
 20
141.256
 10
14.03
 20
141.274
 10
13.943
 20
141.303
 10
13.861
 20
141.344
 10
13.785
 20
141.395
 10
13.716
 20
141.455
 10
13.655
 20
141.524
 10
13.605
 20
141.6
 10
13.564
 20
141.682
 10
13.535
 20
141.769
 10
13.517
 20
141.859
 10
13.511
 20
141.95
 10
13.517
 20
142.041
 10
13.535
 20
142.131
 10
13.564
 20
142.218
 10
13.605
 20
142.3
 10
13.655
 20
142.376
 10
13.716
 20
142.445
 10
13.785
 20
142.505
 10
13.861
 20
142.556
 10
13.943
 20
142.597
 10
14.03
 20
142.626
 10
14.119
 20
142.644
 10
14.211
 20
142.65
 10
14.302
 20
142.644
 10
14.392
 20
142.626
 10
14.479
 20
142.597
 10
14.561
 20
142.556
 10
14.637
 20
142.505
 10
14.706
 20
142.445
 10
14.766
 20
142.376
 10
14.817
 20
142.3
 10
14.857
 20
142.218
 10
14.887
 20
142.131
 10
14.905
 20
142.041
 97
0
 75
0
 76
1
 98
0
  0
HATCH
  5
41
330
17
100
AcDbEntity
  8
RASTER
 62
7
100
AcDbHatch
 10
0.0
 20
0.0
 30
0.0
210
0.0
220
0.0
230
1.0
  2
SOLID
 70
1
 71
0
 91
1
 92
3
 72
0
 73
1
 93
48
 10
9.087
 20
156.011
 10
9.081
 20
155.919
 10
9.063
 20
155.83
 10
9.033
 20
155.743
 10
8.993
 20
155.661
 10
8.942
 20
155.585
 10
8.881
 20
155.516
 10
8.813
 20
155.456
 10
8.737
 20
155.405
 10
8.654
 20
155.364
 10
8.568
 20
155.335
 10
8.478
 20
155.317
 10
8.387
 20
155.311
 10
8.295
 20
155.317
 10
8.205
 20
155.335
 10
8.119
 20
155.364
 10
8.037
 20
155.405
 10
7.96
 20
155.456
 10
7.892
 20
155.516
 10
7.831
 20
155.585
 10
7.78
 20
155.661
 10
7.74
 20
155.743
 10
7.71
 20
155.83
 10
7.693
 20
155.919
 10
7.687
 20
156.011
 10
7.693
 20
156.102
 10
7.71
 20
156.192
 10
7.74
 20
156.279
 10
7.78
 20
156.361
 10
7.831
 20
156.437
 10
7.892
 20
156.506
 10
7.96
 20
156.566
 10
8.037
 20
156.617
 10
8.119
 20
156.658
 10
8.205
 20
156.687
 10
8.295
 20
156.705
 10
8.387
 20
156.711
 10
8.478
 20
156.705
 10
8.568
 20
156.687
 10
8.654
 20
156.658
 10
8.737
 20
156.617
 10
8.813
 20
156.566
 10
8.881
 20
156.506
 10
8.942
 20
156.437
 10
8.993
 20
156.361
 10
9.033
 20
156.279
 10
9.063
 20
156.192
 10
9.081
 20
156.102
 97
0
 75
0
 76
1
 98
0
  0
HATCH
  5
42
330
17
100
AcDbEntity
  8
RASTER
 62
7
100
AcDbHatch
 10
0.0
 20
0.0
 30
0.0
210
0.0
220
0.0
230
1.0
  2
SOLID
 70
1
 71
0
 91
1
 92
3
 72
0
 73
1
 93
48
 10
9.087
 20
186.189
 10
9.081
 20
186.098
 10
9.063
 20
186.008
 10
9.033
 20
185.921
 10
8.993
 20
185.839
 10
8.942
 20
185.763
 10
8.881
 20
185.694
 10
8.813
 20
185.634
 10
8.737
 20
185.583
 10
8.654
 20
185.542
 10
8.568
 20
185.513
 10
8.478
 20
185.495
 10
8.387
 20
185.489
 10
8.295
 20
185.495
 10
8.205
 20
185.513
 10
8.119
 20
185.542
 10
8.037
 20
185.583
 10
7.96
 20
185.634
 10
7.892
 20
185.694
 10
7.831
 20
185.763
 10
7.78
 20
185.839
 10
7.74
 20
185.921
 10
7.71
 20
186.008
 10
7.693
 20
186.098
 10
7.687
 20
186.189
 10
7.693
 20
186.281
 10
7.71
 20
186.37
 10
7.74
 20
186.457
 10
7.78
 20
186.539
 10
7.831
 20
186.615
 10
7.892
 20
186.684
 10
7.96
 20
186.744
 10
8.037
 20
186.795
 10
8.119
 20
186.836
 10
8.205
 20
186.865
 10
8.295
 20
186.883
 10
8.387
 20
186.889
 10
8.478
 20
186.883
 10
8.568
 20
186.865
 10
8.654
 20
186.836
 10
8.737
 20
186.795
 10
8.813
 20
186.744
 10
8.881
 20
186.684
 10
8.942
 20
186.615
 10
8.993
 20
186.539
 10
9.033
 20
186.457
 10
9.063
 20
186.37
 10
9.081
 20
186.281
 97
0
 75
0
 76
1
 98
0
  0
HATCH
  5
43
330
17
100
AcDbEntity
  8
RASTER
 62
7
100
AcDbHatch
 10
0.0
 20
0.0
 30
0.0
210
0.0
220
0.0
230
1.0
  2
SOLID
 70
1
 71
0
 91
1
 92
3
 72
0
 73
1
 93
48
 10
14.911
 20
200.25
 10
14.905
 20
200.159
 10
14.887
 20
200.069
 10
14.857
 20
199.982
 10
14.817
 20
199.9
 10
14.766
 20
199.824
 10
14.706
 20
199.755
 10
14.637
 20
199.695
 10
14.561
 20
199.644
 10
14.479
 20
199.603
 10
14.392
 20
199.574
 10
14.302
 20
199.556
 10
14.211
 20
199.55
 10
14.119
 20
199.556
 10
14.03
 20
199.574
 10
13.943
 20
199.603
 10
13.861
 20
199.644
 10
13.785
 20
199.695
 10
13.716
 20
199.755
 10
13.655
 20
199.824
 10
13.605
 20
199.9
 10
13.564
 20
199.982
 10
13.535
 20
200.069
 10
13.517
 20
200.159
 10
13.511
 20
200.25
 10
13.517
 20
200.341
 10
13.535
 20
200.431
 10
13.564
 20
200.518
 10
13.605
 20
200.6
 10
13.655
 20
200.676
 10
13.716
 20
200.745
 10
13.785
 20
200.805
 10
13.861
 20
200.856
 10
13.943
 20
200.897
 10
14.03
 20
200.926
 10
14.119
 20
200.944
 10
14.211
 20
200.95
 10
14.302
 20
200.944
 10
14.392
 20
200.926
 10
14.479
 20
200.897
 10
14.561
 20
200.856
 10
14.637
 20
200.805
 10
14.706
 20
200.745
 10
14.766
 20
200.676
 10
14.817
 20
200.6
 10
14.857
 20
200.518
 10
14.887
 20
200.431
 10
14.905
 20
200.341
 97
0
 75
0
 76
1
 98
0
  0
HATCH
  5
44
330
17
100
AcDbEntity
  8
RASTER
 62
7
100
AcDbHatch
 10
0.0
 20
0.0
 30
0.0
210
0.0
220
0.0
230
1.0
  2
SOLID
 70
1
 71
0
 91
1
 92
3
 72
0
 73
1
 93
48
 10
24.576
 20
212.324
 10
24.566
 20
212.181
 10
24.538
 20
212.04
 10
24.492
 20
211.903
 10
24.428
 20
211.774
 10
24.348
 20
211.655
 10
24.253
 20
211.547
 10
24.145
 20
211.452
 10
24.026
 20
211.372
 10
23.897
 20
211.308
 10
23.76
 20
211.262
 10
23.619
 20
211.234
 10
23.476
 20
211.224
 10
23.332
 20
211.234
 10
23.191
 20
211.262
 10
23.055
 20
211.308
 10
22.926
 20
211.372
 10
22.806
 20
211.452
 10
22.698
 20
211.547
 10
22.603
 20
211.655
 10
22.523
 20
211.774
 10
22.459
 20
211.903
 10
22.413
 20
212.04
 10
22.385
 20
212.181
 10
22.376
 20
212.324
 10
22.385
 20
212.468
 10
22.413
 20
212.609
 10
22.459
 20
212.745
 10
22.523
 20
212.874
 10
22.603
 20
212.994
 10
22.698
 20
213.102
 10
22.806
 20
213.197
 10
22.926
 20
213.277
 10
23.055
 20
213.341
 10
23.191
 20
213.387
 10
23.332
 20
213.415
 10
23.476
 20
213.424
 10
23.619
 20
213.415
 10
23.76
 20
213.387
 10
23.897
 20
213.341
 10
24.026
 20
213.277
 10
24.145
 20
213.197
 10
24.253
 20
213.102
 10
24.348
 20
212.994
 10
24.428
 20
212.874
 10
24.492
 20
212.745
 10
24.538
 20
212.609
 10
24.566
 20
212.468
 97
0
 75
0
 76
1
 98
0
  0
HATCH
  5
45
330
17
100
AcDbEntity
  8
RASTER
 62
7
100
AcDbHatch
 10
0.0
 20
0.0
 30
0.0
210
0.0
220
0.0
230
1.0
  2
SOLID
 70
1
 71
0
 91
1
 92
3
 72
0
 73
1
 93
48
 10
36.25
 20
221.589
 10
36.244
 20
221.498
 10
36.226
 20
221.408
 10
36.197
 20
221.321
 10
36.156
 20
221.239
 10
36.105
 20
221.163
 10
36.045
 20
221.094
 10
35.976
 20
221.034
 10
35.9
 20
220.983
 10
35.818
 20
220.943
 10
35.731
 20
220.913
 10
35.641
 20
220.895
 10
35.55
 20
220.889
 10
35.459
 20
220.895
 10
35.369
 20
220.913
 10
35.282
 20
220.943
 10
35.2
 20
220.983
 10
35.124
 20
221.034
 10
35.055
 20
221.094
 10
34.995
 20
221.163
 10
34.944
 20
221.239
 10
34.903
 20
221.321
 10
34.874
 20
221.408
 10
34.856
 20
221.498
 10
34.85
 20
221.589
 10
34.856
 20
221.681
 10
34.874
 20
221.77
 10
34.903
 20
221.857
 10
34.944
 20
221.939
 10
34.995
 20
222.015
 10
35.055
 20
222.084
 10
35.124
 20
222.145
 10
35.2
 20
222.195
 10
35.282
 20
222.236
 10
35.369
 20
222.265
 10
35.459
 20
222.283
 10
35.55
 20
222.289
 10
35.641
 20
222.283
 10
35.731
 20
222.265
 10
35.818
 20
222.236
 10
35.9
 20
222.195
 10
35.976
 20
222.145
 10
36.045
 20
222.084
 10
36.105
 20
222.015
 10
36.156
 20
221.939
 10
36.197
 20
221.857
 10
36.226
 20
221.77
 10
36.244
 20
221.681
 97
0
 75
0
 76
1
 98
0
  0
HATCH
  5
46
330
17
100
AcDbEntity
  8
RASTER
 62
7
100
AcDbHatch
 10
0.0
 20
0.0
 30
0.0
210
0.0
220
0.0
230
1.0
  2
SOLID
 70
1
 71
0
 91
1
 92
3
 72
0
 73
1
 93
48
 10
50.311
 20
227.413
 10
50.305
 20
227.322
 10
50.287
 20
227.232
 10
50.258
 20
227.146
 10
50.217
 20
227.063
 10
50.166
 20
226.987
 10
50.106
 20
226.919
 10
50.037
 20
226.858
 10
49.961
 20
226.807
 10
49.879
 20
226.767
 10
49.792
 20
226.737
 10
49.702
 20
226.719
 10
49.611
 20
226.713
 10
49.519
 20
226.719
 10
49.43
 20
226.737
 10
49.343
 20
226.767
 10
49.261
 20
226.807
 10
49.185
 20
226.858
 10
49.116
 20
226.919
 10
49.056
 20
226.987
 10
49.005
 20
227.063
 10
48.964
 20
227.146
 10
48.935
 20
227.232
 10
48.917
 20
227.322
 10
48.911
 20
227.413
 10
48.917
 20
227.505
 10
48.935
 20
227.595
 10
48.964
 20
227.681
 10
49.005
 20
227.763
 10
49.056
 20
227.84
 10
49.116
 20
227.908
 10
49.185
 20
227.969
 10
49.261
 20
228.02
 10
49.343
 20
228.06
 10
49.43
 20
228.09
 10
49.519
 20
228.107
 10
49.611
 20
228.113
 10
49.702
 20
228.107
 10
49.792
 20
228.09
 10
49.879
 20
228.06
 10
49.961
 20
228.02
 10
50.037
 20
227.969
 10
50.106
 20
227.908
 10
50.166
 20
227.84
 10
50.217
 20
227.763
 10
50.258
 20
227.681
 10
50.287
 20
227.595
 10
50.305
 20
227.505
 97
0
 75
0
 76
1
 98
0
  0
HATCH
  5
47
330
17
100
AcDbEntity
  8
RASTER
 62
7
100
AcDbHatch
 10
0.0
 20
0.0
 30
0.0
210
0.0
220
0.0
230
1.0
  2
SOLID
 70
1
 71
0
 91
1
 92
3
 72
0
 73
1
 93
48
 10
80.489
 20
227.413
 10
80.483
 20
227.322
 10
80.465
 20
227.232
 10
80.436
 20
227.146
 10
80.395
 20
227.063
 10
80.344
 20
226.987
 10
80.284
 20
226.919
 10
80.215
 20
226.858
 10
80.139
 20
226.807
 10
80.057
 20
226.767
 10
79.97
 20
226.737
 10
79.881
 20
226.719
 10
79.789
 20
226.713
 10
79.698
 20
226.719
 10
79.608
 20
226.737
 10
79.521
 20
226.767
 10
79.439
 20
226.807
 10
79.363
 20
226.858
 10
79.294
 20
226.919
 10
79.234
 20
226.987
 10
79.183
 20
227.063
 10
79.142
 20
227.146
 10
79.113
 20
227.232
 10
79.095
 20
227.322
 10
79.089
 20
227.413
 10
79.095
 20
227.505
 10
79.113
 20
227.595
 10
79.142
 20
227.681
 10
79.183
 20
227.763
 10
79.234
 20
227.84
 10
79.294
 20
227.908
 10
79.363
 20
227.969
 10
79.439
 20
228.02
 10
79.521
 20
228.06
 10
79.608
 20
228.09
 10
79.698
 20
228.107
 10
79.789
 20
228.113
 10
79.881
 20
228.107
 10
79.97
 20
228.09
 10
80.057
 20
228.06
 10
80.139
 20
228.02
 10
80.215
 20
227.969
 10
80.284
 20
227.908
 10
80.344
 20
227.84
 10
80.395
 20
227.763
 10
80.436
 20
227.681
 10
80.465
 20
227.595
 10
80.483
 20
227.505
 97
0
 75
0
 76
1
 98
0
  0
HATCH
  5
48
330
17
100
AcDbEntity
  8
RASTER
 62
7
100
AcDbHatch
 10
0.0
 20
0.0
 30
0.0
210
0.0
220
0.0
230
1.0
  2
SOLID
 70
1
 71
0
 91
1
 92
3
 72
0
 73
1
 93
48
 10
94.55
 20
221.589
 10
94.544
 20
221.498
 10
94.526
 20
221.408
 10
94.497
 20
221.321
 10
94.456
 20
221.239
 10
94.405
 20
221.163
 10
94.345
 20
221.094
 10
94.276
 20
221.034
 10
94.2
 20
220.983
 10
94.118
 20
220.943
 10
94.031
 20
220.913
 10
93.941
 20
220.895
 10
93.85
 20
220.889
 10
93.759
 20
220.895
 10
93.669
 20
220.913
 10
93.582
 20
220.943
 10
93.5
 20
220.983
 10
93.424
 20
221.034
 10
93.355
 20
221.094
 10
93.295
 20
221.163
 10
93.244
 20
221.239
 10
93.203
 20
221.321
 10
93.174
 20
221.408
 10
93.156
 20
221.498
 10
93.15
 20
221.589
 10
93.156
 20
221.681
 10
93.174
 20
221.77
 10
93.203
 20
221.857
 10
93.244
 20
221.939
 10
93.295
 20
222.015
 10
93.355
 20
222.084
 10
93.424
 20
222.145
 10
93.5
 20
222.195
 10
93.582
 20
222.236
 10
93.669
 20
222.265
 10
93.759
 20
222.283
 10
93.85
 20
222.289
 10
93.941
 20
222.283
 10
94.031
 20
222.265
 10
94.118
 20
222.236
 10
94.2
 20
222.195
 10
94.276
 20
222.145
 10
94.345
 20
222.084
 10
94.405
 20
222.015
 10
94.456
 20
221.939
 10
94.497
 20
221.857
 10
94.526
 20
221.77
 10
94.544
 20
221.681
 97
0
 75
0
 76
1
 98
0
  0
HATCH
  5
49
330
17
100
AcDbEntity
  8
RASTER
 62
7
100
AcDbHatch
 10
0.0
 20
0.0
 30
0.0
210
0.0
220
0.0
230
1.0
  2
SOLID
 70
1
 71
0
 91
1
 92
3
 72
0
 73
1
 93
48
 10
107.024
 20
212.324
 10
107.015
 20
212.181
 10
106.987
 20
212.04
 10
106.941
 20
211.903
 10
106.877
 20
211.774
 10
106.797
 20
211.655
 10
106.702
 20
211.547
 10
106.594
 20
211.452
 10
106.474
 20
211.372
 10
106.345
 20
211.308
 10
106.209
 20
211.262
 10
106.068
 20
211.234
 10
105.924
 20
211.224
 10
105.781
 20
211.234
 10
105.64
 20
211.262
 10
105.503
 20
211.308
 10
105.374
 20
211.372
 10
105.255
 20
211.452
 10
105.147
 20
211.547
 10
105.052
 20
211.655
 10
104.972
 20
211.774
 10
104.908
 20
211.903
 10
104.862
 20
212.04
 10
104.834
 20
212.181
 10
104.824
 20
212.324
 10
104.834
 20
212.468
 10
104.862
 20
212.609
 10
104.908
 20
212.745
 10
104.972
 20
212.874
 10
105.052
 20
212.994
 10
105.147
 20
213.102
 10
105.255
 20
213.197
 10
105.374
 20
213.277
 10
105.503
 20
213.341
 10
105.64
 20
213.387
 10
105.781
 20
213.415
 10
105.924
 20
213.424
 10
106.068
 20
213.415
 10
106.209
 20
213.387
 10
106.345
 20
213.341
 10
106.474
 20
213.277
 10
106.594
 20
213.197
 10
106.702
 20
213.102
 10
106.797
 20
212.994
 10
106.877
 20
212.874
 10
106.941
 20
212.745
 10
106.987
 20
212.609
 10
107.015
 20
212.468
 97
0
 75
0
 76
1
 98
0
  0
HATCH
  5
4A
330
17
100
AcDbEntity
  8
RASTER
 62
7
100
AcDbHatch
 10
0.0
 20
0.0
 30
0.0
210
0.0
220
0.0
230
1.0
  2
SOLID
 70
1
 71
0
 91
1
 92
3
 72
0
 73
1
 93
48
 10
115.889
 20
200.25
 10
115.883
 20
200.159
 10
115.865
 20
200.069
 10
115.836
 20
199.982
 10
115.795
 20
199.9
 10
115.745
 20
199.824
 10
115.684
 20
199.755
 10
115.615
 20
199.695
 10
115.539
 20
199.644
 10
115.457
 20
199.603
 10
115.37
 20
199.574
 10
115.281
 20
199.556
 10
115.189
 20
199.55
 10
115.098
 20
199.556
 10
115.008
 20
199.574
 10
114.921
 20
199.603
 10
114.839
 20
199.644
 10
114.763
 20
199.695
 10
114.694
 20
199.755
 10
114.634
 20
199.824
 10
114.583
 20
199.9
 10
114.543
 20
199.982
 10
114.513
 20
200.069
 10
114.495
 20
200.159
 10
114.489
 20
200.25
 10
114.495
 20
200.341
 10
114.513
 20
200.431
 10
114.543
 20
200.518
 10
114.583
 20
200.6
 10
114.634
 20
200.676
 10
114.694
 20
200.745
 10
114.763
 20
200.805
 10
114.839
 20
200.856
 10
114.921
 20
200.897
 10
115.008
 20
200.926
 10
115.098
 20
200.944
 10
115.189
 20
200.95
 10
115.281
 20
200.944
 10
115.37
 20
200.926
 10
115.457
 20
200.897
 10
115.539
 20
200.856
 10
115.615
 20
200.805
 10
115.684
 20
200.745
 10
115.745
 20
200.676
 10
115.795
 20
200.6
 10
115.836
 20
200.518
 10
115.865
 20
200.431
 10
115.883
 20
200.341
 97
0
 75
0
 76
1
 98
0
  0
HATCH
  5
4B
330
17
100
AcDbEntity
  8
RASTER
 62
7
100
AcDbHatch
 10
0.0
 20
0.0
 30
0.0
210
0.0
220
0.0
230
1.0
  2
SOLID
 70
1
 71
0
 91
1
 92
3
 72
0
 73
1
 93
48
 10
121.713
 20
186.189
 10
121.707
 20
186.098
 10
121.69
 20
186.008
 10
121.66
 20
185.921
 10
121.62
 20
185.839
 10
121.569
 20
185.763
 10
121.508
 20
185.694
 10
121.44
 20
185.634
 10
121.363
 20
185.583
 10
121.281
 20
185.542
 10
121.195
 20
185.513
 10
121.105
 20
185.495
 10
121.013
 20
185.489
 10
120.922
 20
185.495
 10
120.832
 20
185.513
 10
120.746
 20
185.542
 10
120.663
 20
185.583
 10
120.587
 20
185.634
 10
120.519
 20
185.694
 10
120.458
 20
185.763
 10
120.407
 20
185.839
 10
120.367
 20
185.921
 10
120.337
 20
186.008
 10
120.319
 20
186.098
 10
120.313
 20
186.189
 10
120.319
 20
186.281
 10
120.337
 20
186.37
 10
120.367
 20
186.457
 10
120.407
 20
186.539
 10
120.458
 20
186.615
 10
120.519
 20
186.684
 10
120.587
 20
186.744
 10
120.663
 20
186.795
 10
120.746
 20
186.836
 10
120.832
 20
186.865
 10
120.922
 20
186.883
 10
121.013
 20
186.889
 10
121.105
 20
186.883
 10
121.195
 20
186.865
 10
121.281
 20
186.836
 10
121.363
 20
186.795
 10
121.44
 20
186.744
 10
121.508
 20
186.684
 10
121.569
 20
186.615
 10
121.62
 20
186.539
 10
121.66
 20
186.457
 10
121.69
 20
186.37
 10
121.707
 20
186.281
 97
0
 75
0
 76
1
 98
0
  0
CIRCLE
  5
4C
330
17
100
AcDbEntity
  8
CUT
100
AcDbCircle
 10
166.2
 20
195.0
 30
0.0
 40
35.04
  0
CIRCLE
  5
4D
330
17
100
AcDbEntity
  8
CUT
100
AcDbCircle
 10
166.2
 20
195.0
 30
0.0
 40
1.61
  0
HATCH
  5
4E
330
17
100
AcDbEntity
  8
RASTER
 62
7
100
AcDbHatch
 10
0.0
 20
0.0
 30
0.0
210
0.0
220
0.0
230
1.0
  2
SOLID
 70
1
 71
0
 91
2
 92
3
 72
0
 73
1
 93
48
 10
170.4
 20
195.0
 10
170.364
 20
194.452
 10
170.257
 20
193.913
 10
170.08
 20
193.393
 10
169.837
 20
192.9
 10
169.532
 20
192.443
 10
169.17
 20
192.03
 10
168.757
 20
191.668
 10
168.3
 20
191.363
 10
167.807
 20
191.12
 10
167.287
 20
190.943
 10
166.748
 20
190.836
 10
166.2
 20
190.8
 10
165.652
 20
190.836
 10
165.113
 20
190.943
 10
164.593
 20
191.12
 10
164.1
 20
191.363
 10
163.643
 20
191.668
 10
163.23
 20
192.03
 10
162.868
 20
192.443
 10
162.563
 20
192.9
 10
162.32
 20
193.393
 10
162.143
 20
193.913
 10
162.036
 20
194.452
 10
162.0
 20
195.0
 10
162.036
 20
195.548
 10
162.143
 20
196.087
 10
162.32
 20
196.607
 10
162.563
 20
197.1
 10
162.868
 20
197.557
 10
163.23
 20
197.97
 10
163.643
 20
198.332
 10
164.1
 20
198.637
 10
164.593
 20
198.88
 10
165.113
 20
199.057
 10
165.652
 20
199.164
 10
166.2
 20
199.2
 10
166.748
 20
199.164
 10
167.287
 20
199.057
 10
167.807
 20
198.88
 10
168.3
 20
198.637
 10
168.757
 20
198.332
 10
169.17
 20
197.97
 10
169.532
 20
197.557
 10
169.837
 20
197.1
 10
170.08
 20
196.607
 10
170.257
 20
196.087
 10
170.364
 20
195.548
 97
0
 92
2
 72
0
 73
1
 93
48
 10
169.6
 20
195.0
 10
169.571
 20
194.556
 10
169.484
 20
194.12
 10
169.341
 20
193.699
 10
169.144
 20
193.3
 10
168.897
 20
192.93
 10
168.604
 20
192.596
 10
168.27
 20
192.303
 10
167.9
 20
192.056
 10
167.501
 20
191.859
 10
167.08
 20
191.716
 10
166.644
 20
191.629
 10
166.2
 20
191.6
 10
165.756
 20
191.629
 10
165.32
 20
191.716
 10
164.899
 20
191.859
 10
164.5
 20
192.056
 10
164.13
 20
192.303
 10
163.796
 20
192.596
 10
163.503
 20
192.93
 10
163.256
 20
193.3
 10
163.059
 20
193.699
 10
162.916
 20
194.12
 10
162.829
 20
194.556
 10
162.8
 20
195.0
 10
162.829
 20
195.444
 10
162.916
 20
195.88
 10
163.059
 20
196.301
 10
163.256
 20
196.7
 10
163.503
 20
197.07
 10
163.796
 20
197.404
 10
164.13
 20
197.697
 10
164.5
 20
197.944
 10
164.899
 20
198.141
 10
165.32
 20
198.284
 10
165.756
 20
198.371
 10
166.2
 20
198.4
 10
166.644
 20
198.371
 10
167.08
 20
198.284
 10
167.501
 20
198.141
 10
167.9
 20
197.944
 10
168.27
 20
197.697
 10
168.604
 20
197.404
 10
168.897
 20
197.07
 10
169.144
 20
196.7
 10
169.341
 20
196.301
 10
169.484
 20
195.88
 10
169.571
 20
195.444
 97
0
 75
0
 76
1
 98
0
  0
HATCH
  5
4F
330
17
100
AcDbEntity
  8
RASTER
 62
7
100
AcDbHatch
 10
0.0
 20
0.0
 30
0.0
210
0.0
220
0.0
230
1.0
  2
SOLID
 70
1
 71
0
 91
1
 92
3
 72
0
 73
1
 93
50
 10
172.464
 20
228.418
 10
174.127
 20
228.063
 10
175.77
 20
227.625
 10
177.389
 20
227.106
 10
178.98
 20
226.507
 10
180.539
 20
225.829
 10
182.062
 20
225.073
 10
183.545
 20
224.243
 10
184.985
 20
223.339
 10
186.378
 20
222.365
 10
187.721
 20
221.322
 10
189.01
 20
220.213
 10
190.242
 20
219.042
 10
191.413
 20
217.81
 10
192.522
 20
216.521
 10
193.565
 20
215.178
 10
194.539
 20
213.785
 10
195.443
 20
212.345
 10
196.273
 20
210.862
 10
197.029
 20
209.339
 10
197.707
 20
207.78
 10
198.306
 20
206.189
 10
198.825
 20
204.57
 10
199.263
 20
202.927
 10
199.618
 20
201.264
 10
198.93
 20
201.136
 10
198.582
 20
202.764
 10
198.154
 20
204.373
 10
197.645
 20
205.958
 10
197.058
 20
207.517
 10
196.394
 20
209.043
 10
195.654
 20
210.535
 10
194.841
 20
211.988
 10
193.956
 20
213.398
 10
193.001
 20
214.763
 10
191.98
 20
216.078
 10
190.894
 20
217.34
 10
189.747
 20
218.547
 10
188.54
 20
219.694
 10
187.278
 20
220.78
 10
185.963
 20
221.801
 10
184.598
 20
222.756
 10
183.188
 20
223.641
 10
181.735
 20
224.454
 10
180.243
 20
225.194
 10
178.717
 20
225.858
 10
177.158
 20
226.445
 10
175.573
 20
226.954
 10
173.964
 20
227.382
 10
172.336
 20
227.73
 97
0
 75
0
 76
1
 98
0
  0
HATCH
  5
50
330
17
100
AcDbEntity
  8
RASTER
 62
7
100
AcDbHatch
 10
0.0
 20
0.0
 30
0.0
210
0.0
220
0.0
230
1.0
  2
SOLID
 70
1
 71
0
 91
1
 92
3
 72
0
 73
1
 93
50
 10
172.464
 20
223.725
 10
173.822
 20
223.395
 10
175.164
 20
223.0
 10
176.485
 20
222.542
 10
177.782
 20
222.022
 10
179.054
 20
221.441
 10
180.296
 20
220.8
 10
181.507
 20
220.101
 10
182.683
 20
219.345
 10
183.822
 20
218.534
 10
184.921
 20
217.669
 10
185.977
 20
216.754
 10
186.989
 20
215.789
 10
187.954
 20
214.777
 10
188.869
 20
213.721
 10
189.734
 20
212.622
 10
190.545
 20
211.483
 10
191.301
 20
210.307
 10
192.0
 20
209.096
 10
192.641
 20
207.854
 10
193.222
 20
206.582
 10
193.742
 20
205.285
 10
194.2
 20
203.964
 10
194.595
 20
202.622
 10
194.925
 20
201.264
 10
194.339
 20
201.136
 10
194.015
 20
202.467
 10
193.629
 20
203.781
 10
193.18
 20
205.075
 10
192.671
 20
206.346
 10
192.102
 20
207.592
 10
191.474
 20
208.809
 10
190.789
 20
209.995
 10
190.048
 20
211.147
 10
189.253
 20
212.262
 10
188.407
 20
213.339
 10
187.51
 20
214.374
 10
186.565
 20
215.365
 10
185.574
 20
216.31
 10
184.539
 20
217.207
 10
183.462
 20
218.053
 10
182.347
 20
218.848
 10
181.195
 20
219.589
 10
180.009
 20
220.274
 10
178.792
 20
220.902
 10
177.546
 20
221.471
 10
176.275
 20
221.98
 10
174.981
 20
222.429
 10
173.667
 20
222.815
 10
172.336
 20
223.139
 97
0
 75
0
 76
1
 98
0
  0
HATCH
  5
51
330
17
100
AcDbEntity
  8
RASTER
 62
7
100
AcDbHatch
 10
0.0
 20
0.0
 30
0.0
210
0.0
220
0.0
230
1.0
  2
SOLID
 70
1
 71
0
 91
1
 92
3
 72
0
 73
1
 93
50
 10
199.618
 20
188.736
 10
199.263
 20
187.073
 10
198.825
 20
185.43
 10
198.306
 20
183.811
 10
197.707
 20
182.22
 10
197.029
 20
180.661
 10
196.273
 20
179.138
 10
195.443
 20
177.655
 10
194.539
 20
176.215
 10
193.565
 20
174.822
 10
192.522
 20
173.479
 10
191.413
 20
172.19
 10
190.242
 20
170.958
 10
189.01
 20
169.787
 10
187.721
 20
168.678
 10
186.378
 20
167.635
 10
184.985
 20
166.661
 10
183.545
 20
165.757
 10
182.062
 20
164.927
 10
180.539
 20
164.171
 10
178.98
 20
163.493
 10
177.389
 20
162.894
 10
175.77
 20
162.375
 10
174.127
 20
161.937
 10
172.464
 20
161.582
 10
172.336
 20
162.27
 10
173.964
 20
162.618
 10
175.573
 20
163.046
 10
177.158
 20
163.555
 10
178.717
 20
164.142
 10
180.243
 20
164.806
 10
181.735
 20
165.546
 10
183.188
 20
166.359
 10
184.598
 20
167.244
 10
185.963
 20
168.199
 10
187.278
 20
169.22
 10
188.54
 20
170.306
 10
189.747
 20
171.453
 10
190.894
 20
172.66
 10
191.98
 20
173.922
 10
193.001
 20
175.237
 10
193.956
 20
176.602
 10
194.841
 20
178.012
 10
195.654
 20
179.465
 10
196.394
 20
180.957
 10
197.058
 20
182.483
 10
197.645
 20
184.042
 10
198.154
 20
185.627
 10
198.582
 20
187.236
 10
198.93
 20
188.864
 97
0
 75
0
 76
1
 98
0
  0
HATCH
  5
52
330
17
100
AcDbEntity
  8
RASTER
 62
7
100
AcDbHatch
 10
0.0
 20
0.0
 30
0.0
210
0.0
220
0.0
230
1.0
  2
SOLID
 70
1
 71
0
 91
1
 92
3
 72
0
 73
1
 93
50
 10
194.925
 20
188.736
 10
194.595
 20
187.378
 10
194.2
 20
186.036
 10
193.742
 20
184.715
 10
193.222
 20
183.418
 10
192.641
 20
182.146
 10
192.0
 20
180.904
 10
191.301
 20
179.693
 10
190.545
 20
178.517
 10
189.734
 20
177.378
 10
188.869
 20
176.279
 10
187.954
 20
175.223
 10
186.989
 20
174.211
 10
185.977
 20
173.246
 10
184.921
 20
172.331
 10
183.822
 20
171.466
 10
182.683
 20
170.655
 10
181.507
 20
169.899
 10
180.296
 20
169.2
 10
179.054
 20
168.559
 10
177.782
 20
167.978
 10
176.485
 20
167.458
 10
175.164
 20
167.0
 10
173.822
 20
166.605
 10
172.464
 20
166.275
 10
172.336
 20
166.861
 10
173.667
 20
167.185
 10
174.981
 20
167.571
 10
176.275
 20
168.02
 10
177.546
 20
168.529
 10
178.792
 20
169.098
 10
180.009
 20
169.726
 10
181.195
 20
170.411
 10
182.347
 20
171.152
 10
183.462
 20
171.947
 10
184.539
 20
172.793
 10
185.574
 20
173.69
 10
186.565
 20
174.635
 10
187.51
 20
175.626
 10
188.407
 20
176.661
 10
189.253
 20
177.738
 10
190.048
 20
178.853
 10
190.789
 20
180.005
 10
191.474
 20
181.191
 10
192.102
 20
182.408
 10
192.671
 20
183.654
 10
193.18
 20
184.925
 10
193.629
 20
186.219
 10
194.015
 20
187.533
 10
194.339
 20
188.864
 97
0
 75
0
 76
1
 98
0
  0
HATCH
  5
53
330
17
100
AcDbEntity
  8
RASTER
 62
7
100
AcDbHatch
 10
0.0
 20
0.0
 30
0.0
210
0.0
220
0.0
230
1.0
  2
SOLID
 70
1
 71
0
 91
1
 92
3
 72
0
 73
1
 93
50
 10
159.936
 20
161.582
 10
158.273
 20
161.937
 10
156.63
 20
162.375
 10
155.011
 20
162.894
 10
153.42
 20
163.493
 10
151.861
 20
164.171
 10
150.338
 20
164.927
 10
148.855
 20
165.757
 10
147.415
 20
166.661
 10
146.022
 20
167.635
 10
144.679
 20
168.678
 10
143.39
 20
169.787
 10
142.158
 20
170.958
 10
140.987
 20
172.19
 10
139.878
 20
173.479
 10
138.835
 20
174.822
 10
137.861
 20
176.215
 10
136.957
 20
177.655
 10
136.127
 20
179.138
 10
135.371
 20
180.661
 10
134.693
 20
182.22
 10
134.094
 20
183.811
 10
133.575
 20
185.43
 10
133.137
 20
187.073
 10
132.782
 20
188.736
 10
133.47
 20
188.864
 10
133.818
 20
187.236
 10
134.246
 20
185.627
 10
134.755
 20
184.042
 10
135.342
 20
182.483
 10
136.006
 20
180.957
 10
136.746
 20
179.465
 10
137.559
 20
178.012
 10
138.444
 20
176.602
 10
139.399
 20
175.237
 10
140.42
 20
173.922
 10
141.506
 20
172.66
 10
142.653
 20
171.453
 10
143.86
 20
170.306
 10
145.122
 20
169.22
 10
146.437
 20
168.199
 10
147.802
 20
167.244
 10
149.212
 20
166.359
 10
150.665
 20
165.546
 10
152.157
 20
164.806
 10
153.683
 20
164.142
 10
155.242
 20
163.555
 10
156.827
 20
163.046
 10
158.436
 20
162.618
 10
160.064
 20
162.27
 97
0
 75
0
 76
1
 98
0
  0
HATCH
  5
54
330
17
100
AcDbEntity
  8
RASTER
 62
7
100
AcDbHatch
 10
0.0
 20
0.0
 30
0.0
210
0.0
220
0.0
230
1.0
  2
SOLID
 70
1
 71
0
 91
1
 92
3
 72
0
 73
1
 93
50
 10
159.936
 20
166.275
 10
158.578
 20
166.605
 10
157.236
 20
167.0
 10
155.915
 20
167.458
 10
154.618
 20
167.978
 10
153.346
 20
168.559
 10
152.104
 20
169.2
 10
150.893
 20
169.899
 10
149.717
 20
170.655
 10
148.578
 20
171.466
 10
147.479
 20
172.331
 10
146.423
 20
173.246
 10
145.411
 20
174.211
 10
144.446
 20
175.223
 10
143.531
 20
176.279
 10
142.666
 20
177.378
 10
141.855
 20
178.517
 10
141.099
 20
179.693
 10
140.4
 20
180.904
 10
139.759
 20
182.146
 10
139.178
 20
183.418
 10
138.658
 20
184.715
 10
138.2
 20
186.036
 10
137.805
 20
187.378
 10
137.475
 20
188.736
 10
138.061
 20
188.864
 10
138.385
 20
187.533
 10
138.771
 20
186.219
 10
139.22
 20
184.925
 10
139.729
 20
183.654
 10
140.298
 20
182.408
 10
140.926
 20
181.191
 10
141.611
 20
180.005
 10
142.352
 20
178.853
 10
143.147
 20
177.738
 10
143.993
 20
176.661
 10
144.89
 20
175.626
 10
145.835
 20
174.635
 10
146.826
 20
173.69
 10
147.861
 20
172.793
 10
148.938
 20
171.947
 10
150.053
 20
171.152
 10
151.205
 20
170.411
 10
152.391
 20
169.726
 10
153.608
 20
169.098
 10
154.854
 20
168.529
 10
156.125
 20
168.02
 10
157.419
 20
167.571
 10
158.733
 20
167.185
 10
160.064
 20
166.861
 97
0
 75
0
 76
1
 98
0
  0
HATCH
  5
55
330
17
100
AcDbEntity
  8
RASTER
 62
7
100
AcDbHatch
 10
0.0
 20
0.0
 30
0.0
210
0.0
220
0.0
230
1.0
  2
SOLID
 70
1
 71
0
 91
1
 92
3
 72
0
 73
1
 93
50
 10
132.782
 20
201.264
 10
133.137
 20
202.927
 10
133.575
 20
204.57
 10
134.094
 20
206.189
 10
134.693
 20
207.78
 10
135.371
 20
209.339
 10
136.127
 20
210.862
 10
136.957
 20
212.345
 10
137.861
 20
213.785
 10
138.835
 20
215.178
 10
139.878
 20
216.521
 10
140.987
 20
217.81
 10
142.158
 20
219.042
 10
143.39
 20
220.213
 10
144.679
 20
221.322
 10
146.022
 20
222.365
 10
147.415
 20
223.339
 10
148.855
 20
224.243
 10
150.338
 20
225.073
 10
151.861
 20
225.829
 10
153.42
 20
226.507
 10
155.011
 20
227.106
 10
156.63
 20
227.625
 10
158.273
 20
228.063
 10
159.936
 20
228.418
 10
160.064
 20
227.73
 10
158.436
 20
227.382
 10
156.827
 20
226.954
 10
155.242
 20
226.445
 10
153.683
 20
225.858
 10
152.157
 20
225.194
 10
150.665
 20
224.454
 10
149.212
 20
223.641
 10
147.802
 20
222.756
 10
146.437
 20
221.801
 10
145.122
 20
220.78
 10
143.86
 20
219.694
 10
142.653
 20
218.547
 10
141.506
 20
217.34
 10
140.42
 20
216.078
 10
139.399
 20
214.763
 10
138.444
 20
213.398
 10
137.559
 20
211.988
 10
136.746
 20
210.535
 10
136.006
 20
209.043
 10
135.342
 20
207.517
 10
134.755
 20
205.958
 10
134.246
 20
204.373
 10
133.818
 20
202.764
 10
133.47
 20
201.136
 97
0
 75
0
 76
1
 98
0
  0
HATCH
  5
56
330
17
100
AcDbEntity
  8
RASTER
 62
7
100
AcDbHatch
 10
0.0
 20
0.0
 30
0.0
210
0.0
220
0.0
230
1.0
  2
SOLID
 70
1
 71
0
 91
1
 92
3
 72
0
 73
1
 93
50
 10
137.475
 20
201.264
 10
137.805
 20
202.622
 10
138.2
 20
203.964
 10
138.658
 20
205.285
 10
139.178
 20
206.582
 10
139.759
 20
207.854
 10
140.4
 20
209.096
 10
141.099
 20
210.307
 10
141.855
 20
211.483
 10
142.666
 20
212.622
 10
143.531
 20
213.721
 10
144.446
 20
214.777
 10
145.411
 20
215.789
 10
146.423
 20
216.754
 10
147.479
 20
217.669
 10
148.578
 20
218.534
 10
149.717
 20
219.345
 10
150.893
 20
220.101
 10
152.104
 20
220.8
 10
153.346
 20
221.441
 10
154.618
 20
222.022
 10
155.915
 20
222.542
 10
157.236
 20
223.0
 10
158.578
 20
223.395
 10
159.936
 20
223.725
 10
160.064
 20
223.139
 10
158.733
 20
222.815
 10
157.419
 20
222.429
 10
156.125
 20
221.98
 10
154.854
 20
221.471
 10
153.608
 20
220.902
 10
152.391
 20
220.274
 10
151.205
 20
219.589
 10
150.053
 20
218.848
 10
148.938
 20
218.053
 10
147.861
 20
217.207
 10
146.826
 20
216.31
 10
145.835
 20
215.365
 10
144.89
 20
214.374
 10
143.993
 20
213.339
 10
143.147
 20
212.262
 10
142.352
 20
211.147
 10
141.611
 20
209.995
 10
140.926
 20
208.809
 10
140.298
 20
207.592
 10
139.729
 20
206.346
 10
139.22
 20
205.075
 10
138.771
 20
203.781
 10
138.385
 20
202.467
 10
138.061
 20
201.136
 97
0
 75
0
 76
1
 98
0
  0
HATCH
  5
57
330
17
100
AcDbEntity
  8
RASTER
 62
7
100
AcDbHatch
 10
0.0
 20
0.0
 30
0.0
210
0.0
220
0.0
230
1.0
  2
SOLID
 70
1
 71
0
 91
1
 92
3
 72
0
 73
1
 93
48
 10
196.933
 20
186.899
 10
196.929
 20
186.834
 10
196.916
 20
186.77
 10
196.895
 20
186.708
 10
196.866
 20
186.649
 10
196.83
 20
186.595
 10
196.787
 20
186.545
 10
196.738
 20
186.502
 10
196.683
 20
186.466
 10
196.625
 20
186.437
 10
196.563
 20
186.416
 10
196.499
 20
186.403
 10
196.433
 20
186.399
 10
196.368
 20
186.403
 10
196.304
 20
186.416
 10
196.242
 20
186.437
 10
196.183
 20
186.466
 10
196.129
 20
186.502
 10
196.08
 20
186.545
 10
196.037
 20
186.595
 10
196.0
 20
186.649
 10
195.972
 20
186.708
 10
195.951
 20
186.77
 10
195.938
 20
186.834
 10
195.933
 20
186.899
 10
195.938
 20
186.964
 10
195.951
 20
187.028
 10
195.972
 20
187.09
 10
196.0
 20
187.149
 10
196.037
 20
187.203
 10
196.08
 20
187.253
 10
196.129
 20
187.296
 10
196.183
 20
187.332
 10
196.242
 20
187.361
 10
196.304
 20
187.382
 10
196.368
 20
187.395
 10
196.433
 20
187.399
 10
196.499
 20
187.395
 10
196.563
 20
187.382
 10
196.625
 20
187.361
 10
196.683
 20
187.332
 10
196.738
 20
187.296
 10
196.787
 20
187.253
 10
196.83
 20
187.203
 10
196.866
 20
187.149
 10
196.895
 20
187.09
 10
196.916
 20
187.028
 10
196.929
 20
186.964
 97
0
 75
0
 76
1
 98
0
  0
HATCH
  5
58
330
17
100
AcDbEntity
  8
RASTER
 62
7
100
AcDbHatch
 10
0.0
 20
0.0
 30
0.0
210
0.0
220
0.0
230
1.0
  2
SOLID
 70
1
 71
0
 91
1
 92
3
 72
0
 73
1
 93
48
 10
195.067
 20
181.772
 10
195.063
 20
181.707
 10
195.05
 20
181.643
 10
195.029
 20
181.581
 10
195.0
 20
181.522
 10
194.964
 20
181.468
 10
194.921
 20
181.418
 10
194.872
 20
181.375
 10
194.817
 20
181.339
 10
194.759
 20
181.31
 10
194.697
 20
181.289
 10
194.633
 20
181.276
 10
194.567
 20
181.272
 10
194.502
 20
181.276
 10
194.438
 20
181.289
 10
194.376
 20
181.31
 10
194.317
 20
181.339
 10
194.263
 20
181.375
 10
194.214
 20
181.418
 10
194.171
 20
181.468
 10
194.134
 20
181.522
 10
194.105
 20
181.581
 10
194.084
 20
181.643
 10
194.072
 20
181.707
 10
194.067
 20
181.772
 10
194.072
 20
181.837
 10
194.084
 20
181.901
 10
194.105
 20
181.963
 10
194.134
 20
182.022
 10
194.171
 20
182.076
 10
194.214
 20
182.126
 10
194.263
 20
182.169
 10
194.317
 20
182.205
 10
194.376
 20
182.234
 10
194.438
 20
182.255
 10
194.502
 20
182.268
 10
194.567
 20
182.272
 10
194.633
 20
182.268
 10
194.697
 20
182.255
 10
194.759
 20
182.234
 10
194.817
 20
182.205
 10
194.872
 20
182.169
 10
194.921
 20
182.126
 10
194.964
 20
182.076
 10
195.0
 20
182.022
 10
195.029
 20
181.963
 10
195.05
 20
181.901
 10
195.063
 20
181.837
 97
0
 75
0
 76
1
 98
0
  0
HATCH
  5
59
330
17
100
AcDbEntity
  8
RASTER
 62
7
100
AcDbHatch
 10
0.0
 20
0.0
 30
0.0
210
0.0
220
0.0
230
1.0
  2
SOLID
 70
1
 71
0
 91
1
 92
3
 72
0
 73
1
 93
48
 10
192.339
 20
177.047
 10
192.335
 20
176.982
 10
192.322
 20
176.918
 10
192.301
 20
176.856
 10
192.272
 20
176.797
 10
192.236
 20
176.743
 10
192.193
 20
176.694
 10
192.144
 20
176.65
 10
192.089
 20
176.614
 10
192.031
 20
176.585
 10
191.969
 20
176.564
 10
191.905
 20
176.551
 10
191.839
 20
176.547
 10
191.774
 20
176.551
 10
191.71
 20
176.564
 10
191.648
 20
176.585
 10
191.589
 20
176.614
 10
191.535
 20
176.65
 10
191.486
 20
176.694
 10
191.443
 20
176.743
 10
191.406
 20
176.797
 10
191.378
 20
176.856
 10
191.356
 20
176.918
 10
191.344
 20
176.982
 10
191.339
 20
177.047
 10
191.344
 20
177.112
 10
191.356
 20
177.176
 10
191.378
 20
177.238
 10
191.406
 20
177.297
 10
191.443
 20
177.351
 10
191.486
 20
177.401
 10
191.535
 20
177.444
 10
191.589
 20
177.48
 10
191.648
 20
177.509
 10
191.71
 20
177.53
 10
191.774
 20
177.543
 10
191.839
 20
177.547
 10
191.905
 20
177.543
 10
191.969
 20
177.53
 10
192.031
 20
177.509
 10
192.089
 20
177.48
 10
192.144
 20
177.444
 10
192.193
 20
177.401
 10
192.236
 20
177.351
 10
192.272
 20
177.297
 10
192.301
 20
177.238
 10
192.322
 20
177.176
 10
192.335
 20
177.112
 97
0
 75
0
 76
1
 98
0
  0
HATCH
  5
5A
330
17
100
AcDbEntity
  8
RASTER
 62
7
100
AcDbHatch
 10
0.0
 20
0.0
 30
0.0
210
0.0
220
0.0
230
1.0
  2
SOLID
 70
1
 71
0
 91
1
 92
3
 72
0
 73
1
 93
48
 10
184.653
 20
169.361
 10
184.649
 20
169.295
 10
184.636
 20
169.231
 10
184.615
 20
169.169
 10
184.586
 20
169.111
 10
184.55
 20
169.056
 10
184.506
 20
169.007
 10
184.457
 20
168.964
 10
184.403
 20
168.928
 10
184.344
 20
168.899
 10
184.282
 20
168.878
 10
184.218
 20
168.865
 10
184.153
 20
168.861
 10
184.088
 20
168.865
 10
184.024
 20
168.878
 10
183.962
 20
168.899
 10
183.903
 20
168.928
 10
183.849
 20
168.964
 10
183.799
 20
169.007
 10
183.756
 20
169.056
 10
183.72
 20
169.111
 10
183.691
 20
169.169
 10
183.67
 20
169.231
 10
183.657
 20
169.295
 10
183.653
 20
169.361
 10
183.657
 20
169.426
 10
183.67
 20
169.49
 10
183.691
 20
169.552
 10
183.72
 20
169.611
 10
183.756
 20
169.665
 10
183.799
 20
169.714
 10
183.849
 20
169.757
 10
183.903
 20
169.794
 10
183.962
 20
169.822
 10
184.024
 20
169.844
 10
184.088
 20
169.856
 10
184.153
 20
169.861
 10
184.218
 20
169.856
 10
184.282
 20
169.844
 10
184.344
 20
169.822
 10
184.403
 20
169.794
 10
184.457
 20
169.757
 10
184.506
 20
169.714
 10
184.55
 20
169.665
 10
184.586
 20
169.611
 10
184.615
 20
169.552
 10
184.636
 20
169.49
 10
184.649
 20
169.426
 97
0
 75
0
 76
1
 98
0
  0
HATCH
  5
5B
330
17
100
AcDbEntity
  8
RASTER
 62
7
100
AcDbHatch
 10
0.0
 20
0.0
 30
0.0
210
0.0
220
0.0
230
1.0
  2
SOLID
 70
1
 71
0
 91
1
 92
3
 72
0
 73
1
 93
48
 10
179.928
 20
166.633
 10
179.924
 20
166.567
 10
179.911
 20
166.503
 10
179.89
 20
166.441
 10
179.861
 20
166.383
 10
179.825
 20
166.328
 10
179.782
 20
166.279
 10
179.732
 20
166.236
 10
179.678
 20
166.2
 10
179.619
 20
166.171
 10
179.557
 20
166.15
 10
179.493
 20
166.137
 10
179.428
 20
166.133
 10
179.363
 20
166.137
 10
179.299
 20
166.15
 10
179.237
 20
166.171
 10
179.178
 20
166.2
 10
179.124
 20
166.236
 10
179.074
 20
166.279
 10
179.031
 20
166.328
 10
178.995
 20
166.383
 10
178.966
 20
166.441
 10
178.945
 20
166.503
 10
178.932
 20
166.567
 10
178.928
 20
166.633
 10
178.932
 20
166.698
 10
178.945
 20
166.762
 10
178.966
 20
166.824
 10
178.995
 20
166.883
 10
179.031
 20
166.937
 10
179.074
 20
166.986
 10
179.124
 20
167.029
 10
179.178
 20
167.066
 10
179.237
 20
167.095
 10
179.299
 20
167.116
 10
179.363
 20
167.128
 10
179.428
 20
167.133
 10
179.493
 20
167.128
 10
179.557
 20
167.116
 10
179.619
 20
167.095
 10
179.678
 20
167.066
 10
179.732
 20
167.029
 10
179.782
 20
166.986
 10
179.825
 20
166.937
 10
179.861
 20
166.883
 10
179.89
 20
166.824
 10
179.911
 20
166.762
 10
179.924
 20
166.698
 97
0
 75
0
 76
1
 98
0
  0
HATCH
  5
5C
330
17
100
AcDbEntity
  8
RASTER
 62
7
100
AcDbHatch
 10
0.0
 20
0.0
 30
0.0
210
0.0
220
0.0
230
1.0
  2
SOLID
 70
1
 71
0
 91
1
 92
3
 72
0
 73
1
 93
48
 10
174.801
 20
164.767
 10
174.797
 20
164.701
 10
174.784
 20
164.637
 10
174.763
 20
164.575
 10
174.734
 20
164.517
 10
174.698
 20
164.462
 10
174.655
 20
164.413
 10
174.605
 20
164.37
 10
174.551
 20
164.334
 10
174.492
 20
164.305
 10
174.43
 20
164.284
 10
174.366
 20
164.271
 10
174.301
 20
164.267
 10
174.236
 20
164.271
 10
174.172
 20
164.284
 10
174.11
 20
164.305
 10
174.051
 20
164.334
 10
173.997
 20
164.37
 10
173.947
 20
164.413
 10
173.904
 20
164.462
 10
173.868
 20
164.517
 10
173.839
 20
164.575
 10
173.818
 20
164.637
 10
173.805
 20
164.701
 10
173.801
 20
164.767
 10
173.805
 20
164.832
 10
173.818
 20
164.896
 10
173.839
 20
164.958
 10
173.868
 20
165.017
 10
173.904
 20
165.071
 10
173.947
 20
165.12
 10
173.997
 20
165.163
 10
174.051
 20
165.2
 10
174.11
 20
165.228
 10
174.172
 20
165.249
 10
174.236
 20
165.262
 10
174.301
 20
165.267
 10
174.366
 20
165.262
 10
174.43
 20
165.249
 10
174.492
 20
165.228
 10
174.551
 20
165.2
 10
174.605
 20
165.163
 10
174.655
 20
165.12
 10
174.698
 20
165.071
 10
174.734
 20
165.017
 10
174.763
 20
164.958
 10
174.784
 20
164.896
 10
174.797
 20
164.832
 97
0
 75
0
 76
1
 98
0
  0
HATCH
  5
5D
330
17
100
AcDbEntity
  8
RASTER
 62
7
100
AcDbHatch
 10
0.0
 20
0.0
 30
0.0
210
0.0
220
0.0
230
1.0
  2
SOLID
 70
1
 71
0
 91
1
 92
3
 72
0
 73
1
 93
48
 10
158.599
 20
164.767
 10
158.595
 20
164.701
 10
158.582
 20
164.637
 10
158.561
 20
164.575
 10
158.532
 20
164.517
 10
158.496
 20
164.462
 10
158.453
 20
164.413
 10
158.403
 20
164.37
 10
158.349
 20
164.334
 10
158.29
 20
164.305
 10
158.228
 20
164.284
 10
158.164
 20
164.271
 10
158.099
 20
164.267
 10
158.034
 20
164.271
 10
157.97
 20
164.284
 10
157.908
 20
164.305
 10
157.849
 20
164.334
 10
157.795
 20
164.37
 10
157.745
 20
164.413
 10
157.702
 20
164.462
 10
157.666
 20
164.517
 10
157.637
 20
164.575
 10
157.616
 20
164.637
 10
157.603
 20
164.701
 10
157.599
 20
164.767
 10
157.603
 20
164.832
 10
157.616
 20
164.896
 10
157.637
 20
164.958
 10
157.666
 20
165.017
 10
157.702
 20
165.071
 10
157.745
 20
165.12
 10
157.795
 20
165.163
 10
157.849
 20
165.2
 10
157.908
 20
165.228
 10
157.97
 20
165.249
 10
158.034
 20
165.262
 10
158.099
 20
165.267
 10
158.164
 20
165.262
 10
158.228
 20
165.249
 10
158.29
 20
165.228
 10
158.349
 20
165.2
 10
158.403
 20
165.163
 10
158.453
 20
165.12
 10
158.496
 20
165.071
 10
158.532
 20
165.017
 10
158.561
 20
164.958
 10
158.582
 20
164.896
 10
158.595
 20
164.832
 97
0
 75
0
 76
1
 98
0
  0
HATCH
  5
5E
330
17
100
AcDbEntity
  8
RASTER
 62
7
100
AcDbHatch
 10
0.0
 20
0.0
 30
0.0
210
0.0
220
0.0
230
1.0
  2
SOLID
 70
1
 71
0
 91
1
 92
3
 72
0
 73
1
 93
48
 10
153.472
 20
166.633
 10
153.468
 20
166.567
 10
153.455
 20
166.503
 10
153.434
 20
166.441
 10
153.405
 20
166.383
 10
153.369
 20
166.328
 10
153.326
 20
166.279
 10
153.276
 20
166.236
 10
153.222
 20
166.2
 10
153.163
 20
166.171
 10
153.101
 20
166.15
 10
153.037
 20
166.137
 10
152.972
 20
166.133
 10
152.907
 20
166.137
 10
152.843
 20
166.15
 10
152.781
 20
166.171
 10
152.722
 20
166.2
 10
152.668
 20
166.236
 10
152.618
 20
166.279
 10
152.575
 20
166.328
 10
152.539
 20
166.383
 10
152.51
 20
166.441
 10
152.489
 20
166.503
 10
152.476
 20
166.567
 10
152.472
 20
166.633
 10
152.476
 20
166.698
 10
152.489
 20
166.762
 10
152.51
 20
166.824
 10
152.539
 20
166.883
 10
152.575
 20
166.937
 10
152.618
 20
166.986
 10
152.668
 20
167.029
 10
152.722
 20
167.066
 10
152.781
 20
167.095
 10
152.843
 20
167.116
 10
152.907
 20
167.128
 10
152.972
 20
167.133
 10
153.037
 20
167.128
 10
153.101
 20
167.116
 10
153.163
 20
167.095
 10
153.222
 20
167.066
 10
153.276
 20
167.029
 10
153.326
 20
166.986
 10
153.369
 20
166.937
 10
153.405
 20
166.883
 10
153.434
 20
166.824
 10
153.455
 20
166.762
 10
153.468
 20
166.698
 97
0
 75
0
 76
1
 98
0
  0
HATCH
  5
5F
330
17
100
AcDbEntity
  8
RASTER
 62
7
100
AcDbHatch
 10
0.0
 20
0.0
 30
0.0
210
0.0
220
0.0
230
1.0
  2
SOLID
 70
1
 71
0
 91
1
 92
3
 72
0
 73
1
 93
48
 10
148.747
 20
169.361
 10
148.743
 20
169.295
 10
148.73
 20
169.231
 10
148.709
 20
169.169
 10
148.68
 20
169.111
 10
148.644
 20
169.056
 10
148.601
 20
169.007
 10
148.551
 20
168.964
 10
148.497
 20
168.928
 10
148.438
 20
168.899
 10
148.376
 20
168.878
 10
148.312
 20
168.865
 10
148.247
 20
168.861
 10
148.182
 20
168.865
 10
148.118
 20
168.878
 10
148.056
 20
168.899
 10
147.997
 20
168.928
 10
147.943
 20
168.964
 10
147.894
 20
169.007
 10
147.85
 20
169.056
 10
147.814
 20
169.111
 10
147.785
 20
169.169
 10
147.764
 20
169.231
 10
147.751
 20
169.295
 10
147.747
 20
169.361
 10
147.751
 20
169.426
 10
147.764
 20
169.49
 10
147.785
 20
169.552
 10
147.814
 20
169.611
 10
147.85
 20
169.665
 10
147.894
 20
169.714
 10
147.943
 20
169.757
 10
147.997
 20
169.794
 10
148.056
 20
169.822
 10
148.118
 20
169.844
 10
148.182
 20
169.856
 10
148.247
 20
169.861
 10
148.312
 20
169.856
 10
148.376
 20
169.844
 10
148.438
 20
169.822
 10
148.497
 20
169.794
 10
148.551
 20
169.757
 10
148.601
 20
169.714
 10
148.644
 20
169.665
 10
148.68
 20
169.611
 10
148.709
 20
169.552
 10
148.73
 20
169.49
 10
148.743
 20
169.426
 97
0
 75
0
 76
1
 98
0
  0
HATCH
  5
60
330
17
100
AcDbEntity
  8
RASTER
 62
7
100
AcDbHatch
 10
0.0
 20
0.0
 30
0.0
210
0.0
220
0.0
230
1.0
  2
SOLID
 70
1
 71
0
 91
1
 92
3
 72
0
 73
1
 93
48
 10
141.061
 20
177.047
 10
141.056
 20
176.982
 10
141.044
 20
176.918
 10
141.022
 20
176.856
 10
140.994
 20
176.797
 10
140.957
 20
176.743
 10
140.914
 20
176.694
 10
140.865
 20
176.65
 10
140.811
 20
176.614
 10
140.752
 20
176.585
 10
140.69
 20
176.564
 10
140.626
 20
176.551
 10
140.561
 20
176.547
 10
140.495
 20
176.551
 10
140.431
 20
176.564
 10
140.369
 20
176.585
 10
140.311
 20
176.614
 10
140.256
 20
176.65
 10
140.207
 20
176.694
 10
140.164
 20
176.743
 10
140.128
 20
176.797
 10
140.099
 20
176.856
 10
140.078
 20
176.918
 10
140.065
 20
176.982
 10
140.061
 20
177.047
 10
140.065
 20
177.112
 10
140.078
 20
177.176
 10
140.099
 20
177.238
 10
140.128
 20
177.297
 10
140.164
 20
177.351
 10
140.207
 20
177.401
 10
140.256
 20
177.444
 10
140.311
 20
177.48
 10
140.369
 20
177.509
 10
140.431
 20
177.53
 10
140.495
 20
177.543
 10
140.561
 20
177.547
 10
140.626
 20
177.543
 10
140.69
 20
177.53
 10
140.752
 20
177.509
 10
140.811
 20
177.48
 10
140.865
 20
177.444
 10
140.914
 20
177.401
 10
140.957
 20
177.351
 10
140.994
 20
177.297
 10
141.022
 20
177.238
 10
141.044
 20
177.176
 10
141.056
 20
177.112
 97
0
 75
0
 76
1
 98
0
  0
HATCH
  5
61
330
17
100
AcDbEntity
  8
RASTER
 62
7
100
AcDbHatch
 10
0.0
 20
0.0
 30
0.0
210
0.0
220
0.0
230
1.0
  2
SOLID
 70
1
 71
0
 91
1
 92
3
 72
0
 73
1
 93
48
 10
138.333
 20
181.772
 10
138.328
 20
181.707
 10
138.316
 20
181.643
 10
138.295
 20
181.581
 10
138.266
 20
181.522
 10
138.229
 20
181.468
 10
138.186
 20
181.418
 10
138.137
 20
181.375
 10
138.083
 20
181.339
 10
138.024
 20
181.31
 10
137.962
 20
181.289
 10
137.898
 20
181.276
 10
137.833
 20
181.272
 10
137.767
 20
181.276
 10
137.703
 20
181.289
 10
137.641
 20
181.31
 10
137.583
 20
181.339
 10
137.528
 20
181.375
 10
137.479
 20
181.418
 10
137.436
 20
181.468
 10
137.4
 20
181.522
 10
137.371
 20
181.581
 10
137.35
 20
181.643
 10
137.337
 20
181.707
 10
137.333
 20
181.772
 10
137.337
 20
181.837
 10
137.35
 20
181.901
 10
137.371
 20
181.963
 10
137.4
 20
182.022
 10
137.436
 20
182.076
 10
137.479
 20
182.126
 10
137.528
 20
182.169
 10
137.583
 20
182.205
 10
137.641
 20
182.234
 10
137.703
 20
182.255
 10
137.767
 20
182.268
 10
137.833
 20
182.272
 10
137.898
 20
182.268
 10
137.962
 20
182.255
 10
138.024
 20
182.234
 10
138.083
 20
182.205
 10
138.137
 20
182.169
 10
138.186
 20
182.126
 10
138.229
 20
182.076
 10
138.266
 20
182.022
 10
138.295
 20
181.963
 10
138.316
 20
181.901
 10
138.328
 20
181.837
 97
0
 75
0
 76
1
 98
0
  0
HATCH
  5
62
330
17
100
AcDbEntity
  8
RASTER
 62
7
100
AcDbHatch
 10
0.0
 20
0.0
 30
0.0
210
0.0
220
0.0
230
1.0
  2
SOLID
 70
1
 71
0
 91
1
 92
3
 72
0
 73
1
 93
48
 10
136.467
 20
186.899
 10
136.462
 20
186.834
 10
136.449
 20
186.77
 10
136.428
 20
186.708
 10
136.4
 20
186.649
 10
136.363
 20
186.595
 10
136.32
 20
186.545
 10
136.271
 20
186.502
 10
136.217
 20
186.466
 10
136.158
 20
186.437
 10
136.096
 20
186.416
 10
136.032
 20
186.403
 10
135.967
 20
186.399
 10
135.901
 20
186.403
 10
135.837
 20
186.416
 10
135.775
 20
186.437
 10
135.717
 20
186.466
 10
135.662
 20
186.502
 10
135.613
 20
186.545
 10
135.57
 20
186.595
 10
135.534
 20
186.649
 10
135.505
 20
186.708
 10
135.484
 20
186.77
 10
135.471
 20
186.834
 10
135.467
 20
186.899
 10
135.471
 20
186.964
 10
135.484
 20
187.028
 10
135.505
 20
187.09
 10
135.534
 20
187.149
 10
135.57
 20
187.203
 10
135.613
 20
187.253
 10
135.662
 20
187.296
 10
135.717
 20
187.332
 10
135.775
 20
187.361
 10
135.837
 20
187.382
 10
135.901
 20
187.395
 10
135.967
 20
187.399
 10
136.032
 20
187.395
 10
136.096
 20
187.382
 10
136.158
 20
187.361
 10
136.217
 20
187.332
 10
136.271
 20
187.296
 10
136.32
 20
187.253
 10
136.363
 20
187.203
 10
136.4
 20
187.149
 10
136.428
 20
187.09
 10
136.449
 20
187.028
 10
136.462
 20
186.964
 97
0
 75
0
 76
1
 98
0
  0
HATCH
  5
63
330
17
100
AcDbEntity
  8
RASTER
 62
7
100
AcDbHatch
 10
0.0
 20
0.0
 30
0.0
210
0.0
220
0.0
230
1.0
  2
SOLID
 70
1
 71
0
 91
1
 92
3
 72
0
 73
1
 93
48
 10
136.467
 20
203.101
 10
136.462
 20
203.036
 10
136.449
 20
202.972
 10
136.428
 20
202.91
 10
136.4
 20
202.851
 10
136.363
 20
202.797
 10
136.32
 20
202.747
 10
136.271
 20
202.704
 10
136.217
 20
202.668
 10
136.158
 20
202.639
 10
136.096
 20
202.618
 10
136.032
 20
202.605
 10
135.967
 20
202.601
 10
135.901
 20
202.605
 10
135.837
 20
202.618
 10
135.775
 20
202.639
 10
135.717
 20
202.668
 10
135.662
 20
202.704
 10
135.613
 20
202.747
 10
135.57
 20
202.797
 10
135.534
 20
202.851
 10
135.505
 20
202.91
 10
135.484
 20
202.972
 10
135.471
 20
203.036
 10
135.467
 20
203.101
 10
135.471
 20
203.166
 10
135.484
 20
203.23
 10
135.505
 20
203.292
 10
135.534
 20
203.351
 10
135.57
 20
203.405
 10
135.613
 20
203.455
 10
135.662
 20
203.498
 10
135.717
 20
203.534
 10
135.775
 20
203.563
 10
135.837
 20
203.584
 10
135.901
 20
203.597
 10
135.967
 20
203.601
 10
136.032
 20
203.597
 10
136.096
 20
203.584
 10
136.158
 20
203.563
 10
136.217
 20
203.534
 10
136.271
 20
203.498
 10
136.32
 20
203.455
 10
136.363
 20
203.405
 10
136.4
 20
203.351
 10
136.428
 20
203.292
 10
136.449
 20
203.23
 10
136.462
 20
203.166
 97
0
 75
0
 76
1
 98
0
  0
HATCH
  5
64
330
17
100
AcDbEntity
  8
RASTER
 62
7
100
AcDbHatch
 10
0.0
 20
0.0
 30
0.0
210
0.0
220
0.0
230
1.0
  2
SOLID
 70
1
 71
0
 91
1
 92
3
 72
0
 73
1
 93
48
 10
138.333
 20
208.228
 10
138.328
 20
208.163
 10
138.316
 20
208.099
 10
138.295
 20
208.037
 10
138.266
 20
207.978
 10
138.229
 20
207.924
 10
138.186
 20
207.874
 10
138.137
 20
207.831
 10
138.083
 20
207.795
 10
138.024
 20
207.766
 10
137.962
 20
207.745
 10
137.898
 20
207.732
 10
137.833
 20
207.728
 10
137.767
 20
207.732
 10
137.703
 20
207.745
 10
137.641
 20
207.766
 10
137.583
 20
207.795
 10
137.528
 20
207.831
 10
137.479
 20
207.874
 10
137.436
 20
207.924
 10
137.4
 20
207.978
 10
137.371
 20
208.037
 10
137.35
 20
208.099
 10
137.337
 20
208.163
 10
137.333
 20
208.228
 10
137.337
 20
208.293
 10
137.35
 20
208.357
 10
137.371
 20
208.419
 10
137.4
 20
208.478
 10
137.436
 20
208.532
 10
137.479
 20
208.582
 10
137.528
 20
208.625
 10
137.583
 20
208.661
 10
137.641
 20
208.69
 10
137.703
 20
208.711
 10
137.767
 20
208.724
 10
137.833
 20
208.728
 10
137.898
 20
208.724
 10
137.962
 20
208.711
 10
138.024
 20
208.69
 10
138.083
 20
208.661
 10
138.137
 20
208.625
 10
138.186
 20
208.582
 10
138.229
 20
208.532
 10
138.266
 20
208.478
 10
138.295
 20
208.419
 10
138.316
 20
208.357
 10
138.328
 20
208.293
 97
0
 75
0
 76
1
 98
0
  0
HATCH
  5
65
330
17
100
AcDbEntity
  8
RASTER
 62
7
100
AcDbHatch
 10
0.0
 20
0.0
 30
0.0
210
0.0
220
0.0
230
1.0
  2
SOLID
 70
1
 71
0
 91
1
 92
3
 72
0
 73
1
 93
48
 10
141.061
 20
212.953
 10
141.056
 20
212.888
 10
141.044
 20
212.824
 10
141.022
 20
212.762
 10
140.994
 20
212.703
 10
140.957
 20
212.649
 10
140.914
 20
212.599
 10
140.865
 20
212.556
 10
140.811
 20
212.52
 10
140.752
 20
212.491
 10
140.69
 20
212.47
 10
140.626
 20
212.457
 10
140.561
 20
212.453
 10
140.495
 20
212.457
 10
140.431
 20
212.47
 10
140.369
 20
212.491
 10
140.311
 20
212.52
 10
140.256
 20
212.556
 10
140.207
 20
212.599
 10
140.164
 20
212.649
 10
140.128
 20
212.703
 10
140.099
 20
212.762
 10
140.078
 20
212.824
 10
140.065
 20
212.888
 10
140.061
 20
212.953
 10
140.065
 20
213.018
 10
140.078
 20
213.082
 10
140.099
 20
213.144
 10
140.128
 20
213.203
 10
140.164
 20
213.257
 10
140.207
 20
213.306
 10
140.256
 20
213.35
 10
140.311
 20
213.386
 10
140.369
 20
213.415
 10
140.431
 20
213.436
 10
140.495
 20
213.449
 10
140.561
 20
213.453
 10
140.626
 20
213.449
 10
140.69
 20
213.436
 10
140.752
 20
213.415
 10
140.811
 20
213.386
 10
140.865
 20
213.35
 10
140.914
 20
213.306
 10
140.957
 20
213.257
 10
140.994
 20
213.203
 10
141.022
 20
213.144
 10
141.044
 20
213.082
 10
141.056
 20
213.018
 97
0
 75
0
 76
1
 98
0
  0
HATCH
  5
66
330
17
100
AcDbEntity
  8
RASTER
 62
7
100
AcDbHatch
 10
0.0
 20
0.0
 30
0.0
210
0.0
220
0.0
230
1.0
  2
SOLID
 70
1
 71
0
 91
1
 92
3
 72
0
 73
1
 93
48
 10
148.747
 20
220.639
 10
148.743
 20
220.574
 10
148.73
 20
220.51
 10
148.709
 20
220.448
 10
148.68
 20
220.389
 10
148.644
 20
220.335
 10
148.601
 20
220.286
 10
148.551
 20
220.243
 10
148.497
 20
220.206
 10
148.438
 20
220.178
 10
148.376
 20
220.156
 10
148.312
 20
220.144
 10
148.247
 20
220.139
 10
148.182
 20
220.144
 10
148.118
 20
220.156
 10
148.056
 20
220.178
 10
147.997
 20
220.206
 10
147.943
 20
220.243
 10
147.894
 20
220.286
 10
147.85
 20
220.335
 10
147.814
 20
220.389
 10
147.785
 20
220.448
 10
147.764
 20
220.51
 10
147.751
 20
220.574
 10
147.747
 20
220.639
 10
147.751
 20
220.705
 10
147.764
 20
220.769
 10
147.785
 20
220.831
 10
147.814
 20
220.889
 10
147.85
 20
220.944
 10
147.894
 20
220.993
 10
147.943
 20
221.036
 10
147.997
 20
221.072
 10
148.056
 20
221.101
 10
148.118
 20
221.122
 10
148.182
 20
221.135
 10
148.247
 20
221.139
 10
148.312
 20
221.135
 10
148.376
 20
221.122
 10
148.438
 20
221.101
 10
148.497
 20
221.072
 10
148.551
 20
221.036
 10
148.601
 20
220.993
 10
148.644
 20
220.944
 10
148.68
 20
220.889
 10
148.709
 20
220.831
 10
148.73
 20
220.769
 10
148.743
 20
220.705
 97
0
 75
0
 76
1
 98
0
  0
HATCH
  5
67
330
17
100
AcDbEntity
  8
RASTER
 62
7
100
AcDbHatch
 10
0.0
 20
0.0
 30
0.0
210
0.0
220
0.0
230
1.0
  2
SOLID
 70
1
 71
0
 91
1
 92
3
 72
0
 73
1
 93
48
 10
153.472
 20
223.367
 10
153.468
 20
223.302
 10
153.455
 20
223.238
 10
153.434
 20
223.176
 10
153.405
 20
223.117
 10
153.369
 20
223.063
 10
153.326
 20
223.014
 10
153.276
 20
222.971
 10
153.222
 20
222.934
 10
153.163
 20
222.905
 10
153.101
 20
222.884
 10
153.037
 20
222.872
 10
152.972
 20
222.867
 10
152.907
 20
222.872
 10
152.843
 20
222.884
 10
152.781
 20
222.905
 10
152.722
 20
222.934
 10
152.668
 20
222.971
 10
152.618
 20
223.014
 10
152.575
 20
223.063
 10
152.539
 20
223.117
 10
152.51
 20
223.176
 10
152.489
 20
223.238
 10
152.476
 20
223.302
 10
152.472
 20
223.367
 10
152.476
 20
223.433
 10
152.489
 20
223.497
 10
152.51
 20
223.559
 10
152.539
 20
223.617
 10
152.575
 20
223.672
 10
152.618
 20
223.721
 10
152.668
 20
223.764
 10
152.722
 20
223.8
 10
152.781
 20
223.829
 10
152.843
 20
223.85
 10
152.907
 20
223.863
 10
152.972
 20
223.867
 10
153.037
 20
223.863
 10
153.101
 20
223.85
 10
153.163
 20
223.829
 10
153.222
 20
223.8
 10
153.276
 20
223.764
 10
153.326
 20
223.721
 10
153.369
 20
223.672
 10
153.405
 20
223.617
 10
153.434
 20
223.559
 10
153.455
 20
223.497
 10
153.468
 20
223.433
 97
0
 75
0
 76
1
 98
0
  0
HATCH
  5
68
330
17
100
AcDbEntity
  8
RASTER
 62
7
100
AcDbHatch
 10
0.0
 20
0.0
 30
0.0
210
0.0
220
0.0
230
1.0
  2
SOLID
 70
1
 71
0
 91
1
 92
3
 72
0
 73
1
 93
48
 10
158.599
 20
225.233
 10
158.595
 20
225.168
 10
158.582
 20
225.104
 10
158.561
 20
225.042
 10
158.532
 20
224.983
 10
158.496
 20
224.929
 10
158.453
 20
224.88
 10
158.403
 20
224.837
 10
158.349
 20
224.8
 10
158.29
 20
224.772
 10
158.228
 20
224.751
 10
158.164
 20
224.738
 10
158.099
 20
224.733
 10
158.034
 20
224.738
 10
157.97
 20
224.751
 10
157.908
 20
224.772
 10
157.849
 20
224.8
 10
157.795
 20
224.837
 10
157.745
 20
224.88
 10
157.702
 20
224.929
 10
157.666
 20
224.983
 10
157.637
 20
225.042
 10
157.616
 20
225.104
 10
157.603
 20
225.168
 10
157.599
 20
225.233
 10
157.603
 20
225.299
 10
157.616
 20
225.363
 10
157.637
 20
225.425
 10
157.666
 20
225.483
 10
157.702
 20
225.538
 10
157.745
 20
225.587
 10
157.795
 20
225.63
 10
157.849
 20
225.666
 10
157.908
 20
225.695
 10
157.97
 20
225.716
 10
158.034
 20
225.729
 10
158.099
 20
225.733
 10
158.164
 20
225.729
 10
158.228
 20
225.716
 10
158.29
 20
225.695
 10
158.349
 20
225.666
 10
158.403
 20
225.63
 10
158.453
 20
225.587
 10
158.496
 20
225.538
 10
158.532
 20
225.483
 10
158.561
 20
225.425
 10
158.582
 20
225.363
 10
158.595
 20
225.299
 97
0
 75
0
 76
1
 98
0
  0
HATCH
  5
69
330
17
100
AcDbEntity
  8
RASTER
 62
7
100
AcDbHatch
 10
0.0
 20
0.0
 30
0.0
210
0.0
220
0.0
230
1.0
  2
SOLID
 70
1
 71
0
 91
1
 92
3
 72
0
 73
1
 93
48
 10
174.801
 20
225.233
 10
174.797
 20
225.168
 10
174.784
 20
225.104
 10
174.763
 20
225.042
 10
174.734
 20
224.983
 10
174.698
 20
224.929
 10
174.655
 20
224.88
 10
174.605
 20
224.837
 10
174.551
 20
224.8
 10
174.492
 20
224.772
 10
174.43
 20
224.751
 10
174.366
 20
224.738
 10
174.301
 20
224.733
 10
174.236
 20
224.738
 10
174.172
 20
224.751
 10
174.11
 20
224.772
 10
174.051
 20
224.8
 10
173.997
 20
224.837
 10
173.947
 20
224.88
 10
173.904
 20
224.929
 10
173.868
 20
224.983
 10
173.839
 20
225.042
 10
173.818
 20
225.104
 10
173.805
 20
225.168
 10
173.801
 20
225.233
 10
173.805
 20
225.299
 10
173.818
 20
225.363
 10
173.839
 20
225.425
 10
173.868
 20
225.483
 10
173.904
 20
225.538
 10
173.947
 20
225.587
 10
173.997
 20
225.63
 10
174.051
 20
225.666
 10
174.11
 20
225.695
 10
174.172
 20
225.716
 10
174.236
 20
225.729
 10
174.301
 20
225.733
 10
174.366
 20
225.729
 10
174.43
 20
225.716
 10
174.492
 20
225.695
 10
174.551
 20
225.666
 10
174.605
 20
225.63
 10
174.655
 20
225.587
 10
174.698
 20
225.538
 10
174.734
 20
225.483
 10
174.763
 20
225.425
 10
174.784
 20
225.363
 10
174.797
 20
225.299
 97
0
 75
0
 76
1
 98
0
  0
HATCH
  5
6A
330
17
100
AcDbEntity
  8
RASTER
 62
7
100
AcDbHatch
 10
0.0
 20
0.0
 30
0.0
210
0.0
220
0.0
230
1.0
  2
SOLID
 70
1
 71
0
 91
1
 92
3
 72
0
 73
1
 93
48
 10
179.928
 20
223.367
 10
179.924
 20
223.302
 10
179.911
 20
223.238
 10
179.89
 20
223.176
 10
179.861
 20
223.117
 10
179.825
 20
223.063
 10
179.782
 20
223.014
 10
179.732
 20
222.971
 10
179.678
 20
222.934
 10
179.619
 20
222.905
 10
179.557
 20
222.884
 10
179.493
 20
222.872
 10
179.428
 20
222.867
 10
179.363
 20
222.872
 10
179.299
 20
222.884
 10
179.237
 20
222.905
 10
179.178
 20
222.934
 10
179.124
 20
222.971
 10
179.074
 20
223.014
 10
179.031
 20
223.063
 10
178.995
 20
223.117
 10
178.966
 20
223.176
 10
178.945
 20
223.238
 10
178.932
 20
223.302
 10
178.928
 20
223.367
 10
178.932
 20
223.433
 10
178.945
 20
223.497
 10
178.966
 20
223.559
 10
178.995
 20
223.617
 10
179.031
 20
223.672
 10
179.074
 20
223.721
 10
179.124
 20
223.764
 10
179.178
 20
223.8
 10
179.237
 20
223.829
 10
179.299
 20
223.85
 10
179.363
 20
223.863
 10
179.428
 20
223.867
 10
179.493
 20
223.863
 10
179.557
 20
223.85
 10
179.619
 20
223.829
 10
179.678
 20
223.8
 10
179.732
 20
223.764
 10
179.782
 20
223.721
 10
179.825
 20
223.672
 10
179.861
 20
223.617
 10
179.89
 20
223.559
 10
179.911
 20
223.497
 10
179.924
 20
223.433
 97
0
 75
0
 76
1
 98
0
  0
HATCH
  5
6B
330
17
100
AcDbEntity
  8
RASTER
 62
7
100
AcDbHatch
 10
0.0
 20
0.0
 30
0.0
210
0.0
220
0.0
230
1.0
  2
SOLID
 70
1
 71
0
 91
1
 92
3
 72
0
 73
1
 93
48
 10
184.653
 20
220.639
 10
184.649
 20
220.574
 10
184.636
 20
220.51
 10
184.615
 20
220.448
 10
184.586
 20
220.389
 10
184.55
 20
220.335
 10
184.506
 20
220.286
 10
184.457
 20
220.243
 10
184.403
 20
220.206
 10
184.344
 20
220.178
 10
184.282
 20
220.156
 10
184.218
 20
220.144
 10
184.153
 20
220.139
 10
184.088
 20
220.144
 10
184.024
 20
220.156
 10
183.962
 20
220.178
 10
183.903
 20
220.206
 10
183.849
 20
220.243
 10
183.799
 20
220.286
 10
183.756
 20
220.335
 10
183.72
 20
220.389
 10
183.691
 20
220.448
 10
183.67
 20
220.51
 10
183.657
 20
220.574
 10
183.653
 20
220.639
 10
183.657
 20
220.705
 10
183.67
 20
220.769
 10
183.691
 20
220.831
 10
183.72
 20
220.889
 10
183.756
 20
220.944
 10
183.799
 20
220.993
 10
183.849
 20
221.036
 10
183.903
 20
221.072
 10
183.962
 20
221.101
 10
184.024
 20
221.122
 10
184.088
 20
221.135
 10
184.153
 20
221.139
 10
184.218
 20
221.135
 10
184.282
 20
221.122
 10
184.344
 20
221.101
 10
184.403
 20
221.072
 10
184.457
 20
221.036
 10
184.506
 20
220.993
 10
184.55
 20
220.944
 10
184.586
 20
220.889
 10
184.615
 20
220.831
 10
184.636
 20
220.769
 10
184.649
 20
220.705
 97
0
 75
0
 76
1
 98
0
  0
HATCH
  5
6C
330
17
100
AcDbEntity
  8
RASTER
 62
7
100
AcDbHatch
 10
0.0
 20
0.0
 30
0.0
210
0.0
220
0.0
230
1.0
  2
SOLID
 70
1
 71
0
 91
1
 92
3
 72
0
 73
1
 93
48
 10
192.339
 20
212.953
 10
192.335
 20
212.888
 10
192.322
 20
212.824
 10
192.301
 20
212.762
 10
192.272
 20
212.703
 10
192.236
 20
212.649
 10
192.193
 20
212.599
 10
192.144
 20
212.556
 10
192.089
 20
212.52
 10
192.031
 20
212.491
 10
191.969
 20
212.47
 10
191.905
 20
212.457
 10
191.839
 20
212.453
 10
191.774
 20
212.457
 10
191.71
 20
212.47
 10
191.648
 20
212.491
 10
191.589
 20
212.52
 10
191.535
 20
212.556
 10
191.486
 20
212.599
 10
191.443
 20
212.649
 10
191.406
 20
212.703
 10
191.378
 20
212.762
 10
191.356
 20
212.824
 10
191.344
 20
212.888
 10
191.339
 20
212.953
 10
191.344
 20
213.018
 10
191.356
 20
213.082
 10
191.378
 20
213.144
 10
191.406
 20
213.203
 10
191.443
 20
213.257
 10
191.486
 20
213.306
 10
191.535
 20
213.35
 10
191.589
 20
213.386
 10
191.648
 20
213.415
 10
191.71
 20
213.436
 10
191.774
 20
213.449
 10
191.839
 20
213.453
 10
191.905
 20
213.449
 10
191.969
 20
213.436
 10
192.031
 20
213.415
 10
192.089
 20
213.386
 10
192.144
 20
213.35
 10
192.193
 20
213.306
 10
192.236
 20
213.257
 10
192.272
 20
213.203
 10
192.301
 20
213.144
 10
192.322
 20
213.082
 10
192.335
 20
213.018
 97
0
 75
0
 76
1
 98
0
  0
HATCH
  5
6D
330
17
100
AcDbEntity
  8
RASTER
 62
7
100
AcDbHatch
 10
0.0
 20
0.0
 30
0.0
210
0.0
220
0.0
230
1.0
  2
SOLID
 70
1
 71
0
 91
1
 92
3
 72
0
 73
1
 93
48
 10
195.067
 20
208.228
 10
195.063
 20
208.163
 10
195.05
 20
208.099
 10
195.029
 20
208.037
 10
195.0
 20
207.978
 10
194.964
 20
207.924
 10
194.921
 20
207.874
 10
194.872
 20
207.831
 10
194.817
 20
207.795
 10
194.759
 20
207.766
 10
194.697
 20
207.745
 10
194.633
 20
207.732
 10
194.567
 20
207.728
 10
194.502
 20
207.732
 10
194.438
 20
207.745
 10
194.376
 20
207.766
 10
194.317
 20
207.795
 10
194.263
 20
207.831
 10
194.214
 20
207.874
 10
194.171
 20
207.924
 10
194.134
 20
207.978
 10
194.105
 20
208.037
 10
194.084
 20
208.099
 10
194.072
 20
208.163
 10
194.067
 20
208.228
 10
194.072
 20
208.293
 10
194.084
 20
208.357
 10
194.105
 20
208.419
 10
194.134
 20
208.478
 10
194.171
 20
208.532
 10
194.214
 20
208.582
 10
194.263
 20
208.625
 10
194.317
 20
208.661
 10
194.376
 20
208.69
 10
194.438
 20
208.711
 10
194.502
 20
208.724
 10
194.567
 20
208.728
 10
194.633
 20
208.724
 10
194.697
 20
208.711
 10
194.759
 20
208.69
 10
194.817
 20
208.661
 10
194.872
 20
208.625
 10
194.921
 20
208.582
 10
194.964
 20
208.532
 10
195.0
 20
208.478
 10
195.029
 20
208.419
 10
195.05
 20
208.357
 10
195.063
 20
208.293
 97
0
 75
0
 76
1
 98
0
  0
HATCH
  5
6E
330
17
100
AcDbEntity
  8
RASTER
 62
7
100
AcDbHatch
 10
0.0
 20
0.0
 30
0.0
210
0.0
220
0.0
230
1.0
  2
SOLID
 70
1
 71
0
 91
1
 92
3
 72
0
 73
1
 93
48
 10
196.933
 20
203.101
 10
196.929
 20
203.036
 10
196.916
 20
202.972
 10
196.895
 20
202.91
 10
196.866
 20
202.851
 10
196.83
 20
202.797
 10
196.787
 20
202.747
 10
196.738
 20
202.704
 10
196.683
 20
202.668
 10
196.625
 20
202.639
 10
196.563
 20
202.618
 10
196.499
 20
202.605
 10
196.433
 20
202.601
 10
196.368
 20
202.605
 10
196.304
 20
202.618
 10
196.242
 20
202.639
 10
196.183
 20
202.668
 10
196.129
 20
202.704
 10
196.08
 20
202.747
 10
196.037
 20
202.797
 10
196.0
 20
202.851
 10
195.972
 20
202.91
 10
195.951
 20
202.972
 10
195.938
 20
203.036
 10
195.933
 20
203.101
 10
195.938
 20
203.166
 10
195.951
 20
203.23
 10
195.972
 20
203.292
 10
196.0
 20
203.351
 10
196.037
 20
203.405
 10
196.08
 20
203.455
 10
196.129
 20
203.498
 10
196.183
 20
203.534
 10
196.242
 20
203.563
 10
196.304
 20
203.584
 10
196.368
 20
203.597
 10
196.433
 20
203.601
 10
196.499
 20
203.597
 10
196.563
 20
203.584
 10
196.625
 20
203.563
 10
196.683
 20
203.534
 10
196.738
 20
203.498
 10
196.787
 20
203.455
 10
196.83
 20
203.405
 10
196.866
 20
203.351
 10
196.895
 20
203.292
 10
196.916
 20
203.23
 10
196.929
 20
203.166
 97
0
 75
0
 76
1
 98
0
  0
HATCH
  5
6F
330
17
100
AcDbEntity
  8
RASTER
 62
7
100
AcDbHatch
 10
0.0
 20
0.0
 30
0.0
210
0.0
220
0.0
230
1.0
  2
SOLID
 70
1
 71
0
 91
2
 92
3
 72
0
 73
1
 93
48
 10
171.6
 20
226.4
 10
171.554
 20
225.695
 10
171.416
 20
225.002
 10
171.189
 20
224.334
 10
170.877
 20
223.7
 10
170.484
 20
223.113
 10
170.018
 20
222.582
 10
169.487
 20
222.116
 10
168.9
 20
221.723
 10
168.266
 20
221.411
 10
167.598
 20
221.184
 10
166.905
 20
221.046
 10
166.2
 20
221.0
 10
165.495
 20
221.046
 10
164.802
 20
221.184
 10
164.134
 20
221.411
 10
163.5
 20
221.723
 10
162.913
 20
222.116
 10
162.382
 20
222.582
 10
161.916
 20
223.113
 10
161.523
 20
223.7
 10
161.211
 20
224.334
 10
160.984
 20
225.002
 10
160.846
 20
225.695
 10
160.8
 20
226.4
 10
160.846
 20
227.105
 10
160.984
 20
227.798
 10
161.211
 20
228.466
 10
161.523
 20
229.1
 10
161.916
 20
229.687
 10
162.382
 20
230.218
 10
162.913
 20
230.684
 10
163.5
 20
231.077
 10
164.134
 20
231.389
 10
164.802
 20
231.616
 10
165.495
 20
231.754
 10
166.2
 20
231.8
 10
166.905
 20
231.754
 10
167.598
 20
231.616
 10
168.266
 20
231.389
 10
168.9
 20
231.077
 10
169.487
 20
230.684
 10
170.018
 20
230.218
 10
170.484
 20
229.687
 10
170.877
 20
229.1
 10
171.189
 20
228.466
 10
171.416
 20
227.798
 10
171.554
 20
227.105
 97
0
 92
2
 72
0
 73
1
 93
13
 10
164.266
 20
228.62
 10
164.266
 20
224.23
 10
165.047
 20
224.23
 10
165.047
 20
227.621
 10
165.059
 20
227.621
 10
167.142
 20
224.23
 10
168.134
 20
224.23
 10
168.134
 20
228.62
 10
167.353
 20
228.62
 10
167.353
 20
225.334
 10
167.341
 20
225.334
 10
165.301
 20
228.62
 10
164.266
 20
228.62
 97
0
 75
0
 76
1
 98
0
  0
HATCH
  5
70
330
17
100
AcDbEntity
  8
RASTER
 62
7
100
AcDbHatch
 10
0.0
 20
0.0
 30
0.0
210
0.0
220
0.0
230
1.0
  2
SOLID
 70
1
 71
0
 91
2
 92
3
 72
0
 73
1
 93
48
 10
203.0
 20
195.0
 10
202.954
 20
194.295
 10
202.816
 20
193.602
 10
202.589
 20
192.934
 10
202.277
 20
192.3
 10
201.884
 20
191.713
 10
201.418
 20
191.182
 10
200.887
 20
190.716
 10
200.3
 20
190.323
 10
199.666
 20
190.011
 10
198.998
 20
189.784
 10
198.305
 20
189.646
 10
197.6
 20
189.6
 10
196.895
 20
189.646
 10
196.202
 20
189.784
 10
195.534
 20
190.011
 10
194.9
 20
190.323
 10
194.313
 20
190.716
 10
193.782
 20
191.182
 10
193.316
 20
191.713
 10
192.923
 20
192.3
 10
192.611
 20
192.934
 10
192.384
 20
193.602
 10
192.246
 20
194.295
 10
192.2
 20
195.0
 10
192.246
 20
195.705
 10
192.384
 20
196.398
 10
192.611
 20
197.066
 10
192.923
 20
197.7
 10
193.316
 20
198.287
 10
193.782
 20
198.818
 10
194.313
 20
199.284
 10
194.9
 20
199.677
 10
195.534
 20
199.989
 10
196.202
 20
200.216
 10
196.895
 20
200.354
 10
197.6
 20
200.4
 10
198.305
 20
200.354
 10
198.998
 20
200.216
 10
199.666
 20
199.989
 10
200.3
 20
199.677
 10
200.887
 20
199.284
 10
201.418
 20
198.818
 10
201.884
 20
198.287
 10
202.277
 20
197.7
 10
202.589
 20
197.066
 10
202.816
 20
196.398
 10
202.954
 20
195.705
 97
0
 92
2
 72
0
 73
1
 93
13
 10
196.193
 20
197.22
 10
196.193
 20
192.83
 10
199.212
 20
192.83
 10
199.212
 20
193.524
 10
196.974
 20
193.524
 10
196.974
 20
194.764
 10
198.989
 20
194.764
 10
198.989
 20
195.422
 10
196.974
 20
195.422
 10
196.974
 20
196.538
 10
199.1
 20
196.538
 10
199.1
 20
197.22
 10
196.193
 20
197.22
 97
0
 75
0
 76
1
 98
0
  0
HATCH
  5
71
330
17
100
AcDbEntity
  8
RASTER
 62
7
100
AcDbHatch
 10
0.0
 20
0.0
 30
0.0
210
0.0
220
0.0
230
1.0
  2
SOLID
 70
1
 71
0
 91
2
 92
3
 72
0
 73
1
 93
48
 10
171.6
 20
163.6
 10
171.554
 20
162.895
 10
171.416
 20
162.202
 10
171.189
 20
161.534
 10
170.877
 20
160.9
 10
170.484
 20
160.313
 10
170.018
 20
159.782
 10
169.487
 20
159.316
 10
168.9
 20
158.923
 10
168.266
 20
158.611
 10
167.598
 20
158.384
 10
166.905
 20
158.246
 10
166.2
 20
158.2
 10
165.495
 20
158.246
 10
164.802
 20
158.384
 10
164.134
 20
158.611
 10
163.5
 20
158.923
 10
162.913
 20
159.316
 10
162.382
 20
159.782
 10
161.916
 20
160.313
 10
161.523
 20
160.9
 10
161.211
 20
161.534
 10
160.984
 20
162.202
 10
160.846
 20
162.895
 10
160.8
 20
163.6
 10
160.846
 20
164.305
 10
160.984
 20
164.998
 10
161.211
 20
165.666
 10
161.523
 20
166.3
 10
161.916
 20
166.887
 10
162.382
 20
167.418
 10
162.913
 20
167.884
 10
163.5
 20
168.277
 10
164.134
 20
168.589
 10
164.802
 20
168.816
 10
165.495
 20
168.954
 10
166.2
 20
169.0
 10
166.905
 20
168.954
 10
167.598
 20
168.816
 10
168.266
 20
168.589
 10
168.9
 20
168.277
 10
169.487
 20
167.884
 10
170.018
 20
167.418
 10
170.484
 20
166.887
 10
170.877
 20
166.3
 10
171.189
 20
165.666
 10
171.416
 20
164.998
 10
171.554
 20
164.305
 97
0
 92
2
 72
0
 73
1
 93
323
 10
167.142
 20
164.902
 10
167.651
 20
165.46
 10
167.586
 20
165.517
 10
167.518
 20
165.57
 10
167.448
 20
165.62
 10
167.374
 20
165.666
 10
167.298
 20
165.708
 10
167.219
 20
165.747
 10
167.137
 20
165.782
 10
167.052
 20
165.813
 10
166.967
 20
165.841
 10
166.881
 20
165.865
 10
166.796
 20
165.885
 10
166.711
 20
165.902
 10
166.626
 20
165.915
 10
166.542
 20
165.924
 10
166.457
 20
165.929
 10
166.374
 20
165.931
 10
166.299
 20
165.93
 10
166.225
 20
165.926
 10
166.152
 20
165.92
 10
166.078
 20
165.912
 10
166.005
 20
165.901
 10
165.932
 20
165.888
 10
165.86
 20
165.872
 10
165.788
 20
165.854
 10
165.717
 20
165.833
 10
165.647
 20
165.81
 10
165.58
 20
165.784
 10
165.515
 20
165.756
 10
165.452
 20
165.725
 10
165.39
 20
165.692
 10
165.331
 20
165.656
 10
165.273
 20
165.618
 10
165.218
 20
165.577
 10
165.165
 20
165.534
 10
165.116
 20
165.488
 10
165.069
 20
165.439
 10
165.024
 20
165.388
 10
164.982
 20
165.334
 10
164.944
 20
165.277
 10
164.907
 20
165.218
 10
164.875
 20
165.156
 10
164.846
 20
165.091
 10
164.822
 20
165.024
 10
164.803
 20
164.953
 10
164.787
 20
164.88
 10
164.777
 20
164.803
 10
164.77
 20
164.724
 10
164.768
 20
164.642
 10
164.769
 20
164.566
 10
164.774
 20
164.493
 10
164.782
 20
164.423
 10
164.793
 20
164.357
 10
164.807
 20
164.294
 10
164.824
 20
164.234
 10
164.844
 20
164.177
 10
164.867
 20
164.124
 10
164.893
 20
164.073
 10
164.92
 20
164.024
 10
164.95
 20
163.977
 10
164.981
 20
163.932
 10
165.014
 20
163.89
 10
165.049
 20
163.849
 10
165.086
 20
163.81
 10
165.124
 20
163.774
 10
165.164
 20
163.739
 10
165.206
 20
163.706
 10
165.249
 20
163.674
 10
165.292
 20
163.645
 10
165.338
 20
163.617
 10
165.384
 20
163.591
 10
165.432
 20
163.567
 10
165.481
 20
163.544
 10
165.53
 20
163.523
 10
165.58
 20
163.502
 10
165.63
 20
163.483
 10
165.679
 20
163.464
 10
165.729
 20
163.445
 10
165.778
 20
163.428
 10
165.828
 20
163.411
 10
165.878
 20
163.395
 10
165.928
 20
163.378
 10
165.979
 20
163.362
 10
166.028
 20
163.345
 10
166.078
 20
163.329
 10
166.126
 20
163.313
 10
166.174
 20
163.297
 10
166.221
 20
163.281
 10
166.268
 20
163.265
 10
166.314
 20
163.249
 10
166.358
 20
163.233
 10
166.401
 20
163.216
 10
166.442
 20
163.198
 10
166.481
 20
163.179
 10
166.519
 20
163.16
 10
166.556
 20
163.14
 10
166.591
 20
163.12
 10
166.624
 20
163.098
 10
166.655
 20
163.076
 10
166.685
 20
163.052
 10
166.713
 20
163.028
 10
166.739
 20
163.003
 10
166.764
 20
162.977
 10
166.787
 20
162.949
 10
166.808
 20
162.921
 10
166.826
 20
162.892
 10
166.843
 20
162.86
 10
166.857
 20
162.827
 10
166.868
 20
162.792
 10
166.877
 20
162.755
 10
166.883
 20
162.716
 10
166.887
 20
162.675
 10
166.888
 20
162.633
 10
166.887
 20
162.589
 10
166.884
 20
162.547
 10
166.878
 20
162.506
 10
166.87
 20
162.468
 10
166.86
 20
162.431
 10
166.848
 20
162.396
 10
166.834
 20
162.363
 10
166.817
 20
162.332
 10
166.798
 20
162.303
 10
166.779
 20
162.274
 10
166.757
 20
162.247
 10
166.735
 20
162.221
 10
166.711
 20
162.197
 10
166.686
 20
162.173
 10
166.659
 20
162.151
 10
166.631
 20
162.131
 10
166.602
 20
162.111
 10
166.572
 20
162.093
 10
166.541
 20
162.077
 10
166.509
 20
162.062
 10
166.477
 20
162.048
 10
166.443
 20
162.036
 10
166.409
 20
162.025
 10
166.374
 20
162.016
 10
166.338
 20
162.008
 10
166.303
 20
162.001
 10
166.268
 20
161.995
 10
166.233
 20
161.99
 10
166.198
 20
161.987
 10
166.163
 20
161.984
 10
166.129
 20
161.982
 10
166.095
 20
161.982
 10
166.029
 20
161.984
 10
165.964
 20
161.99
 10
165.898
 20
162.0
 10
165.832
 20
162.014
 10
165.765
 20
162.033
 10
165.699
 20
162.055
 10
165.632
 20
162.081
 10
165.564
 20
162.112
 10
165.499
 20
162.146
 10
165.436
 20
162.183
 10
165.377
 20
162.223
 10
165.322
 20
162.265
 10
165.27
 20
162.311
 10
165.221
 20
162.36
 10
165.176
 20
162.411
 10
165.134
 20
162.465
 10
164.576
 20
161.945
 10
164.643
 20
161.869
 10
164.715
 20
161.799
 10
164.792
 20
161.733
 10
164.873
 20
161.673
 10
164.959
 20
161.616
 10
165.05
 20
161.565
 10
165.145
 20
161.518
 10
165.245
 20
161.477
 10
165.348
 20
161.439
 10
165.451
 20
161.407
 10
165.555
 20
161.38
 10
165.659
 20
161.358
 10
165.764
 20
161.341
 10
165.869
 20
161.328
 10
165.976
 20
161.321
 10
166.082
 20
161.318
 10
166.162
 20
161.32
 10
166.241
 20
161.324
 10
166.32
 20
161.331
 10
166.397
 20
161.34
 10
166.473
 20
161.352
 10
166.548
 20
161.367
 10
166.623
 20
161.385
 10
166.696
 20
161.405
 10
166.768
 20
161.428
 10
166.837
 20
161.454
 10
166.904
 20
161.483
 10
166.969
 20
161.514
 10
167.031
 20
161.548
 10
167.091
 20
161.584
 10
167.149
 20
161.624
 10
167.204
 20
161.666
 10
167.257
 20
161.71
 10
167.307
 20
161.758
 10
167.355
 20
161.808
 10
167.4
 20
161.862
 10
167.442
 20
161.918
 10
167.481
 20
161.977
 10
167.518
 20
162.038
 10
167.552
 20
162.103
 10
167.582
 20
162.17
 10
167.609
 20
162.24
 10
167.631
 20
162.313
 10
167.649
 20
162.389
 10
167.663
 20
162.467
 10
167.674
 20
162.549
 10
167.68
 20
162.633
 10
167.682
 20
162.72
 10
167.68
 20
162.799
 10
167.674
 20
162.874
 10
167.665
 20
162.947
 10
167.652
 20
163.016
 10
167.635
 20
163.081
 10
167.614
 20
163.144
 10
167.589
 20
163.203
 10
167.561
 20
163.259
 10
167.53
 20
163.312
 10
167.496
 20
163.363
 10
167.461
 20
163.411
 10
167.423
 20
163.457
 10
167.383
 20
163.501
 10
167.341
 20
163.543
 10
167.297
 20
163.582
 10
167.251
 20
163.619
 10
167.203
 20
163.653
 10
167.154
 20
163.686
 10
167.104
 20
163.718
 10
167.052
 20
163.747
 10
167.0
 20
163.775
 10
166.946
 20
163.801
 10
166.891
 20
163.825
 10
166.836
 20
163.848
 10
166.779
 20
163.869
 10
166.723
 20
163.89
 10
166.668
 20
163.91
 10
166.613
 20
163.93
 10
166.559
 20
163.949
 10
166.505
 20
163.968
 10
166.451
 20
163.986
 10
166.398
 20
164.003
 10
166.352
 20
164.017
 10
166.307
 20
164.031
 10
166.263
 20
164.045
 10
166.22
 20
164.059
 10
166.178
 20
164.073
 10
166.137
 20
164.087
 10
166.097
 20
164.101
 10
166.057
 20
164.115
 10
166.019
 20
164.129
 10
165.983
 20
164.144
 10
165.948
 20
164.159
 10
165.914
 20
164.175
 10
165.882
 20
164.192
 10
165.851
 20
164.209
 10
165.822
 20
164.226
 10
165.794
 20
164.245
 10
165.768
 20
164.264
 10
165.743
 20
164.284
 10
165.719
 20
164.305
 10
165.697
 20
164.327
 10
165.676
 20
164.35
 10
165.657
 20
164.374
 10
165.64
 20
164.399
 10
165.623
 20
164.425
 10
165.609
 20
164.452
 10
165.596
 20
164.48
 10
165.586
 20
164.51
 10
165.577
 20
164.541
 10
165.57
 20
164.573
 10
165.565
 20
164.607
 10
165.562
 20
164.642
 10
165.561
 20
164.679
 10
165.563
 20
164.718
 10
165.566
 20
164.756
 10
165.571
 20
164.793
 10
165.579
 20
164.828
 10
165.589
 20
164.862
 10
165.602
 20
164.894
 10
165.616
 20
164.925
 10
165.633
 20
164.955
 10
165.651
 20
164.983
 10
165.671
 20
165.009
 10
165.692
 20
165.035
 10
165.714
 20
165.059
 10
165.738
 20
165.081
 10
165.762
 20
165.102
 10
165.788
 20
165.122
 10
165.816
 20
165.141
 10
165.844
 20
165.158
 10
165.873
 20
165.174
 10
165.903
 20
165.189
 10
165.933
 20
165.203
 10
165.965
 20
165.215
 10
165.997
 20
165.227
 10
166.03
 20
165.237
 10
166.064
 20
165.246
 10
166.098
 20
165.254
 10
166.132
 20
165.261
 10
166.166
 20
165.267
 10
166.2
 20
165.272
 10
166.234
 20
165.275
 10
166.268
 20
165.278
 10
166.302
 20
165.28
 10
166.336
 20
165.28
 10
166.394
 20
165.279
 10
166.451
 20
165.273
 10
166.508
 20
165.265
 10
166.565
 20
165.253
 10
166.622
 20
165.238
 10
166.679
 20
165.219
 10
166.735
 20
165.197
 10
166.792
 20
165.172
 10
166.847
 20
165.144
 10
166.899
 20
165.114
 10
166.947
 20
165.083
 10
166.993
 20
165.05
 10
167.035
 20
165.015
 10
167.074
 20
164.979
 10
167.11
 20
164.941
 10
167.142
 20
164.902
 97
0
 75
0
 76
1
 98
0
  0
HATCH
  5
72
330
17
100
AcDbEntity
  8
RASTER
 62
7
100
AcDbHatch
 10
0.0
 20
0.0
 30
0.0
210
0.0
220
0.0
230
1.0
  2
SOLID
 70
1
 71
0
 91
2
 92
3
 72
0
 73
1
 93
48
 10
140.2
 20
195.0
 10
140.154
 20
194.295
 10
140.016
 20
193.602
 10
139.789
 20
192.934
 10
139.477
 20
192.3
 10
139.084
 20
191.713
 10
138.618
 20
191.182
 10
138.087
 20
190.716
 10
137.5
 20
190.323
 10
136.866
 20
190.011
 10
136.198
 20
189.784
 10
135.505
 20
189.646
 10
134.8
 20
189.6
 10
134.095
 20
189.646
 10
133.402
 20
189.784
 10
132.734
 20
190.011
 10
132.1
 20
190.323
 10
131.513
 20
190.716
 10
130.982
 20
191.182
 10
130.516
 20
191.713
 10
130.123
 20
192.3
 10
129.811
 20
192.934
 10
129.584
 20
193.602
 10
129.446
 20
194.295
 10
129.4
 20
195.0
 10
129.446
 20
195.705
 10
129.584
 20
196.398
 10
129.811
 20
197.066
 10
130.123
 20
197.7
 10
130.516
 20
198.287
 10
130.982
 20
198.818
 10
131.513
 20
199.284
 10
132.1
 20
199.677
 10
132.734
 20
199.989
 10
133.402
 20
200.216
 10
134.095
 20
200.354
 10
134.8
 20
200.4
 10
135.505
 20
200.354
 10
136.198
 20
200.216
 10
136.866
 20
199.989
 10
137.5
 20
199.677
 10
138.087
 20
199.284
 10
138.618
 20
198.818
 10
139.084
 20
198.287
 10
139.477
 20
197.7
 10
139.789
 20
197.066
 10
140.016
 20
196.398
 10
140.154
 20
195.705
 97
0
 92
2
 72
0
 73
1
 93
17
 10
131.725
 20
197.22
 10
133.008
 20
192.83
 10
133.765
 20
192.83
 10
134.794
 20
196.122
 10
134.806
 20
196.122
 10
135.835
 20
192.83
 10
136.592
 20
192.83
 10
137.875
 20
197.22
 10
137.044
 20
197.22
 10
136.176
 20
193.996
 10
136.164
 20
193.996
 10
135.215
 20
197.22
 10
134.409
 20
197.22
 10
133.442
 20
193.996
 10
133.43
 20
193.996
 10
132.58
 20
197.22
 10
131.725
 20
197.22
 97
0
 75
0
 76
1
 98
0
  0
HATCH
  5
73
330
17
100
AcDbEntity
  8
RASTER
 62
7
100
AcDbHatch
 10
0.0
 20
0.0
 30
0.0
210
0.0
220
0.0
230
1.0
  2
SOLID
 70
1
 71
0
 91
9
 92
3
 72
0
 73
1
 93
50
 10
192.736
 20
175.721
 10
192.481
 20
175.375
 10
192.222
 20
175.033
 10
191.958
 20
174.694
 10
191.69
 20
174.358
 10
191.418
 20
174.026
 10
191.141
 20
173.698
 10
190.86
 20
173.373
 10
190.575
 20
173.053
 10
190.286
 20
172.735
 10
189.992
 20
172.422
 10
189.695
 20
172.112
 10
189.393
 20
171.807
 10
189.088
 20
171.505
 10
188.778
 20
171.208
 10
188.465
 20
170.914
 10
188.147
 20
170.625
 10
187.827
 20
170.34
 10
187.502
 20
170.059
 10
187.174
 20
169.782
 10
186.842
 20
169.51
 10
186.506
 20
169.242
 10
186.167
 20
168.978
 10
185.825
 20
168.719
 10
185.479
 20
168.464
 10
169.256
 20
190.793
 10
169.311
 20
190.833
 10
169.366
 20
190.875
 10
169.419
 20
190.916
 10
169.472
 20
190.959
 10
169.525
 20
191.002
 10
169.577
 20
191.046
 10
169.629
 20
191.09
 10
169.679
 20
191.136
 10
169.73
 20
191.182
 10
169.779
 20
191.228
 10
169.829
 20
191.275
 10
169.877
 20
191.323
 10
169.925
 20
191.371
 10
169.972
 20
191.421
 10
170.018
 20
191.47
 10
170.064
 20
191.521
 10
170.11
 20
191.571
 10
170.154
 20
191.623
 10
170.198
 20
191.675
 10
170.241
 20
191.728
 10
170.284
 20
191.781
 10
170.325
 20
191.834
 10
170.367
 20
191.889
 10
170.407
 20
191.944
 97
0
 92
2
 72
0
 73
1
 93
56
 10
184.666
 20
176.456
 10
184.855
 20
176.881
 10
184.927
 20
177.433
 10
185.116
 20
177.593
 10
185.263
 20
177.784
 10
185.356
 20
178.018
 10
185.377
 20
178.156
 10
185.354
 20
178.464
 10
185.167
 20
178.889
 10
185.303
 20
179.282
 10
185.312
 20
179.696
 10
185.241
 20
179.941
 10
185.074
 20
180.228
 10
184.787
 20
180.514
 10
184.553
 20
180.655
 10
184.234
 20
180.75
 10
183.735
 20
180.725
 10
183.427
 20
180.602
 10
183.214
 20
180.451
 10
182.247
 20
179.507
 10
182.148
 20
179.59
 10
181.727
 20
180.321
 10
181.674
 20
180.336
 10
181.635
 20
180.302
 10
181.495
 20
179.919
 10
181.387
 20
179.828
 10
181.319
 20
179.898
 10
181.136
 20
180.376
 10
181.06
 20
180.412
 10
181.038
 20
180.366
 10
181.149
 20
178.751
 10
181.196
 20
178.693
 10
181.257
 20
178.708
 10
181.425
 20
179.048
 10
181.536
 20
179.191
 10
181.608
 20
179.165
 10
181.667
 20
178.984
 10
181.631
 20
178.91
 10
180.909
 20
178.209
 10
180.69
 20
177.922
 10
180.513
 20
177.508
 10
180.482
 20
177.104
 10
180.513
 20
176.849
 10
180.639
 20
176.53
 10
180.856
 20
176.243
 10
181.164
 20
176.018
 10
181.642
 20
175.878
 10
182.077
 20
175.905
 10
182.513
 20
176.071
 10
182.736
 20
175.931
 10
183.034
 20
175.816
 10
183.342
 20
175.778
 10
183.65
 20
175.786
 10
183.969
 20
175.878
 10
184.245
 20
176.024
 10
184.666
 20
176.456
 97
0
 92
2
 72
0
 73
1
 93
323
 10
184.88
 20
172.555
 10
184.869
 20
172.798
 10
184.841
 20
172.796
 10
184.814
 20
172.793
 10
184.786
 20
172.788
 10
184.759
 20
172.782
 10
184.732
 20
172.774
 10
184.705
 20
172.765
 10
184.678
 20
172.755
 10
184.652
 20
172.742
 10
184.626
 20
172.729
 10
184.601
 20
172.715
 10
184.577
 20
172.7
 10
184.554
 20
172.685
 10
184.532
 20
172.668
 10
184.51
 20
172.651
 10
184.49
 20
172.633
 10
184.47
 20
172.614
 10
184.454
 20
172.597
 10
184.438
 20
172.58
 10
184.422
 20
172.561
 10
184.407
 20
172.543
 10
184.393
 20
172.523
 10
184.38
 20
172.504
 10
184.367
 20
172.484
 10
184.354
 20
172.463
 10
184.343
 20
172.442
 10
184.332
 20
172.421
 10
184.323
 20
172.4
 10
184.314
 20
172.379
 10
184.307
 20
172.357
 10
184.3
 20
172.336
 10
184.295
 20
172.314
 10
184.291
 20
172.292
 10
184.287
 20
172.27
 10
184.285
 20
172.248
 10
184.284
 20
172.226
 10
184.285
 20
172.204
 10
184.286
 20
172.183
 10
184.289
 20
172.161
 10
184.293
 20
172.139
 10
184.298
 20
172.117
 10
184.305
 20
172.096
 10
184.313
 20
172.074
 10
184.323
 20
172.054
 10
184.335
 20
172.033
 10
184.348
 20
172.013
 10
184.363
 20
171.993
 10
184.38
 20
171.973
 10
184.398
 20
171.954
 10
184.416
 20
171.937
 10
184.433
 20
171.921
 10
184.451
 20
171.907
 10
184.469
 20
171.895
 10
184.486
 20
171.884
 10
184.504
 20
171.874
 10
184.521
 20
171.865
 10
184.539
 20
171.859
 10
184.556
 20
171.853
 10
184.574
 20
171.848
 10
184.591
 20
171.844
 10
184.608
 20
171.841
 10
184.626
 20
171.839
 10
184.643
 20
171.837
 10
184.66
 20
171.837
 10
184.677
 20
171.837
 10
184.694
 20
171.839
 10
184.711
 20
171.84
 10
184.728
 20
171.843
 10
184.745
 20
171.846
 10
184.762
 20
171.85
 10
184.778
 20
171.855
 10
184.795
 20
171.86
 10
184.811
 20
171.866
 10
184.827
 20
171.873
 10
184.843
 20
171.879
 10
184.859
 20
171.886
 10
184.875
 20
171.893
 10
184.89
 20
171.9
 10
184.905
 20
171.908
 10
184.921
 20
171.915
 10
184.936
 20
171.923
 10
184.951
 20
171.931
 10
184.966
 20
171.938
 10
184.981
 20
171.946
 10
184.996
 20
171.953
 10
185.011
 20
171.961
 10
185.026
 20
171.968
 10
185.04
 20
171.975
 10
185.054
 20
171.982
 10
185.068
 20
171.989
 10
185.082
 20
171.995
 10
185.096
 20
172.001
 10
185.109
 20
172.006
 10
185.123
 20
172.011
 10
185.136
 20
172.016
 10
185.148
 20
172.019
 10
185.161
 20
172.023
 10
185.174
 20
172.025
 10
185.186
 20
172.027
 10
185.198
 20
172.029
 10
185.21
 20
172.03
 10
185.222
 20
172.03
 10
185.233
 20
172.029
 10
185.245
 20
172.028
 10
185.256
 20
172.027
 10
185.267
 20
172.024
 10
185.278
 20
172.021
 10
185.289
 20
172.016
 10
185.299
 20
172.011
 10
185.31
 20
172.005
 10
185.32
 20
171.997
 10
185.33
 20
171.989
 10
185.34
 20
171.979
 10
185.35
 20
171.969
 10
185.359
 20
171.959
 10
185.367
 20
171.948
 10
185.374
 20
171.938
 10
185.38
 20
171.927
 10
185.385
 20
171.916
 10
185.389
 20
171.905
 10
185.392
 20
171.895
 10
185.395
 20
171.884
 10
185.397
 20
171.873
 10
185.398
 20
171.862
 10
185.399
 20
171.851
 10
185.399
 20
171.84
 10
185.399
 20
171.828
 10
185.397
 20
171.817
 10
185.396
 20
171.806
 10
185.394
 20
171.795
 10
185.391
 20
171.784
 10
185.388
 20
171.773
 10
185.384
 20
171.763
 10
185.379
 20
171.752
 10
185.375
 20
171.742
 10
185.369
 20
171.731
 10
185.363
 20
171.721
 10
185.357
 20
171.711
 10
185.351
 20
171.702
 10
185.344
 20
171.692
 10
185.337
 20
171.683
 10
185.33
 20
171.675
 10
185.323
 20
171.666
 10
185.315
 20
171.658
 10
185.307
 20
171.65
 10
185.292
 20
171.636
 10
185.276
 20
171.622
 10
185.258
 20
171.609
 10
185.24
 20
171.597
 10
185.221
 20
171.586
 10
185.2
 20
171.576
 10
185.179
 20
171.567
 10
185.157
 20
171.559
 10
185.134
 20
171.551
 10
185.111
 20
171.546
 10
185.089
 20
171.541
 10
185.066
 20
171.538
 10
185.044
 20
171.537
 10
185.022
 20
171.537
 10
185.0
 20
171.538
 10
184.978
 20
171.541
 10
184.969
 20
171.295
 10
185.002
 20
171.293
 10
185.034
 20
171.294
 10
185.067
 20
171.296
 10
185.099
 20
171.301
 10
185.132
 20
171.308
 10
185.164
 20
171.317
 10
185.197
 20
171.328
 10
185.229
 20
171.341
 10
185.261
 20
171.356
 10
185.292
 20
171.372
 10
185.322
 20
171.39
 10
185.35
 20
171.408
 10
185.378
 20
171.428
 10
185.405
 20
171.449
 10
185.431
 20
171.472
 10
185.456
 20
171.496
 10
185.474
 20
171.514
 10
185.491
 20
171.533
 10
185.507
 20
171.553
 10
185.523
 20
171.572
 10
185.537
 20
171.593
 10
185.551
 20
171.613
 10
185.564
 20
171.634
 10
185.576
 20
171.656
 10
185.587
 20
171.677
 10
185.597
 20
171.699
 10
185.606
 20
171.721
 10
185.614
 20
171.743
 10
185.62
 20
171.765
 10
185.625
 20
171.787
 10
185.63
 20
171.809
 10
185.633
 20
171.831
 10
185.635
 20
171.853
 10
185.635
 20
171.876
 10
185.634
 20
171.898
 10
185.633
 20
171.92
 10
185.629
 20
171.943
 10
185.625
 20
171.965
 10
185.619
 20
171.987
 10
185.612
 20
172.01
 10
185.604
 20
172.032
 10
185.594
 20
172.054
 10
185.582
 20
172.076
 10
185.569
 20
172.097
 10
185.555
 20
172.118
 10
185.538
 20
172.139
 10
185.521
 20
172.16
 10
185.501
 20
172.18
 10
185.483
 20
172.198
 10
185.464
 20
172.214
 10
185.446
 20
172.228
 10
185.427
 20
172.241
 10
185.408
 20
172.252
 10
185.389
 20
172.262
 10
185.37
 20
172.269
 10
185.351
 20
172.276
 10
185.331
 20
172.281
 10
185.312
 20
172.285
 10
185.293
 20
172.288
 10
185.274
 20
172.289
 10
185.255
 20
172.29
 10
185.236
 20
172.29
 10
185.217
 20
172.289
 10
185.198
 20
172.287
 10
185.179
 20
172.284
 10
185.16
 20
172.28
 10
185.142
 20
172.276
 10
185.123
 20
172.271
 10
185.105
 20
172.265
 10
185.087
 20
172.259
 10
185.069
 20
172.252
 10
185.051
 20
172.245
 10
185.033
 20
172.237
 10
185.016
 20
172.229
 10
184.998
 20
172.221
 10
184.981
 20
172.213
 10
184.965
 20
172.205
 10
184.948
 20
172.196
 10
184.932
 20
172.188
 10
184.916
 20
172.18
 10
184.902
 20
172.173
 10
184.889
 20
172.166
 10
184.875
 20
172.159
 10
184.862
 20
172.152
 10
184.85
 20
172.146
 10
184.837
 20
172.14
 10
184.825
 20
172.134
 10
184.812
 20
172.128
 10
184.801
 20
172.122
 10
184.789
 20
172.118
 10
184.777
 20
172.113
 10
184.766
 20
172.109
 10
184.755
 20
172.105
 10
184.744
 20
172.102
 10
184.733
 20
172.1
 10
184.723
 20
172.098
 10
184.712
 20
172.096
 10
184.702
 20
172.095
 10
184.692
 20
172.094
 10
184.682
 20
172.094
 10
184.672
 20
172.095
 10
184.662
 20
172.096
 10
184.652
 20
172.097
 10
184.643
 20
172.1
 10
184.633
 20
172.102
 10
184.624
 20
172.106
 10
184.615
 20
172.11
 10
184.606
 20
172.116
 10
184.597
 20
172.121
 10
184.588
 20
172.128
 10
184.579
 20
172.135
 10
184.571
 20
172.143
 10
184.562
 20
172.153
 10
184.554
 20
172.162
 10
184.547
 20
172.172
 10
184.541
 20
172.182
 10
184.535
 20
172.192
 10
184.531
 20
172.202
 10
184.527
 20
172.212
 10
184.524
 20
172.223
 10
184.522
 20
172.233
 10
184.52
 20
172.244
 10
184.519
 20
172.254
 10
184.519
 20
172.265
 10
184.519
 20
172.275
 10
184.52
 20
172.286
 10
184.521
 20
172.296
 10
184.523
 20
172.307
 10
184.526
 20
172.317
 10
184.529
 20
172.328
 10
184.532
 20
172.338
 10
184.536
 20
172.348
 10
184.54
 20
172.358
 10
184.545
 20
172.368
 10
184.55
 20
172.378
 10
184.556
 20
172.387
 10
184.562
 20
172.397
 10
184.568
 20
172.406
 10
184.574
 20
172.416
 10
184.581
 20
172.424
 10
184.588
 20
172.433
 10
184.595
 20
172.441
 10
184.603
 20
172.45
 10
184.61
 20
172.457
 10
184.624
 20
172.47
 10
184.638
 20
172.482
 10
184.653
 20
172.493
 10
184.669
 20
172.503
 10
184.685
 20
172.513
 10
184.702
 20
172.522
 10
184.72
 20
172.53
 10
184.739
 20
172.537
 10
184.758
 20
172.543
 10
184.776
 20
172.548
 10
184.795
 20
172.552
 10
184.812
 20
172.555
 10
184.83
 20
172.556
 10
184.847
 20
172.557
 10
184.864
 20
172.557
 10
184.88
 20
172.555
 97
0
 92
2
 72
0
 73
1
 93
9
 10
185.33
 20
173.112
 10
186.176
 20
172.267
 10
186.354
 20
172.445
 10
185.508
 20
173.29
 10
185.815
 20
173.597
 10
185.66
 20
173.753
 10
184.868
 20
172.961
 10
185.023
 20
172.805
 10
185.33
 20
173.112
 97
0
 92
2
 72
0
 73
1
 93
129
 10
186.225
 20
173.323
 10
186.255
 20
173.295
 10
186.285
 20
173.268
 10
186.316
 20
173.243
 10
186.348
 20
173.221
 10
186.38
 20
173.2
 10
186.412
 20
173.181
 10
186.446
 20
173.164
 10
186.48
 20
173.149
 10
186.514
 20
173.136
 10
186.549
 20
173.124
 10
186.583
 20
173.115
 10
186.618
 20
173.107
 10
186.653
 20
173.101
 10
186.688
 20
173.097
 10
186.723
 20
173.094
 10
186.758
 20
173.094
 10
186.794
 20
173.095
 10
186.829
 20
173.098
 10
186.864
 20
173.103
 10
186.899
 20
173.11
 10
186.934
 20
173.118
 10
186.968
 20
173.129
 10
187.003
 20
173.141
 10
187.037
 20
173.155
 10
187.071
 20
173.17
 10
187.104
 20
173.188
 10
187.137
 20
173.207
 10
187.169
 20
173.228
 10
187.2
 20
173.251
 10
187.231
 20
173.276
 10
187.261
 20
173.302
 10
187.29
 20
173.33
 10
187.319
 20
173.36
 10
187.345
 20
173.39
 10
187.37
 20
173.421
 10
187.393
 20
173.453
 10
187.415
 20
173.485
 10
187.434
 20
173.518
 10
187.452
 20
173.551
 10
187.468
 20
173.585
 10
187.482
 20
173.62
 10
187.494
 20
173.654
 10
187.505
 20
173.689
 10
187.513
 20
173.724
 10
187.52
 20
173.759
 10
187.525
 20
173.794
 10
187.528
 20
173.83
 10
187.53
 20
173.865
 10
187.529
 20
173.901
 10
187.527
 20
173.936
 10
187.523
 20
173.971
 10
187.517
 20
174.006
 10
187.51
 20
174.041
 10
187.5
 20
174.076
 10
187.489
 20
174.11
 10
187.475
 20
174.145
 10
187.46
 20
174.179
 10
187.443
 20
174.212
 10
187.424
 20
174.245
 10
187.404
 20
174.277
 10
187.381
 20
174.308
 10
187.356
 20
174.339
 10
187.33
 20
174.369
 10
187.301
 20
174.399
 10
187.271
 20
174.428
 10
187.24
 20
174.455
 10
187.209
 20
174.48
 10
187.177
 20
174.503
 10
187.145
 20
174.525
 10
187.112
 20
174.544
 10
187.078
 20
174.561
 10
187.044
 20
174.576
 10
187.01
 20
174.589
 10
186.975
 20
174.6
 10
186.941
 20
174.61
 10
186.906
 20
174.617
 10
186.872
 20
174.623
 10
186.837
 20
174.627
 10
186.802
 20
174.628
 10
186.767
 20
174.628
 10
186.732
 20
174.626
 10
186.697
 20
174.623
 10
186.662
 20
174.617
 10
186.628
 20
174.61
 10
186.594
 20
174.6
 10
186.559
 20
174.589
 10
186.525
 20
174.576
 10
186.491
 20
174.562
 10
186.457
 20
174.545
 10
186.424
 20
174.527
 10
186.392
 20
174.507
 10
186.36
 20
174.486
 10
186.329
 20
174.462
 10
186.298
 20
174.437
 10
186.268
 20
174.411
 10
186.238
 20
174.382
 10
186.21
 20
174.353
 10
186.183
 20
174.323
 10
186.159
 20
174.293
 10
186.136
 20
174.261
 10
186.114
 20
174.23
 10
186.095
 20
174.197
 10
186.077
 20
174.165
 10
186.061
 20
174.131
 10
186.046
 20
174.097
 10
186.033
 20
174.063
 10
186.023
 20
174.029
 10
186.013
 20
173.995
 10
186.006
 20
173.961
 10
186.001
 20
173.926
 10
185.997
 20
173.892
 10
185.995
 20
173.857
 10
185.996
 20
173.822
 10
185.997
 20
173.787
 10
186.001
 20
173.753
 10
186.007
 20
173.718
 10
186.015
 20
173.684
 10
186.024
 20
173.649
 10
186.035
 20
173.615
 10
186.048
 20
173.58
 10
186.064
 20
173.546
 10
186.081
 20
173.513
 10
186.1
 20
173.48
 10
186.121
 20
173.447
 10
186.144
 20
173.415
 10
186.169
 20
173.384
 10
186.196
 20
173.353
 10
186.225
 20
173.323
 97
0
 92
2
 72
0
 73
1
 93
129
 10
186.419
 20
173.517
 10
186.4
 20
173.536
 10
186.382
 20
173.556
 10
186.366
 20
173.577
 10
186.35
 20
173.598
 10
186.336
 20
173.619
 10
186.323
 20
173.641
 10
186.311
 20
173.663
 10
186.3
 20
173.686
 10
186.29
 20
173.709
 10
186.281
 20
173.732
 10
186.273
 20
173.755
 10
186.267
 20
173.778
 10
186.262
 20
173.801
 10
186.258
 20
173.824
 10
186.255
 20
173.848
 10
186.254
 20
173.872
 10
186.253
 20
173.895
 10
186.254
 20
173.919
 10
186.256
 20
173.942
 10
186.259
 20
173.966
 10
186.263
 20
173.989
 10
186.269
 20
174.012
 10
186.276
 20
174.035
 10
186.284
 20
174.058
 10
186.293
 20
174.08
 10
186.304
 20
174.102
 10
186.316
 20
174.124
 10
186.329
 20
174.145
 10
186.344
 20
174.166
 10
186.36
 20
174.187
 10
186.378
 20
174.207
 10
186.396
 20
174.227
 10
186.416
 20
174.245
 10
186.436
 20
174.263
 10
186.457
 20
174.279
 10
186.478
 20
174.294
 10
186.499
 20
174.307
 10
186.521
 20
174.319
 10
186.543
 20
174.33
 10
186.566
 20
174.34
 10
186.589
 20
174.348
 10
186.612
 20
174.355
 10
186.635
 20
174.361
 10
186.659
 20
174.365
 10
186.682
 20
174.368
 10
186.706
 20
174.371
 10
186.729
 20
174.371
 10
186.753
 20
174.371
 10
186.776
 20
174.369
 10
186.8
 20
174.366
 10
186.823
 20
174.362
 10
186.847
 20
174.357
 10
186.87
 20
174.351
 10
186.893
 20
174.343
 10
186.916
 20
174.335
 10
186.939
 20
174.325
 10
186.961
 20
174.314
 10
186.984
 20
174.302
 10
187.005
 20
174.289
 10
187.027
 20
174.274
 10
187.048
 20
174.259
 10
187.068
 20
174.242
 10
187.088
 20
174.224
 10
187.108
 20
174.205
 10
187.127
 20
174.185
 10
187.146
 20
174.164
 10
187.163
 20
174.143
 10
187.179
 20
174.122
 10
187.194
 20
174.1
 10
187.207
 20
174.078
 10
187.22
 20
174.056
 10
187.231
 20
174.033
 10
187.241
 20
174.01
 10
187.25
 20
173.987
 10
187.257
 20
173.963
 10
187.263
 20
173.94
 10
187.269
 20
173.917
 10
187.273
 20
173.893
 10
187.275
 20
173.869
 10
187.277
 20
173.845
 10
187.277
 20
173.822
 10
187.276
 20
173.798
 10
187.274
 20
173.774
 10
187.27
 20
173.751
 10
187.266
 20
173.728
 10
187.26
 20
173.705
 10
187.253
 20
173.682
 10
187.244
 20
173.659
 10
187.235
 20
173.636
 10
187.224
 20
173.614
 10
187.211
 20
173.592
 10
187.198
 20
173.571
 10
187.183
 20
173.551
 10
187.167
 20
173.53
 10
187.15
 20
173.511
 10
187.132
 20
173.491
 10
187.112
 20
173.473
 10
187.093
 20
173.456
 10
187.073
 20
173.44
 10
187.052
 20
173.425
 10
187.031
 20
173.412
 10
187.009
 20
173.4
 10
186.987
 20
173.389
 10
186.965
 20
173.38
 10
186.942
 20
173.371
 10
186.919
 20
173.364
 10
186.896
 20
173.358
 10
186.873
 20
173.354
 10
186.85
 20
173.351
 10
186.826
 20
173.348
 10
186.803
 20
173.347
 10
186.779
 20
173.348
 10
186.755
 20
173.349
 10
186.731
 20
173.352
 10
186.708
 20
173.356
 10
186.684
 20
173.361
 10
186.661
 20
173.367
 10
186.638
 20
173.375
 10
186.615
 20
173.384
 10
186.592
 20
173.394
 10
186.569
 20
173.405
 10
186.546
 20
173.417
 10
186.524
 20
173.431
 10
186.502
 20
173.446
 10
186.481
 20
173.462
 10
186.46
 20
173.479
 10
186.439
 20
173.497
 10
186.419
 20
173.517
 97
0
 92
2
 72
0
 73
1
 93
57
 10
186.976
 20
175.069
 10
187.977
 20
174.068
 10
188.156
 20
174.246
 10
187.731
 20
174.671
 10
187.862
 20
174.801
 10
188.518
 20
174.608
 10
188.733
 20
174.823
 10
188.021
 20
175.0
 10
188.04
 20
175.033
 10
188.057
 20
175.065
 10
188.07
 20
175.098
 10
188.081
 20
175.13
 10
188.089
 20
175.163
 10
188.094
 20
175.195
 10
188.097
 20
175.228
 10
188.096
 20
175.26
 10
188.093
 20
175.293
 10
188.086
 20
175.324
 10
188.077
 20
175.355
 10
188.064
 20
175.385
 10
188.048
 20
175.415
 10
188.028
 20
175.444
 10
188.006
 20
175.472
 10
187.98
 20
175.499
 10
187.96
 20
175.518
 10
187.94
 20
175.536
 10
187.92
 20
175.551
 10
187.899
 20
175.565
 10
187.879
 20
175.577
 10
187.858
 20
175.587
 10
187.836
 20
175.596
 10
187.815
 20
175.603
 10
187.793
 20
175.608
 10
187.772
 20
175.612
 10
187.75
 20
175.615
 10
187.729
 20
175.616
 10
187.707
 20
175.616
 10
187.686
 20
175.615
 10
187.664
 20
175.613
 10
187.643
 20
175.609
 10
187.622
 20
175.604
 10
187.6
 20
175.598
 10
187.579
 20
175.591
 10
187.559
 20
175.583
 10
187.538
 20
175.574
 10
187.517
 20
175.563
 10
187.497
 20
175.552
 10
187.476
 20
175.54
 10
187.456
 20
175.527
 10
187.436
 20
175.513
 10
187.417
 20
175.498
 10
187.397
 20
175.483
 10
187.379
 20
175.468
 10
187.36
 20
175.452
 10
187.342
 20
175.435
 10
187.324
 20
175.417
 10
186.976
 20
175.069
 97
0
 92
2
 72
0
 73
1
 93
68
 10
187.731
 20
174.962
 10
187.586
 20
174.816
 10
187.304
 20
175.098
 10
187.466
 20
175.259
 10
187.474
 20
175.267
 10
187.483
 20
175.276
 10
187.492
 20
175.284
 10
187.501
 20
175.292
 10
187.511
 20
175.3
 10
187.521
 20
175.308
 10
187.531
 20
175.316
 10
187.541
 20
175.323
 10
187.552
 20
175.331
 10
187.562
 20
175.337
 10
187.573
 20
175.344
 10
187.583
 20
175.349
 10
187.594
 20
175.354
 10
187.605
 20
175.359
 10
187.616
 20
175.363
 10
187.627
 20
175.366
 10
187.638
 20
175.369
 10
187.649
 20
175.372
 10
187.66
 20
175.373
 10
187.671
 20
175.374
 10
187.682
 20
175.374
 10
187.693
 20
175.374
 10
187.704
 20
175.373
 10
187.715
 20
175.371
 10
187.726
 20
175.369
 10
187.737
 20
175.365
 10
187.748
 20
175.361
 10
187.759
 20
175.355
 10
187.769
 20
175.349
 10
187.78
 20
175.341
 10
187.79
 20
175.332
 10
187.801
 20
175.323
 10
187.811
 20
175.311
 10
187.821
 20
175.3
 10
187.83
 20
175.288
 10
187.837
 20
175.276
 10
187.843
 20
175.265
 10
187.848
 20
175.253
 10
187.852
 20
175.241
 10
187.855
 20
175.229
 10
187.857
 20
175.216
 10
187.858
 20
175.204
 10
187.859
 20
175.192
 10
187.858
 20
175.181
 10
187.857
 20
175.169
 10
187.855
 20
175.157
 10
187.853
 20
175.145
 10
187.849
 20
175.134
 10
187.845
 20
175.122
 10
187.841
 20
175.111
 10
187.836
 20
175.1
 10
187.83
 20
175.088
 10
187.824
 20
175.077
 10
187.817
 20
175.066
 10
187.81
 20
175.055
 10
187.802
 20
175.044
 10
187.794
 20
175.033
 10
187.785
 20
175.022
 10
187.777
 20
175.012
 10
187.768
 20
175.002
 10
187.759
 20
174.991
 10
187.75
 20
174.981
 10
187.741
 20
174.972
 10
187.731
 20
174.962
 97
0
 92
2
 72
0
 73
1
 93
17
 10
187.866
 20
175.959
 10
188.867
 20
174.958
 10
189.037
 20
175.127
 10
188.232
 20
175.932
 10
188.235
 20
175.935
 10
189.339
 20
175.43
 10
189.464
 20
175.555
 10
188.963
 20
176.663
 10
188.966
 20
176.666
 10
189.771
 20
175.861
 10
189.947
 20
176.038
 10
188.946
 20
177.039
 10
188.666
 20
176.759
 10
189.12
 20
175.791
 10
189.116
 20
175.786
 10
188.144
 20
176.238
 10
187.866
 20
175.959
 97
0
 75
0
 76
1
 98
0
  0
HATCH
  5
74
330
17
100
AcDbEntity
  8
RASTER
 62
7
100
AcDbHatch
 10
0.0
 20
0.0
 30
0.0
210
0.0
220
0.0
230
1.0
  2
SOLID
 70
1
 71
0
 91
9
 92
3
 72
0
 73
1
 93
50
 10
146.921
 20
168.464
 10
146.575
 20
168.719
 10
146.233
 20
168.978
 10
145.894
 20
169.242
 10
145.558
 20
169.51
 10
145.226
 20
169.782
 10
144.898
 20
170.059
 10
144.573
 20
170.34
 10
144.253
 20
170.625
 10
143.935
 20
170.914
 10
143.622
 20
171.208
 10
143.312
 20
171.505
 10
143.007
 20
171.807
 10
142.705
 20
172.112
 10
142.408
 20
172.422
 10
142.114
 20
172.735
 10
141.825
 20
173.053
 10
141.54
 20
173.373
 10
141.259
 20
173.698
 10
140.982
 20
174.026
 10
140.71
 20
174.358
 10
140.442
 20
174.694
 10
140.178
 20
175.033
 10
139.919
 20
175.375
 10
139.664
 20
175.721
 10
161.993
 20
191.944
 10
162.033
 20
191.889
 10
162.075
 20
191.834
 10
162.116
 20
191.781
 10
162.159
 20
191.728
 10
162.202
 20
191.675
 10
162.246
 20
191.623
 10
162.29
 20
191.571
 10
162.336
 20
191.521
 10
162.382
 20
191.47
 10
162.428
 20
191.421
 10
162.475
 20
191.371
 10
162.523
 20
191.323
 10
162.571
 20
191.275
 10
162.621
 20
191.228
 10
162.67
 20
191.182
 10
162.721
 20
191.136
 10
162.771
 20
191.09
 10
162.823
 20
191.046
 10
162.875
 20
191.002
 10
162.928
 20
190.959
 10
162.981
 20
190.916
 10
163.034
 20
190.875
 10
163.089
 20
190.833
 10
163.144
 20
190.793
 97
0
 92
2
 72
0
 73
1
 93
56
 10
147.656
 20
176.534
 10
148.081
 20
176.345
 10
148.633
 20
176.273
 10
148.793
 20
176.084
 10
148.984
 20
175.937
 10
149.218
 20
175.844
 10
149.356
 20
175.823
 10
149.664
 20
175.846
 10
150.089
 20
176.033
 10
150.482
 20
175.897
 10
150.896
 20
175.888
 10
151.141
 20
175.959
 10
151.428
 20
176.126
 10
151.714
 20
176.413
 10
151.855
 20
176.647
 10
151.95
 20
176.966
 10
151.925
 20
177.465
 10
151.802
 20
177.773
 10
151.651
 20
177.986
 10
150.707
 20
178.953
 10
150.79
 20
179.052
 10
151.521
 20
179.473
 10
151.536
 20
179.526
 10
151.502
 20
179.565
 10
151.119
 20
179.705
 10
151.028
 20
179.813
 10
151.098
 20
179.881
 10
151.576
 20
180.064
 10
151.612
 20
180.14
 10
151.566
 20
180.162
 10
149.951
 20
180.051
 10
149.893
 20
180.004
 10
149.908
 20
179.943
 10
150.248
 20
179.775
 10
150.391
 20
179.664
 10
150.365
 20
179.592
 10
150.184
 20
179.533
 10
150.11
 20
179.569
 10
149.409
 20
180.291
 10
149.122
 20
180.51
 10
148.708
 20
180.687
 10
148.304
 20
180.718
 10
148.049
 20
180.687
 10
147.73
 20
180.561
 10
147.443
 20
180.344
 10
147.218
 20
180.036
 10
147.078
 20
179.558
 10
147.105
 20
179.123
 10
147.271
 20
178.687
 10
147.131
 20
178.464
 10
147.016
 20
178.166
 10
146.978
 20
177.858
 10
146.986
 20
177.55
 10
147.078
 20
177.231
 10
147.224
 20
176.955
 10
147.656
 20
176.534
 97
0
 92
2
 72
0
 73
1
 93
323
 10
143.755
 20
176.32
 10
143.998
 20
176.331
 10
143.996
 20
176.359
 10
143.993
 20
176.386
 10
143.988
 20
176.414
 10
143.982
 20
176.441
 10
143.974
 20
176.468
 10
143.965
 20
176.495
 10
143.955
 20
176.522
 10
143.942
 20
176.548
 10
143.929
 20
176.574
 10
143.915
 20
176.599
 10
143.9
 20
176.623
 10
143.885
 20
176.646
 10
143.868
 20
176.668
 10
143.851
 20
176.69
 10
143.833
 20
176.71
 10
143.814
 20
176.73
 10
143.797
 20
176.746
 10
143.78
 20
176.762
 10
143.761
 20
176.778
 10
143.743
 20
176.793
 10
143.723
 20
176.807
 10
143.704
 20
176.82
 10
143.684
 20
176.833
 10
143.663
 20
176.846
 10
143.642
 20
176.857
 10
143.621
 20
176.868
 10
143.6
 20
176.877
 10
143.579
 20
176.886
 10
143.557
 20
176.893
 10
143.536
 20
176.9
 10
143.514
 20
176.905
 10
143.492
 20
176.909
 10
143.47
 20
176.913
 10
143.448
 20
176.915
 10
143.426
 20
176.916
 10
143.404
 20
176.915
 10
143.383
 20
176.914
 10
143.361
 20
176.911
 10
143.339
 20
176.907
 10
143.317
 20
176.902
 10
143.296
 20
176.895
 10
143.274
 20
176.887
 10
143.254
 20
176.877
 10
143.233
 20
176.865
 10
143.213
 20
176.852
 10
143.193
 20
176.837
 10
143.173
 20
176.82
 10
143.154
 20
176.802
 10
143.137
 20
176.784
 10
143.121
 20
176.767
 10
143.107
 20
176.749
 10
143.095
 20
176.731
 10
143.084
 20
176.714
 10
143.074
 20
176.696
 10
143.065
 20
176.679
 10
143.059
 20
176.661
 10
143.053
 20
176.644
 10
143.048
 20
176.626
 10
143.044
 20
176.609
 10
143.041
 20
176.592
 10
143.039
 20
176.574
 10
143.037
 20
176.557
 10
143.037
 20
176.54
 10
143.037
 20
176.523
 10
143.039
 20
176.506
 10
143.04
 20
176.489
 10
143.043
 20
176.472
 10
143.046
 20
176.455
 10
143.05
 20
176.438
 10
143.055
 20
176.422
 10
143.06
 20
176.405
 10
143.066
 20
176.389
 10
143.073
 20
176.373
 10
143.079
 20
176.357
 10
143.086
 20
176.341
 10
143.093
 20
176.325
 10
143.1
 20
176.31
 10
143.108
 20
176.295
 10
143.115
 20
176.279
 10
143.123
 20
176.264
 10
143.131
 20
176.249
 10
143.138
 20
176.234
 10
143.146
 20
176.219
 10
143.153
 20
176.204
 10
143.161
 20
176.189
 10
143.168
 20
176.174
 10
143.175
 20
176.16
 10
143.182
 20
176.146
 10
143.189
 20
176.132
 10
143.195
 20
176.118
 10
143.201
 20
176.104
 10
143.206
 20
176.091
 10
143.211
 20
176.077
 10
143.216
 20
176.064
 10
143.219
 20
176.052
 10
143.223
 20
176.039
 10
143.225
 20
176.026
 10
143.227
 20
176.014
 10
143.229
 20
176.002
 10
143.23
 20
175.99
 10
143.23
 20
175.978
 10
143.229
 20
175.967
 10
143.228
 20
175.955
 10
143.227
 20
175.944
 10
143.224
 20
175.933
 10
143.221
 20
175.922
 10
143.216
 20
175.911
 10
143.211
 20
175.901
 10
143.205
 20
175.89
 10
143.197
 20
175.88
 10
143.189
 20
175.87
 10
143.179
 20
175.86
 10
143.169
 20
175.85
 10
143.159
 20
175.841
 10
143.148
 20
175.833
 10
143.138
 20
175.826
 10
143.127
 20
175.82
 10
143.116
 20
175.815
 10
143.105
 20
175.811
 10
143.095
 20
175.808
 10
143.084
 20
175.805
 10
143.073
 20
175.803
 10
143.062
 20
175.802
 10
143.051
 20
175.801
 10
143.04
 20
175.801
 10
143.028
 20
175.801
 10
143.017
 20
175.803
 10
143.006
 20
175.804
 10
142.995
 20
175.806
 10
142.984
 20
175.809
 10
142.973
 20
175.812
 10
142.963
 20
175.816
 10
142.952
 20
175.821
 10
142.942
 20
175.825
 10
142.931
 20
175.831
 10
142.921
 20
175.837
 10
142.911
 20
175.843
 10
142.902
 20
175.849
 10
142.892
 20
175.856
 10
142.883
 20
175.863
 10
142.875
 20
175.87
 10
142.866
 20
175.877
 10
142.858
 20
175.885
 10
142.85
 20
175.893
 10
142.836
 20
175.908
 10
142.822
 20
175.924
 10
142.809
 20
175.942
 10
142.797
 20
175.96
 10
142.786
 20
175.979
 10
142.776
 20
176.0
 10
142.767
 20
176.021
 10
142.759
 20
176.043
 10
142.751
 20
176.066
 10
142.746
 20
176.089
 10
142.741
 20
176.111
 10
142.738
 20
176.134
 10
142.737
 20
176.156
 10
142.737
 20
176.178
 10
142.738
 20
176.2
 10
142.741
 20
176.222
 10
142.495
 20
176.231
 10
142.493
 20
176.198
 10
142.494
 20
176.166
 10
142.496
 20
176.133
 10
142.501
 20
176.101
 10
142.508
 20
176.068
 10
142.517
 20
176.036
 10
142.528
 20
176.003
 10
142.541
 20
175.971
 10
142.556
 20
175.939
 10
142.572
 20
175.908
 10
142.59
 20
175.878
 10
142.608
 20
175.85
 10
142.628
 20
175.822
 10
142.649
 20
175.795
 10
142.672
 20
175.769
 10
142.696
 20
175.744
 10
142.714
 20
175.726
 10
142.733
 20
175.709
 10
142.753
 20
175.693
 10
142.772
 20
175.677
 10
142.793
 20
175.663
 10
142.813
 20
175.649
 10
142.834
 20
175.636
 10
142.856
 20
175.624
 10
142.877
 20
175.613
 10
142.899
 20
175.603
 10
142.921
 20
175.594
 10
142.943
 20
175.586
 10
142.965
 20
175.58
 10
142.987
 20
175.575
 10
143.009
 20
175.57
 10
143.031
 20
175.567
 10
143.053
 20
175.565
 10
143.076
 20
175.565
 10
143.098
 20
175.566
 10
143.12
 20
175.567
 10
143.143
 20
175.571
 10
143.165
 20
175.575
 10
143.187
 20
175.581
 10
143.21
 20
175.588
 10
143.232
 20
175.596
 10
143.254
 20
175.606
 10
143.276
 20
175.618
 10
143.297
 20
175.631
 10
143.318
 20
175.645
 10
143.339
 20
175.662
 10
143.36
 20
175.679
 10
143.38
 20
175.699
 10
143.398
 20
175.717
 10
143.414
 20
175.736
 10
143.428
 20
175.754
 10
143.441
 20
175.773
 10
143.452
 20
175.792
 10
143.462
 20
175.811
 10
143.469
 20
175.83
 10
143.476
 20
175.849
 10
143.481
 20
175.869
 10
143.485
 20
175.888
 10
143.488
 20
175.907
 10
143.489
 20
175.926
 10
143.49
 20
175.945
 10
143.49
 20
175.964
 10
143.489
 20
175.983
 10
143.487
 20
176.002
 10
143.484
 20
176.021
 10
143.48
 20
176.04
 10
143.476
 20
176.058
 10
143.471
 20
176.077
 10
143.465
 20
176.095
 10
143.459
 20
176.113
 10
143.452
 20
176.131
 10
143.445
 20
176.149
 10
143.437
 20
176.167
 10
143.429
 20
176.184
 10
143.421
 20
176.202
 10
143.413
 20
176.219
 10
143.405
 20
176.235
 10
143.396
 20
176.252
 10
143.388
 20
176.268
 10
143.38
 20
176.284
 10
143.373
 20
176.298
 10
143.366
 20
176.311
 10
143.359
 20
176.325
 10
143.352
 20
176.338
 10
143.346
 20
176.35
 10
143.34
 20
176.363
 10
143.334
 20
176.375
 10
143.328
 20
176.388
 10
143.322
 20
176.399
 10
143.318
 20
176.411
 10
143.313
 20
176.423
 10
143.309
 20
176.434
 10
143.305
 20
176.445
 10
143.302
 20
176.456
 10
143.3
 20
176.467
 10
143.298
 20
176.477
 10
143.296
 20
176.488
 10
143.295
 20
176.498
 10
143.294
 20
176.508
 10
143.294
 20
176.518
 10
143.295
 20
176.528
 10
143.296
 20
176.538
 10
143.297
 20
176.548
 10
143.3
 20
176.557
 10
143.302
 20
176.567
 10
143.306
 20
176.576
 10
143.31
 20
176.585
 10
143.316
 20
176.594
 10
143.321
 20
176.603
 10
143.328
 20
176.612
 10
143.335
 20
176.621
 10
143.343
 20
176.629
 10
143.353
 20
176.638
 10
143.362
 20
176.646
 10
143.372
 20
176.653
 10
143.382
 20
176.659
 10
143.392
 20
176.665
 10
143.402
 20
176.669
 10
143.412
 20
176.673
 10
143.423
 20
176.676
 10
143.433
 20
176.678
 10
143.444
 20
176.68
 10
143.454
 20
176.681
 10
143.465
 20
176.681
 10
143.475
 20
176.681
 10
143.486
 20
176.68
 10
143.496
 20
176.679
 10
143.507
 20
176.677
 10
143.517
 20
176.674
 10
143.528
 20
176.671
 10
143.538
 20
176.668
 10
143.548
 20
176.664
 10
143.558
 20
176.66
 10
143.568
 20
176.655
 10
143.578
 20
176.65
 10
143.587
 20
176.644
 10
143.597
 20
176.638
 10
143.606
 20
176.632
 10
143.616
 20
176.626
 10
143.624
 20
176.619
 10
143.633
 20
176.612
 10
143.641
 20
176.605
 10
143.65
 20
176.597
 10
143.657
 20
176.59
 10
143.67
 20
176.576
 10
143.682
 20
176.562
 10
143.693
 20
176.547
 10
143.703
 20
176.531
 10
143.713
 20
176.515
 10
143.722
 20
176.498
 10
143.73
 20
176.48
 10
143.737
 20
176.461
 10
143.743
 20
176.442
 10
143.748
 20
176.424
 10
143.752
 20
176.405
 10
143.755
 20
176.388
 10
143.756
 20
176.37
 10
143.757
 20
176.353
 10
143.757
 20
176.336
 10
143.755
 20
176.32
 97
0
 92
2
 72
0
 73
1
 93
9
 10
144.312
 20
175.87
 10
143.467
 20
175.024
 10
143.645
 20
174.846
 10
144.49
 20
175.692
 10
144.797
 20
175.385
 10
144.953
 20
175.54
 10
144.161
 20
176.332
 10
144.005
 20
176.177
 10
144.312
 20
175.87
 97
0
 92
2
 72
0
 73
1
 93
129
 10
144.523
 20
174.975
 10
144.495
 20
174.945
 10
144.468
 20
174.915
 10
144.443
 20
174.884
 10
144.421
 20
174.852
 10
144.4
 20
174.82
 10
144.381
 20
174.788
 10
144.364
 20
174.754
 10
144.349
 20
174.72
 10
144.336
 20
174.686
 10
144.324
 20
174.651
 10
144.315
 20
174.617
 10
144.307
 20
174.582
 10
144.301
 20
174.547
 10
144.297
 20
174.512
 10
144.294
 20
174.477
 10
144.294
 20
174.442
 10
144.295
 20
174.406
 10
144.298
 20
174.371
 10
144.303
 20
174.336
 10
144.31
 20
174.301
 10
144.318
 20
174.266
 10
144.329
 20
174.232
 10
144.341
 20
174.197
 10
144.355
 20
174.163
 10
144.37
 20
174.129
 10
144.388
 20
174.096
 10
144.407
 20
174.063
 10
144.428
 20
174.031
 10
144.451
 20
174.0
 10
144.476
 20
173.969
 10
144.502
 20
173.939
 10
144.53
 20
173.91
 10
144.56
 20
173.881
 10
144.59
 20
173.855
 10
144.621
 20
173.83
 10
144.653
 20
173.807
 10
144.685
 20
173.785
 10
144.718
 20
173.766
 10
144.751
 20
173.748
 10
144.785
 20
173.732
 10
144.82
 20
173.718
 10
144.854
 20
173.706
 10
144.889
 20
173.695
 10
144.924
 20
173.687
 10
144.959
 20
173.68
 10
144.994
 20
173.675
 10
145.03
 20
173.672
 10
145.065
 20
173.67
 10
145.101
 20
173.671
 10
145.136
 20
173.673
 10
145.171
 20
173.677
 10
145.206
 20
173.683
 10
145.241
 20
173.69
 10
145.276
 20
173.7
 10
145.31
 20
173.711
 10
145.345
 20
173.725
 10
145.379
 20
173.74
 10
145.412
 20
173.757
 10
145.445
 20
173.776
 10
145.477
 20
173.796
 10
145.508
 20
173.819
 10
145.539
 20
173.844
 10
145.569
 20
173.87
 10
145.599
 20
173.899
 10
145.628
 20
173.929
 10
145.655
 20
173.96
 10
145.68
 20
173.991
 10
145.703
 20
174.023
 10
145.725
 20
174.055
 10
145.744
 20
174.088
 10
145.761
 20
174.122
 10
145.776
 20
174.156
 10
145.789
 20
174.19
 10
145.8
 20
174.225
 10
145.81
 20
174.259
 10
145.817
 20
174.294
 10
145.823
 20
174.328
 10
145.827
 20
174.363
 10
145.828
 20
174.398
 10
145.828
 20
174.433
 10
145.826
 20
174.468
 10
145.823
 20
174.503
 10
145.817
 20
174.538
 10
145.81
 20
174.572
 10
145.8
 20
174.606
 10
145.789
 20
174.641
 10
145.776
 20
174.675
 10
145.762
 20
174.709
 10
145.745
 20
174.743
 10
145.727
 20
174.776
 10
145.707
 20
174.808
 10
145.686
 20
174.84
 10
145.662
 20
174.871
 10
145.637
 20
174.902
 10
145.611
 20
174.932
 10
145.582
 20
174.962
 10
145.553
 20
174.99
 10
145.523
 20
175.017
 10
145.493
 20
175.041
 10
145.461
 20
175.064
 10
145.43
 20
175.086
 10
145.397
 20
175.105
 10
145.365
 20
175.123
 10
145.331
 20
175.139
 10
145.297
 20
175.154
 10
145.263
 20
175.167
 10
145.229
 20
175.177
 10
145.195
 20
175.187
 10
145.161
 20
175.194
 10
145.126
 20
175.199
 10
145.092
 20
175.203
 10
145.057
 20
175.205
 10
145.022
 20
175.204
 10
144.987
 20
175.203
 10
144.953
 20
175.199
 10
144.918
 20
175.193
 10
144.884
 20
175.185
 10
144.849
 20
175.176
 10
144.815
 20
175.165
 10
144.78
 20
175.152
 10
144.746
 20
175.136
 10
144.713
 20
175.119
 10
144.68
 20
175.1
 10
144.647
 20
175.079
 10
144.615
 20
175.056
 10
144.584
 20
175.031
 10
144.553
 20
175.004
 10
144.523
 20
174.975
 97
0
 92
2
 72
0
 73
1
 93
129
 10
144.717
 20
174.781
 10
144.736
 20
174.8
 10
144.756
 20
174.818
 10
144.777
 20
174.834
 10
144.798
 20
174.85
 10
144.819
 20
174.864
 10
144.841
 20
174.877
 10
144.863
 20
174.889
 10
144.886
 20
174.9
 10
144.909
 20
174.91
 10
144.932
 20
174.919
 10
144.955
 20
174.927
 10
144.978
 20
174.933
 10
145.001
 20
174.938
 10
145.024
 20
174.942
 10
145.048
 20
174.945
 10
145.072
 20
174.946
 10
145.095
 20
174.947
 10
145.119
 20
174.946
 10
145.142
 20
174.944
 10
145.166
 20
174.941
 10
145.189
 20
174.937
 10
145.212
 20
174.931
 10
145.235
 20
174.924
 10
145.258
 20
174.916
 10
145.28
 20
174.907
 10
145.302
 20
174.896
 10
145.324
 20
174.884
 10
145.345
 20
174.871
 10
145.366
 20
174.856
 10
145.387
 20
174.84
 10
145.407
 20
174.822
 10
145.427
 20
174.804
 10
145.445
 20
174.784
 10
145.463
 20
174.764
 10
145.479
 20
174.743
 10
145.494
 20
174.722
 10
145.507
 20
174.701
 10
145.519
 20
174.679
 10
145.53
 20
174.657
 10
145.54
 20
174.634
 10
145.548
 20
174.611
 10
145.555
 20
174.588
 10
145.561
 20
174.565
 10
145.565
 20
174.541
 10
145.568
 20
174.518
 10
145.571
 20
174.494
 10
145.571
 20
174.471
 10
145.571
 20
174.447
 10
145.569
 20
174.424
 10
145.566
 20
174.4
 10
145.562
 20
174.377
 10
145.557
 20
174.353
 10
145.551
 20
174.33
 10
145.543
 20
174.307
 10
145.535
 20
174.284
 10
145.525
 20
174.261
 10
145.514
 20
174.239
 10
145.502
 20
174.216
 10
145.489
 20
174.195
 10
145.474
 20
174.173
 10
145.459
 20
174.152
 10
145.442
 20
174.132
 10
145.424
 20
174.112
 10
145.405
 20
174.092
 10
145.385
 20
174.073
 10
145.364
 20
174.054
 10
145.343
 20
174.037
 10
145.322
 20
174.021
 10
145.3
 20
174.006
 10
145.278
 20
173.993
 10
145.256
 20
173.98
 10
145.233
 20
173.969
 10
145.21
 20
173.959
 10
145.187
 20
173.95
 10
145.163
 20
173.943
 10
145.14
 20
173.937
 10
145.117
 20
173.931
 10
145.093
 20
173.927
 10
145.069
 20
173.925
 10
145.045
 20
173.923
 10
145.022
 20
173.923
 10
144.998
 20
173.924
 10
144.974
 20
173.926
 10
144.951
 20
173.93
 10
144.928
 20
173.934
 10
144.905
 20
173.94
 10
144.882
 20
173.947
 10
144.859
 20
173.956
 10
144.836
 20
173.965
 10
144.814
 20
173.976
 10
144.792
 20
173.989
 10
144.771
 20
174.002
 10
144.751
 20
174.017
 10
144.73
 20
174.033
 10
144.711
 20
174.05
 10
144.691
 20
174.068
 10
144.673
 20
174.088
 10
144.656
 20
174.107
 10
144.64
 20
174.127
 10
144.625
 20
174.148
 10
144.612
 20
174.169
 10
144.6
 20
174.191
 10
144.589
 20
174.213
 10
144.58
 20
174.235
 10
144.571
 20
174.258
 10
144.564
 20
174.281
 10
144.558
 20
174.304
 10
144.554
 20
174.327
 10
144.551
 20
174.35
 10
144.548
 20
174.374
 10
144.547
 20
174.397
 10
144.548
 20
174.421
 10
144.549
 20
174.445
 10
144.552
 20
174.469
 10
144.556
 20
174.492
 10
144.561
 20
174.516
 10
144.567
 20
174.539
 10
144.575
 20
174.562
 10
144.584
 20
174.585
 10
144.594
 20
174.608
 10
144.605
 20
174.631
 10
144.617
 20
174.654
 10
144.631
 20
174.676
 10
144.646
 20
174.698
 10
144.662
 20
174.719
 10
144.679
 20
174.74
 10
144.697
 20
174.761
 10
144.717
 20
174.781
 97
0
 92
2
 72
0
 73
1
 93
57
 10
146.269
 20
174.224
 10
145.268
 20
173.223
 10
145.446
 20
173.044
 10
145.871
 20
173.469
 10
146.001
 20
173.338
 10
145.808
 20
172.682
 10
146.023
 20
172.467
 10
146.2
 20
173.179
 10
146.233
 20
173.16
 10
146.265
 20
173.143
 10
146.298
 20
173.13
 10
146.33
 20
173.119
 10
146.363
 20
173.111
 10
146.395
 20
173.106
 10
146.428
 20
173.103
 10
146.46
 20
173.104
 10
146.493
 20
173.107
 10
146.524
 20
173.114
 10
146.555
 20
173.123
 10
146.585
 20
173.136
 10
146.615
 20
173.152
 10
146.644
 20
173.172
 10
146.672
 20
173.194
 10
146.699
 20
173.22
 10
146.718
 20
173.24
 10
146.736
 20
173.26
 10
146.751
 20
173.28
 10
146.765
 20
173.301
 10
146.777
 20
173.321
 10
146.787
 20
173.342
 10
146.796
 20
173.364
 10
146.803
 20
173.385
 10
146.808
 20
173.407
 10
146.812
 20
173.428
 10
146.815
 20
173.45
 10
146.816
 20
173.471
 10
146.816
 20
173.493
 10
146.815
 20
173.514
 10
146.813
 20
173.536
 10
146.809
 20
173.557
 10
146.804
 20
173.578
 10
146.798
 20
173.6
 10
146.791
 20
173.621
 10
146.783
 20
173.641
 10
146.774
 20
173.662
 10
146.763
 20
173.683
 10
146.752
 20
173.703
 10
146.74
 20
173.724
 10
146.727
 20
173.744
 10
146.713
 20
173.764
 10
146.698
 20
173.783
 10
146.683
 20
173.803
 10
146.668
 20
173.821
 10
146.652
 20
173.84
 10
146.635
 20
173.858
 10
146.617
 20
173.876
 10
146.269
 20
174.224
 97
0
 92
2
 72
0
 73
1
 93
68
 10
146.162
 20
173.469
 10
146.016
 20
173.614
 10
146.298
 20
173.896
 10
146.459
 20
173.734
 10
146.467
 20
173.726
 10
146.476
 20
173.717
 10
146.484
 20
173.708
 10
146.492
 20
173.699
 10
146.5
 20
173.689
 10
146.508
 20
173.679
 10
146.516
 20
173.669
 10
146.523
 20
173.659
 10
146.531
 20
173.648
 10
146.537
 20
173.638
 10
146.544
 20
173.627
 10
146.549
 20
173.617
 10
146.554
 20
173.606
 10
146.559
 20
173.595
 10
146.563
 20
173.584
 10
146.566
 20
173.573
 10
146.569
 20
173.562
 10
146.572
 20
173.551
 10
146.573
 20
173.54
 10
146.574
 20
173.529
 10
146.574
 20
173.518
 10
146.574
 20
173.507
 10
146.573
 20
173.496
 10
146.571
 20
173.485
 10
146.569
 20
173.474
 10
146.565
 20
173.463
 10
146.561
 20
173.452
 10
146.555
 20
173.441
 10
146.549
 20
173.431
 10
146.541
 20
173.42
 10
146.532
 20
173.41
 10
146.523
 20
173.399
 10
146.511
 20
173.389
 10
146.5
 20
173.379
 10
146.488
 20
173.37
 10
146.476
 20
173.363
 10
146.465
 20
173.357
 10
146.453
 20
173.352
 10
146.441
 20
173.348
 10
146.429
 20
173.345
 10
146.416
 20
173.343
 10
146.404
 20
173.342
 10
146.392
 20
173.341
 10
146.381
 20
173.342
 10
146.369
 20
173.343
 10
146.357
 20
173.345
 10
146.345
 20
173.347
 10
146.334
 20
173.351
 10
146.322
 20
173.355
 10
146.311
 20
173.359
 10
146.3
 20
173.364
 10
146.288
 20
173.37
 10
146.277
 20
173.376
 10
146.266
 20
173.383
 10
146.255
 20
173.39
 10
146.244
 20
173.398
 10
146.233
 20
173.406
 10
146.222
 20
173.415
 10
146.212
 20
173.423
 10
146.202
 20
173.432
 10
146.191
 20
173.441
 10
146.181
 20
173.45
 10
146.172
 20
173.459
 10
146.162
 20
173.469
 97
0
 92
2
 72
0
 73
1
 93
17
 10
147.159
 20
173.334
 10
146.158
 20
172.333
 10
146.327
 20
172.163
 10
147.132
 20
172.968
 10
147.135
 20
172.965
 10
146.63
 20
171.861
 10
146.755
 20
171.736
 10
147.863
 20
172.237
 10
147.866
 20
172.234
 10
147.061
 20
171.429
 10
147.238
 20
171.253
 10
148.239
 20
172.254
 10
147.959
 20
172.534
 10
146.991
 20
172.08
 10
146.986
 20
172.084
 10
147.438
 20
173.056
 10
147.159
 20
173.334
 97
0
 75
0
 76
1
 98
0
  0
HATCH
  5
75
330
17
100
AcDbEntity
  8
RASTER
 62
7
100
AcDbHatch
 10
0.0
 20
0.0
 30
0.0
210
0.0
220
0.0
230
1.0
  2
SOLID
 70
1
 71
0
 91
9
 92
3
 72
0
 73
1
 93
50
 10
139.664
 20
214.279
 10
139.919
 20
214.625
 10
140.178
 20
214.967
 10
140.442
 20
215.306
 10
140.71
 20
215.642
 10
140.982
 20
215.974
 10
141.259
 20
216.302
 10
141.54
 20
216.627
 10
141.825
 20
216.947
 10
142.114
 20
217.265
 10
142.408
 20
217.578
 10
142.705
 20
217.888
 10
143.007
 20
218.193
 10
143.312
 20
218.495
 10
143.622
 20
218.792
 10
143.935
 20
219.086
 10
144.253
 20
219.375
 10
144.573
 20
219.66
 10
144.898
 20
219.941
 10
145.226
 20
220.218
 10
145.558
 20
220.49
 10
145.894
 20
220.758
 10
146.233
 20
221.022
 10
146.575
 20
221.281
 10
146.921
 20
221.536
 10
163.144
 20
199.207
 10
163.089
 20
199.167
 10
163.034
 20
199.125
 10
162.981
 20
199.084
 10
162.928
 20
199.041
 10
162.875
 20
198.998
 10
162.823
 20
198.954
 10
162.771
 20
198.91
 10
162.721
 20
198.864
 10
162.67
 20
198.818
 10
162.621
 20
198.772
 10
162.571
 20
198.725
 10
162.523
 20
198.677
 10
162.475
 20
198.629
 10
162.428
 20
198.579
 10
162.382
 20
198.53
 10
162.336
 20
198.479
 10
162.29
 20
198.429
 10
162.246
 20
198.377
 10
162.202
 20
198.325
 10
162.159
 20
198.272
 10
162.116
 20
198.219
 10
162.075
 20
198.166
 10
162.033
 20
198.111
 10
161.993
 20
198.056
 97
0
 92
2
 72
0
 73
1
 93
56
 10
147.734
 20
213.544
 10
147.545
 20
213.119
 10
147.473
 20
212.567
 10
147.284
 20
212.407
 10
147.137
 20
212.216
 10
147.044
 20
211.982
 10
147.023
 20
211.844
 10
147.046
 20
211.536
 10
147.233
 20
211.111
 10
147.097
 20
210.718
 10
147.088
 20
210.304
 10
147.159
 20
210.059
 10
147.326
 20
209.772
 10
147.613
 20
209.486
 10
147.847
 20
209.345
 10
148.166
 20
209.25
 10
148.665
 20
209.275
 10
148.973
 20
209.398
 10
149.186
 20
209.549
 10
150.153
 20
210.493
 10
150.252
 20
210.41
 10
150.673
 20
209.679
 10
150.726
 20
209.664
 10
150.765
 20
209.698
 10
150.905
 20
210.081
 10
151.013
 20
210.172
 10
151.081
 20
210.102
 10
151.264
 20
209.624
 10
151.34
 20
209.588
 10
151.362
 20
209.634
 10
151.251
 20
211.249
 10
151.204
 20
211.307
 10
151.143
 20
211.292
 10
150.975
 20
210.952
 10
150.864
 20
210.809
 10
150.792
 20
210.835
 10
150.733
 20
211.016
 10
150.769
 20
211.09
 10
151.491
 20
211.791
 10
151.71
 20
212.078
 10
151.887
 20
212.492
 10
151.918
 20
212.896
 10
151.887
 20
213.151
 10
151.761
 20
213.47
 10
151.544
 20
213.757
 10
151.236
 20
213.982
 10
150.758
 20
214.122
 10
150.323
 20
214.095
 10
149.887
 20
213.929
 10
149.664
 20
214.069
 10
149.366
 20
214.184
 10
149.058
 20
214.222
 10
148.75
 20
214.214
 10
148.431
 20
214.122
 10
148.155
 20
213.976
 10
147.734
 20
213.544
 97
0
 92
2
 72
0
 73
1
 93
323
 10
147.52
 20
217.445
 10
147.531
 20
217.202
 10
147.559
 20
217.204
 10
147.586
 20
217.207
 10
147.614
 20
217.212
 10
147.641
 20
217.218
 10
147.668
 20
217.226
 10
147.695
 20
217.235
 10
147.722
 20
217.245
 10
147.748
 20
217.258
 10
147.774
 20
217.271
 10
147.799
 20
217.285
 10
147.823
 20
217.3
 10
147.846
 20
217.315
 10
147.868
 20
217.332
 10
147.89
 20
217.349
 10
147.91
 20
217.367
 10
147.93
 20
217.386
 10
147.946
 20
217.403
 10
147.962
 20
217.42
 10
147.978
 20
217.439
 10
147.993
 20
217.457
 10
148.007
 20
217.477
 10
148.02
 20
217.496
 10
148.033
 20
217.516
 10
148.046
 20
217.537
 10
148.057
 20
217.558
 10
148.068
 20
217.579
 10
148.077
 20
217.6
 10
148.086
 20
217.621
 10
148.093
 20
217.643
 10
148.1
 20
217.664
 10
148.105
 20
217.686
 10
148.109
 20
217.708
 10
148.113
 20
217.73
 10
148.115
 20
217.752
 10
148.116
 20
217.774
 10
148.115
 20
217.796
 10
148.114
 20
217.817
 10
148.111
 20
217.839
 10
148.107
 20
217.861
 10
148.102
 20
217.883
 10
148.095
 20
217.904
 10
148.087
 20
217.926
 10
148.077
 20
217.946
 10
148.065
 20
217.967
 10
148.052
 20
217.987
 10
148.037
 20
218.007
 10
148.02
 20
218.027
 10
148.002
 20
218.046
 10
147.984
 20
218.063
 10
147.967
 20
218.079
 10
147.949
 20
218.093
 10
147.931
 20
218.105
 10
147.914
 20
218.116
 10
147.896
 20
218.126
 10
147.879
 20
218.135
 10
147.861
 20
218.141
 10
147.844
 20
218.147
 10
147.826
 20
218.152
 10
147.809
 20
218.156
 10
147.792
 20
218.159
 10
147.774
 20
218.161
 10
147.757
 20
218.163
 10
147.74
 20
218.163
 10
147.723
 20
218.163
 10
147.706
 20
218.161
 10
147.689
 20
218.16
 10
147.672
 20
218.157
 10
147.655
 20
218.154
 10
147.638
 20
218.15
 10
147.622
 20
218.145
 10
147.605
 20
218.14
 10
147.589
 20
218.134
 10
147.573
 20
218.127
 10
147.557
 20
218.121
 10
147.541
 20
218.114
 10
147.525
 20
218.107
 10
147.51
 20
218.1
 10
147.495
 20
218.092
 10
147.479
 20
218.085
 10
147.464
 20
218.077
 10
147.449
 20
218.069
 10
147.434
 20
218.062
 10
147.419
 20
218.054
 10
147.404
 20
218.047
 10
147.389
 20
218.039
 10
147.374
 20
218.032
 10
147.36
 20
218.025
 10
147.346
 20
218.018
 10
147.332
 20
218.011
 10
147.318
 20
218.005
 10
147.304
 20
217.999
 10
147.291
 20
217.994
 10
147.277
 20
217.989
 10
147.264
 20
217.984
 10
147.252
 20
217.981
 10
147.239
 20
217.977
 10
147.226
 20
217.975
 10
147.214
 20
217.973
 10
147.202
 20
217.971
 10
147.19
 20
217.97
 10
147.178
 20
217.97
 10
147.167
 20
217.971
 10
147.155
 20
217.972
 10
147.144
 20
217.973
 10
147.133
 20
217.976
 10
147.122
 20
217.979
 10
147.111
 20
217.984
 10
147.101
 20
217.989
 10
147.09
 20
217.995
 10
147.08
 20
218.003
 10
147.07
 20
218.011
 10
147.06
 20
218.021
 10
147.05
 20
218.031
 10
147.041
 20
218.041
 10
147.033
 20
218.052
 10
147.026
 20
218.062
 10
147.02
 20
218.073
 10
147.015
 20
218.084
 10
147.011
 20
218.095
 10
147.008
 20
218.105
 10
147.005
 20
218.116
 10
147.003
 20
218.127
 10
147.002
 20
218.138
 10
147.001
 20
218.149
 10
147.001
 20
218.16
 10
147.001
 20
218.172
 10
147.003
 20
218.183
 10
147.004
 20
218.194
 10
147.006
 20
218.205
 10
147.009
 20
218.216
 10
147.012
 20
218.227
 10
147.016
 20
218.237
 10
147.021
 20
218.248
 10
147.025
 20
218.258
 10
147.031
 20
218.269
 10
147.037
 20
218.279
 10
147.043
 20
218.289
 10
147.049
 20
218.298
 10
147.056
 20
218.308
 10
147.063
 20
218.317
 10
147.07
 20
218.325
 10
147.077
 20
218.334
 10
147.085
 20
218.342
 10
147.093
 20
218.35
 10
147.108
 20
218.364
 10
147.124
 20
218.378
 10
147.142
 20
218.391
 10
147.16
 20
218.403
 10
147.179
 20
218.414
 10
147.2
 20
218.424
 10
147.221
 20
218.433
 10
147.243
 20
218.441
 10
147.266
 20
218.449
 10
147.289
 20
218.454
 10
147.311
 20
218.459
 10
147.334
 20
218.462
 10
147.356
 20
218.463
 10
147.378
 20
218.463
 10
147.4
 20
218.462
 10
147.422
 20
218.459
 10
147.431
 20
218.705
 10
147.398
 20
218.707
 10
147.366
 20
218.706
 10
147.333
 20
218.704
 10
147.301
 20
218.699
 10
147.268
 20
218.692
 10
147.236
 20
218.683
 10
147.203
 20
218.672
 10
147.171
 20
218.659
 10
147.139
 20
218.644
 10
147.108
 20
218.628
 10
147.078
 20
218.61
 10
147.05
 20
218.592
 10
147.022
 20
218.572
 10
146.995
 20
218.551
 10
146.969
 20
218.528
 10
146.944
 20
218.504
 10
146.926
 20
218.486
 10
146.909
 20
218.467
 10
146.893
 20
218.447
 10
146.877
 20
218.428
 10
146.863
 20
218.407
 10
146.849
 20
218.387
 10
146.836
 20
218.366
 10
146.824
 20
218.344
 10
146.813
 20
218.323
 10
146.803
 20
218.301
 10
146.794
 20
218.279
 10
146.786
 20
218.257
 10
146.78
 20
218.235
 10
146.775
 20
218.213
 10
146.77
 20
218.191
 10
146.767
 20
218.169
 10
146.765
 20
218.147
 10
146.765
 20
218.124
 10
146.766
 20
218.102
 10
146.767
 20
218.08
 10
146.771
 20
218.057
 10
146.775
 20
218.035
 10
146.781
 20
218.013
 10
146.788
 20
217.99
 10
146.796
 20
217.968
 10
146.806
 20
217.946
 10
146.818
 20
217.924
 10
146.831
 20
217.903
 10
146.845
 20
217.882
 10
146.862
 20
217.861
 10
146.879
 20
217.84
 10
146.899
 20
217.82
 10
146.917
 20
217.802
 10
146.936
 20
217.786
 10
146.954
 20
217.772
 10
146.973
 20
217.759
 10
146.992
 20
217.748
 10
147.011
 20
217.738
 10
147.03
 20
217.731
 10
147.049
 20
217.724
 10
147.069
 20
217.719
 10
147.088
 20
217.715
 10
147.107
 20
217.712
 10
147.126
 20
217.711
 10
147.145
 20
217.71
 10
147.164
 20
217.71
 10
147.183
 20
217.711
 10
147.202
 20
217.713
 10
147.221
 20
217.716
 10
147.24
 20
217.72
 10
147.258
 20
217.724
 10
147.277
 20
217.729
 10
147.295
 20
217.735
 10
147.313
 20
217.741
 10
147.331
 20
217.748
 10
147.349
 20
217.755
 10
147.367
 20
217.763
 10
147.384
 20
217.771
 10
147.402
 20
217.779
 10
147.419
 20
217.787
 10
147.435
 20
217.795
 10
147.452
 20
217.804
 10
147.468
 20
217.812
 10
147.484
 20
217.82
 10
147.498
 20
217.827
 10
147.511
 20
217.834
 10
147.525
 20
217.841
 10
147.538
 20
217.848
 10
147.55
 20
217.854
 10
147.563
 20
217.86
 10
147.575
 20
217.866
 10
147.588
 20
217.872
 10
147.599
 20
217.878
 10
147.611
 20
217.882
 10
147.623
 20
217.887
 10
147.634
 20
217.891
 10
147.645
 20
217.895
 10
147.656
 20
217.898
 10
147.667
 20
217.9
 10
147.677
 20
217.902
 10
147.688
 20
217.904
 10
147.698
 20
217.905
 10
147.708
 20
217.906
 10
147.718
 20
217.906
 10
147.728
 20
217.905
 10
147.738
 20
217.904
 10
147.748
 20
217.903
 10
147.757
 20
217.9
 10
147.767
 20
217.898
 10
147.776
 20
217.894
 10
147.785
 20
217.89
 10
147.794
 20
217.884
 10
147.803
 20
217.879
 10
147.812
 20
217.872
 10
147.821
 20
217.865
 10
147.829
 20
217.857
 10
147.838
 20
217.847
 10
147.846
 20
217.838
 10
147.853
 20
217.828
 10
147.859
 20
217.818
 10
147.865
 20
217.808
 10
147.869
 20
217.798
 10
147.873
 20
217.788
 10
147.876
 20
217.777
 10
147.878
 20
217.767
 10
147.88
 20
217.756
 10
147.881
 20
217.746
 10
147.881
 20
217.735
 10
147.881
 20
217.725
 10
147.88
 20
217.714
 10
147.879
 20
217.704
 10
147.877
 20
217.693
 10
147.874
 20
217.683
 10
147.871
 20
217.672
 10
147.868
 20
217.662
 10
147.864
 20
217.652
 10
147.86
 20
217.642
 10
147.855
 20
217.632
 10
147.85
 20
217.622
 10
147.844
 20
217.613
 10
147.838
 20
217.603
 10
147.832
 20
217.594
 10
147.826
 20
217.584
 10
147.819
 20
217.576
 10
147.812
 20
217.567
 10
147.805
 20
217.559
 10
147.797
 20
217.55
 10
147.79
 20
217.543
 10
147.776
 20
217.53
 10
147.762
 20
217.518
 10
147.747
 20
217.507
 10
147.731
 20
217.497
 10
147.715
 20
217.487
 10
147.698
 20
217.478
 10
147.68
 20
217.47
 10
147.661
 20
217.463
 10
147.642
 20
217.457
 10
147.624
 20
217.452
 10
147.605
 20
217.448
 10
147.588
 20
217.445
 10
147.57
 20
217.444
 10
147.553
 20
217.443
 10
147.536
 20
217.443
 10
147.52
 20
217.445
 97
0
 92
2
 72
0
 73
1
 93
9
 10
147.07
 20
216.888
 10
146.224
 20
217.733
 10
146.046
 20
217.555
 10
146.892
 20
216.71
 10
146.585
 20
216.403
 10
146.74
 20
216.247
 10
147.532
 20
217.039
 10
147.377
 20
217.195
 10
147.07
 20
216.888
 97
0
 92
2
 72
0
 73
1
 93
129
 10
146.175
 20
216.677
 10
146.145
 20
216.705
 10
146.115
 20
216.732
 10
146.084
 20
216.757
 10
146.052
 20
216.779
 10
146.02
 20
216.8
 10
145.988
 20
216.819
 10
145.954
 20
216.836
 10
145.92
 20
216.851
 10
145.886
 20
216.864
 10
145.851
 20
216.876
 10
145.817
 20
216.885
 10
145.782
 20
216.893
 10
145.747
 20
216.899
 10
145.712
 20
216.903
 10
145.677
 20
216.906
 10
145.642
 20
216.906
 10
145.606
 20
216.905
 10
145.571
 20
216.902
 10
145.536
 20
216.897
 10
145.501
 20
216.89
 10
145.466
 20
216.882
 10
145.432
 20
216.871
 10
145.397
 20
216.859
 10
145.363
 20
216.845
 10
145.329
 20
216.83
 10
145.296
 20
216.812
 10
145.263
 20
216.793
 10
145.231
 20
216.772
 10
145.2
 20
216.749
 10
145.169
 20
216.724
 10
145.139
 20
216.698
 10
145.11
 20
216.67
 10
145.081
 20
216.64
 10
145.055
 20
216.61
 10
145.03
 20
216.579
 10
145.007
 20
216.547
 10
144.985
 20
216.515
 10
144.966
 20
216.482
 10
144.948
 20
216.449
 10
144.932
 20
216.415
 10
144.918
 20
216.38
 10
144.906
 20
216.346
 10
144.895
 20
216.311
 10
144.887
 20
216.276
 10
144.88
 20
216.241
 10
144.875
 20
216.206
 10
144.872
 20
216.17
 10
144.87
 20
216.135
 10
144.871
 20
216.099
 10
144.873
 20
216.064
 10
144.877
 20
216.029
 10
144.883
 20
215.994
 10
144.89
 20
215.959
 10
144.9
 20
215.924
 10
144.911
 20
215.89
 10
144.925
 20
215.855
 10
144.94
 20
215.821
 10
144.957
 20
215.788
 10
144.976
 20
215.755
 10
144.996
 20
215.723
 10
145.019
 20
215.692
 10
145.044
 20
215.661
 10
145.07
 20
215.631
 10
145.099
 20
215.601
 10
145.129
 20
215.572
 10
145.16
 20
215.545
 10
145.191
 20
215.52
 10
145.223
 20
215.497
 10
145.255
 20
215.475
 10
145.288
 20
215.456
 10
145.322
 20
215.439
 10
145.356
 20
215.424
 10
145.39
 20
215.411
 10
145.425
 20
215.4
 10
145.459
 20
215.39
 10
145.494
 20
215.383
 10
145.528
 20
215.377
 10
145.563
 20
215.373
 10
145.598
 20
215.372
 10
145.633
 20
215.372
 10
145.668
 20
215.374
 10
145.703
 20
215.377
 10
145.738
 20
215.383
 10
145.772
 20
215.39
 10
145.806
 20
215.4
 10
145.841
 20
215.411
 10
145.875
 20
215.424
 10
145.909
 20
215.438
 10
145.943
 20
215.455
 10
145.976
 20
215.473
 10
146.008
 20
215.493
 10
146.04
 20
215.514
 10
146.071
 20
215.538
 10
146.102
 20
215.563
 10
146.132
 20
215.589
 10
146.162
 20
215.618
 10
146.19
 20
215.647
 10
146.217
 20
215.677
 10
146.241
 20
215.707
 10
146.264
 20
215.739
 10
146.286
 20
215.77
 10
146.305
 20
215.803
 10
146.323
 20
215.835
 10
146.339
 20
215.869
 10
146.354
 20
215.903
 10
146.367
 20
215.937
 10
146.377
 20
215.971
 10
146.387
 20
216.005
 10
146.394
 20
216.039
 10
146.399
 20
216.074
 10
146.403
 20
216.108
 10
146.405
 20
216.143
 10
146.404
 20
216.178
 10
146.403
 20
216.213
 10
146.399
 20
216.247
 10
146.393
 20
216.282
 10
146.385
 20
216.316
 10
146.376
 20
216.351
 10
146.365
 20
216.385
 10
146.352
 20
216.42
 10
146.336
 20
216.454
 10
146.319
 20
216.487
 10
146.3
 20
216.52
 10
146.279
 20
216.553
 10
146.256
 20
216.585
 10
146.231
 20
216.616
 10
146.204
 20
216.647
 10
146.175
 20
216.677
 97
0
 92
2
 72
0
 73
1
 93
129
 10
145.981
 20
216.483
 10
146.0
 20
216.464
 10
146.018
 20
216.444
 10
146.034
 20
216.423
 10
146.05
 20
216.402
 10
146.064
 20
216.381
 10
146.077
 20
216.359
 10
146.089
 20
216.337
 10
146.1
 20
216.314
 10
146.11
 20
216.291
 10
146.119
 20
216.268
 10
146.127
 20
216.245
 10
146.133
 20
216.222
 10
146.138
 20
216.199
 10
146.142
 20
216.176
 10
146.145
 20
216.152
 10
146.146
 20
216.128
 10
146.147
 20
216.105
 10
146.146
 20
216.081
 10
146.144
 20
216.058
 10
146.141
 20
216.034
 10
146.137
 20
216.011
 10
146.131
 20
215.988
 10
146.124
 20
215.965
 10
146.116
 20
215.942
 10
146.107
 20
215.92
 10
146.096
 20
215.898
 10
146.084
 20
215.876
 10
146.071
 20
215.855
 10
146.056
 20
215.834
 10
146.04
 20
215.813
 10
146.022
 20
215.793
 10
146.004
 20
215.773
 10
145.984
 20
215.755
 10
145.964
 20
215.737
 10
145.943
 20
215.721
 10
145.922
 20
215.706
 10
145.901
 20
215.693
 10
145.879
 20
215.681
 10
145.857
 20
215.67
 10
145.834
 20
215.66
 10
145.811
 20
215.652
 10
145.788
 20
215.645
 10
145.765
 20
215.639
 10
145.741
 20
215.635
 10
145.718
 20
215.632
 10
145.694
 20
215.629
 10
145.671
 20
215.629
 10
145.647
 20
215.629
 10
145.624
 20
215.631
 10
145.6
 20
215.634
 10
145.577
 20
215.638
 10
145.553
 20
215.643
 10
145.53
 20
215.649
 10
145.507
 20
215.657
 10
145.484
 20
215.665
 10
145.461
 20
215.675
 10
145.439
 20
215.686
 10
145.416
 20
215.698
 10
145.395
 20
215.711
 10
145.373
 20
215.726
 10
145.352
 20
215.741
 10
145.332
 20
215.758
 10
145.312
 20
215.776
 10
145.292
 20
215.795
 10
145.273
 20
215.815
 10
145.254
 20
215.836
 10
145.237
 20
215.857
 10
145.221
 20
215.878
 10
145.206
 20
215.9
 10
145.193
 20
215.922
 10
145.18
 20
215.944
 10
145.169
 20
215.967
 10
145.159
 20
215.99
 10
145.15
 20
216.013
 10
145.143
 20
216.037
 10
145.137
 20
216.06
 10
145.131
 20
216.083
 10
145.127
 20
216.107
 10
145.125
 20
216.131
 10
145.123
 20
216.155
 10
145.123
 20
216.178
 10
145.124
 20
216.202
 10
145.126
 20
216.226
 10
145.13
 20
216.249
 10
145.134
 20
216.272
 10
145.14
 20
216.295
 10
145.147
 20
216.318
 10
145.156
 20
216.341
 10
145.165
 20
216.364
 10
145.176
 20
216.386
 10
145.189
 20
216.408
 10
145.202
 20
216.429
 10
145.217
 20
216.449
 10
145.233
 20
216.47
 10
145.25
 20
216.489
 10
145.268
 20
216.509
 10
145.288
 20
216.527
 10
145.307
 20
216.544
 10
145.327
 20
216.56
 10
145.348
 20
216.575
 10
145.369
 20
216.588
 10
145.391
 20
216.6
 10
145.413
 20
216.611
 10
145.435
 20
216.62
 10
145.458
 20
216.629
 10
145.481
 20
216.636
 10
145.504
 20
216.642
 10
145.527
 20
216.646
 10
145.55
 20
216.649
 10
145.574
 20
216.652
 10
145.597
 20
216.653
 10
145.621
 20
216.652
 10
145.645
 20
216.651
 10
145.669
 20
216.648
 10
145.692
 20
216.644
 10
145.716
 20
216.639
 10
145.739
 20
216.633
 10
145.762
 20
216.625
 10
145.785
 20
216.616
 10
145.808
 20
216.606
 10
145.831
 20
216.595
 10
145.854
 20
216.583
 10
145.876
 20
216.569
 10
145.898
 20
216.554
 10
145.919
 20
216.538
 10
145.94
 20
216.521
 10
145.961
 20
216.503
 10
145.981
 20
216.483
 97
0
 92
2
 72
0
 73
1
 93
57
 10
145.424
 20
214.931
 10
144.423
 20
215.932
 10
144.244
 20
215.754
 10
144.669
 20
215.329
 10
144.538
 20
215.199
 10
143.882
 20
215.392
 10
143.667
 20
215.177
 10
144.379
 20
215.0
 10
144.36
 20
214.967
 10
144.343
 20
214.935
 10
144.33
 20
214.902
 10
144.319
 20
214.87
 10
144.311
 20
214.837
 10
144.306
 20
214.805
 10
144.303
 20
214.772
 10
144.304
 20
214.74
 10
144.307
 20
214.707
 10
144.314
 20
214.676
 10
144.323
 20
214.645
 10
144.336
 20
214.615
 10
144.352
 20
214.585
 10
144.372
 20
214.556
 10
144.394
 20
214.528
 10
144.42
 20
214.501
 10
144.44
 20
214.482
 10
144.46
 20
214.464
 10
144.48
 20
214.449
 10
144.501
 20
214.435
 10
144.521
 20
214.423
 10
144.542
 20
214.413
 10
144.564
 20
214.404
 10
144.585
 20
214.397
 10
144.607
 20
214.392
 10
144.628
 20
214.388
 10
144.65
 20
214.385
 10
144.671
 20
214.384
 10
144.693
 20
214.384
 10
144.714
 20
214.385
 10
144.736
 20
214.387
 10
144.757
 20
214.391
 10
144.778
 20
214.396
 10
144.8
 20
214.402
 10
144.821
 20
214.409
 10
144.841
 20
214.417
 10
144.862
 20
214.426
 10
144.883
 20
214.437
 10
144.903
 20
214.448
 10
144.924
 20
214.46
 10
144.944
 20
214.473
 10
144.964
 20
214.487
 10
144.983
 20
214.502
 10
145.003
 20
214.517
 10
145.021
 20
214.532
 10
145.04
 20
214.548
 10
145.058
 20
214.565
 10
145.076
 20
214.583
 10
145.424
 20
214.931
 97
0
 92
2
 72
0
 73
1
 93
68
 10
144.669
 20
215.038
 10
144.814
 20
215.184
 10
145.096
 20
214.902
 10
144.934
 20
214.741
 10
144.926
 20
214.733
 10
144.917
 20
214.724
 10
144.908
 20
214.716
 10
144.899
 20
214.708
 10
144.889
 20
214.7
 10
144.879
 20
214.692
 10
144.869
 20
214.684
 10
144.859
 20
214.677
 10
144.848
 20
214.669
 10
144.838
 20
214.663
 10
144.827
 20
214.656
 10
144.817
 20
214.651
 10
144.806
 20
214.646
 10
144.795
 20
214.641
 10
144.784
 20
214.637
 10
144.773
 20
214.634
 10
144.762
 20
214.631
 10
144.751
 20
214.628
 10
144.74
 20
214.627
 10
144.729
 20
214.626
 10
144.718
 20
214.626
 10
144.707
 20
214.626
 10
144.696
 20
214.627
 10
144.685
 20
214.629
 10
144.674
 20
214.631
 10
144.663
 20
214.635
 10
144.652
 20
214.639
 10
144.641
 20
214.645
 10
144.631
 20
214.651
 10
144.62
 20
214.659
 10
144.61
 20
214.668
 10
144.599
 20
214.677
 10
144.589
 20
214.689
 10
144.579
 20
214.7
 10
144.57
 20
214.712
 10
144.563
 20
214.724
 10
144.557
 20
214.735
 10
144.552
 20
214.747
 10
144.548
 20
214.759
 10
144.545
 20
214.771
 10
144.543
 20
214.784
 10
144.542
 20
214.796
 10
144.541
 20
214.808
 10
144.542
 20
214.819
 10
144.543
 20
214.831
 10
144.545
 20
214.843
 10
144.547
 20
214.855
 10
144.551
 20
214.866
 10
144.555
 20
214.878
 10
144.559
 20
214.889
 10
144.564
 20
214.9
 10
144.57
 20
214.912
 10
144.576
 20
214.923
 10
144.583
 20
214.934
 10
144.59
 20
214.945
 10
144.598
 20
214.956
 10
144.606
 20
214.967
 10
144.615
 20
214.978
 10
144.623
 20
214.988
 10
144.632
 20
214.998
 10
144.641
 20
215.009
 10
144.65
 20
215.019
 10
144.659
 20
215.028
 10
144.669
 20
215.038
 97
0
 92
2
 72
0
 73
1
 93
17
 10
144.534
 20
214.041
 10
143.533
 20
215.042
 10
143.363
 20
214.873
 10
144.168
 20
214.068
 10
144.165
 20
214.065
 10
143.061
 20
214.57
 10
142.936
 20
214.445
 10
143.437
 20
213.337
 10
143.434
 20
213.334
 10
142.629
 20
214.139
 10
142.453
 20
213.962
 10
143.454
 20
212.961
 10
143.734
 20
213.241
 10
143.28
 20
214.209
 10
143.284
 20
214.214
 10
144.256
 20
213.762
 10
144.534
 20
214.041
 97
0
 75
0
 76
1
 98
0
  0
HATCH
  5
76
330
17
100
AcDbEntity
  8
RASTER
 62
7
100
AcDbHatch
 10
0.0
 20
0.0
 30
0.0
210
0.0
220
0.0
230
1.0
  2
SOLID
 70
1
 71
0
 91
9
 92
3
 72
0
 73
1
 93
50
 10
185.479
 20
221.536
 10
185.825
 20
221.281
 10
186.167
 20
221.022
 10
186.506
 20
220.758
 10
186.842
 20
220.49
 10
187.174
 20
220.218
 10
187.502
 20
219.941
 10
187.827
 20
219.66
 10
188.147
 20
219.375
 10
188.465
 20
219.086
 10
188.778
 20
218.792
 10
189.088
 20
218.495
 10
189.393
 20
218.193
 10
189.695
 20
217.888
 10
189.992
 20
217.578
 10
190.286
 20
217.265
 10
190.575
 20
216.947
 10
190.86
 20
216.627
 10
191.141
 20
216.302
 10
191.418
 20
215.974
 10
191.69
 20
215.642
 10
191.958
 20
215.306
 10
192.222
 20
214.967
 10
192.481
 20
214.625
 10
192.736
 20
214.279
 10
170.407
 20
198.056
 10
170.367
 20
198.111
 10
170.325
 20
198.166
 10
170.284
 20
198.219
 10
170.241
 20
198.272
 10
170.198
 20
198.325
 10
170.154
 20
198.377
 10
170.11
 20
198.429
 10
170.064
 20
198.479
 10
170.018
 20
198.53
 10
169.972
 20
198.579
 10
169.925
 20
198.629
 10
169.877
 20
198.677
 10
169.829
 20
198.725
 10
169.779
 20
198.772
 10
169.73
 20
198.818
 10
169.679
 20
198.864
 10
169.629
 20
198.91
 10
169.577
 20
198.954
 10
169.525
 20
198.998
 10
169.472
 20
199.041
 10
169.419
 20
199.084
 10
169.366
 20
199.125
 10
169.311
 20
199.167
 10
169.256
 20
199.207
 97
0
 92
2
 72
0
 73
1
 93
56
 10
184.744
 20
213.466
 10
184.319
 20
213.655
 10
183.767
 20
213.727
 10
183.607
 20
213.916
 10
183.416
 20
214.063
 10
183.182
 20
214.156
 10
183.044
 20
214.177
 10
182.736
 20
214.154
 10
182.311
 20
213.967
 10
181.918
 20
214.103
 10
181.504
 20
214.112
 10
181.259
 20
214.041
 10
180.972
 20
213.874
 10
180.686
 20
213.587
 10
180.545
 20
213.353
 10
180.45
 20
213.034
 10
180.475
 20
212.535
 10
180.598
 20
212.227
 10
180.749
 20
212.014
 10
181.693
 20
211.047
 10
181.61
 20
210.948
 10
180.879
 20
210.527
 10
180.864
 20
210.474
 10
180.898
 20
210.435
 10
181.281
 20
210.295
 10
181.372
 20
210.187
 10
181.302
 20
210.119
 10
180.824
 20
209.936
 10
180.788
 20
209.86
 10
180.834
 20
209.838
 10
182.449
 20
209.949
 10
182.507
 20
209.996
 10
182.492
 20
210.057
 10
182.152
 20
210.225
 10
182.009
 20
210.336
 10
182.035
 20
210.408
 10
182.216
 20
210.467
 10
182.29
 20
210.431
 10
182.991
 20
209.709
 10
183.278
 20
209.49
 10
183.692
 20
209.313
 10
184.096
 20
209.282
 10
184.351
 20
209.313
 10
184.67
 20
209.439
 10
184.957
 20
209.656
 10
185.182
 20
209.964
 10
185.322
 20
210.442
 10
185.295
 20
210.877
 10
185.129
 20
211.313
 10
185.269
 20
211.536
 10
185.384
 20
211.834
 10
185.422
 20
212.142
 10
185.414
 20
212.45
 10
185.322
 20
212.769
 10
185.176
 20
213.045
 10
184.744
 20
213.466
 97
0
 92
2
 72
0
 73
1
 93
323
 10
188.645
 20
213.68
 10
188.402
 20
213.669
 10
188.404
 20
213.641
 10
188.407
 20
213.614
 10
188.412
 20
213.586
 10
188.418
 20
213.559
 10
188.426
 20
213.532
 10
188.435
 20
213.505
 10
188.445
 20
213.478
 10
188.458
 20
213.452
 10
188.471
 20
213.426
 10
188.485
 20
213.401
 10
188.5
 20
213.377
 10
188.515
 20
213.354
 10
188.532
 20
213.332
 10
188.549
 20
213.31
 10
188.567
 20
213.29
 10
188.586
 20
213.27
 10
188.603
 20
213.254
 10
188.62
 20
213.238
 10
188.639
 20
213.222
 10
188.657
 20
213.207
 10
188.677
 20
213.193
 10
188.696
 20
213.18
 10
188.716
 20
213.167
 10
188.737
 20
213.154
 10
188.758
 20
213.143
 10
188.779
 20
213.132
 10
188.8
 20
213.123
 10
188.821
 20
213.114
 10
188.843
 20
213.107
 10
188.864
 20
213.1
 10
188.886
 20
213.095
 10
188.908
 20
213.091
 10
188.93
 20
213.087
 10
188.952
 20
213.085
 10
188.974
 20
213.084
 10
188.996
 20
213.085
 10
189.017
 20
213.086
 10
189.039
 20
213.089
 10
189.061
 20
213.093
 10
189.083
 20
213.098
 10
189.104
 20
213.105
 10
189.126
 20
213.113
 10
189.146
 20
213.123
 10
189.167
 20
213.135
 10
189.187
 20
213.148
 10
189.207
 20
213.163
 10
189.227
 20
213.18
 10
189.246
 20
213.198
 10
189.263
 20
213.216
 10
189.279
 20
213.233
 10
189.293
 20
213.251
 10
189.305
 20
213.269
 10
189.316
 20
213.286
 10
189.326
 20
213.304
 10
189.335
 20
213.321
 10
189.341
 20
213.339
 10
189.347
 20
213.356
 10
189.352
 20
213.374
 10
189.356
 20
213.391
 10
189.359
 20
213.408
 10
189.361
 20
213.426
 10
189.363
 20
213.443
 10
189.363
 20
213.46
 10
189.363
 20
213.477
 10
189.361
 20
213.494
 10
189.36
 20
213.511
 10
189.357
 20
213.528
 10
189.354
 20
213.545
 10
189.35
 20
213.562
 10
189.345
 20
213.578
 10
189.34
 20
213.595
 10
189.334
 20
213.611
 10
189.327
 20
213.627
 10
189.321
 20
213.643
 10
189.314
 20
213.659
 10
189.307
 20
213.675
 10
189.3
 20
213.69
 10
189.292
 20
213.705
 10
189.285
 20
213.721
 10
189.277
 20
213.736
 10
189.269
 20
213.751
 10
189.262
 20
213.766
 10
189.254
 20
213.781
 10
189.247
 20
213.796
 10
189.239
 20
213.811
 10
189.232
 20
213.826
 10
189.225
 20
213.84
 10
189.218
 20
213.854
 10
189.211
 20
213.868
 10
189.205
 20
213.882
 10
189.199
 20
213.896
 10
189.194
 20
213.909
 10
189.189
 20
213.923
 10
189.184
 20
213.936
 10
189.181
 20
213.948
 10
189.177
 20
213.961
 10
189.175
 20
213.974
 10
189.173
 20
213.986
 10
189.171
 20
213.998
 10
189.17
 20
214.01
 10
189.17
 20
214.022
 10
189.171
 20
214.033
 10
189.172
 20
214.045
 10
189.173
 20
214.056
 10
189.176
 20
214.067
 10
189.179
 20
214.078
 10
189.184
 20
214.089
 10
189.189
 20
214.099
 10
189.195
 20
214.11
 10
189.203
 20
214.12
 10
189.211
 20
214.13
 10
189.221
 20
214.14
 10
189.231
 20
214.15
 10
189.241
 20
214.159
 10
189.252
 20
214.167
 10
189.262
 20
214.174
 10
189.273
 20
214.18
 10
189.284
 20
214.185
 10
189.295
 20
214.189
 10
189.305
 20
214.192
 10
189.316
 20
214.195
 10
189.327
 20
214.197
 10
189.338
 20
214.198
 10
189.349
 20
214.199
 10
189.36
 20
214.199
 10
189.372
 20
214.199
 10
189.383
 20
214.197
 10
189.394
 20
214.196
 10
189.405
 20
214.194
 10
189.416
 20
214.191
 10
189.427
 20
214.188
 10
189.437
 20
214.184
 10
189.448
 20
214.179
 10
189.458
 20
214.175
 10
189.469
 20
214.169
 10
189.479
 20
214.163
 10
189.489
 20
214.157
 10
189.498
 20
214.151
 10
189.508
 20
214.144
 10
189.517
 20
214.137
 10
189.525
 20
214.13
 10
189.534
 20
214.123
 10
189.542
 20
214.115
 10
189.55
 20
214.107
 10
189.564
 20
214.092
 10
189.578
 20
214.076
 10
189.591
 20
214.058
 10
189.603
 20
214.04
 10
189.614
 20
214.021
 10
189.624
 20
214.0
 10
189.633
 20
213.979
 10
189.641
 20
213.957
 10
189.649
 20
213.934
 10
189.654
 20
213.911
 10
189.659
 20
213.889
 10
189.662
 20
213.866
 10
189.663
 20
213.844
 10
189.663
 20
213.822
 10
189.662
 20
213.8
 10
189.659
 20
213.778
 10
189.905
 20
213.769
 10
189.907
 20
213.802
 10
189.906
 20
213.834
 10
189.904
 20
213.867
 10
189.899
 20
213.899
 10
189.892
 20
213.932
 10
189.883
 20
213.964
 10
189.872
 20
213.997
 10
189.859
 20
214.029
 10
189.844
 20
214.061
 10
189.828
 20
214.092
 10
189.81
 20
214.122
 10
189.792
 20
214.15
 10
189.772
 20
214.178
 10
189.751
 20
214.205
 10
189.728
 20
214.231
 10
189.704
 20
214.256
 10
189.686
 20
214.274
 10
189.667
 20
214.291
 10
189.647
 20
214.307
 10
189.628
 20
214.323
 10
189.607
 20
214.337
 10
189.587
 20
214.351
 10
189.566
 20
214.364
 10
189.544
 20
214.376
 10
189.523
 20
214.387
 10
189.501
 20
214.397
 10
189.479
 20
214.406
 10
189.457
 20
214.414
 10
189.435
 20
214.42
 10
189.413
 20
214.425
 10
189.391
 20
214.43
 10
189.369
 20
214.433
 10
189.347
 20
214.435
 10
189.324
 20
214.435
 10
189.302
 20
214.434
 10
189.28
 20
214.433
 10
189.257
 20
214.429
 10
189.235
 20
214.425
 10
189.213
 20
214.419
 10
189.19
 20
214.412
 10
189.168
 20
214.404
 10
189.146
 20
214.394
 10
189.124
 20
214.382
 10
189.103
 20
214.369
 10
189.082
 20
214.355
 10
189.061
 20
214.338
 10
189.04
 20
214.321
 10
189.02
 20
214.301
 10
189.002
 20
214.283
 10
188.986
 20
214.264
 10
188.972
 20
214.246
 10
188.959
 20
214.227
 10
188.948
 20
214.208
 10
188.938
 20
214.189
 10
188.931
 20
214.17
 10
188.924
 20
214.151
 10
188.919
 20
214.131
 10
188.915
 20
214.112
 10
188.912
 20
214.093
 10
188.911
 20
214.074
 10
188.91
 20
214.055
 10
188.91
 20
214.036
 10
188.911
 20
214.017
 10
188.913
 20
213.998
 10
188.916
 20
213.979
 10
188.92
 20
213.96
 10
188.924
 20
213.942
 10
188.929
 20
213.923
 10
188.935
 20
213.905
 10
188.941
 20
213.887
 10
188.948
 20
213.869
 10
188.955
 20
213.851
 10
188.963
 20
213.833
 10
188.971
 20
213.816
 10
188.979
 20
213.798
 10
188.987
 20
213.781
 10
188.995
 20
213.765
 10
189.004
 20
213.748
 10
189.012
 20
213.732
 10
189.02
 20
213.716
 10
189.027
 20
213.702
 10
189.034
 20
213.689
 10
189.041
 20
213.675
 10
189.048
 20
213.662
 10
189.054
 20
213.65
 10
189.06
 20
213.637
 10
189.066
 20
213.625
 10
189.072
 20
213.612
 10
189.078
 20
213.601
 10
189.082
 20
213.589
 10
189.087
 20
213.577
 10
189.091
 20
213.566
 10
189.095
 20
213.555
 10
189.098
 20
213.544
 10
189.1
 20
213.533
 10
189.102
 20
213.523
 10
189.104
 20
213.512
 10
189.105
 20
213.502
 10
189.106
 20
213.492
 10
189.106
 20
213.482
 10
189.105
 20
213.472
 10
189.104
 20
213.462
 10
189.103
 20
213.452
 10
189.1
 20
213.443
 10
189.098
 20
213.433
 10
189.094
 20
213.424
 10
189.09
 20
213.415
 10
189.084
 20
213.406
 10
189.079
 20
213.397
 10
189.072
 20
213.388
 10
189.065
 20
213.379
 10
189.057
 20
213.371
 10
189.047
 20
213.362
 10
189.038
 20
213.354
 10
189.028
 20
213.347
 10
189.018
 20
213.341
 10
189.008
 20
213.335
 10
188.998
 20
213.331
 10
188.988
 20
213.327
 10
188.977
 20
213.324
 10
188.967
 20
213.322
 10
188.956
 20
213.32
 10
188.946
 20
213.319
 10
188.935
 20
213.319
 10
188.925
 20
213.319
 10
188.914
 20
213.32
 10
188.904
 20
213.321
 10
188.893
 20
213.323
 10
188.883
 20
213.326
 10
188.872
 20
213.329
 10
188.862
 20
213.332
 10
188.852
 20
213.336
 10
188.842
 20
213.34
 10
188.832
 20
213.345
 10
188.822
 20
213.35
 10
188.813
 20
213.356
 10
188.803
 20
213.362
 10
188.794
 20
213.368
 10
188.784
 20
213.374
 10
188.776
 20
213.381
 10
188.767
 20
213.388
 10
188.759
 20
213.395
 10
188.75
 20
213.403
 10
188.743
 20
213.41
 10
188.73
 20
213.424
 10
188.718
 20
213.438
 10
188.707
 20
213.453
 10
188.697
 20
213.469
 10
188.687
 20
213.485
 10
188.678
 20
213.502
 10
188.67
 20
213.52
 10
188.663
 20
213.539
 10
188.657
 20
213.558
 10
188.652
 20
213.576
 10
188.648
 20
213.595
 10
188.645
 20
213.612
 10
188.644
 20
213.63
 10
188.643
 20
213.647
 10
188.643
 20
213.664
 10
188.645
 20
213.68
 97
0
 92
2
 72
0
 73
1
 93
9
 10
188.088
 20
214.13
 10
188.933
 20
214.976
 10
188.755
 20
215.154
 10
187.91
 20
214.308
 10
187.603
 20
214.615
 10
187.447
 20
214.46
 10
188.239
 20
213.668
 10
188.395
 20
213.823
 10
188.088
 20
214.13
 97
0
 92
2
 72
0
 73
1
 93
129
 10
187.877
 20
215.025
 10
187.905
 20
215.055
 10
187.932
 20
215.085
 10
187.957
 20
215.116
 10
187.979
 20
215.148
 10
188.0
 20
215.18
 10
188.019
 20
215.212
 10
188.036
 20
215.246
 10
188.051
 20
215.28
 10
188.064
 20
215.314
 10
188.076
 20
215.349
 10
188.085
 20
215.383
 10
188.093
 20
215.418
 10
188.099
 20
215.453
 10
188.103
 20
215.488
 10
188.106
 20
215.523
 10
188.106
 20
215.558
 10
188.105
 20
215.594
 10
188.102
 20
215.629
 10
188.097
 20
215.664
 10
188.09
 20
215.699
 10
188.082
 20
215.734
 10
188.071
 20
215.768
 10
188.059
 20
215.803
 10
188.045
 20
215.837
 10
188.03
 20
215.871
 10
188.012
 20
215.904
 10
187.993
 20
215.937
 10
187.972
 20
215.969
 10
187.949
 20
216.0
 10
187.924
 20
216.031
 10
187.898
 20
216.061
 10
187.87
 20
216.09
 10
187.84
 20
216.119
 10
187.81
 20
216.145
 10
187.779
 20
216.17
 10
187.747
 20
216.193
 10
187.715
 20
216.215
 10
187.682
 20
216.234
 10
187.649
 20
216.252
 10
187.615
 20
216.268
 10
187.58
 20
216.282
 10
187.546
 20
216.294
 10
187.511
 20
216.305
 10
187.476
 20
216.313
 10
187.441
 20
216.32
 10
187.406
 20
216.325
 10
187.37
 20
216.328
 10
187.335
 20
216.33
 10
187.299
 20
216.329
 10
187.264
 20
216.327
 10
187.229
 20
216.323
 10
187.194
 20
216.317
 10
187.159
 20
216.31
 10
187.124
 20
216.3
 10
187.09
 20
216.289
 10
187.055
 20
216.275
 10
187.021
 20
216.26
 10
186.988
 20
216.243
 10
186.955
 20
216.224
 10
186.923
 20
216.204
 10
186.892
 20
216.181
 10
186.861
 20
216.156
 10
186.831
 20
216.13
 10
186.801
 20
216.101
 10
186.772
 20
216.071
 10
186.745
 20
216.04
 10
186.72
 20
216.009
 10
186.697
 20
215.977
 10
186.675
 20
215.945
 10
186.656
 20
215.912
 10
186.639
 20
215.878
 10
186.624
 20
215.844
 10
186.611
 20
215.81
 10
186.6
 20
215.775
 10
186.59
 20
215.741
 10
186.583
 20
215.706
 10
186.577
 20
215.672
 10
186.573
 20
215.637
 10
186.572
 20
215.602
 10
186.572
 20
215.567
 10
186.574
 20
215.532
 10
186.577
 20
215.497
 10
186.583
 20
215.462
 10
186.59
 20
215.428
 10
186.6
 20
215.394
 10
186.611
 20
215.359
 10
186.624
 20
215.325
 10
186.638
 20
215.291
 10
186.655
 20
215.257
 10
186.673
 20
215.224
 10
186.693
 20
215.192
 10
186.714
 20
215.16
 10
186.738
 20
215.129
 10
186.763
 20
215.098
 10
186.789
 20
215.068
 10
186.818
 20
215.038
 10
186.847
 20
215.01
 10
186.877
 20
214.983
 10
186.907
 20
214.959
 10
186.939
 20
214.936
 10
186.97
 20
214.914
 10
187.003
 20
214.895
 10
187.035
 20
214.877
 10
187.069
 20
214.861
 10
187.103
 20
214.846
 10
187.137
 20
214.833
 10
187.171
 20
214.823
 10
187.205
 20
214.813
 10
187.239
 20
214.806
 10
187.274
 20
214.801
 10
187.308
 20
214.797
 10
187.343
 20
214.795
 10
187.378
 20
214.796
 10
187.413
 20
214.797
 10
187.447
 20
214.801
 10
187.482
 20
214.807
 10
187.516
 20
214.815
 10
187.551
 20
214.824
 10
187.585
 20
214.835
 10
187.62
 20
214.848
 10
187.654
 20
214.864
 10
187.687
 20
214.881
 10
187.72
 20
214.9
 10
187.753
 20
214.921
 10
187.785
 20
214.944
 10
187.816
 20
214.969
 10
187.847
 20
214.996
 10
187.877
 20
215.025
 97
0
 92
2
 72
0
 73
1
 93
129
 10
187.683
 20
215.219
 10
187.664
 20
215.2
 10
187.644
 20
215.182
 10
187.623
 20
215.166
 10
187.602
 20
215.15
 10
187.581
 20
215.136
 10
187.559
 20
215.123
 10
187.537
 20
215.111
 10
187.514
 20
215.1
 10
187.491
 20
215.09
 10
187.468
 20
215.081
 10
187.445
 20
215.073
 10
187.422
 20
215.067
 10
187.399
 20
215.062
 10
187.376
 20
215.058
 10
187.352
 20
215.055
 10
187.328
 20
215.054
 10
187.305
 20
215.053
 10
187.281
 20
215.054
 10
187.258
 20
215.056
 10
187.234
 20
215.059
 10
187.211
 20
215.063
 10
187.188
 20
215.069
 10
187.165
 20
215.076
 10
187.142
 20
215.084
 10
187.12
 20
215.093
 10
187.098
 20
215.104
 10
187.076
 20
215.116
 10
187.055
 20
215.129
 10
187.034
 20
215.144
 10
187.013
 20
215.16
 10
186.993
 20
215.178
 10
186.973
 20
215.196
 10
186.955
 20
215.216
 10
186.937
 20
215.236
 10
186.921
 20
215.257
 10
186.906
 20
215.278
 10
186.893
 20
215.299
 10
186.881
 20
215.321
 10
186.87
 20
215.343
 10
186.86
 20
215.366
 10
186.852
 20
215.389
 10
186.845
 20
215.412
 10
186.839
 20
215.435
 10
186.835
 20
215.459
 10
186.832
 20
215.482
 10
186.829
 20
215.506
 10
186.829
 20
215.529
 10
186.829
 20
215.553
 10
186.831
 20
215.576
 10
186.834
 20
215.6
 10
186.838
 20
215.623
 10
186.843
 20
215.647
 10
186.849
 20
215.67
 10
186.857
 20
215.693
 10
186.865
 20
215.716
 10
186.875
 20
215.739
 10
186.886
 20
215.761
 10
186.898
 20
215.784
 10
186.911
 20
215.805
 10
186.926
 20
215.827
 10
186.941
 20
215.848
 10
186.958
 20
215.868
 10
186.976
 20
215.888
 10
186.995
 20
215.908
 10
187.015
 20
215.927
 10
187.036
 20
215.946
 10
187.057
 20
215.963
 10
187.078
 20
215.979
 10
187.1
 20
215.994
 10
187.122
 20
216.007
 10
187.144
 20
216.02
 10
187.167
 20
216.031
 10
187.19
 20
216.041
 10
187.213
 20
216.05
 10
187.237
 20
216.057
 10
187.26
 20
216.063
 10
187.283
 20
216.069
 10
187.307
 20
216.073
 10
187.331
 20
216.075
 10
187.355
 20
216.077
 10
187.378
 20
216.077
 10
187.402
 20
216.076
 10
187.426
 20
216.074
 10
187.449
 20
216.07
 10
187.472
 20
216.066
 10
187.495
 20
216.06
 10
187.518
 20
216.053
 10
187.541
 20
216.044
 10
187.564
 20
216.035
 10
187.586
 20
216.024
 10
187.608
 20
216.011
 10
187.629
 20
215.998
 10
187.649
 20
215.983
 10
187.67
 20
215.967
 10
187.689
 20
215.95
 10
187.709
 20
215.932
 10
187.727
 20
215.912
 10
187.744
 20
215.893
 10
187.76
 20
215.873
 10
187.775
 20
215.852
 10
187.788
 20
215.831
 10
187.8
 20
215.809
 10
187.811
 20
215.787
 10
187.82
 20
215.765
 10
187.829
 20
215.742
 10
187.836
 20
215.719
 10
187.842
 20
215.696
 10
187.846
 20
215.673
 10
187.849
 20
215.65
 10
187.852
 20
215.626
 10
187.853
 20
215.603
 10
187.852
 20
215.579
 10
187.851
 20
215.555
 10
187.848
 20
215.531
 10
187.844
 20
215.508
 10
187.839
 20
215.484
 10
187.833
 20
215.461
 10
187.825
 20
215.438
 10
187.816
 20
215.415
 10
187.806
 20
215.392
 10
187.795
 20
215.369
 10
187.783
 20
215.346
 10
187.769
 20
215.324
 10
187.754
 20
215.302
 10
187.738
 20
215.281
 10
187.721
 20
215.26
 10
187.703
 20
215.239
 10
187.683
 20
215.219
 97
0
 92
2
 72
0
 73
1
 93
57
 10
186.131
 20
215.776
 10
187.132
 20
216.777
 10
186.954
 20
216.956
 10
186.529
 20
216.531
 10
186.399
 20
216.662
 10
186.592
 20
217.318
 10
186.377
 20
217.533
 10
186.2
 20
216.821
 10
186.167
 20
216.84
 10
186.135
 20
216.857
 10
186.102
 20
216.87
 10
186.07
 20
216.881
 10
186.037
 20
216.889
 10
186.005
 20
216.894
 10
185.972
 20
216.897
 10
185.94
 20
216.896
 10
185.907
 20
216.893
 10
185.876
 20
216.886
 10
185.845
 20
216.877
 10
185.815
 20
216.864
 10
185.785
 20
216.848
 10
185.756
 20
216.828
 10
185.728
 20
216.806
 10
185.701
 20
216.78
 10
185.682
 20
216.76
 10
185.664
 20
216.74
 10
185.649
 20
216.72
 10
185.635
 20
216.699
 10
185.623
 20
216.679
 10
185.613
 20
216.658
 10
185.604
 20
216.636
 10
185.597
 20
216.615
 10
185.592
 20
216.593
 10
185.588
 20
216.572
 10
185.585
 20
216.55
 10
185.584
 20
216.529
 10
185.584
 20
216.507
 10
185.585
 20
216.486
 10
185.587
 20
216.464
 10
185.591
 20
216.443
 10
185.596
 20
216.422
 10
185.602
 20
216.4
 10
185.609
 20
216.379
 10
185.617
 20
216.359
 10
185.626
 20
216.338
 10
185.637
 20
216.317
 10
185.648
 20
216.297
 10
185.66
 20
216.276
 10
185.673
 20
216.256
 10
185.687
 20
216.236
 10
185.702
 20
216.217
 10
185.717
 20
216.197
 10
185.732
 20
216.179
 10
185.748
 20
216.16
 10
185.765
 20
216.142
 10
185.783
 20
216.124
 10
186.131
 20
215.776
 97
0
 92
2
 72
0
 73
1
 93
68
 10
186.238
 20
216.531
 10
186.384
 20
216.386
 10
186.102
 20
216.104
 10
185.941
 20
216.266
 10
185.933
 20
216.274
 10
185.924
 20
216.283
 10
185.916
 20
216.292
 10
185.908
 20
216.301
 10
185.9
 20
216.311
 10
185.892
 20
216.321
 10
185.884
 20
216.331
 10
185.877
 20
216.341
 10
185.869
 20
216.352
 10
185.863
 20
216.362
 10
185.856
 20
216.373
 10
185.851
 20
216.383
 10
185.846
 20
216.394
 10
185.841
 20
216.405
 10
185.837
 20
216.416
 10
185.834
 20
216.427
 10
185.831
 20
216.438
 10
185.828
 20
216.449
 10
185.827
 20
216.46
 10
185.826
 20
216.471
 10
185.826
 20
216.482
 10
185.826
 20
216.493
 10
185.827
 20
216.504
 10
185.829
 20
216.515
 10
185.831
 20
216.526
 10
185.835
 20
216.537
 10
185.839
 20
216.548
 10
185.845
 20
216.559
 10
185.851
 20
216.569
 10
185.859
 20
216.58
 10
185.868
 20
216.59
 10
185.877
 20
216.601
 10
185.889
 20
216.611
 10
185.9
 20
216.621
 10
185.912
 20
216.63
 10
185.924
 20
216.637
 10
185.935
 20
216.643
 10
185.947
 20
216.648
 10
185.959
 20
216.652
 10
185.971
 20
216.655
 10
185.984
 20
216.657
 10
185.996
 20
216.658
 10
186.008
 20
216.659
 10
186.019
 20
216.658
 10
186.031
 20
216.657
 10
186.043
 20
216.655
 10
186.055
 20
216.653
 10
186.066
 20
216.649
 10
186.078
 20
216.645
 10
186.089
 20
216.641
 10
186.1
 20
216.636
 10
186.112
 20
216.63
 10
186.123
 20
216.624
 10
186.134
 20
216.617
 10
186.145
 20
216.61
 10
186.156
 20
216.602
 10
186.167
 20
216.594
 10
186.178
 20
216.585
 10
186.188
 20
216.577
 10
186.198
 20
216.568
 10
186.209
 20
216.559
 10
186.219
 20
216.55
 10
186.228
 20
216.541
 10
186.238
 20
216.531
 97
0
 92
2
 72
0
 73
1
 93
17
 10
185.241
 20
216.666
 10
186.242
 20
217.667
 10
186.073
 20
217.837
 10
185.268
 20
217.032
 10
185.265
 20
217.035
 10
185.77
 20
218.139
 10
185.645
 20
218.264
 10
184.537
 20
217.763
 10
184.534
 20
217.766
 10
185.339
 20
218.571
 10
185.162
 20
218.747
 10
184.161
 20
217.746
 10
184.441
 20
217.466
 10
185.409
 20
217.92
 10
185.414
 20
217.916
 10
184.962
 20
216.944
 10
185.241
 20
216.666
 97
0
 75
0
 76
1
 98
0
  0
LWPOLYLINE
  5
77
330
17
100
AcDbEntity
  8
CUT
100
AcDbPolyline
 90
202
 70
1
 10
43.382
 20
11.139
 10
41.997
 20
11.413
 10
40.61
 20
11.73
 10
39.233
 20
12.087
 10
37.868
 20
12.486
 10
36.514
 20
12.924
 10
35.174
 20
13.403
 10
33.849
 20
13.921
 10
32.54
 20
14.478
 10
31.248
 20
15.073
 10
29.975
 20
15.707
 10
28.72
 20
16.378
 10
27.486
 20
17.085
 10
26.273
 20
17.829
 10
25.083
 20
18.609
 10
23.917
 20
19.423
 10
22.775
 20
20.272
 10
21.659
 20
21.154
 10
20.569
 20
22.069
 10
19.507
 20
23.015
 10
18.474
 20
23.993
 10
17.47
 20
25.001
 10
16.496
 20
26.038
 10
15.553
 20
27.103
 10
14.643
 20
28.196
 10
13.765
 20
29.316
 10
12.92
 20
30.461
 10
12.11
 20
31.63
 10
11.335
 20
32.823
 10
10.595
 20
34.038
 10
9.892
 20
35.275
 10
9.226
 20
36.532
 10
8.597
 20
37.808
 10
8.006
 20
39.102
 10
7.454
 20
40.413
 10
6.941
 20
41.74
 10
6.468
 20
43.082
 10
6.034
 20
44.437
 10
5.641
 20
45.804
 10
5.288
 20
47.182
 10
4.976
 20
48.57
 10
4.706
 20
49.967
 10
4.477
 20
51.371
 10
4.29
 20
52.781
 10
4.144
 20
54.196
 10
4.041
 20
55.615
 10
3.979
 20
57.036
 10
3.96
 20
58.459
 10
3.983
 20
59.881
 10
4.048
 20
61.302
 10
4.155
 20
62.721
 10
4.304
 20
64.136
 10
4.494
 20
65.546
 10
4.727
 20
66.949
 10
5.001
 20
68.345
 10
5.316
 20
69.733
 10
5.672
 20
71.11
 10
6.068
 20
72.476
 10
6.505
 20
73.83
 10
6.982
 20
75.17
 10
7.499
 20
76.496
 10
8.054
 20
77.806
 10
8.648
 20
79.098
 10
9.28
 20
80.373
 10
9.949
 20
81.628
 10
10.655
 20
82.863
 10
11.398
 20
84.077
 10
12.176
 20
85.268
 10
12.989
 20
86.435
 10
13.836
 20
87.578
 10
14.717
 20
88.695
 10
15.63
 20
89.786
 10
16.575
 20
90.849
 10
17.552
 20
91.884
 10
18.558
 20
92.889
 10
19.594
 20
93.864
 10
20.659
 20
94.808
 10
21.75
 20
95.72
 10
22.869
 20
96.6
 10
24.013
 20
97.445
 10
25.181
 20
98.257
 10
26.373
 20
99.034
 10
27.587
 20
99.775
 10
28.823
 20
100.479
 10
30.079
 20
101.147
 10
31.355
 20
101.778
 10
32.648
 20
102.37
 10
33.959
 20
102.924
 10
35.285
 20
103.438
 10
36.626
 20
103.913
 10
37.98
 20
104.349
 10
39.347
 20
104.744
 10
40.725
 20
105.098
 10
42.112
 20
105.411
 10
43.509
 20
105.684
 10
44.913
 20
105.914
 10
46.323
 20
106.103
 10
47.738
 20
106.251
 10
49.156
 20
106.356
 10
50.577
 20
106.419
 10
52.0
 20
106.44
 10
53.422
 20
106.419
 10
54.844
 20
106.356
 10
56.262
 20
106.251
 10
57.677
 20
106.103
 10
59.087
 20
105.914
 10
60.491
 20
105.684
 10
61.888
 20
105.411
 10
63.275
 20
105.098
 10
64.653
 20
104.744
 10
66.02
 20
104.349
 10
67.374
 20
103.913
 10
68.715
 20
103.438
 10
70.041
 20
102.924
 10
71.352
 20
102.37
 10
72.645
 20
101.778
 10
73.921
 20
101.147
 10
75.177
 20
100.479
 10
76.413
 20
99.775
 10
77.627
 20
99.034
 10
78.819
 20
98.257
 10
79.987
 20
97.445
 10
81.131
 20
96.6
 10
82.25
 20
95.72
 10
83.341
 20
94.808
 10
84.406
 20
93.864
 10
85.442
 20
92.889
 10
86.448
 20
91.884
 10
87.424
 20
90.849
 10
88.37
 20
89.786
 10
89.283
 20
88.695
 10
90.164
 20
87.578
 10
91.011
 20
86.435
 10
91.824
 20
85.268
 10
92.602
 20
84.077
 10
93.345
 20
82.863
 10
94.051
 20
81.628
 10
94.72
 20
80.373
 10
95.352
 20
79.098
 10
95.946
 20
77.806
 10
96.501
 20
76.496
 10
97.018
 20
75.17
 10
97.495
 20
73.83
 10
97.931
 20
72.476
 10
98.328
 20
71.11
 10
98.684
 20
69.733
 10
98.999
 20
68.345
 10
99.273
 20
66.949
 10
99.506
 20
65.546
 10
99.696
 20
64.136
 10
99.845
 20
62.721
 10
99.952
 20
61.302
 10
100.017
 20
59.881
 10
100.04
 20
58.459
 10
100.021
 20
57.036
 10
99.959
 20
55.615
 10
99.856
 20
54.196
 10
99.71
 20
52.781
 10
99.523
 20
51.371
 10
99.294
 20
49.967
 10
99.024
 20
48.57
 10
98.712
 20
47.182
 10
98.359
 20
45.804
 10
97.966
 20
44.437
 10
97.532
 20
43.082
 10
97.059
 20
41.74
 10
96.546
 20
40.413
 10
95.994
 20
39.102
 10
95.403
 20
37.808
 10
94.774
 20
36.532
 10
94.108
 20
35.275
 10
93.405
 20
34.038
 10
92.665
 20
32.823
 10
91.89
 20
31.63
 10
91.08
 20
30.461
 10
90.235
 20
29.316
 10
89.357
 20
28.196
 10
88.447
 20
27.103
 10
87.504
 20
26.038
 10
86.53
 20
25.001
 10
85.526
 20
23.993
 10
84.493
 20
23.015
 10
83.431
 20
22.069
 10
82.341
 20
21.154
 10
81.225
 20
20.272
 10
80.083
 20
19.423
 10
78.917
 20
18.609
 10
77.727
 20
17.829
 10
76.514
 20
17.085
 10
75.28
 20
16.378
 10
74.025
 20
15.707
 10
72.752
 20
15.073
 10
71.46
 20
14.478
 10
70.15
 20
13.921
 10
68.825
 20
13.403
 10
67.486
 20
12.924
 10
66.132
 20
12.486
 10
64.767
 20
12.087
 10
63.39
 20
11.73
 10
62.003
 20
11.413
 10
60.618
 20
11.139
 10
52.0
 20
3.948
  0
CIRCLE
  5
78
330
17
100
AcDbEntity
  8
CUT
100
AcDbCircle
 10
52.0
 20
58.4
 30
0.0
 40
35.36
  0
HATCH
  5
79
330
17
100
AcDbEntity
  8
RASTER
 62
7
100
AcDbHatch
 10
0.0
 20
0.0
 30
0.0
210
0.0
220
0.0
230
1.0
  2
SOLID
 70
1
 71
0
 91
2
 92
3
 72
0
 73
1
 93
48
 10
99.0
 20
58.4
 10
98.598
 20
52.265
 10
97.398
 20
46.236
 10
95.422
 20
40.414
 10
92.703
 20
34.9
 10
89.288
 20
29.788
 10
85.234
 20
25.166
 10
80.612
 20
21.112
 10
75.5
 20
17.697
 10
69.986
 20
14.978
 10
64.164
 20
13.001
 10
58.135
 20
11.802
 10
52.0
 20
11.4
 10
45.865
 20
11.802
 10
39.835
 20
13.001
 10
34.014
 20
14.978
 10
28.5
 20
17.697
 10
23.388
 20
21.112
 10
18.766
 20
25.166
 10
14.712
 20
29.788
 10
11.297
 20
34.9
 10
8.578
 20
40.414
 10
6.601
 20
46.236
 10
5.402
 20
52.265
 10
5.0
 20
58.4
 10
5.402
 20
64.535
 10
6.601
 20
70.564
 10
8.578
 20
76.386
 10
11.297
 20
81.9
 10
14.712
 20
87.012
 10
18.766
 20
91.634
 10
23.388
 20
95.688
 10
28.5
 20
99.103
 10
34.014
 20
101.822
 10
39.835
 20
103.799
 10
45.865
 20
104.998
 10
52.0
 20
105.4
 10
58.135
 20
104.998
 10
64.164
 20
103.799
 10
69.986
 20
101.822
 10
75.5
 20
99.103
 10
80.612
 20
95.688
 10
85.234
 20
91.634
 10
89.288
 20
87.012
 10
92.703
 20
81.9
 10
95.422
 20
76.386
 10
97.398
 20
70.564
 10
98.598
 20
64.535
 97
0
 92
2
 72
0
 73
1
 93
48
 10
98.4
 20
58.4
 10
98.003
 20
52.344
 10
96.819
 20
46.391
 10
94.868
 20
40.643
 10
92.184
 20
35.2
 10
88.812
 20
30.153
 10
84.81
 20
25.59
 10
80.246
 20
21.588
 10
75.2
 20
18.216
 10
69.756
 20
15.532
 10
64.009
 20
13.581
 10
58.056
 20
12.397
 10
52.0
 20
12.0
 10
45.944
 20
12.397
 10
39.991
 20
13.581
 10
34.243
 20
15.532
 10
28.8
 20
18.216
 10
23.753
 20
21.588
 10
19.19
 20
25.59
 10
15.188
 20
30.153
 10
11.816
 20
35.2
 10
9.132
 20
40.643
 10
7.181
 20
46.391
 10
5.997
 20
52.344
 10
5.6
 20
58.4
 10
5.997
 20
64.456
 10
7.181
 20
70.409
 10
9.132
 20
76.157
 10
11.816
 20
81.6
 10
15.188
 20
86.647
 10
19.19
 20
91.21
 10
23.753
 20
95.212
 10
28.8
 20
98.584
 10
34.243
 20
101.268
 10
39.991
 20
103.219
 10
45.944
 20
104.403
 10
52.0
 20
104.8
 10
58.056
 20
104.403
 10
64.009
 20
103.219
 10
69.756
 20
101.268
 10
75.2
 20
98.584
 10
80.246
 20
95.212
 10
84.81
 20
91.21
 10
88.812
 20
86.647
 10
92.184
 20
81.6
 10
94.868
 20
76.157
 10
96.819
 20
70.409
 10
98.003
 20
64.456
 97
0
 75
0
 76
1
 98
0
  0
HATCH
  5
7A
330
17
100
AcDbEntity
  8
RASTER
 62
7
100
AcDbHatch
 10
0.0
 20
0.0
 30
0.0
210
0.0
220
0.0
230
1.0
  2
SOLID
 70
1
 71
0
 91
1
 92
3
 72
0
 73
1
 93
4
 10
52.0
 20
94.1
 10
51.5
 20
95.2
 10
52.0
 20
95.9
 10
52.5
 20
95.2
 97
0
 75
0
 76
1
 98
0
  0
HATCH
  5
7B
330
17
100
AcDbEntity
  8
RASTER
 62
7
100
AcDbHatch
 10
0.0
 20
0.0
 30
0.0
210
0.0
220
0.0
230
1.0
  2
SOLID
 70
1
 71
0
 91
1
 92
3
 72
0
 73
1
 93
36
 10
52.0
 20
95.9
 10
51.726
 20
95.679
 10
51.442
 20
95.539
 10
51.165
 20
95.476
 10
50.912
 20
95.488
 10
50.702
 20
95.569
 10
50.552
 20
95.717
 10
50.478
 20
95.929
 10
50.5
 20
96.2
 10
50.559
 20
96.36
 10
50.656
 20
96.469
 10
50.781
 20
96.53
 10
50.925
 20
96.55
 10
51.078
 20
96.532
 10
51.231
 20
96.481
 10
51.375
 20
96.402
 10
51.5
 20
96.3
 10
51.7
 20
96.7
 10
52.3
 20
96.7
 10
52.5
 20
96.3
 10
52.625
 20
96.402
 10
52.769
 20
96.481
 10
52.922
 20
96.532
 10
53.075
 20
96.55
 10
53.219
 20
96.53
 10
53.344
 20
96.469
 10
53.441
 20
96.36
 10
53.5
 20
96.2
 10
53.522
 20
95.929
 10
53.448
 20
95.717
 10
53.298
 20
95.569
 10
53.087
 20
95.487
 10
52.835
 20
95.476
 10
52.558
 20
95.539
 10
52.274
 20
95.679
 10
52.0
 20
95.9
 97
0
 75
0
 76
1
 98
0
  0
HATCH
  5
7C
330
17
100
AcDbEntity
  8
RASTER
 62
7
100
AcDbHatch
 10
0.0
 20
0.0
 30
0.0
210
0.0
220
0.0
230
1.0
  2
SOLID
 70
1
 71
0
 91
1
 92
3
 72
0
 73
1
 93
4
 10
52.3
 20
96.8
 10
51.7
 20
96.8
 10
51.7
 20
97.1
 10
52.3
 20
97.1
 97
0
 75
0
 76
1
 98
0
  0
HATCH
  5
7D
330
17
100
AcDbEntity
  8
RASTER
 62
7
100
AcDbHatch
 10
0.0
 20
0.0
 30
0.0
210
0.0
220
0.0
230
1.0
  2
SOLID
 70
1
 71
0
 91
1
 92
3
 72
0
 73
1
 93
16
 10
43.448
 20
17.524
 10
43.862
 20
17.524
 10
44.273
 20
15.964
 10
44.279
 20
15.964
 10
44.747
 20
17.524
 10
45.137
 20
17.524
 10
45.596
 20
15.964
 10
45.602
 20
15.964
 10
46.022
 20
17.524
 10
46.424
 20
17.524
 10
45.803
 20
15.4
 10
45.437
 20
15.4
 10
44.939
 20
16.993
 10
44.933
 20
16.993
 10
44.435
 20
15.4
 10
44.069
 20
15.4
 97
0
 75
0
 76
1
 98
0
  0
HATCH
  5
7E
330
17
100
AcDbEntity
  8
RASTER
 62
7
100
AcDbHatch
 10
0.0
 20
0.0
 30
0.0
210
0.0
220
0.0
230
1.0
  2
SOLID
 70
1
 71
0
 91
1
 92
3
 72
0
 73
1
 93
4
 10
46.676
 20
17.524
 10
47.054
 20
17.524
 10
47.054
 20
15.4
 10
46.676
 20
15.4
 97
0
 75
0
 76
1
 98
0
  0
HATCH
  5
7F
330
17
100
AcDbEntity
  8
RASTER
 62
7
100
AcDbHatch
 10
0.0
 20
0.0
 30
0.0
210
0.0
220
0.0
230
1.0
  2
SOLID
 70
1
 71
0
 91
1
 92
3
 72
0
 73
1
 93
12
 10
47.522
 20
17.524
 10
48.023
 20
17.524
 10
49.01
 20
15.934
 10
49.016
 20
15.934
 10
49.016
 20
17.524
 10
49.394
 20
17.524
 10
49.394
 20
15.4
 10
48.914
 20
15.4
 10
47.906
 20
17.041
 10
47.9
 20
17.041
 10
47.9
 20
15.4
 10
47.522
 20
15.4
 97
0
 75
0
 76
1
 98
0
  0
HATCH
  5
80
330
17
100
AcDbEntity
  8
RASTER
 62
7
100
AcDbHatch
 10
0.0
 20
0.0
 30
0.0
210
0.0
220
0.0
230
1.0
  2
SOLID
 70
1
 71
0
 91
2
 92
3
 72
0
 73
1
 93
67
 10
49.862
 20
17.524
 10
50.615
 20
17.524
 10
50.667
 20
17.523
 10
50.719
 20
17.521
 10
50.771
 20
17.516
 10
50.823
 20
17.511
 10
50.875
 20
17.503
 10
50.928
 20
17.494
 10
50.98
 20
17.483
 10
51.032
 20
17.47
 10
51.084
 20
17.455
 10
51.135
 20
17.439
 10
51.184
 20
17.42
 10
51.232
 20
17.398
 10
51.279
 20
17.375
 10
51.324
 20
17.349
 10
51.368
 20
17.322
 10
51.41
 20
17.292
 10
51.451
 20
17.259
 10
51.491
 20
17.224
 10
51.528
 20
17.187
 10
51.563
 20
17.148
 10
51.596
 20
17.105
 10
51.627
 20
17.061
 10
51.656
 20
17.014
 10
51.683
 20
16.965
 10
51.708
 20
16.912
 10
51.729
 20
16.857
 10
51.747
 20
16.799
 10
51.762
 20
16.738
 10
51.774
 20
16.673
 10
51.782
 20
16.606
 10
51.787
 20
16.535
 10
51.788
 20
16.462
 10
51.787
 20
16.393
 10
51.782
 20
16.327
 10
51.774
 20
16.264
 10
51.762
 20
16.203
 10
51.747
 20
16.144
 10
51.729
 20
16.087
 10
51.708
 20
16.033
 10
51.683
 20
15.982
 10
51.656
 20
15.933
 10
51.627
 20
15.886
 10
51.596
 20
15.841
 10
51.563
 20
15.799
 10
51.528
 20
15.759
 10
51.491
 20
15.721
 10
51.451
 20
15.685
 10
51.41
 20
15.652
 10
51.368
 20
15.621
 10
51.324
 20
15.592
 10
51.279
 20
15.565
 10
51.232
 20
15.54
 10
51.184
 20
15.517
 10
51.135
 20
15.496
 10
51.084
 20
15.478
 10
51.032
 20
15.462
 10
50.98
 20
15.447
 10
50.928
 20
15.435
 10
50.875
 20
15.424
 10
50.823
 20
15.415
 10
50.771
 20
15.409
 10
50.719
 20
15.404
 10
50.667
 20
15.401
 10
50.615
 20
15.4
 10
49.862
 20
15.4
 97
0
 92
2
 72
0
 73
1
 93
67
 10
50.555
 20
15.73
 10
50.592
 20
15.731
 10
50.629
 20
15.732
 10
50.666
 20
15.735
 10
50.702
 20
15.739
 10
50.739
 20
15.743
 10
50.776
 20
15.749
 10
50.813
 20
15.756
 10
50.849
 20
15.764
 10
50.886
 20
15.774
 10
50.921
 20
15.785
 10
50.956
 20
15.797
 10
50.989
 20
15.811
 10
51.022
 20
15.826
 10
51.054
 20
15.843
 10
51.085
 20
15.862
 10
51.115
 20
15.882
 10
51.144
 20
15.903
 10
51.171
 20
15.926
 10
51.198
 20
15.952
 10
51.223
 20
15.979
 10
51.246
 20
16.007
 10
51.268
 20
16.038
 10
51.289
 20
16.071
 10
51.308
 20
16.105
 10
51.326
 20
16.141
 10
51.341
 20
16.18
 10
51.354
 20
16.221
 10
51.365
 20
16.265
 10
51.373
 20
16.311
 10
51.379
 20
16.359
 10
51.382
 20
16.409
 10
51.383
 20
16.462
 10
51.382
 20
16.518
 10
51.379
 20
16.571
 10
51.373
 20
16.621
 10
51.365
 20
16.669
 10
51.354
 20
16.714
 10
51.341
 20
16.757
 10
51.326
 20
16.797
 10
51.308
 20
16.834
 10
51.289
 20
16.869
 10
51.268
 20
16.902
 10
51.246
 20
16.933
 10
51.223
 20
16.962
 10
51.198
 20
16.989
 10
51.171
 20
17.015
 10
51.144
 20
17.038
 10
51.115
 20
17.059
 10
51.085
 20
17.078
 10
51.054
 20
17.096
 10
51.022
 20
17.113
 10
50.989
 20
17.127
 10
50.956
 20
17.14
 10
50.921
 20
17.152
 10
50.886
 20
17.162
 10
50.849
 20
17.17
 10
50.813
 20
17.177
 10
50.776
 20
17.183
 10
50.739
 20
17.188
 10
50.702
 20
17.192
 10
50.666
 20
17.196
 10
50.629
 20
17.198
 10
50.592
 20
17.2
 10
50.555
 20
17.2
 10
50.24
 20
17.2
 10
50.24
 20
15.73
 97
0
 75
0
 76
1
 98
0
  0
HATCH
  5
81
330
17
100
AcDbEntity
  8
RASTER
 62
7
100
AcDbHatch
 10
0.0
 20
0.0
 30
0.0
210
0.0
220
0.0
230
1.0
  2
SOLID
 70
1
 71
0
 91
1
 92
3
 72
0
 73
1
 93
12
 10
52.904
 20
17.524
 10
53.405
 20
17.524
 10
54.392
 20
15.934
 10
54.398
 20
15.934
 10
54.398
 20
17.524
 10
54.776
 20
17.524
 10
54.776
 20
15.4
 10
54.296
 20
15.4
 10
53.288
 20
17.041
 10
53.282
 20
17.041
 10
53.282
 20
15.4
 10
52.904
 20
15.4
 97
0
 75
0
 76
1
 98
0
  0
HATCH
  5
82
330
17
100
AcDbEntity
  8
RASTER
 62
7
100
AcDbHatch
 10
0.0
 20
0.0
 30
0.0
210
0.0
220
0.0
230
1.0
  2
SOLID
 70
1
 71
0
 91
2
 92
3
 72
0
 73
1
 93
129
 10
55.142
 20
16.468
 10
55.144
 20
16.531
 10
55.148
 20
16.592
 10
55.154
 20
16.652
 10
55.164
 20
16.711
 10
55.176
 20
16.767
 10
55.191
 20
16.823
 10
55.208
 20
16.876
 10
55.228
 20
16.929
 10
55.25
 20
16.979
 10
55.275
 20
17.027
 10
55.301
 20
17.074
 10
55.33
 20
17.119
 10
55.361
 20
17.161
 10
55.393
 20
17.202
 10
55.428
 20
17.241
 10
55.465
 20
17.278
 10
55.504
 20
17.313
 10
55.544
 20
17.346
 10
55.587
 20
17.377
 10
55.631
 20
17.406
 10
55.677
 20
17.432
 10
55.724
 20
17.457
 10
55.774
 20
17.479
 10
55.825
 20
17.5
 10
55.878
 20
17.518
 10
55.932
 20
17.534
 10
55.987
 20
17.548
 10
56.043
 20
17.559
 10
56.1
 20
17.567
 10
56.159
 20
17.573
 10
56.219
 20
17.577
 10
56.279
 20
17.578
 10
56.341
 20
17.577
 10
56.402
 20
17.573
 10
56.461
 20
17.567
 10
56.519
 20
17.559
 10
56.575
 20
17.548
 10
56.631
 20
17.534
 10
56.685
 20
17.518
 10
56.738
 20
17.5
 10
56.79
 20
17.479
 10
56.84
 20
17.457
 10
56.888
 20
17.432
 10
56.934
 20
17.406
 10
56.979
 20
17.377
 10
57.021
 20
17.346
 10
57.062
 20
17.313
 10
57.101
 20
17.278
 10
57.139
 20
17.241
 10
57.174
 20
17.202
 10
57.207
 20
17.161
 10
57.238
 20
17.119
 10
57.266
 20
17.074
 10
57.293
 20
17.027
 10
57.318
 20
16.979
 10
57.34
 20
16.929
 10
57.36
 20
16.876
 10
57.377
 20
16.823
 10
57.392
 20
16.767
 10
57.404
 20
16.711
 10
57.413
 20
16.652
 10
57.42
 20
16.592
 10
57.424
 20
16.531
 10
57.425
 20
16.468
 10
57.424
 20
16.406
 10
57.42
 20
16.346
 10
57.413
 20
16.287
 10
57.404
 20
16.23
 10
57.392
 20
16.174
 10
57.377
 20
16.119
 10
57.36
 20
16.066
 10
57.34
 20
16.014
 10
57.318
 20
15.963
 10
57.293
 20
15.914
 10
57.266
 20
15.867
 10
57.238
 20
15.822
 10
57.207
 20
15.779
 10
57.174
 20
15.737
 10
57.139
 20
15.698
 10
57.101
 20
15.66
 10
57.062
 20
15.623
 10
57.021
 20
15.589
 10
56.979
 20
15.557
 10
56.934
 20
15.528
 10
56.888
 20
15.5
 10
56.84
 20
15.474
 10
56.79
 20
15.45
 10
56.738
 20
15.429
 10
56.685
 20
15.409
 10
56.631
 20
15.392
 10
56.575
 20
15.378
 10
56.519
 20
15.367
 10
56.461
 20
15.358
 10
56.402
 20
15.351
 10
56.341
 20
15.347
 10
56.279
 20
15.346
 10
56.219
 20
15.347
 10
56.159
 20
15.351
 10
56.1
 20
15.358
 10
56.043
 20
15.367
 10
55.987
 20
15.378
 10
55.932
 20
15.392
 10
55.878
 20
15.409
 10
55.825
 20
15.429
 10
55.774
 20
15.45
 10
55.724
 20
15.474
 10
55.677
 20
15.5
 10
55.631
 20
15.528
 10
55.587
 20
15.557
 10
55.544
 20
15.589
 10
55.504
 20
15.623
 10
55.465
 20
15.66
 10
55.428
 20
15.698
 10
55.393
 20
15.737
 10
55.361
 20
15.779
 10
55.33
 20
15.822
 10
55.301
 20
15.867
 10
55.275
 20
15.914
 10
55.25
 20
15.963
 10
55.228
 20
16.014
 10
55.208
 20
16.066
 10
55.191
 20
16.119
 10
55.176
 20
16.174
 10
55.164
 20
16.23
 10
55.154
 20
16.287
 10
55.148
 20
16.346
 10
55.144
 20
16.406
 10
55.142
 20
16.468
 97
0
 92
2
 72
0
 73
1
 93
129
 10
55.553
 20
16.468
 10
55.554
 20
16.426
 10
55.557
 20
16.384
 10
55.561
 20
16.344
 10
55.567
 20
16.304
 10
55.574
 20
16.265
 10
55.583
 20
16.228
 10
55.594
 20
16.191
 10
55.606
 20
16.155
 10
55.62
 20
16.119
 10
55.635
 20
16.086
 10
55.652
 20
16.053
 10
55.67
 20
16.021
 10
55.689
 20
15.991
 10
55.71
 20
15.962
 10
55.732
 20
15.934
 10
55.756
 20
15.907
 10
55.781
 20
15.881
 10
55.807
 20
15.857
 10
55.834
 20
15.835
 10
55.862
 20
15.814
 10
55.892
 20
15.794
 10
55.922
 20
15.776
 10
55.954
 20
15.759
 10
55.987
 20
15.744
 10
56.021
 20
15.73
 10
56.055
 20
15.718
 10
56.091
 20
15.708
 10
56.128
 20
15.7
 10
56.165
 20
15.693
 10
56.203
 20
15.689
 10
56.242
 20
15.686
 10
56.282
 20
15.685
 10
56.323
 20
15.686
 10
56.362
 20
15.689
 10
56.4
 20
15.693
 10
56.438
 20
15.7
 10
56.474
 20
15.708
 10
56.51
 20
15.718
 10
56.545
 20
15.73
 10
56.579
 20
15.744
 10
56.613
 20
15.759
 10
56.645
 20
15.776
 10
56.675
 20
15.794
 10
56.705
 20
15.814
 10
56.734
 20
15.835
 10
56.761
 20
15.857
 10
56.787
 20
15.881
 10
56.812
 20
15.907
 10
56.836
 20
15.934
 10
56.858
 20
15.962
 10
56.879
 20
15.991
 10
56.898
 20
16.021
 10
56.916
 20
16.053
 10
56.933
 20
16.086
 10
56.948
 20
16.119
 10
56.962
 20
16.155
 10
56.974
 20
16.191
 10
56.985
 20
16.228
 10
56.994
 20
16.265
 10
57.001
 20
16.304
 10
57.007
 20
16.344
 10
57.011
 20
16.384
 10
57.014
 20
16.426
 10
57.014
 20
16.468
 10
57.014
 20
16.509
 10
57.011
 20
16.549
 10
57.007
 20
16.588
 10
57.001
 20
16.627
 10
56.994
 20
16.665
 10
56.985
 20
16.702
 10
56.974
 20
16.738
 10
56.962
 20
16.774
 10
56.948
 20
16.809
 10
56.933
 20
16.842
 10
56.916
 20
16.875
 10
56.899
 20
16.906
 10
56.879
 20
16.936
 10
56.859
 20
16.965
 10
56.837
 20
16.993
 10
56.813
 20
17.02
 10
56.789
 20
17.046
 10
56.763
 20
17.07
 10
56.736
 20
17.092
 10
56.708
 20
17.114
 10
56.678
 20
17.134
 10
56.648
 20
17.152
 10
56.616
 20
17.169
 10
56.582
 20
17.185
 10
56.548
 20
17.199
 10
56.513
 20
17.211
 10
56.477
 20
17.222
 10
56.44
 20
17.23
 10
56.402
 20
17.237
 10
56.363
 20
17.241
 10
56.323
 20
17.244
 10
56.282
 20
17.245
 10
56.242
 20
17.244
 10
56.202
 20
17.241
 10
56.163
 20
17.237
 10
56.125
 20
17.23
 10
56.089
 20
17.222
 10
56.053
 20
17.211
 10
56.018
 20
17.199
 10
55.984
 20
17.185
 10
55.951
 20
17.169
 10
55.92
 20
17.152
 10
55.889
 20
17.134
 10
55.86
 20
17.114
 10
55.832
 20
17.092
 10
55.805
 20
17.07
 10
55.779
 20
17.046
 10
55.754
 20
17.02
 10
55.731
 20
16.993
 10
55.709
 20
16.965
 10
55.689
 20
16.936
 10
55.669
 20
16.906
 10
55.651
 20
16.875
 10
55.635
 20
16.842
 10
55.62
 20
16.809
 10
55.606
 20
16.774
 10
55.594
 20
16.738
 10
55.583
 20
16.702
 10
55.574
 20
16.665
 10
55.567
 20
16.627
 10
55.561
 20
16.588
 10
55.557
 20
16.549
 10
55.554
 20
16.509
 10
55.553
 20
16.468
 97
0
 75
0
 76
1
 98
0
  0
HATCH
  5
83
330
17
100
AcDbEntity
  8
RASTER
 62
7
100
AcDbHatch
 10
0.0
 20
0.0
 30
0.0
210
0.0
220
0.0
230
1.0
  2
SOLID
 70
1
 71
0
 91
1
 92
3
 72
0
 73
1
 93
16
 10
57.575
 20
17.524
 10
57.989
 20
17.524
 10
58.4
 20
15.964
 10
58.406
 20
15.964
 10
58.874
 20
17.524
 10
59.264
 20
17.524
 10
59.723
 20
15.964
 10
59.729
 20
15.964
 10
60.149
 20
17.524
 10
60.551
 20
17.524
 10
59.93
 20
15.4
 10
59.564
 20
15.4
 10
59.066
 20
16.993
 10
59.06
 20
16.993
 10
58.562
 20
15.4
 10
58.196
 20
15.4
 97
0
 75
0
 76
1
 98
0
  0
HATCH
  5
84
330
17
100
AcDbEntity
  8
RASTER
 62
7
100
AcDbHatch
 10
0.0
 20
0.0
 30
0.0
210
0.0
220
0.0
230
1.0
  2
SOLID
 70
1
 71
0
 91
1
 92
3
 72
0
 73
1
 93
4
 10
94.8
 20
58.65
 10
97.2
 20
58.65
 10
97.2
 20
58.15
 10
94.8
 20
58.15
 97
0
 75
0
 76
1
 98
0
  0
HATCH
  5
85
330
17
100
AcDbEntity
  8
RASTER
 62
7
100
AcDbHatch
 10
0.0
 20
0.0
 30
0.0
210
0.0
220
0.0
230
1.0
  2
SOLID
 70
1
 71
0
 91
1
 92
3
 72
0
 73
1
 93
4
 10
93.406
 20
47.564
 10
95.725
 20
46.943
 10
95.595
 20
46.46
 10
93.277
 20
47.081
 97
0
 75
0
 76
1
 98
0
  0
HATCH
  5
86
330
17
100
AcDbEntity
  8
RASTER
 62
7
100
AcDbHatch
 10
0.0
 20
0.0
 30
0.0
210
0.0
220
0.0
230
1.0
  2
SOLID
 70
1
 71
0
 91
1
 92
3
 72
0
 73
1
 93
4
 10
89.191
 20
37.217
 10
91.269
 20
36.017
 10
91.019
 20
35.583
 10
88.941
 20
36.783
 97
0
 75
0
 76
1
 98
0
  0
HATCH
  5
87
330
17
100
AcDbEntity
  8
RASTER
 62
7
100
AcDbHatch
 10
0.0
 20
0.0
 30
0.0
210
0.0
220
0.0
230
1.0
  2
SOLID
 70
1
 71
0
 91
1
 92
3
 72
0
 73
1
 93
4
 10
82.441
 20
28.313
 10
84.138
 20
26.616
 10
83.784
 20
26.262
 10
82.087
 20
27.959
 97
0
 75
0
 76
1
 98
0
  0
HATCH
  5
88
330
17
100
AcDbEntity
  8
RASTER
 62
7
100
AcDbHatch
 10
0.0
 20
0.0
 30
0.0
210
0.0
220
0.0
230
1.0
  2
SOLID
 70
1
 71
0
 91
1
 92
3
 72
0
 73
1
 93
4
 10
21.913
 20
27.959
 10
20.216
 20
26.262
 10
19.862
 20
26.616
 10
21.559
 20
28.313
 97
0
 75
0
 76
1
 98
0
  0
HATCH
  5
89
330
17
100
AcDbEntity
  8
RASTER
 62
7
100
AcDbHatch
 10
0.0
 20
0.0
 30
0.0
210
0.0
220
0.0
230
1.0
  2
SOLID
 70
1
 71
0
 91
1
 92
3
 72
0
 73
1
 93
4
 10
15.059
 20
36.783
 10
12.981
 20
35.583
 10
12.731
 20
36.017
 10
14.809
 20
37.217
 97
0
 75
0
 76
1
 98
0
  0
HATCH
  5
8A
330
17
100
AcDbEntity
  8
RASTER
 62
7
100
AcDbHatch
 10
0.0
 20
0.0
 30
0.0
210
0.0
220
0.0
230
1.0
  2
SOLID
 70
1
 71
0
 91
1
 92
3
 72
0
 73
1
 93
4
 10
10.723
 20
47.081
 10
8.405
 20
46.46
 10
8.275
 20
46.943
 10
10.594
 20
47.564
 97
0
 75
0
 76
1
 98
0
  0
HATCH
  5
8B
330
17
100
AcDbEntity
  8
RASTER
 62
7
100
AcDbHatch
 10
0.0
 20
0.0
 30
0.0
210
0.0
220
0.0
230
1.0
  2
SOLID
 70
1
 71
0
 91
1
 92
3
 72
0
 73
1
 93
4
 10
9.2
 20
58.15
 10
6.8
 20
58.15
 10
6.8
 20
58.65
 10
9.2
 20
58.65
 97
0
 75
0
 76
1
 98
0
  0
HATCH
  5
8C
330
17
100
AcDbEntity
  8
RASTER
 62
7
100
AcDbHatch
 10
0.0
 20
0.0
 30
0.0
210
0.0
220
0.0
230
1.0
  2
SOLID
 70
1
 71
0
 91
1
 92
3
 72
0
 73
1
 93
4
 10
10.594
 20
69.236
 10
8.275
 20
69.857
 10
8.405
 20
70.34
 10
10.723
 20
69.719
 97
0
 75
0
 76
1
 98
0
  0
HATCH
  5
8D
330
17
100
AcDbEntity
  8
RASTER
 62
7
100
AcDbHatch
 10
0.0
 20
0.0
 30
0.0
210
0.0
220
0.0
230
1.0
  2
SOLID
 70
1
 71
0
 91
1
 92
3
 72
0
 73
1
 93
4
 10
14.809
 20
79.583
 10
12.731
 20
80.783
 10
12.981
 20
81.217
 10
15.059
 20
80.017
 97
0
 75
0
 76
1
 98
0
  0
HATCH
  5
8E
330
17
100
AcDbEntity
  8
RASTER
 62
7
100
AcDbHatch
 10
0.0
 20
0.0
 30
0.0
210
0.0
220
0.0
230
1.0
  2
SOLID
 70
1
 71
0
 91
1
 92
3
 72
0
 73
1
 93
4
 10
21.559
 20
88.487
 10
19.862
 20
90.184
 10
20.216
 20
90.538
 10
21.913
 20
88.841
 97
0
 75
0
 76
1
 98
0
  0
HATCH
  5
8F
330
17
100
AcDbEntity
  8
RASTER
 62
7
100
AcDbHatch
 10
0.0
 20
0.0
 30
0.0
210
0.0
220
0.0
230
1.0
  2
SOLID
 70
1
 71
0
 91
1
 92
3
 72
0
 73
1
 93
4
 10
30.383
 20
95.341
 10
29.183
 20
97.419
 10
29.616
 20
97.669
 10
30.816
 20
95.591
 97
0
 75
0
 76
1
 98
0
  0
HATCH
  5
90
330
17
100
AcDbEntity
  8
RASTER
 62
7
100
AcDbHatch
 10
0.0
 20
0.0
 30
0.0
210
0.0
220
0.0
230
1.0
  2
SOLID
 70
1
 71
0
 91
1
 92
3
 72
0
 73
1
 93
4
 10
40.681
 20
99.677
 10
40.06
 20
101.995
 10
40.543
 20
102.125
 10
41.164
 20
99.806
 97
0
 75
0
 76
1
 98
0
  0
HATCH
  5
91
330
17
100
AcDbEntity
  8
RASTER
 62
7
100
AcDbHatch
 10
0.0
 20
0.0
 30
0.0
210
0.0
220
0.0
230
1.0
  2
SOLID
 70
1
 71
0
 91
1
 92
3
 72
0
 73
1
 93
4
 10
51.75
 20
101.2
 10
51.75
 20
103.6
 10
52.25
 20
103.6
 10
52.25
 20
101.2
 97
0
 75
0
 76
1
 98
0
  0
HATCH
  5
92
330
17
100
AcDbEntity
  8
RASTER
 62
7
100
AcDbHatch
 10
0.0
 20
0.0
 30
0.0
210
0.0
220
0.0
230
1.0
  2
SOLID
 70
1
 71
0
 91
1
 92
3
 72
0
 73
1
 93
4
 10
62.836
 20
99.806
 10
63.457
 20
102.125
 10
63.94
 20
101.995
 10
63.319
 20
99.677
 97
0
 75
0
 76
1
 98
0
  0
HATCH
  5
93
330
17
100
AcDbEntity
  8
RASTER
 62
7
100
AcDbHatch
 10
0.0
 20
0.0
 30
0.0
210
0.0
220
0.0
230
1.0
  2
SOLID
 70
1
 71
0
 91
1
 92
3
 72
0
 73
1
 93
4
 10
73.183
 20
95.591
 10
74.383
 20
97.669
 10
74.816
 20
97.419
 10
73.616
 20
95.341
 97
0
 75
0
 76
1
 98
0
  0
HATCH
  5
94
330
17
100
AcDbEntity
  8
RASTER
 62
7
100
AcDbHatch
 10
0.0
 20
0.0
 30
0.0
210
0.0
220
0.0
230
1.0
  2
SOLID
 70
1
 71
0
 91
1
 92
3
 72
0
 73
1
 93
4
 10
82.087
 20
88.841
 10
83.784
 20
90.538
 10
84.138
 20
90.184
 10
82.441
 20
88.487
 97
0
 75
0
 76
1
 98
0
  0
HATCH
  5
95
330
17
100
AcDbEntity
  8
RASTER
 62
7
100
AcDbHatch
 10
0.0
 20
0.0
 30
0.0
210
0.0
220
0.0
230
1.0
  2
SOLID
 70
1
 71
0
 91
1
 92
3
 72
0
 73
1
 93
4
 10
88.941
 20
80.017
 10
91.019
 20
81.217
 10
91.269
 20
80.783
 10
89.191
 20
79.583
 97
0
 75
0
 76
1
 98
0
  0
HATCH
  5
96
330
17
100
AcDbEntity
  8
RASTER
 62
7
100
AcDbHatch
 10
0.0
 20
0.0
 30
0.0
210
0.0
220
0.0
230
1.0
  2
SOLID
 70
1
 71
0
 91
1
 92
3
 72
0
 73
1
 93
4
 10
93.277
 20
69.719
 10
95.595
 20
70.34
 10
95.725
 20
69.857
 10
93.406
 20
69.236
 97
0
 75
0
 76
1
 98
0
  0
LWPOLYLINE
  5
97
330
17
100
AcDbEntity
  8
CUT
100
AcDbPolyline
 90
6
 70
1
 10
157.007
 20
101.939
 10
157.007
 20
101.861
 10
130.5
 20
97.359
 10
103.993
 20
101.861
 10
103.993
 20
101.939
 10
130.5
 20
106.441
  0
CIRCLE
  5
98
330
17
100
AcDbEntity
  8
CUT
100
AcDbCircle
 10
130.5
 20
101.9
 30
0.0
 40
1.61
  0
HATCH
  5
99
330
17
100
AcDbEntity
  8
RASTER
 62
7
100
AcDbHatch
 10
0.0
 20
0.0
 30
0.0
210
0.0
220
0.0
230
1.0
  2
SOLID
 70
1
 71
0
 91
1
 92
3
 72
0
 73
1
 93
14
 10
157.0
 20
101.9
 10
130.5
 20
97.4
 10
130.5
 20
99.6
 10
130.5
 20
99.6
 10
131.38
 20
99.775
 10
132.126
 20
100.274
 10
132.625
 20
101.02
 10
132.8
 20
101.9
 10
132.625
 20
102.78
 10
132.126
 20
103.526
 10
131.38
 20
104.025
 10
130.5
 20
104.2
 10
130.5
 20
104.2
 10
130.5
 20
106.4
 97
0
 75
0
 76
1
 98
0
  0
CIRCLE
  5
9A
330
17
100
AcDbEntity
  8
CUT
100
AcDbCircle
 10
165.0
 20
102.4
 30
0.0
 40
4.04
  0
CIRCLE
  5
9B
330
17
100
AcDbEntity
  8
CUT
100
AcDbCircle
 10
165.0
 20
102.4
 30
0.0
 40
1.61
  0
ENDSEC
  0
SECTION
  2
OBJECTS
  0
DICTIONARY
  5
A
330
0
100
AcDbDictionary
281
1
  3
ACAD_COLOR
350
B
  3
ACAD_GROUP
350
C
  3
ACAD_LAYOUT
350
D
  3
ACAD_MATERIAL
350
E
  3
ACAD_MLEADERSTYLE
350
F
  3
ACAD_MLINESTYLE
350
10
  3
ACAD_PLOTSETTINGS
350
11
  3
ACAD_PLOTSTYLENAME
350
12
  3
ACAD_SCALELIST
350
14
  3
ACAD_TABLESTYLE
350
15
  3
ACAD_VISUALSTYLE
350
16
  3
EZDXF_META
350
2D
  0
DICTIONARY
  5
B
330
A
100
AcDbDictionary
281
1
  0
DICTIONARY
  5
C
330
A
100
AcDbDictionary
281
1
  0
DICTIONARY
  5
D
330
A
100
AcDbDictionary
281
1
  3
Model
350
1A
  3
Layout1
350
1E
  0
DICTIONARY
  5
E
330
A
100
AcDbDictionary
281
1
  3
ByBlock
350
1F
  3
ByLayer
350
20
  3
Global
350
21
  0
DICTIONARY
  5
F
330
A
100
AcDbDictionary
281
1
  3
Standard
350
2C
  0
DICTIONARY
  5
10
330
A
100
AcDbDictionary
281
1
  3
Standard
350
22
  0
DICTIONARY
  5
11
330
A
100
AcDbDictionary
281
1
  0
ACDBDICTIONARYWDFLT
  5
12
330
A
100
AcDbDictionary
281
1
  3
Normal
350
13
100
AcDbDictionaryWithDefault
340
13
  0
ACDBPLACEHOLDER
  5
13
330
12
  0
DICTIONARY
  5
14
330
A
100
AcDbDictionary
281
1
  0
DICTIONARY
  5
15
330
A
100
AcDbDictionary
281
1
  0
DICTIONARY
  5
16
330
A
100
AcDbDictionary
281
1
  0
LAYOUT
  5
1A
330
D
100
AcDbPlotSettings
  1

  4
A3
  6

 40
7.5
 41
20.0
 42
7.5
 43
20.0
 44
420.0
 45
297.0
 46
0.0
 47
0.0
 48
0.0
 49
0.0
140
0.0
141
0.0
142
1.0
143
1.0
 70
1024
 72
1
 73
0
 74
5
  7

 75
16
 76
0
 77
2
 78
300
147
1.0
148
0.0
149
0.0
100
AcDbLayout
  1
Model
 70
1
 71
0
 10
0.0
 20
0.0
 11
420.0
 21
297.0
 12
0.0
 22
0.0
 32
0.0
 14
1e+20
 24
1e+20
 34
1e+20
 15
-1e+20
 25
-1e+20
 35
-1e+20
146
0.0
 13
0.0
 23
0.0
 33
0.0
 16
1.0
 26
0.0
 36
0.0
 17
0.0
 27
1.0
 37
0.0
 76
1
330
17
  0
LAYOUT
  5
1E
330
D
100
AcDbPlotSettings
  1

  4
A3
  6

 40
7.5
 41
20.0
 42
7.5
 43
20.0
 44
420.0
 45
297.0
 46
0.0
 47
0.0
 48
0.0
 49
0.0
140
0.0
141
0.0
142
1.0
143
1.0
 70
0
 72
1
 73
0
 74
5
  7

 75
16
 76
0
 77
2
 78
300
147
1.0
148
0.0
149
0.0
100
AcDbLayout
  1
Layout1
 70
1
 71
1
 10
0.0
 20
0.0
 11
420.0
 21
297.0
 12
0.0
 22
0.0
 32
0.0
 14
1e+20
 24
1e+20
 34
1e+20
 15
-1e+20
 25
-1e+20
 35
-1e+20
146
0.0
 13
0.0
 23
0.0
 33
0.0
 16
1.0
 26
0.0
 36
0.0
 17
0.0
 27
1.0
 37
0.0
 76
1
330
1B
  0
MATERIAL
  5
1F
102
{ACAD_REACTORS
330
E
102
}
330
E
100
AcDbMaterial
  1
ByBlock
  2

 70
0
 40
1.0
 71
1
 41
1.0
 91
-1023410177
 42
1.0
 72
1
  3

 73
1
 74
1
 75
1
 44
0.5
 73
0
 45
1.0
 46
1.0
 77
1
  4

 78
1
 79
1
170
1
 48
1.0
171
1
  6

172
1
173
1
174
1
140
1.0
141
1.0
175
1
  7

176
1
177
1
178
1
143
1.0
179
1
  8

270
1
271
1
272
1
145
1.0
146
1.0
273
1
  9

274
1
275
1
276
1
 42
1.0
 72
1
  3

 73
1
 74
1
 75
1
 94
63
  0
MATERIAL
  5
20
102
{ACAD_REACTORS
330
E
102
}
330
E
100
AcDbMaterial
  1
ByLayer
  2

 70
0
 40
1.0
 71
1
 41
1.0
 91
-1023410177
 42
1.0
 72
1
  3

 73
1
 74
1
 75
1
 44
0.5
 73
0
 45
1.0
 46
1.0
 77
1
  4

 78
1
 79
1
170
1
 48
1.0
171
1
  6

172
1
173
1
174
1
140
1.0
141
1.0
175
1
  7

176
1
177
1
178
1
143
1.0
179
1
  8

270
1
271
1
272
1
145
1.0
146
1.0
273
1
  9

274
1
275
1
276
1
 42
1.0
 72
1
  3

 73
1
 74
1
 75
1
 94
63
  0
MATERIAL
  5
21
102
{ACAD_REACTORS
330
E
102
}
330
E
100
AcDbMaterial
  1
Global
  2

 70
0
 40
1.0
 71
1
 41
1.0
 91
-1023410177
 42
1.0
 72
1
  3

 73
1
 74
1
 75
1
 44
0.5
 73
0
 45
1.0
 46
1.0
 77
1
  4

 78
1
 79
1
170
1
 48
1.0
171
1
  6

172
1
173
1
174
1
140
1.0
141
1.0
175
1
  7

176
1
177
1
178
1
143
1.0
179
1
  8

270
1
271
1
272
1
145
1.0
146
1.0
273
1
  9

274
1
275
1
276
1
 42
1.0
 72
1
  3

 73
1
 74
1
 75
1
 94
63
  0
MLINESTYLE
  5
22
102
{ACAD_REACTORS
330
10
102
}
330
10
100
AcDbMlineStyle
  2
Standard
 70
0
  3

 62
256
 51
90.0
 52
90.0
 71
2
 49
0.5
 62
256
  6
BYLAYER
 49
-0.5
 62
256
  6
BYLAYER
  0
MLEADERSTYLE
  5
2C
102
{ACAD_REACTORS
330
F
102
}
330
F
100
AcDbMLeaderStyle
179
2
170
2
171
1
172
0
 90
2
 40
0.0
 41
0.0
173
1
 91
-1056964608
 92
-2
290
1
 42
2.0
291
1
 43
8.0
  3
Standard
 44
4.0
300

342
29
174
1
175
1
176
0
178
1
 93
-1056964608
 45
4.0
292
0
297
0
 46
4.0
 94
-1056964608
 47
1.0
 49
1.0
140
1.0
294
1
141
0.0
177
0
142
1.0
295
0
296
0
143
3.75
271
0
272
9
273
9
  0
DICTIONARY
  5
2D
330
A
100
AcDbDictionary
280
1
281
1
  3
CREATED_BY_EZDXF
350
2E
  3
WRITTEN_BY_EZDXF
350
9E
  0
DICTIONARYVAR
  5
2E
330
2D
100
DictionaryVariables
280
0
  1
1.4.2 @ 2026-09-12T13:38:40.559344+00:00
  0
DICTIONARYVAR
  5
9E
330
2D
100
DictionaryVariables
280
0
  1
1.4.2 @ 2026-09-12T13:38:40.582000+00:00
  0
ENDSEC
  0
EOF
